name,artist,mood_tags,texture_tags,negative_tags,energy,brightness,density,warmth,rhythmic_motion,vocal_presence,emotional_weight,language,has_vocal,genre_family,scene_fit,sequence_shape,label_confidence,reason
Message d'amour,Patrick Vasori,warm;nostalgic;clear,acoustic;string;jazz_brush,,0.35,0.55,0.4,0.7,0.3,0,0.45,instrumental,0,jazz,"""{""""morning_clear_light"""":0.8,""""afternoon_warm_idle"""":0.75,""""work_focus_low_vocal"""":0.7}""",soft_focus_work,0.85,温暖的尼龙弦吉他搭配弦乐与爵士刷，明亮而怀旧的器乐小品
Miss You (Ronnie&Rufus),Friska Viljor,nostalgic;warm;bittersweet,acoustic;vocal_breath;string;soft_synth,,0.4,0.5,0.45,0.6,0.35,0.6,0.55,en,1,indie_folk,"""{""""evening_city_walk"""":0.8,""""weekend_slow"""":0.75,""""morning_cloudy_slow"""":0.7}""",slow_opening,0.85,温暖的木吉他和弦乐编排，人声轻柔怀旧，带有淡淡的忧伤与温暖
Luv (Sic) Grand Finale Part 6 (Remix) Instrumental,Nujabes,nostalgic;dreamy;bittersweet,lofi_dust;soft_synth;jazz_brush;ambient_pad,,0.35,0.4,0.45,0.55,0.35,0,0.7,instrumental,0,lo_fi_hip_hop,"""{""""evening_city_walk"""":0.85,""""deep_night_introspective"""":0.8,""""work_focus_low_vocal"""":0.75}""",city_to_inner_room,0.9,Nujabes 标志性的 lo-fi 爵士嘻哈，温暖采样与鼓点交织出怀旧而梦幻的都市氛围
Los,Plaid,restless;urban;unresolved,cold_synth;electric_distant;minimal;reverb_heavy,,0.4,0.35,0.5,0.3,0.5,0,0.6,instrumental,0,electronic,"""{""""evening_city_walk"""":0.8,""""deep_night_introspective"""":0.75,""""work_focus_low_vocal"""":0.7}""",city_to_inner_room,0.85,冷调合成器与疏离节奏，营造都市夜晚的不安与未解情绪
Broken on a Wheel,The Shining Levels,melancholic;introspective;restrained,acoustic;vocal_breath;minimal,,0.25,0.3,0.35,0.4,0.2,0.6,0.75,en,1,indie_folk,"""{""""deep_night_introspective"""":0.85,""""night_rain_humid"""":0.8,""""work_focus_low_vocal"""":0.7}""",fade_into_inner_space,0.85,原声吉他与人声交织，克制而内省，带有淡淡的忧伤与脆弱感
Waltz by the River,Eleni Karaindrou,melancholic;nostalgic;restrained,piano;string;minimal;cinematic,,0.2,0.3,0.25,0.45,0.2,0,0.8,instrumental,0,modern_classical,"""{""""work_focus_low_vocal"""":0.85,""""deep_night_introspective"""":0.8,""""night_rain_humid"""":0.75}""",slow_opening,0.9,钢琴与弦乐编织的缓慢华尔兹，克制而怀旧，充满电影般的叙事感
Flower Duet:Lakme (Delibes),Eliina Garancha / Anna Netrebko,dreamy;warm;clear,vocal_breath;string;cinematic,,0.3,0.65,0.4,0.6,0.2,0.85,0.5,en,1,classical,"""{""""morning_clear_light"""":0.8,""""afternoon_warm_idle"""":0.75,""""evening_city_walk"""":0.7}""",slow_opening,0.85,经典歌剧二重唱，女高音清澈温暖，弦乐衬托出梦幻而明亮的质感
Long Down,Only Child Tyrant,melancholic;restrained;lonely,piano;minimal;reverb_heavy;field_recording,,0.2,0.25,0.2,0.3,0.1,0,0.7,instrumental,0,modern_classical,"""{""""deep_night_introspective"""":0.85,""""night_rain_humid"""":0.8,""""work_focus_low_vocal"""":0.75}""",afterglow_fading,0.85,极简钢琴与空旷混响，搭配环境录音，营造出克制而孤独的深夜氛围
Deighton,The Shining Levels,introspective;melancholic;restrained,piano;ambient_pad;minimal,,0.15,0.25,0.2,0.35,0.1,0,0.7,instrumental,0,ambient,"""{""""work_focus_low_vocal"""":0.85,""""deep_night_introspective"""":0.8,""""night_rain_humid"""":0.75}""",slow_opening,0.85,极简钢琴与氛围铺垫，缓慢而内省，带有克制的情感重量
Cold Water,Hydrogen Sea,misty;melancholic;detached,ambient_pad;reverb_heavy;cold_synth;minimal,,0.2,0.3,0.25,0.3,0.15,0,0.7,instrumental,0,ambient,"""{""""deep_night_introspective"""":0.85,""""night_rain_humid"""":0.8,""""work_focus_low_vocal"""":0.75}""",rain_on_glass,0.85,冷调氛围铺底与深远混响，营造出朦胧而疏离的忧郁感
The Burn,Odd Nosdam,introspective;restrained;melancholic,ambient_pad;grainy;lofi_dust;field_recording,,0.2,0.25,0.3,0.35,0.15,0,0.7,instrumental,0,ambient,"""{""""work_focus_low_vocal"""":0.85,""""deep_night_introspective"""":0.8,""""night_rain_humid"""":0.75}""",fade_into_inner_space,0.85,粗糙低保真氛围声景，内省而克制，带有颗粒感和田野录音的质感
Team,Lorde,restless;urban;bittersweet,soft_synth;vocal_breath;electric_distant,,0.6,0.5,0.55,0.4,0.6,0.75,0.6,en,1,art_pop,"""{""""evening_city_walk"""":0.8,""""deep_night_introspective"""":0.75,""""user_requested_explore"""":0.7}""",city_to_inner_room,0.85,Lorde 的另类流行，合成器与鼓点营造出都市不安与怀旧交织的氛围
Heaven's Gold,Gliss,dreamy;nostalgic;bittersweet,soft_synth;reverb_heavy;electric_distant;vocal_breath,,0.35,0.4,0.45,0.5,0.3,0.6,0.65,en,1,dream_pop,"""{""""evening_city_walk"""":0.8,""""deep_night_introspective"""":0.75,""""night_clear_lonely"""":0.7}""",city_to_inner_room,0.85,梦幻流行风格，软合成器与深远混响营造怀旧而略带苦涩的都市夜晚氛围
愛死你 (feat. 柯有倫),莫文蔚,restless;urban;sensual,electric_distant;cold_synth;vocal_breath,over_dramatic,0.7,0.5,0.65,0.4,0.7,0.75,0.6,zh,1,mandopop,"""{""""evening_city_walk"""":0.55,""""night_clear_lonely"""":0.5,""""user_requested_explore"""":0.6}""",city_to_inner_room,0.8,莫文蔚的都市感声线与柯有伦的rap交织，电子音色带来不安与性感，能量较高但带有负面标签限制场景评分
Understand,Jacques Greene,dreamy;urban;restrained,soft_synth;reverb_heavy;electric_distant;vocal_breath,,0.4,0.45,0.5,0.4,0.45,0.6,0.55,en,1,electronic,"""{""""evening_city_walk"""":0.85,""""deep_night_introspective"""":0.8,""""work_focus_low_vocal"""":0.7}""",city_to_inner_room,0.85,柔和的合成器与深远混响，人声克制而梦幻，营造出都市夜晚的内省氛围
Secret ba<x>se,纽约盗图君,nostalgic;warm;melancholic,piano;acoustic;vocal_breath,,0.35,0.5,0.4,0.6,0.3,0.6,0.65,zh,1,mandopop,"""{""""evening_city_walk"""":0.8,""""weekend_slow"""":0.75,""""morning_cloudy_slow"""":0.7}""",slow_opening,0.85,钢琴与木吉他伴奏的抒情翻唱，温暖怀旧中带一丝伤感
Into the Fields,Foxes in Fiction,dreamy;nostalgic;misty,ambient_pad;field_recording;reverb_heavy;soft_synth,,0.25,0.35,0.3,0.5,0.2,0,0.6,instrumental,0,ambient,"""{""""morning_cloudy_slow"""":0.85,""""work_focus_low_vocal"""":0.8,""""night_clear_lonely"""":0.75}""",soft_focus_work,0.85,梦幻氛围电子，田野录音与软合成器交织，朦胧怀旧如晨雾中的田野
If I Fail,Mono Inc.,melancholic;restrained;unresolved,electric_distant;reverb_heavy;cinematic,,0.4,0.3,0.55,0.35,0.4,0.6,0.75,en,1,gothic_rock,"""{""""deep_night_introspective"""":0.85,""""night_rain_humid"""":0.75,""""work_focus_low_vocal"""":0.7}""",fade_into_inner_space,0.85,Mono Inc. 的暗调摇滚，低沉人声与深远混响营造出克制而悬而未决的忧郁氛围
Lydia,飛兒樂團,nostalgic;bittersweet;hopeful,piano;string;vocal_breath;electric_distant,,0.55,0.5,0.5,0.55,0.45,0.7,0.65,zh,1,mandopop,"""{""""evening_city_walk"""":0.8,""""night_clear_lonely"""":0.75,""""weekend_slow"""":0.7}""",city_to_inner_room,0.85,飛兒樂團的經典抒情搖滾，鋼琴與弦樂交織，人聲充滿力量與懷舊感，帶有淡淡的苦澀與希望
乱されて,鄧麗君,sensual;restless;bittersweet,string;vocal_breath;jazz_brush;soft_synth,,0.45,0.5,0.5,0.55,0.4,0.7,0.6,ja,1,kayokyoku,"""{""""evening_city_walk"""":0.8,""""night_clear_lonely"""":0.75,""""deep_night_introspective"""":0.7}""",city_to_inner_room,0.85,鄧麗君柔美声线搭配弦乐与爵士鼓刷，营造出性感而略带不安的都市夜晚氛围
Crabs,Helge Lien Trio,restrained;clear;bittersweet,piano;acoustic;jazz_brush;minimal,,0.3,0.5,0.4,0.5,0.3,0,0.5,instrumental,0,jazz,"""{""""work_focus_low_vocal"""":0.85,""""afternoon_warm_idle"""":0.8,""""morning_clear_light"""":0.75}""",soft_focus_work,0.85,北欧爵士三重奏，钢琴与爵士刷的克制互动，清晰而略带感伤
I Will Be Blessed,Lisa Ekdahl,warm;hopeful;bittersweet,acoustic;jazz_brush;vocal_breath;string,,0.35,0.55,0.4,0.7,0.3,0.6,0.5,en,1,jazz,"""{""""morning_clear_light"""":0.8,""""afternoon_warm_idle"""":0.75,""""weekend_slow"""":0.7}""",slow_opening,0.85,Lisa Ekdahl 温暖轻柔的声线搭配原声吉他与爵士刷，带来怀旧而充满希望的质感
热带雨林,S.H.E,nostalgic;melancholic;bittersweet,piano;string;vocal_breath,,0.4,0.45,0.45,0.55,0.35,0.65,0.7,zh,1,mandopop,"""{""""evening_city_walk"""":0.8,""""night_rain_humid"""":0.75,""""weekend_slow"""":0.7}""",slow_opening,0.85,S.H.E 的经典抒情，钢琴与弦乐铺垫出怀旧与淡淡的哀伤，人声温暖而克制
Regret,Andrew Lawrence,melancholic;introspective;restrained,piano;minimal;reverb_heavy,,0.2,0.25,0.3,0.35,0.15,0,0.8,instrumental,0,modern_classical,"""{""""deep_night_introspective"""":0.9,""""night_rain_humid"""":0.85,""""work_focus_low_vocal"""":0.8}""",afterglow_fading,0.9,极简钢琴独奏，深沉混响营造内省与遗憾的氛围
笑忘书 (Live),泳儿,melancholic;bittersweet;introspective,piano;vocal_breath;string;reverb_heavy,,0.35,0.4,0.45,0.5,0.3,0.7,0.75,zh,1,mandopop,"""{""""deep_night_introspective"""":0.85,""""night_rain_humid"""":0.8,""""evening_city_walk"""":0.75}""",afterglow_fading,0.85,泳儿现场演绎的《笑忘书》，钢琴与弦乐交织，人声充满呼吸感，营造出怀旧而苦涩的内省氛围
Abilia,Bayonne,dreamy;restless;hopeful,soft_synth;ambient_pad;minimal;electric_distant,,0.35,0.5,0.4,0.45,0.4,0,0.5,instrumental,0,electronic,"""{""""work_focus_low_vocal"""":0.85,""""morning_cloudy_slow"""":0.8,""""evening_city_walk"""":0.75}""",soft_focus_work,0.85,梦幻的合成器与轻微不安的节奏，营造出既宁静又略带动感的氛围
Poppin' Shakin',NiziU,urban;restless;hopeful,soft_synth;electric_distant;vocal_breath,,0.65,0.7,0.6,0.55,0.7,0.8,0.4,ja,1,j_pop,"""{""""evening_city_walk"""":0.7,""""user_requested_explore"""":0.65,""""weekend_slow"""":0.55}""",city_to_inner_room,0.8,NiziU 的活力流行曲，合成器与节奏感强，都市感与希望并存
Too Much,Courtney Hartman,introspective;melancholic;restrained,acoustic;vocal_breath;minimal,,0.25,0.35,0.3,0.45,0.2,0.6,0.7,en,1,folk,"""{""""deep_night_introspective"""":0.85,""""work_focus_low_vocal"""":0.8,""""night_rain_humid"""":0.75}""",slow_opening,0.85,原声吉他与人声的极简编排，内省而克制，带有淡淡的忧郁
心酸,林宥嘉,melancholic;nostalgic;bittersweet,piano;string;vocal_breath,,0.35,0.3,0.4,0.45,0.25,0.6,0.75,zh,1,mandopop,"""{""""deep_night_introspective"""":0.85,""""night_rain_humid"""":0.8,""""evening_city_walk"""":0.75}""",afterglow_fading,0.9,林宥嘉细腻的声线搭配钢琴和弦乐，营造出青春逝去的酸楚与怀旧感
Young And Beautiful - DH Orchestral Version,Lana Del Rey,melancholic;nostalgic;bittersweet,string;cinematic;reverb_heavy;vocal_breath,,0.35,0.4,0.55,0.5,0.3,0.7,0.8,en,1,orchestral_pop,"""{""""deep_night_introspective"""":0.85,""""evening_city_walk"""":0.8,""""night_rain_humid"""":0.75}""",afterglow_fading,0.9,管弦乐版本强化了原曲的怀旧与忧伤，弦乐铺底与Lana Del Rey的脆弱人声营造出电影般的落幕感
"""3 Klavierstücke, D. 946: No. 2 in E-Flat Major. Allegretto""",Franz Schubert,introspective;restrained;melancholic,piano;minimal;cinematic,,0.2,0.4,0.25,0.45,0.15,0,0.7,instrumental,0,classical,"""{""""work_focus_low_vocal"""":0.85,""""deep_night_introspective"""":0.8,""""morning_cloudy_slow"""":0.75}""",slow_opening,0.9,舒伯特钢琴小品，降E大调小快板，内省而克制，带有古典的忧郁与温暖
Get Lonely,Adia Victoria,lonely;melancholic;restrained,acoustic;reverb_heavy;vocal_breath;minimal,,0.25,0.3,0.35,0.4,0.2,0.6,0.75,en,1,folk_blues,"""{""""deep_night_introspective"""":0.85,""""night_rain_humid"""":0.8,""""work_focus_low_vocal"""":0.7}""",afterglow_fading,0.85,Adia Victoria 低沉克制的人声与简约原声吉他，营造出孤独而忧郁的氛围
Lucid Dreams,Juice WRLD,melancholic;restless;bittersweet,soft_synth;reverb_heavy;vocal_breath,,0.55,0.35,0.6,0.4,0.5,0.8,0.75,en,1,emo_rap,"""{""""deep_night_introspective"""":0.8,""""evening_city_walk"""":0.75,""""night_rain_humid"""":0.7}""",late_night_descent,0.85,Emo rap 风格，忧郁的旋律与 Juice WRLD 脆弱的人声交织，充满不安与苦涩的怀旧情绪
Neptune,Foals,dreamy;restless;unresolved,soft_synth;reverb_heavy;electric_distant;ambient_pad,,0.4,0.5,0.45,0.4,0.35,0,0.6,instrumental,0,indie_rock,"""{""""evening_city_walk"""":0.8,""""deep_night_introspective"""":0.75,""""night_clear_lonely"""":0.7}""",city_to_inner_room,0.85,梦幻合成器与深远混响交织，营造出不安而悬而未决的都市夜晚氛围
Writing's On the Wall,Sam Smith,melancholic;bittersweet;restrained,string;piano;vocal_breath;cinematic,,0.4,0.35,0.5,0.45,0.3,0.8,0.75,en,1,pop,"""{""""deep_night_introspective"""":0.85,""""night_rain_humid"""":0.8,""""evening_city_walk"""":0.75}""",slow_opening,0.9,Sam Smith 标志性的假声与弦乐编排，营造出克制而悲怆的抒情氛围
Intermission,Catfish and the Bottlemen,restless;urban;unresolved,electric_distant;reverb_heavy;minimal,,0.6,0.5,0.55,0.4,0.6,0,0.5,instrumental,0,indie_rock,"""{""""evening_city_walk"""":0.7,""""night_clear_lonely"""":0.65,""""work_focus_low_vocal"""":0.6}""",city_to_inner_room,0.8,器乐间奏曲，带有距离感的电吉他和混响，营造出都市不安与未解决的情绪
I Don't Belong Here,Cat Clyde,lonely;melancholic;introspective,acoustic;vocal_breath;minimal,,0.25,0.3,0.3,0.4,0.2,0.6,0.75,en,1,folk,"""{""""deep_night_introspective"""":0.85,""""night_rain_humid"""":0.8,""""work_focus_low_vocal"""":0.75}""",fade_into_inner_space,0.85,Cat Clyde 的民谣风格，以简约的吉他和脆弱的人声传递出深刻的孤独与内省情绪
BURNITUP!,Missy Elliott,restless;urban;hopeful,electric_distant;soft_synth;vocal_breath,,0.85,0.7,0.8,0.4,0.9,0.9,0.4,en,1,hip_hop,"""{""""evening_city_walk"""":0.5,""""user_requested_explore"""":0.5,""""night_clear_lonely"""":0.4}""",city_to_inner_room,0.8,高能量嘻哈，强劲节奏和Missy Elliott的自信人声，充满都市活力与躁动
Verdicts,A Projection,introspective;restrained;melancholic,piano;minimal;reverb_heavy;cold_synth,,0.2,0.3,0.25,0.3,0.15,0,0.7,instrumental,0,ambient,"""{""""deep_night_introspective"""":0.85,""""night_rain_humid"""":0.8,""""work_focus_low_vocal"""":0.75}""",fade_into_inner_space,0.85,极简钢琴与冷合成器交织，空旷混响营造出内省而克制的氛围
The Difficult Transition from Beginner to Expert,The Philistines Jr.,introspective;restrained;unresolved,piano;minimal;reverb_heavy;field_recording,,0.2,0.3,0.25,0.35,0.15,0,0.75,instrumental,0,ambient,"""{""""work_focus_low_vocal"""":0.85,""""deep_night_introspective"""":0.8,""""night_rain_humid"""":0.75}""",slow_opening,0.85,极简钢琴与氛围音景，缓慢内省，带有未解决的过渡感
"""Newborn Suite, Pt. 2""",Antoine Karacostas,introspective;restrained;melancholic,piano;minimal;cinematic,,0.15,0.3,0.2,0.35,0.1,0,0.8,instrumental,0,modern_classical,"""{""""work_focus_low_vocal"""":0.9,""""deep_night_introspective"""":0.85,""""night_rain_humid"""":0.8}""",slow_opening,0.9,极简钢琴独奏，缓慢而克制，充满内省与忧郁的古典氛围
Egotistic,MAMAMOO,restless;urban;sensual,soft_synth;electric_distant;vocal_breath,,0.65,0.6,0.7,0.5,0.7,0.8,0.5,ko,1,k_pop,"""{""""evening_city_walk"""":0.8,""""night_clear_lonely"""":0.7,""""user_requested_explore"""":0.75}""",city_to_inner_room,0.85,MAMAMOO 充满自信的流行曲，强烈的节奏与性感声线，适合都市夜晚
Devotion,Lance Savali,warm;hopeful;introspective,piano;soft_synth;reverb_heavy;vocal_breath,,0.35,0.5,0.4,0.7,0.3,0.6,0.65,en,1,ambient_pop,"""{""""morning_clear_light"""":0.8,""""work_focus_low_vocal"""":0.75,""""deep_night_introspective"""":0.7}""",soft_focus_work,0.85,温暖的钢琴与软合成器铺垫，人声轻柔带有呼吸感，营造出内省而充满希望的氛围
Nexus,Makoto,urban;hopeful;restless,soft_synth;electric_distant;reverb_heavy,,0.6,0.55,0.6,0.5,0.65,0,0.5,instrumental,0,drum_and_bass,"""{""""evening_city_walk"""":0.85,""""work_focus_low_vocal"""":0.7,""""deep_night_introspective"""":0.75}""",city_to_inner_room,0.85,Makoto 的鼓打贝斯作品，都市感强烈的合成器与律动，充满希望与不安的张力
A La Claire Fontaine,Nana Mouskouri,warm;nostalgic;clear,acoustic;vocal_breath;string,,0.3,0.6,0.35,0.7,0.2,0.65,0.5,fr,1,folk,"""{""""morning_clear_light"""":0.85,""""afternoon_warm_idle"""":0.8,""""weekend_slow"""":0.75}""",slow_opening,0.85,经典法语民谣，Nana Mouskouri清澈温暖的人声搭配简单弦乐，怀旧而明亮
Flowers (feat. Father),Faye Webster,warm;nostalgic;bittersweet,acoustic;vocal_breath;string;soft_synth,,0.4,0.5,0.45,0.65,0.35,0.7,0.6,en,1,indie_folk,"""{""""evening_city_walk"""":0.8,""""afternoon_warm_idle"""":0.75,""""weekend_slow"""":0.7}""",slow_opening,0.85,温暖的木吉他与轻柔人声，怀旧中带一丝苦涩，适合午后或傍晚的悠闲时刻
一梦千寻,袁泉,dreamy;nostalgic;bittersweet,piano;string;vocal_breath;reverb_heavy,,0.35,0.45,0.4,0.5,0.3,0.6,0.7,zh,1,mandopop,"""{""""evening_city_walk"""":0.8,""""deep_night_introspective"""":0.75,""""night_rain_humid"""":0.7}""",afterglow_fading,0.85,袁泉清冷而富有叙事感的人声搭配钢琴与弦乐，营造出梦幻怀旧中略带苦涩的意境
Earthly Needs,Hayden Thorpe,introspective;melancholic;restrained,piano;minimal;reverb_heavy;vocal_breath,,0.25,0.3,0.35,0.4,0.2,0.5,0.75,en,1,art_pop,"""{""""deep_night_introspective"""":0.85,""""night_rain_humid"""":0.8,""""work_focus_low_vocal"""":0.75}""",fade_into_inner_space,0.85,Hayden Thorpe 的脆弱人声与极简钢琴，内省而克制，充满留白与情感重量
Rhapsody in Blue,George Gershwin,restless;urban;nostalgic,piano;string;cinematic;jazz_brush,,0.6,0.7,0.65,0.5,0.6,0,0.6,instrumental,0,classical_jazz,"""{""""evening_city_walk"""":0.85,""""work_focus_low_vocal"""":0.7,""""morning_clear_light"""":0.65}""",city_to_inner_room,0.9,爵士与古典融合的经典，钢琴与弦乐交织出都市的躁动与怀旧感
Ursa Major,SUSS,introspective;melancholic;restrained,ambient_pad;electric_distant;reverb_heavy;field_recording,,0.2,0.3,0.25,0.35,0.1,0,0.7,instrumental,0,ambient,"""{""""deep_night_introspective"""":0.85,""""night_clear_lonely"""":0.8,""""work_focus_low_vocal"""":0.75}""",fade_into_inner_space,0.9,开阔的ambient声景，电吉他遥远而混响厚重，带有田野录音质感，营造内省而克制的孤独氛围
Moviola,La Batteria,restrained;urban;nostalgic,acoustic;jazz_brush;electric_distant;minimal,,0.3,0.4,0.35,0.5,0.3,0,0.5,instrumental,0,jazz,"""{""""evening_city_walk"""":0.8,""""work_focus_low_vocal"""":0.75,""""night_clear_lonely"""":0.7}""",city_to_inner_room,0.85,意大利乐队 La Batteria 的器乐作品，以原声吉他、爵士鼓刷和简约编排营造出克制而怀旧的都市氛围
飞雪玉花,魏小涵,introspective;melancholic;nostalgic,piano;string;cinematic;minimal,,0.2,0.35,0.25,0.4,0.15,0,0.7,instrumental,0,new_age,"""{""""work_focus_low_vocal"""":0.85,""""deep_night_introspective"""":0.8,""""night_rain_humid"""":0.75}""",slow_opening,0.85,钢琴与弦乐交织的国风纯音乐，旋律悠远而内省，带有淡淡的怀旧与忧伤
三个人的晚餐,黄韵玲,nostalgic;urban;bittersweet,piano;soft_synth;vocal_breath,,0.4,0.5,0.45,0.55,0.35,0.6,0.65,zh,1,mandopop,"""{""""evening_city_walk"""":0.8,""""night_clear_lonely"""":0.75,""""work_focus_low_vocal"""":0.7}""",city_to_inner_room,0.85,黄韵玲的钢琴与合成器交织，都市感中带着怀旧与淡淡的苦涩
Promises,Perfect Son,melancholic;restrained;bittersweet,piano;reverb_heavy;minimal;vocal_breath,,0.25,0.3,0.35,0.4,0.2,0.5,0.75,en,1,art_pop,"""{""""deep_night_introspective"""":0.85,""""night_rain_humid"""":0.8,""""work_focus_low_vocal"""":0.7}""",fade_into_inner_space,0.85,钢琴与低沉人声交织，克制而忧郁，带有未完成的承诺感
Won't Be Satisfied,Courtney Hartman,restless;unresolved;bittersweet,acoustic;vocal_breath;reverb_heavy,,0.45,0.4,0.5,0.5,0.4,0.7,0.65,en,1,folk,"""{""""evening_city_walk"""":0.75,""""deep_night_introspective"""":0.7,""""work_focus_low_vocal"""":0.65}""",city_to_inner_room,0.85,木吉他与人声交织，带着不安与未解的渴望，适合夜晚独处
Gonna Get High,Hugo Race Fatalists,restless;urban;unresolved,electric_distant;reverb_heavy;grainy,,0.6,0.4,0.55,0.3,0.5,0.6,0.65,en,1,alternative_rock,"""{""""evening_city_walk"""":0.8,""""deep_night_introspective"""":0.75,""""night_rain_humid"""":0.7}""",city_to_inner_room,0.85,粗粝的电吉他、深远混响与不安的人声，营造出都市夜晚的躁动与未解情绪
Road to Nowhere,Gentiane MG Trio,restless;unresolved;melancholic,piano;jazz_brush;acoustic,,0.4,0.45,0.5,0.5,0.5,0,0.6,instrumental,0,jazz,"""{""""evening_city_walk"""":0.8,""""deep_night_introspective"""":0.75,""""work_focus_low_vocal"""":0.7}""",city_to_inner_room,0.85,爵士钢琴三重奏，节奏略带不安与悬而未决，适合都市夜晚的内省漫步
Leaving Safe Places,Random Forest,introspective;restrained;melancholic,piano;ambient_pad;minimal;reverb_heavy,,0.25,0.3,0.3,0.4,0.15,0,0.7,instrumental,0,ambient,"""{""""work_focus_low_vocal"""":0.85,""""deep_night_introspective"""":0.8,""""night_rain_humid"""":0.75}""",fade_into_inner_space,0.85,钢琴与氛围垫交织，极简而内省，营造出安全空间之外的疏离与忧郁
Cello Blue,David Darling,introspective;melancholic;restrained,string;minimal;reverb_heavy,,0.15,0.25,0.2,0.45,0.1,0,0.8,instrumental,0,modern_classical,"""{""""deep_night_introspective"""":0.9,""""night_rain_humid"""":0.85,""""work_focus_low_vocal"""":0.8}""",afterglow_fading,0.9,大提琴独奏，深沉而克制，缓慢的弓弦声营造出内省与忧郁的氛围
Imagine,John Lennon,hopeful;nostalgic;warm,piano;vocal_breath;string,,0.35,0.6,0.4,0.7,0.3,0.75,0.65,en,1,folk_rock,"""{""""morning_clear_light"""":0.85,""""evening_city_walk"""":0.8,""""weekend_slow"""":0.75}""",slow_opening,0.9,钢琴驱动的经典民谣摇滚，Lennon 温暖的人声传递出怀旧与希望交织的平和力量
No Savior,Chasms,melancholic;introspective;restrained,cold_synth;reverb_heavy;minimal;vocal_breath,,0.25,0.2,0.3,0.2,0.15,0.4,0.8,en,1,darkwave,"""{""""deep_night_introspective"""":0.9,""""night_rain_humid"""":0.8,""""work_focus_low_vocal"""":0.7}""",fade_into_inner_space,0.85,冷调合成器与深远混响，脆弱人声包裹在克制而忧郁的氛围中
Eos - Live,Arp,introspective;dreamy;restrained,ambient_pad;minimal;field_recording;cold_synth,,0.15,0.3,0.2,0.35,0.1,0,0.6,instrumental,0,ambient,"""{""""work_focus_low_vocal"""":0.85,""""deep_night_introspective"""":0.8,""""morning_cloudy_slow"""":0.75}""",afterglow_fading,0.85,现场录音的极简氛围，冷合成器与田野录音交织，内省而克制
舞孃,JOLIN蔡依林,urban;restless;sensual,electric_distant;soft_synth;reverb_heavy,,0.7,0.6,0.65,0.5,0.75,0.8,0.4,zh,1,mandopop,"""{""""evening_city_walk"""":0.8,""""user_requested_explore"""":0.75,""""weekend_slow"""":0.7}""",city_to_inner_room,0.85,蔡依林动感舞曲，都市节奏与性感氛围交织，能量较高但带有内敛的质感
不懂愛,劉思涵,melancholic;bittersweet;introspective,piano;string;vocal_breath;reverb_heavy,,0.35,0.4,0.45,0.5,0.3,0.7,0.75,zh,1,mandopop,"""{""""deep_night_introspective"""":0.85,""""night_rain_humid"""":0.8,""""work_focus_low_vocal"""":0.7}""",fade_into_inner_space,0.85,钢琴与弦乐铺垫，刘思涵低沉声线传递出苦涩与内省的情绪
"""Oh, Lovely Appearance of Death""",efdemin,melancholic;restrained;introspective,piano;ambient_pad;minimal;reverb_heavy,,0.2,0.25,0.3,0.35,0.1,0,0.8,instrumental,0,ambient,"""{""""deep_night_introspective"""":0.9,""""night_rain_humid"""":0.85,""""work_focus_low_vocal"""":0.8}""",fade_into_inner_space,0.9,极简钢琴与氛围铺底，缓慢而内省，充满死亡主题的沉重与克制
任性,孙燕姿,warm;nostalgic;bittersweet,acoustic;vocal_breath;string,,0.45,0.55,0.45,0.65,0.35,0.7,0.65,zh,1,mandopop,"""{""""evening_city_walk"""":0.8,""""morning_clear_light"""":0.7,""""weekend_slow"""":0.75}""",slow_opening,0.85,孙燕姿温暖声线搭配木吉他弦乐，怀旧中带一丝苦涩，能量略低于红豆但情感饱满
3 Gymnopédies: I. Lent et douloureux,Erik Satie,introspective;melancholic;restrained,piano;minimal;cinematic,,0.1,0.25,0.15,0.35,0.05,0,0.8,instrumental,0,modern_classical,"""{""""deep_night_introspective"""":0.9,""""work_focus_low_vocal"""":0.85,""""night_rain_humid"""":0.8}""",slow_opening,0.95,萨蒂的经典钢琴独奏，缓慢、克制、内省，极简主义与忧郁氛围的完美结合
Brother's Keeper,Glen Hansard,melancholic;bittersweet;restrained,acoustic;string;vocal_breath,,0.35,0.4,0.45,0.5,0.3,0.6,0.75,en,1,folk_rock,"""{""""evening_city_walk"""":0.8,""""deep_night_introspective"""":0.75,""""night_rain_humid"""":0.7}""",slow_opening,0.85,Glen Hansard 的粗粝声线与木吉他、弦乐交织，带来克制而苦涩的怀旧感
Falling In Love,Cigarettes After Sex,dreamy;sensual;melancholic,reverb_heavy;vocal_breath;soft_synth;electric_distant,,0.25,0.3,0.4,0.55,0.2,0.6,0.7,en,1,dream_pop,"""{""""deep_night_introspective"""":0.9,""""night_clear_lonely"""":0.85,""""evening_city_walk"""":0.8}""",fade_into_inner_space,0.9,Cigarettes After Sex 标志性的缓慢梦泡流行，厚重混响与低沉耳语人声营造出迷离而感性的深夜氛围
Young Guns (Go For It!),Wham!,restless;urban;hopeful,soft_synth;electric_distant;vocal_breath,,0.7,0.7,0.65,0.5,0.75,0.8,0.4,en,1,synthpop,"""{""""evening_city_walk"""":0.8,""""user_requested_explore"""":0.75,""""morning_clear_light"""":0.65}""",city_to_inner_room,0.85,Wham! 的经典合成器流行曲，节奏明快充满都市活力，人声突出，能量较高但情感重量较轻
Leave Me To Sleep,The Leisure Society,melancholic;restrained;lonely,acoustic;string;vocal_breath;reverb_heavy,,0.25,0.3,0.35,0.4,0.2,0.5,0.75,en,1,indie_folk,"""{""""deep_night_introspective"""":0.85,""""night_rain_humid"""":0.8,""""work_focus_low_vocal"""":0.7}""",fade_into_inner_space,0.85,轻柔的民谣编排，弦乐与人声交织，营造出克制而忧郁的深夜氛围
La Fique (Original Mix),Robosonic,urban;restless;clear,soft_synth;electric_distant;reverb_heavy,,0.6,0.55,0.6,0.4,0.65,0,0.35,instrumental,0,deep_house,"""{""""evening_city_walk"""":0.8,""""work_focus_low_vocal"""":0.7,""""user_requested_explore"""":0.75}""",city_to_inner_room,0.85,都市感强烈的 deep house 曲目，合成器与混响营造出清晰而略带不安的律动
Henry Lee,PJ Harvey,melancholic;restrained;bittersweet,acoustic;string;reverb_heavy;vocal_breath,,0.35,0.3,0.4,0.35,0.25,0.7,0.75,en,1,folk_rock,"""{""""deep_night_introspective"""":0.85,""""night_rain_humid"""":0.8,""""evening_city_walk"""":0.7}""",fade_into_inner_space,0.85,PJ Harvey 低沉克制的人声与木吉他、弦乐交织，营造出阴郁而凄美的叙事氛围
After The Great Storm,Ane Brun,melancholic;restrained;bittersweet,piano;string;vocal_breath;reverb_heavy,,0.25,0.3,0.35,0.4,0.2,0.6,0.75,en,1,art_pop,"""{""""deep_night_introspective"""":0.85,""""night_rain_humid"""":0.8,""""work_focus_low_vocal"""":0.7}""",afterglow_fading,0.85,Ane Brun 脆弱而克制的人声与钢琴弦乐交织，营造风暴后的忧郁与释然
Larmes de caramel,Elsa Kopf,melancholic;bittersweet;nostalgic,acoustic;vocal_breath;string;reverb_heavy,,0.3,0.4,0.35,0.55,0.25,0.7,0.65,fr,1,chanson,"""{""""evening_city_walk"""":0.8,""""night_rain_humid"""":0.75,""""deep_night_introspective"""":0.7}""",rain_on_glass,0.85,法语香颂，木吉他与人声交织，带着焦糖般的苦涩与怀旧，混响营造出雨夜氛围
Antonio Vivaldi: Concerto for Viola d'amore,Strings and Continuo in D minor,restrained;melancholic;clear,string;cinematic;minimal,,0.3,0.4,0.35,0.45,0.3,0,0.6,instrumental,0,baroque,"""{""""work_focus_low_vocal"""":0.8,""""deep_night_introspective"""":0.75,""""morning_cloudy_slow"""":0.7}""",slow_opening,0.85,巴洛克弦乐协奏曲，D小调带来克制而清晰的忧郁感，节奏平稳，适合专注或内省场景
Valder Fields,Tamas Wells,warm;nostalgic;hopeful,acoustic;vocal_breath;string,,0.35,0.6,0.4,0.7,0.3,0.6,0.5,en,1,indie_folk,"""{""""morning_clear_light"""":0.85,""""afternoon_warm_idle"""":0.8,""""weekend_slow"""":0.75}""",slow_opening,0.9,温暖的木吉他与人声，轻快的旋律中带着怀旧与希望，适合清晨或悠闲午后
Hedwig's Theme 4,David Helbock,introspective;restrained;melancholic,piano;minimal;cinematic,,0.2,0.3,0.2,0.35,0.1,0,0.75,instrumental,0,modern_classical,"""{""""work_focus_low_vocal"""":0.85,""""deep_night_introspective"""":0.8,""""night_rain_humid"""":0.75}""",slow_opening,0.9,钢琴独奏改编，极简而内省，带有电影感的克制与忧郁
"""Rey's Theme - From """"""""Star Wars: The Force Awakens""""""""""",John Williams,hopeful;clear;restless,string;cinematic;piano,,0.45,0.7,0.55,0.5,0.5,0,0.6,instrumental,0,film_score,"""{""""morning_clear_light"""":0.8,""""work_focus_low_vocal"""":0.7,""""afternoon_warm_idle"""":0.65}""",slow_opening,0.85,John Williams 的管弦乐主题，弦乐与钢琴交织，充满希望与探索的明亮能量
Carbon 12,Chevel,detached;restrained;unresolved,cold_synth;minimal;ambient_pad;reverb_heavy,,0.2,0.25,0.3,0.2,0.15,0,0.7,instrumental,0,techno,"""{""""deep_night_introspective"""":0.85,""""night_rain_humid"""":0.8,""""work_focus_low_vocal"""":0.75}""",fade_into_inner_space,0.85,冷调合成器与极简节拍，空旷而疏离的科技氛围，适合深夜内省
Wandsworth Plain,The Rhythm Method,urban;restless;nostalgic,electric_distant;soft_synth;reverb_heavy,,0.55,0.5,0.55,0.4,0.5,0,0.5,instrumental,0,synthpop,"""{""""evening_city_walk"""":0.85,""""deep_night_introspective"""":0.75,""""work_focus_low_vocal"""":0.7}""",city_to_inner_room,0.85,都市感合成器与深远混响，营造出略带不安的怀旧氛围，适合夜晚城市漫步
Prospero's Magic,Michael Nyman,introspective;restrained;melancholic,piano;string;cinematic;minimal,,0.2,0.3,0.25,0.35,0.15,0,0.8,instrumental,0,modern_classical,"""{""""work_focus_low_vocal"""":0.85,""""deep_night_introspective"""":0.8,""""night_rain_humid"""":0.75}""",slow_opening,0.9,Michael Nyman 的极简主义钢琴与弦乐编排，缓慢而克制，充满内省与忧郁的古典质感
Born From The Beyond,Relaxer,dreamy;misty;detached,ambient_pad;soft_synth;reverb_heavy;minimal,,0.25,0.35,0.3,0.4,0.15,0,0.55,instrumental,0,ambient,"""{""""work_focus_low_vocal"""":0.85,""""deep_night_introspective"""":0.8,""""morning_cloudy_slow"""":0.75}""",soft_focus_work,0.85,氛围电子作品，软合成器与深远混响营造出梦幻而疏离的声景，能量低但带有微弱的温暖感
Goodbye to Your Love feat. Ai Ninomiya,re:plus / 二宮愛,nostalgic;warm;bittersweet,piano;string;vocal_breath;soft_synth,,0.4,0.5,0.45,0.6,0.35,0.65,0.65,en,1,jazz_hop,"""{""""evening_city_walk"""":0.85,""""night_clear_lonely"""":0.8,""""work_focus_low_vocal"""":0.7}""",city_to_inner_room,0.85,re:plus 的钢琴与弦乐交织，二宮愛的人声温柔而怀旧，带有爵士嘻哈的温暖质感
Speed Queen,Little Scream,restless;urban;unresolved,electric_distant;reverb_heavy;soft_synth,,0.6,0.45,0.55,0.4,0.6,0.7,0.5,en,1,indie_rock,"""{""""evening_city_walk"""":0.8,""""deep_night_introspective"""":0.7,""""user_requested_explore"""":0.75}""",city_to_inner_room,0.85,都市感独立摇滚，电吉他远距混响与人声交织，带有不安与未解决的张力
Wreck the Rod,Nick Waterhouse,restless;urban;bittersweet,electric_distant;jazz_brush;acoustic;vocal_breath,,0.6,0.55,0.5,0.5,0.6,0.6,0.5,en,1,rhythm_and_blues,"""{""""evening_city_walk"""":0.8,""""work_focus_low_vocal"""":0.7,""""user_requested_explore"""":0.65}""",city_to_inner_room,0.85,复古节奏蓝调，电吉他与人声交织出都市夜晚的躁动与怀旧
Let Me Down,Lily Elise / Made in La,melancholic;restrained;bittersweet,piano;soft_synth;vocal_breath;reverb_heavy,,0.35,0.4,0.45,0.5,0.3,0.75,0.7,en,1,art_pop,"""{""""evening_city_walk"""":0.8,""""deep_night_introspective"""":0.85,""""night_rain_humid"""":0.75}""",city_to_inner_room,0.85,钢琴与软合成器交织，人声带着呼吸感与混响，克制而忧郁的都市情绪
Sister,Twin Oaks,introspective;melancholic;restrained,acoustic;vocal_breath;string;minimal,,0.25,0.35,0.3,0.45,0.2,0.6,0.7,en,1,indie_folk,"""{""""deep_night_introspective"""":0.85,""""night_clear_lonely"""":0.8,""""work_focus_low_vocal"""":0.75}""",slow_opening,0.85,轻柔的木吉他与脆弱人声，内省而克制的独立民谣质感
If I Only Had a Brain,The Tierney Sutton Band,warm;nostalgic;bittersweet,jazz_brush;acoustic;vocal_breath;string,,0.35,0.5,0.4,0.7,0.3,0.6,0.55,en,1,jazz,"""{""""morning_clear_light"""":0.75,""""afternoon_warm_idle"""":0.8,""""evening_city_walk"""":0.7}""",soft_focus_work,0.85,爵士标准曲的温暖演绎，刷擦与木吉他营造怀旧而略带苦涩的质感
Changes,Balthazar,melancholic;restless;bittersweet,acoustic;string;vocal_breath;electric_distant,,0.4,0.45,0.5,0.5,0.4,0.6,0.7,en,1,indie_rock,"""{""""evening_city_walk"""":0.8,""""deep_night_introspective"""":0.75,""""work_focus_low_vocal"""":0.7}""",city_to_inner_room,0.85,Balthazar 的忧郁摇滚，木吉他与人声交织出不安与怀旧的城市夜晚氛围
Wish I Was There,Digitalism,nostalgic;urban;restless,soft_synth;electric_distant;reverb_heavy,,0.55,0.5,0.55,0.4,0.6,0,0.5,instrumental,0,electronic,"""{""""evening_city_walk"""":0.85,""""deep_night_introspective"""":0.8,""""work_focus_low_vocal"""":0.7}""",city_to_inner_room,0.85,电子合成器驱动，带有怀旧与不安的都市感，能量中等偏上，适合夜晚漫步或专注工作
春よ、来い,松任谷由実,nostalgic;warm;hopeful,piano;string;vocal_breath,,0.45,0.6,0.5,0.7,0.4,0.65,0.65,ja,1,j_pop,"""{""""morning_clear_light"""":0.8,""""afternoon_warm_idle"""":0.75,""""evening_city_walk"""":0.7}""",slow_opening,0.85,松任谷由実的经典日式抒情，钢琴与弦乐交织，温暖怀旧中带着春天的希望
丸の内サディスティック (Live),東京事変,urban;restless;bittersweet,electric_distant;jazz_brush;vocal_breath;reverb_heavy,,0.6,0.55,0.65,0.5,0.7,0.75,0.6,ja,1,jazz_rock,"""{""""evening_city_walk"""":0.85,""""deep_night_introspective"""":0.8,""""user_requested_explore"""":0.75}""",city_to_inner_room,0.9,东京事变现场版，爵士摇滚融合都市感，椎名林檎的声线带着不羁与怀旧，节奏明快但情绪复杂
Smoke.Netflix.Chill.,Tank and The Bangas,warm;urban;hopeful,soft_synth;vocal_breath;electric_distant,,0.55,0.6,0.5,0.65,0.5,0.7,0.5,en,1,neo_soul,"""{""""evening_city_walk"""":0.85,""""weekend_slow"""":0.75,""""user_requested_explore"""":0.7}""",city_to_inner_room,0.85,温暖的人声与软合成器交织，都市感与希望并存，适合放松或探索场景
Dearest (A Classical ver.),浜崎あゆみ,nostalgic;bittersweet;warm,piano;string;cinematic;vocal_breath,,0.35,0.5,0.4,0.6,0.3,0.6,0.7,ja,1,j_pop,"""{""""evening_city_walk"""":0.8,""""night_rain_humid"""":0.75,""""deep_night_introspective"""":0.7}""",slow_opening,0.85,古典编曲的钢琴与弦乐，浜崎あゆみ的人声带着怀旧与温暖的苦涩感，能量中等偏低
Le sable mouvant - End of May,Keren Ann,melancholic;dreamy;bittersweet,acoustic;vocal_breath;string;reverb_heavy,,0.25,0.35,0.3,0.45,0.2,0.6,0.7,en,1,chanson,"""{""""night_clear_lonely"""":0.85,""""deep_night_introspective"""":0.8,""""evening_city_walk"""":0.75}""",afterglow_fading,0.9,Keren Ann 轻柔的声线搭配木吉他与弦乐，营造出梦幻而略带忧郁的黄昏氛围
Way Too Long,Delicate Steve,restless;urban;hopeful,electric_distant;soft_synth;reverb_heavy,,0.6,0.55,0.5,0.45,0.65,0,0.4,instrumental,0,indie_rock,"""{""""evening_city_walk"""":0.85,""""work_focus_low_vocal"""":0.75,""""user_requested_explore"""":0.7}""",city_to_inner_room,0.85,电吉他主导的器乐摇滚，节奏明快带有都市感，混响营造出距离感与希望
Cream Pie,The Earth,warm;dreamy;sensual,soft_synth;ambient_pad;lofi_dust;reverb_heavy,,0.3,0.45,0.35,0.65,0.25,0,0.4,instrumental,0,lo_fi,"""{""""work_focus_low_vocal"""":0.85,""""morning_cloudy_slow"""":0.8,""""afternoon_warm_idle"""":0.75}""",soft_focus_work,0.85,温暖的 lo-fi 氛围，软合成器与氛围垫营造出梦幻而感性的质感，适合低干扰的工作或休闲场景
This Day On Our Side,Sky Architects,dreamy;nostalgic;hopeful,soft_synth;ambient_pad;reverb_heavy,,0.35,0.5,0.4,0.55,0.3,0,0.5,instrumental,0,ambient,"""{""""morning_cloudy_slow"""":0.85,""""work_focus_low_vocal"""":0.8,""""evening_city_walk"""":0.75}""",soft_focus_work,0.85,柔和的合成器氛围与深远混响，营造出梦幻而怀旧的声景，适合专注或漫步
體面（電影《前任3：再見前任》插曲）,于文文,bittersweet;melancholic;nostalgic,piano;string;vocal_breath,,0.45,0.4,0.5,0.5,0.35,0.7,0.75,zh,1,mandopop,"""{""""evening_city_walk"""":0.8,""""deep_night_introspective"""":0.75,""""night_rain_humid"""":0.7}""",slow_opening,0.9,钢琴与弦乐铺底，于文文略带沙哑的声线演绎分手后的体面与不舍，情感沉重而克制
Waxwing Air,Huerta,dreamy;misty;restrained,ambient_pad;field_recording;minimal;reverb_heavy,,0.2,0.35,0.25,0.45,0.15,0,0.55,instrumental,0,ambient,"""{""""morning_cloudy_slow"""":0.85,""""work_focus_low_vocal"""":0.8,""""night_clear_lonely"""":0.75}""",soft_focus_work,0.85,氛围声景，环境录音与混响铺底，朦胧而克制，适合低能量专注场景
Simon,丁世光,warm;nostalgic;hopeful,acoustic;soft_synth;vocal_breath;string,,0.4,0.55,0.5,0.65,0.45,0.7,0.6,zh,1,mandopop,"""{""""evening_city_walk"""":0.8,""""weekend_slow"""":0.75,""""morning_clear_light"""":0.7}""",slow_opening,0.85,温暖木吉他与人声交织，怀旧中带着希望，适合安静聆听的抒情流行
The Skies Will Break,Corinne Bailey Rae,hopeful;warm;nostalgic,acoustic;string;vocal_breath;soft_synth,,0.4,0.6,0.45,0.7,0.35,0.65,0.55,en,1,soul_pop,"""{""""morning_clear_light"""":0.85,""""evening_city_walk"""":0.8,""""weekend_slow"""":0.75}""",slow_opening,0.85,温暖的人声与弦乐交织，充满希望与怀旧感的灵魂流行
Baby Powder,Jenevieve,dreamy;warm;sensual,soft_synth;vocal_breath;lofi_dust;reverb_heavy,,0.35,0.5,0.4,0.6,0.3,0.7,0.45,en,1,r&b,"""{""""work_focus_low_vocal"""":0.8,""""evening_city_walk"""":0.75,""""afternoon_warm_idle"""":0.7}""",soft_focus_work,0.85,梦幻R&B，软合成器与轻柔人声营造温暖亲密的氛围，适合低强度专注或闲适场景
Juliette,Pat Dam Smyth,nostalgic;warm;bittersweet,acoustic;vocal_breath;string;reverb_heavy,,0.4,0.5,0.45,0.6,0.35,0.65,0.6,en,1,indie_folk,"""{""""evening_city_walk"""":0.8,""""weekend_slow"""":0.75,""""morning_cloudy_slow"""":0.7}""",slow_opening,0.85,温暖的木吉他与人声，带有怀旧与苦涩甜美的情感，适合慢节奏场景
Spiegel im Spiegel (Version for Violin & Piano) - Version for Violin and Piano,Arvo Pärt,introspective;melancholic;restrained,piano;string;minimal;cinematic,,0.1,0.25,0.1,0.35,0.05,0,0.9,instrumental,0,modern_classical,"""{""""work_focus_low_vocal"""":0.9,""""deep_night_introspective"""":0.85,""""night_rain_humid"""":0.8}""",slow_opening,0.95,极简主义钢琴与提琴的缓慢对话，近乎静止的冥想与哀伤
Boom Clap (From the Motion Picture Das Schicksal ist ein mieser Verräter),Charli XCX,restless;urban;hopeful,soft_synth;electric_distant;reverb_heavy,,0.7,0.65,0.7,0.4,0.75,0.8,0.45,en,1,electropop,"""{""""evening_city_walk"""":0.85,""""user_requested_explore"""":0.8,""""morning_clear_light"""":0.7}""",city_to_inner_room,0.85,Charli XCX 的流行电子曲风，节奏明快、合成器明亮，带有都市活力与希望感
Arrival Of Winter,Kinbrae,introspective;melancholic;restrained,piano;ambient_pad;minimal;field_recording,,0.2,0.3,0.25,0.3,0.1,0,0.8,instrumental,0,ambient,"""{""""deep_night_introspective"""":0.9,""""night_rain_humid"""":0.85,""""work_focus_low_vocal"""":0.8}""",afterglow_fading,0.9,极简钢琴与冷调氛围垫，辅以田野录音，营造出冬日般的内省与克制感
We Used to Be so Close,Jay-Jay Johanson,melancholic;nostalgic;bittersweet,piano;soft_synth;vocal_breath;reverb_heavy,,0.3,0.35,0.4,0.4,0.25,0.6,0.75,en,1,trip_hop,"""{""""deep_night_introspective"""":0.85,""""night_rain_humid"""":0.8,""""evening_city_walk"""":0.75}""",fade_into_inner_space,0.9,Jay-Jay Johanson 标志性的低沉忧郁声线搭配钢琴与软合成器，营造出怀旧而苦涩的深夜氛围
Ministry,Karen O,restless;urban;melancholic,electric_distant;reverb_heavy;vocal_breath;cold_synth,,0.45,0.35,0.55,0.3,0.5,0.6,0.65,en,1,indie_rock,"""{""""evening_city_walk"""":0.8,""""deep_night_introspective"""":0.75,""""night_rain_humid"""":0.7}""",city_to_inner_room,0.85,Karen O 的沙哑声线在冷合成器与深远混响中游走，充满都市夜晚的不安与疏离感
Phases,Howling,urban;restless;melancholic,soft_synth;cold_synth;vocal_breath;reverb_heavy,,0.55,0.4,0.6,0.35,0.5,0.7,0.65,en,1,electronic,"""{""""evening_city_walk"""":0.85,""""deep_night_introspective"""":0.8,""""work_focus_low_vocal"""":0.7}""",city_to_inner_room,0.85,冷调合成器与混响人声交织，都市夜晚的躁动与内省
Land of Dreams,Ahmad Jamal,warm;clear;nostalgic,piano;jazz_brush;acoustic;string,,0.4,0.6,0.45,0.7,0.35,0,0.5,instrumental,0,jazz,"""{""""morning_clear_light"""":0.85,""""afternoon_warm_idle"""":0.8,""""work_focus_low_vocal"""":0.75}""",soft_focus_work,0.85,Ahmad Jamal 的钢琴三重奏，温暖清晰的爵士质感，带有怀旧与明亮的色彩
Throwing Stones at the Moon,Plastic Mermaids,dreamy;nostalgic;bittersweet,soft_synth;reverb_heavy;vocal_breath;ambient_pad,,0.35,0.4,0.4,0.5,0.3,0.6,0.65,en,1,dream_pop,"""{""""evening_city_walk"""":0.8,""""deep_night_introspective"""":0.75,""""night_clear_lonely"""":0.7}""",fade_into_inner_space,0.85,梦幻流行风格，软合成器与深远混响营造怀旧而略带苦涩的梦境感
Vacation,FRENSHIP,dreamy;nostalgic;hopeful,soft_synth;reverb_heavy;vocal_breath,,0.45,0.55,0.5,0.5,0.45,0.7,0.5,en,1,indie_pop,"""{""""evening_city_walk"""":0.85,""""weekend_slow"""":0.8,""""morning_clear_light"""":0.75}""",city_to_inner_room,0.85,梦幻合成器与轻柔人声交织，怀旧而充满希望的 indie pop 质感
Early Life,Clarian,dreamy;nostalgic;restrained,soft_synth;ambient_pad;reverb_heavy;electric_distant,,0.3,0.4,0.35,0.5,0.2,0,0.6,instrumental,0,ambient,"""{""""work_focus_low_vocal"""":0.85,""""morning_cloudy_slow"""":0.8,""""deep_night_introspective"""":0.75}""",soft_focus_work,0.85,梦幻合成器与深远混响营造出怀旧而克制的氛围，适合专注或内省场景
Origins,Alexi Tuomarila,introspective;restrained;melancholic,piano;minimal;cinematic,,0.2,0.3,0.25,0.35,0.15,0,0.75,instrumental,0,modern_classical,"""{""""work_focus_low_vocal"""":0.85,""""deep_night_introspective"""":0.8,""""night_rain_humid"""":0.75}""",slow_opening,0.9,极简钢琴独奏，缓慢而内省，带有冷调古典质感，适合专注或深夜聆听
Part Trio,Anat Fort Trio,introspective;restrained;melancholic,piano;acoustic;minimal;jazz_brush,,0.25,0.4,0.3,0.5,0.2,0,0.7,instrumental,0,jazz,"""{""""work_focus_low_vocal"""":0.85,""""deep_night_introspective"""":0.8,""""night_rain_humid"""":0.75}""",slow_opening,0.85,Anat Fort 的爵士钢琴三重奏，内省而克制，带有淡淡的忧郁与温暖质感
Best Bitch,BunnaB,urban;restless;bittersweet,soft_synth;electric_distant;vocal_breath,,0.6,0.5,0.55,0.4,0.6,0.75,0.65,en,1,alternative_r&b,"""{""""evening_city_walk"""":0.8,""""deep_night_introspective"""":0.75,""""user_requested_explore"""":0.7}""",city_to_inner_room,0.85,都市感 R&B，合成器与电子音色交织，人声充满张力，情绪复杂而略带不安
Undertones,Richard Andrews,introspective;melancholic;restrained,piano;minimal;reverb_heavy,,0.2,0.3,0.2,0.35,0.15,0,0.75,instrumental,0,modern_classical,"""{""""work_focus_low_vocal"""":0.85,""""deep_night_introspective"""":0.8,""""night_rain_humid"""":0.75}""",slow_opening,0.85,极简钢琴作品，缓慢而内省，混响营造出孤独而克制的氛围
SLAVES OF FEAR,HEALTH,restless;unresolved;melancholic,cold_synth;electric_distant;reverb_heavy,,0.7,0.3,0.7,0.2,0.6,0.5,0.75,en,1,industrial_rock,"""{""""deep_night_introspective"""":0.55,""""night_rain_humid"""":0.5,""""evening_city_walk"""":0.45}""",late_night_descent,0.85,冰冷合成器与沉重工业节拍，人声被混响包裹，营造出不安与悬而未决的压迫感
Perfectly,FKA twigs,sensual;unresolved;dreamy,soft_synth;vocal_breath;reverb_heavy;electric_distant,,0.4,0.4,0.5,0.45,0.35,0.75,0.7,en,1,art_pop,"""{""""deep_night_introspective"""":0.85,""""evening_city_walk"""":0.8,""""user_requested_explore"""":0.75}""",fade_into_inner_space,0.9,FKA twigs 标志性的空灵人声与电子质感交织，营造出性感而悬而未决的梦幻氛围
Merry Christmas Mr.Lawrence (live),押尾コータロー,introspective;melancholic;restrained,acoustic;cinematic;minimal,,0.2,0.35,0.2,0.45,0.1,0,0.8,instrumental,0,fingerstyle_guitar,"""{""""work_focus_low_vocal"""":0.85,""""deep_night_introspective"""":0.8,""""night_rain_humid"""":0.75}""",slow_opening,0.9,押尾光太郎的指弹吉他独奏版，保留了原曲的忧郁内省，但木吉他音色带来更温暖的质感
Gemini,Jack Peñate,restless;urban;bittersweet,electric_distant;soft_synth;vocal_breath,,0.55,0.5,0.55,0.4,0.5,0.7,0.6,en,1,indie_pop,"""{""""evening_city_walk"""":0.8,""""deep_night_introspective"""":0.75,""""user_requested_explore"""":0.7}""",city_to_inner_room,0.85,都市感 indie pop，电吉他与人声交织出不安与怀旧的双重情绪
3326,Ólafur Arnalds,introspective;melancholic;restrained,piano;minimal;cinematic;reverb_heavy,,0.15,0.3,0.2,0.35,0.1,0,0.8,instrumental,0,modern_classical,"""{""""work_focus_low_vocal"""":0.9,""""deep_night_introspective"""":0.85,""""night_rain_humid"""":0.8}""",slow_opening,0.9,极简钢琴与深远混响，营造内省而克制的氛围，情感沉重但能量极低
The Brand,GO DARK,urban;restless;melancholic,cold_synth;electric_distant;reverb_heavy,,0.6,0.35,0.65,0.3,0.55,0,0.6,instrumental,0,electronic,"""{""""evening_city_walk"""":0.8,""""deep_night_introspective"""":0.75,""""night_clear_lonely"""":0.7}""",city_to_inner_room,0.85,冷调合成器与深远混响，营造出都市夜晚的躁动与疏离感
The Sailor,The Album Leaf,introspective;melancholic;dreamy,piano;ambient_pad;minimal;cinematic,,0.2,0.35,0.3,0.45,0.15,0,0.7,instrumental,0,ambient,"""{""""work_focus_low_vocal"""":0.85,""""deep_night_introspective"""":0.8,""""night_rain_humid"""":0.75}""",slow_opening,0.9,钢琴与氛围铺底交织，缓慢而内省，如同孤独航行的静谧感
Vector to the Heavens,下村陽子,melancholic;bittersweet;restrained,piano;string;cinematic;minimal,,0.25,0.3,0.35,0.4,0.2,0,0.8,instrumental,0,modern_classical,"""{""""deep_night_introspective"""":0.85,""""night_rain_humid"""":0.8,""""work_focus_low_vocal"""":0.75}""",slow_opening,0.9,钢琴与弦乐交织的悲壮旋律，克制而充满情感重量，如同夜空中的星辰
Highway Driving,Kalyn Fay,urban;restless;hopeful,acoustic;electric_distant;soft_synth,,0.55,0.5,0.5,0.5,0.55,0,0.45,instrumental,0,folk_rock,"""{""""evening_city_walk"""":0.85,""""work_focus_low_vocal"""":0.75,""""morning_clear_light"""":0.7}""",city_to_inner_room,0.85,木吉他与远距离电声交织，营造出公路行驶中的都市流动感与轻微不安
Hang Wit a Bad Bitch (feat. Key Glock),Sexyy Red,restless;urban;unresolved,electric_distant;cold_synth;reverb_heavy,,0.7,0.4,0.7,0.3,0.8,0.9,0.4,en,1,trap,"""{""""evening_city_walk"""":0.5,""""deep_night_introspective"""":0.4,""""user_requested_explore"""":0.6}""",city_to_inner_room,0.8,高能量陷阱节奏，冷合成器与重低音，人声主导，充满都市不安与躁动
Singularity,Bill Laurance,introspective;restrained;melancholic,piano;cinematic;minimal;string,,0.25,0.35,0.3,0.45,0.15,0,0.75,instrumental,0,modern_classical,"""{""""work_focus_low_vocal"""":0.85,""""deep_night_introspective"""":0.8,""""night_rain_humid"""":0.75}""",slow_opening,0.9,钢琴与弦乐交织的现代古典作品，内省而克制，充满孤独的沉思感
Summertime,George Winston,warm;nostalgic;bittersweet,piano;minimal;cinematic,,0.2,0.5,0.3,0.7,0.2,0,0.6,instrumental,0,solo_piano,"""{""""morning_clear_light"""":0.8,""""afternoon_warm_idle"""":0.75,""""weekend_slow"""":0.7}""",slow_opening,0.85,George Winston 的钢琴独奏，温暖而怀旧，带有淡淡的忧伤，适合悠闲的午后或清晨
Easy on Me,Adele,melancholic;bittersweet;nostalgic,piano;vocal_breath;string,,0.4,0.45,0.5,0.55,0.3,0.8,0.75,en,1,pop,"""{""""evening_city_walk"""":0.8,""""deep_night_introspective"""":0.75,""""night_rain_humid"""":0.7}""",slow_opening,0.9,Adele 的钢琴抒情，人声充满情感重量，怀旧与苦涩交织
Midnight Dipper,Warmduscher,urban;restless;unresolved,electric_distant;soft_synth;reverb_heavy,,0.55,0.45,0.5,0.35,0.6,0,0.5,instrumental,0,electronic,"""{""""evening_city_walk"""":0.8,""""deep_night_introspective"""":0.75,""""night_rain_humid"""":0.7}""",city_to_inner_room,0.85,都市感电子音乐，合成器与混响营造出不安而悬疑的夜晚氛围
Bolinas,Meat Beat Manifesto,urban;restless;detached,electric_distant;cold_synth;grainy;reverb_heavy,,0.4,0.35,0.55,0.3,0.5,0,0.45,instrumental,0,electronic,"""{""""evening_city_walk"""":0.8,""""deep_night_introspective"""":0.75,""""work_focus_low_vocal"""":0.7}""",city_to_inner_room,0.85,冷调电子音色与颗粒感纹理，营造都市疏离与不安的氛围
Noumenon,Joep Beving,introspective;melancholic;restrained,piano;minimal;cinematic,,0.15,0.3,0.2,0.35,0.1,0,0.8,instrumental,0,modern_classical,"""{""""work_focus_low_vocal"""":0.9,""""deep_night_introspective"""":0.85,""""night_rain_humid"""":0.8}""",slow_opening,0.9,极简钢琴独奏，缓慢而克制，充满内省与留白，类似坂本龍一的安静质感
Milonga Del Angel,Anat Cohen,nostalgic;warm;bittersweet,acoustic;string;jazz_brush,,0.35,0.5,0.4,0.7,0.3,0,0.6,instrumental,0,jazz,"""{""""evening_city_walk"""":0.8,""""afternoon_warm_idle"""":0.75,""""work_focus_low_vocal"""":0.7}""",afterglow_fading,0.85,Anat Cohen 的爵士单簧管演绎，温暖而怀旧的米隆加节奏，带有淡淡的忧伤与优雅
Lullaby For My Insomniac,James Blake,introspective;melancholic;restrained,piano;reverb_heavy;vocal_breath;minimal,,0.25,0.3,0.35,0.4,0.2,0.5,0.75,en,1,art_pop,"""{""""deep_night_introspective"""":0.9,""""night_clear_lonely"""":0.85,""""work_focus_low_vocal"""":0.8}""",fade_into_inner_space,0.9,James Blake 标志性的脆弱假声与极简钢琴，营造出失眠夜的内省与忧郁氛围
Higher Love (Matoma Remix),Matoma,hopeful;warm;clear,soft_synth;acoustic;vocal_breath,,0.6,0.7,0.55,0.65,0.65,0.7,0.45,en,1,tropical_house,"""{""""morning_clear_light"""":0.8,""""afternoon_warm_idle"""":0.75,""""weekend_slow"""":0.7}""",gentle_recovery,0.85,热带浩室混音，温暖合成器与轻快节奏带来明亮希望感
Yellow House (feat. Yama Warashi),Ishmael Ensemble,dreamy;warm;nostalgic,ambient_pad;soft_synth;field_recording;vocal_breath,,0.35,0.5,0.4,0.65,0.3,0.4,0.55,en,1,ambient_jazz,"""{""""morning_cloudy_slow"""":0.85,""""afternoon_warm_idle"""":0.8,""""work_focus_low_vocal"""":0.75}""",soft_focus_work,0.85,梦幻氛围与温暖人声交织，带有田野录音的自然质感，适合安静专注或慵懒午后
最后 仍在一起,Cicada,nostalgic;melancholic;warm,piano;string;cinematic;minimal,,0.25,0.4,0.35,0.6,0.2,0,0.7,instrumental,0,modern_classical,"""{""""deep_night_introspective"""":0.85,""""evening_city_walk"""":0.8,""""night_rain_humid"""":0.75}""",afterglow_fading,0.9,Cicada 的钢琴与弦乐交织，营造出怀旧而温暖的忧郁氛围，能量低缓，适合深夜内省
Jasmine,Bat For Lashes,dreamy;melancholic;bittersweet,soft_synth;ambient_pad;vocal_breath;reverb_heavy,,0.35,0.4,0.4,0.5,0.3,0.6,0.65,en,1,art_pop,"""{""""evening_city_walk"""":0.8,""""deep_night_introspective"""":0.75,""""night_rain_humid"""":0.7}""",fade_into_inner_space,0.85,梦幻合成器与空灵人声交织，带有忧郁与怀旧的 bittersweet 质感
Most,Botany,dreamy;misty;restrained,ambient_pad;field_recording;minimal;soft_synth,,0.2,0.3,0.25,0.4,0.15,0,0.5,instrumental,0,ambient,"""{""""work_focus_low_vocal"""":0.85,""""morning_cloudy_slow"""":0.8,""""deep_night_introspective"""":0.75}""",soft_focus_work,0.85,Botany 的这首氛围作品以柔和的合成器铺底和田野录音营造出朦胧、梦幻而克制的声景，适合低干扰的专注或内省场景
Tirol Concerto,Philip Glass,restrained;introspective;melancholic,piano;minimal;cinematic,,0.2,0.3,0.2,0.35,0.15,0,0.75,instrumental,0,modern_classical,"""{""""work_focus_low_vocal"""":0.85,""""deep_night_introspective"""":0.8,""""night_rain_humid"""":0.75}""",slow_opening,0.9,Philip Glass 的极简主义钢琴协奏曲，重复音型营造出克制而内省的氛围，能量低但情感重量高
White Tusk,Mark Alow,dreamy;misty;restrained,ambient_pad;soft_synth;minimal;field_recording,,0.2,0.35,0.25,0.45,0.15,0,0.5,instrumental,0,ambient,"""{""""work_focus_low_vocal"""":0.85,""""morning_cloudy_slow"""":0.8,""""deep_night_introspective"""":0.75}""",soft_focus_work,0.85,梦幻氛围电子，软合成器与田野录音营造朦胧而克制的声景
Zev - The Phoenix,Allison Miller,restless;hopeful;clear,acoustic;jazz_brush;string;cinematic,,0.6,0.65,0.55,0.5,0.6,0,0.5,instrumental,0,jazz,"""{""""morning_clear_light"""":0.8,""""work_focus_low_vocal"""":0.7,""""afternoon_warm_idle"""":0.75}""",soft_focus_work,0.85,爵士鼓刷与弦乐交织，节奏清晰而充满希望，明亮且富有动感
Aquarium Acid Trip,Plastic Mermaids,dreamy;misty;restless,soft_synth;ambient_pad;reverb_heavy;field_recording,,0.35,0.4,0.5,0.45,0.3,0,0.55,instrumental,0,ambient,"""{""""deep_night_introspective"""":0.85,""""night_rain_humid"""":0.8,""""user_requested_explore"""":0.75}""",fade_into_inner_space,0.85,梦幻合成器与氛围铺底，混响厚重并带有环境录音，营造出迷离而略带不安的水族馆迷幻感
Nothing's New,Rio Romeo,melancholic;introspective;bittersweet,piano;vocal_breath;reverb_heavy,,0.25,0.3,0.35,0.4,0.2,0.6,0.75,en,1,indie_folk,"""{""""deep_night_introspective"""":0.85,""""night_rain_humid"""":0.8,""""work_focus_low_vocal"""":0.7}""",fade_into_inner_space,0.85,钢琴主导的 indie 抒情，人声脆弱且混响厚重，弥漫着怀旧与未解的忧郁
All Eyes - For Their Love,Other Lives,melancholic;restrained;bittersweet,piano;string;reverb_heavy;vocal_breath,,0.35,0.3,0.4,0.45,0.25,0.6,0.75,en,1,indie_folk,"""{""""deep_night_introspective"""":0.85,""""night_rain_humid"""":0.8,""""work_focus_low_vocal"""":0.7}""",fade_into_inner_space,0.85,钢琴与弦乐交织，人声带着呼吸感，整体克制而忧郁，适合深夜内省场景
"""Ever Love (From """"Hana-Bi"""" Soundtrack)""",久石譲,melancholic;nostalgic;restrained,piano;string;cinematic;minimal,,0.15,0.3,0.2,0.35,0.1,0,0.8,instrumental,0,modern_classical,"""{""""deep_night_introspective"""":0.9,""""night_rain_humid"""":0.85,""""work_focus_low_vocal"""":0.8}""",slow_opening,0.9,久石让为《花火》创作的钢琴与弦乐配乐，旋律忧伤而克制，充满内省与怀旧感
Sail On,Noel Gallagher's High Flying Birds,nostalgic;hopeful;bittersweet,acoustic;string;electric_distant,,0.45,0.55,0.5,0.6,0.4,0.6,0.65,en,1,britpop,"""{""""evening_city_walk"""":0.8,""""morning_clear_light"""":0.7,""""weekend_slow"""":0.75}""",slow_opening,0.85,Noel Gallagher 的温暖声线与木吉他、弦乐编排，带来怀旧而略带苦涩的希望感
Yi,Bon Iver,introspective;melancholic;dreamy,acoustic;reverb_heavy;vocal_breath;minimal,,0.25,0.3,0.35,0.45,0.2,0.55,0.75,en,1,indie_folk,"""{""""deep_night_introspective"""":0.85,""""night_rain_humid"""":0.8,""""work_focus_low_vocal"""":0.7}""",fade_into_inner_space,0.9,Bon Iver 标志性的脆弱假声与混响吉他，营造出内省而梦幻的孤独氛围
远走高飞,林忆莲,nostalgic;bittersweet;hopeful,piano;string;vocal_breath;acoustic,,0.45,0.5,0.5,0.6,0.4,0.7,0.65,zh,1,mandopop,"""{""""evening_city_walk"""":0.8,""""weekend_slow"""":0.75,""""night_clear_lonely"""":0.7}""",slow_opening,0.85,林忆莲深情演绎，钢琴与弦乐交织，怀旧中带着释然与希望
ISLANDER,ionnalee,dreamy;melancholic;urban,soft_synth;ambient_pad;vocal_breath;reverb_heavy,,0.4,0.45,0.5,0.4,0.35,0.7,0.65,en,1,art_pop,"""{""""evening_city_walk"""":0.85,""""deep_night_introspective"""":0.8,""""night_clear_lonely"""":0.75}""",city_to_inner_room,0.85,梦幻合成器与空灵人声交织，营造出都市夜晚的忧郁与疏离感
Turning Into Tiny Particles... Floating Through Empty Space,Hammock,dreamy;introspective;melancholic,ambient_pad;reverb_heavy;cinematic;minimal,,0.15,0.3,0.25,0.35,0.1,0,0.8,instrumental,0,ambient,"""{""""deep_night_introspective"""":0.9,""""night_clear_lonely"""":0.85,""""work_focus_low_vocal"""":0.8}""",fade_into_inner_space,0.9,宏大而空旷的氛围声景，厚重混响与极简编排营造出漂浮于虚空中的梦幻与内省感
Wasted Days,Phoenix And The Turtle,melancholic;restrained;introspective,piano;string;reverb_heavy;vocal_breath,,0.25,0.3,0.35,0.4,0.2,0.5,0.75,en,1,indie_folk,"""{""""deep_night_introspective"""":0.85,""""night_rain_humid"""":0.8,""""work_focus_low_vocal"""":0.7}""",fade_into_inner_space,0.85,钢琴与弦乐交织，人声轻柔而克制，营造出内省而忧郁的慢速氛围
小城大事 - Live,張學友,nostalgic;melancholic;bittersweet,piano;string;vocal_breath;cinematic,,0.45,0.4,0.5,0.55,0.3,0.75,0.7,zh,1,mandopop,"""{""""evening_city_walk"""":0.8,""""deep_night_introspective"""":0.75,""""night_rain_humid"""":0.7}""",slow_opening,0.85,张学友现场演绎的经典粤语情歌，钢琴与弦乐交织，人声充满情感张力，怀旧而略带伤感
Boom (Original Mix),Tiësto,restless;urban;unresolved,cold_synth;electric_distant;reverb_heavy,,0.85,0.7,0.8,0.3,0.9,0,0.3,instrumental,0,trance,"""{""""evening_city_walk"""":0.5,""""night_clear_lonely"""":0.4,""""user_requested_explore"""":0.55}""",city_to_inner_room,0.8,高能量电子舞曲，冷合成器与强烈节奏驱动，适合都市夜行但缺乏情感深度
Fast Cars,Connie Constance,urban;restless;nostalgic,electric_distant;soft_synth;vocal_breath,,0.6,0.55,0.6,0.5,0.65,0.7,0.5,en,1,indie_pop,"""{""""evening_city_walk"""":0.85,""""deep_night_introspective"""":0.75,""""user_requested_explore"""":0.7}""",city_to_inner_room,0.85,都市感独立流行，电子音色与不安的节奏交织，人声带有怀旧与躁动
I Cover The Mountain Top,Elephant9,restless;unresolved;melancholic,piano;electric_distant;cinematic,,0.55,0.4,0.6,0.3,0.5,0,0.7,instrumental,0,jazz_rock,"""{""""work_focus_low_vocal"""":0.7,""""deep_night_introspective"""":0.65,""""night_rain_humid"""":0.6}""",city_to_inner_room,0.85,Elephant9 的器乐爵士摇滚，钢琴与电声交织，充满不安与未解决的张力，能量中等偏上
Calle Silencio,Anne Paceo,introspective;misty;restrained,ambient_pad;field_recording;minimal;reverb_heavy,,0.2,0.3,0.25,0.4,0.15,0,0.7,instrumental,0,ambient_jazz,"""{""""morning_cloudy_slow"""":0.85,""""night_rain_humid"""":0.8,""""work_focus_low_vocal"""":0.75}""",rain_on_glass,0.85,氛围化的爵士声景，环境音与混响营造出朦胧、内省的静谧感
Lock&Key,Lolahol,urban;restless;bittersweet,soft_synth;cold_synth;electric_distant;vocal_breath,,0.6,0.45,0.55,0.4,0.6,0.7,0.55,en,1,alt_pop,"""{""""evening_city_walk"""":0.8,""""deep_night_introspective"""":0.75,""""user_requested_explore"""":0.7}""",city_to_inner_room,0.85,冷调合成器与都市感节奏，略带不安与苦涩的另类流行
A Prayer for Peace,David Helbock,introspective;restrained;hopeful,piano;cinematic;minimal,,0.2,0.35,0.25,0.45,0.1,0,0.8,instrumental,0,modern_classical,"""{""""work_focus_low_vocal"""":0.85,""""deep_night_introspective"""":0.8,""""morning_cloudy_slow"""":0.75}""",slow_opening,0.9,钢琴独奏，缓慢而克制，充满内省与宁静的祈祷感
三千年前,關淑怡,melancholic;nostalgic;bittersweet,string;vocal_breath;reverb_heavy;cinematic,,0.25,0.3,0.4,0.35,0.2,0.6,0.8,zh,1,art_pop,"""{""""deep_night_introspective"""":0.85,""""night_rain_humid"""":0.8,""""evening_city_walk"""":0.75}""",fade_into_inner_space,0.9,關淑怡空靈而哀傷的聲線搭配弦樂與混響，營造出濃厚的懷舊與悲傷氛圍，能量低但情感厚重
WHERE IS MY HUSBAND!,RAYE,restless;unresolved;melancholic,vocal_breath;reverb_heavy;electric_distant,,0.7,0.4,0.65,0.35,0.6,0.85,0.8,en,1,art_pop,"""{""""deep_night_introspective"""":0.55,""""night_rain_humid"""":0.5,""""evening_city_walk"""":0.45}""",city_to_inner_room,0.85,RAYE 的声线充满不安与未解决的张力，电子化编配和厚重混响营造出都市夜晚的焦虑与内省
Crazy in Love (Fifty Shades of Grey Version),Sofia Karlberg,sensual;restrained;bittersweet,piano;vocal_breath;reverb_heavy;minimal,,0.3,0.35,0.4,0.5,0.25,0.7,0.65,en,1,pop,"""{""""deep_night_introspective"""":0.8,""""night_rain_humid"""":0.75,""""evening_city_walk"""":0.7}""",rain_on_glass,0.85,Sofia Karlberg 的钢琴翻唱版，人声轻柔而克制，混响营造出私密、感性的氛围，能量较低但情感饱满
Middle Of Things,Middle Of Things,introspective;restrained;melancholic,piano;minimal;reverb_heavy,,0.2,0.3,0.25,0.35,0.15,0,0.7,instrumental,0,modern_classical,"""{""""work_focus_low_vocal"""":0.85,""""deep_night_introspective"""":0.8,""""night_rain_humid"""":0.75}""",slow_opening,0.85,极简钢琴与深远混响，内省而克制，适合低能量专注或深夜独处
Dirty Paws,Of Monsters And Men,dreamy;hopeful;restless,acoustic;vocal_breath;cinematic,,0.55,0.6,0.5,0.55,0.5,0.6,0.5,en,1,indie_folk,"""{""""morning_clear_light"""":0.8,""""evening_city_walk"""":0.75,""""weekend_slow"""":0.7}""",slow_opening,0.85,冰岛独立民谣，木吉他与人声交织出梦幻而略带不安的叙事感
The Other Shore,Lamb,dreamy;melancholic;unresolved,ambient_pad;cold_synth;vocal_breath;reverb_heavy,,0.35,0.3,0.4,0.35,0.25,0.6,0.7,en,1,trip_hop,"""{""""deep_night_introspective"""":0.85,""""night_rain_humid"""":0.8,""""evening_city_walk"""":0.75}""",fade_into_inner_space,0.85,Lamb 标志性的冷调电子氛围，Lou Rhodes 空灵人声与厚重混响交织，营造出梦幻而悬而未决的深夜情绪
天下有情人,齐豫,nostalgic;warm;bittersweet,acoustic;string;vocal_breath,,0.4,0.5,0.45,0.6,0.3,0.7,0.7,zh,1,mandopop,"""{""""evening_city_walk"""":0.8,""""weekend_slow"""":0.75,""""night_rain_humid"""":0.7}""",slow_opening,0.85,齐豫空灵声线搭配古典编曲，怀旧温暖中带一丝苦涩，适合安静聆听
underground,Reuben And The Dark,introspective;melancholic;restrained,acoustic;reverb_heavy;vocal_breath,,0.3,0.35,0.4,0.45,0.25,0.6,0.7,en,1,indie_folk,"""{""""deep_night_introspective"""":0.85,""""night_rain_humid"""":0.8,""""work_focus_low_vocal"""":0.75}""",fade_into_inner_space,0.85,木吉他与人声在深远混响中交织，内省而克制，带有地下空间的孤独感
原諒,張玉華,melancholic;nostalgic;bittersweet,piano;string;vocal_breath,,0.35,0.4,0.45,0.5,0.3,0.6,0.7,zh,1,mandopop,"""{""""evening_city_walk"""":0.8,""""night_rain_humid"""":0.75,""""deep_night_introspective"""":0.7}""",slow_opening,0.85,钢琴与弦乐铺底，张玉华略带沙哑的声线演绎怀旧与苦涩的抒情曲
舞蝶,王思思,dreamy;warm;nostalgic,piano;string;vocal_breath;soft_synth,,0.35,0.5,0.4,0.6,0.3,0.6,0.55,zh,1,mandopop,"""{""""morning_cloudy_slow"""":0.8,""""evening_city_walk"""":0.75,""""weekend_slow"""":0.7}""",soft_focus_work,0.8,温暖钢琴与弦乐交织，人声轻柔，营造梦幻怀旧的抒情氛围
Floating - Interlude,Tank and The Bangas,dreamy;restrained;introspective,ambient_pad;soft_synth;minimal;vocal_breath,,0.25,0.4,0.3,0.5,0.2,0.3,0.6,en,1,neo_soul,"""{""""deep_night_introspective"""":0.85,""""work_focus_low_vocal"""":0.8,""""night_clear_lonely"""":0.75}""",fade_into_inner_space,0.85,作为间奏曲，氛围垫和轻柔人声营造出漂浮、内省且克制的梦境感
Happy Sad,HÆLOS,bittersweet;dreamy;restrained,soft_synth;ambient_pad;reverb_heavy;vocal_breath,,0.4,0.45,0.5,0.5,0.35,0.6,0.65,en,1,electronic_pop,"""{""""evening_city_walk"""":0.85,""""deep_night_introspective"""":0.8,""""work_focus_low_vocal"""":0.7}""",city_to_inner_room,0.85,梦幻合成器与空灵人声交织，克制中带着怀旧与淡淡的忧伤，适合都市夜晚
Dirt Universe,Chelsea Wolfe,melancholic;restless;unresolved,electric_distant;reverb_heavy;cold_synth;grainy,,0.35,0.2,0.6,0.25,0.3,0.6,0.85,en,1,dark_folk,"""{""""deep_night_introspective"""":0.85,""""night_rain_humid"""":0.8,""""night_clear_lonely"""":0.75}""",fade_into_inner_space,0.9,Chelsea Wolfe 标志性的黑暗民谣，失真电吉他、厚重混响与冷调合成器营造出不安而悬而未决的沉重氛围
布拉格广场,蔡依林,urban;nostalgic;hopeful,soft_synth;acoustic;vocal_breath,,0.55,0.6,0.5,0.55,0.5,0.75,0.5,zh,1,mandopop,"""{""""evening_city_walk"""":0.8,""""afternoon_warm_idle"""":0.7,""""weekend_slow"""":0.65}""",city_to_inner_room,0.85,蔡依林的轻快流行曲风，融合城市意象与怀旧情绪，节奏明快但不过度
Undenied,Portishead,melancholic;restrained;bittersweet,cold_synth;reverb_heavy;vocal_breath;electric_distant,,0.3,0.25,0.5,0.3,0.25,0.6,0.75,en,1,trip_hop,"""{""""deep_night_introspective"""":0.85,""""night_rain_humid"""":0.8,""""evening_city_walk"""":0.75}""",fade_into_inner_space,0.9,冷调合成器与Beth Gibbons脆弱人声交织，克制而苦涩的Trip-Hop经典
Diamond Skull,A.A. Bondy,melancholic;restrained;unresolved,acoustic;reverb_heavy;vocal_breath,,0.35,0.3,0.4,0.35,0.25,0.6,0.75,en,1,folk,"""{""""deep_night_introspective"""":0.85,""""night_rain_humid"""":0.8,""""work_focus_low_vocal"""":0.7}""",fade_into_inner_space,0.85,A.A. Bondy 的民谣风格，木吉他与人声带着沉重混响，情绪压抑而悬而未决
Just a little bit (Live),Matt吕彦良,warm;nostalgic;hopeful,acoustic;vocal_breath;jazz_brush;soft_synth,,0.4,0.55,0.45,0.65,0.35,0.7,0.55,zh,1,r&b,"""{""""evening_city_walk"""":0.8,""""weekend_slow"""":0.75,""""afternoon_warm_idle"""":0.7}""",slow_opening,0.85,现场版R&B，温暖的人声与爵士刷擦、软合成器交织，怀旧中带着希望
Valley of the Giants,Allison Miller,introspective;restrained;melancholic,piano;cinematic;string;minimal,,0.2,0.3,0.25,0.35,0.15,0,0.7,instrumental,0,modern_classical,"""{""""work_focus_low_vocal"""":0.85,""""deep_night_introspective"""":0.8,""""night_rain_humid"""":0.75}""",slow_opening,0.85,钢琴与弦乐交织的极简器乐，缓慢而内省，带有沉静的忧郁感
Heaven is Empty,Aldous Harding,melancholic;unresolved;bittersweet,piano;vocal_breath;reverb_heavy,,0.3,0.35,0.4,0.4,0.2,0.6,0.75,en,1,art_folk,"""{""""deep_night_introspective"""":0.85,""""night_rain_humid"""":0.8,""""work_focus_low_vocal"""":0.7}""",fade_into_inner_space,0.9,Aldous Harding 脆弱而富有表现力的人声与钢琴，营造出忧郁、悬而未决的沉思氛围
Sailing Without Compass,Lee Burridge,dreamy;restless;unresolved,soft_synth;ambient_pad;reverb_heavy;field_recording,,0.35,0.4,0.45,0.5,0.4,0,0.6,instrumental,0,progressive_house,"""{""""evening_city_walk"""":0.8,""""deep_night_introspective"""":0.75,""""work_focus_low_vocal"""":0.7}""",city_to_inner_room,0.85,梦幻合成器与深远混响营造出漂泊感，适合都市夜晚的沉思
Faded (Conor Maynard Cover),Conor Maynard / ANTH,melancholic;bittersweet;nostalgic,piano;vocal_breath;reverb_heavy;string,,0.4,0.45,0.5,0.5,0.35,0.75,0.7,en,1,pop,"""{""""evening_city_walk"""":0.8,""""deep_night_introspective"""":0.75,""""night_rain_humid"""":0.7}""",slow_opening,0.85,钢琴主导的翻唱，人声充满情感张力，营造出怀旧而略带忧伤的氛围
Introducing,Strings & Timpani,restrained;melancholic;introspective,piano;string;minimal;cinematic,,0.2,0.3,0.25,0.35,0.15,0,0.7,instrumental,0,modern_classical,"""{""""work_focus_low_vocal"""":0.85,""""deep_night_introspective"""":0.8,""""night_rain_humid"""":0.75}""",slow_opening,0.85,弦乐与钢琴的克制编排，低沉而内省，适合专注或深夜聆听
Hishiko,Muxu,dreamy;misty;restrained,ambient_pad;soft_synth;minimal,,0.2,0.35,0.25,0.4,0.15,0,0.5,instrumental,0,ambient,"""{""""work_focus_low_vocal"""":0.85,""""morning_cloudy_slow"""":0.8,""""deep_night_introspective"""":0.75}""",soft_focus_work,0.85,柔和合成器与氛围铺垫，营造朦胧而克制的梦幻声景，适合低干扰工作或清晨慢节奏
Highway 27,Woodkid,melancholic;restless;bittersweet,cinematic;string;reverb_heavy;vocal_breath,,0.4,0.3,0.55,0.35,0.45,0.6,0.75,en,1,art_pop,"""{""""evening_city_walk"""":0.8,""""deep_night_introspective"""":0.85,""""night_clear_lonely"""":0.75}""",city_to_inner_room,0.85,Woodkid 标志性的电影感弦乐与低沉人声，营造出不安而怀旧的公路氛围
You Don't Own Me,brenna whitaker,melancholic;restrained;bittersweet,piano;vocal_breath;string;cinematic,,0.3,0.35,0.4,0.45,0.2,0.7,0.75,en,1,jazz,"""{""""deep_night_introspective"""":0.85,""""night_rain_humid"""":0.8,""""evening_city_walk"""":0.75}""",fade_into_inner_space,0.85,钢琴与弦乐伴奏下，人声充满克制与忧郁，带有爵士风格的怀旧与苦涩感
Sweet Dreams,Imagination's Light,dreamy;warm;nostalgic,soft_synth;ambient_pad;reverb_heavy,,0.35,0.5,0.4,0.6,0.3,0,0.5,instrumental,0,ambient,"""{""""work_focus_low_vocal"""":0.85,""""morning_cloudy_slow"""":0.8,""""evening_city_walk"""":0.75}""",soft_focus_work,0.85,柔和合成器与氛围铺底，温暖怀旧的梦幻质感，适合低干扰场景
散落的时光,Cicada,introspective;melancholic;nostalgic,piano;string;cinematic;minimal,,0.25,0.35,0.3,0.45,0.15,0,0.75,instrumental,0,modern_classical,"""{""""work_focus_low_vocal"""":0.85,""""deep_night_introspective"""":0.8,""""night_rain_humid"""":0.75}""",afterglow_fading,0.9,Cicada 的钢琴与弦乐交织，缓慢而内省，如同时光碎片在记忆中散落
Air Up,Odd Nosdam,dreamy;misty;detached,ambient_pad;field_recording;lofi_dust;minimal,,0.2,0.3,0.25,0.4,0.15,0,0.5,instrumental,0,ambient,"""{""""work_focus_low_vocal"""":0.85,""""morning_cloudy_slow"""":0.8,""""deep_night_introspective"""":0.75}""",soft_focus_work,0.85,朦胧的氛围声景，田野录音与低保真质感交织，适合低干扰的专注或内省场景
Long Journey,梅林茂,introspective;melancholic;restrained,piano;string;cinematic;minimal,,0.2,0.3,0.25,0.35,0.15,0,0.8,instrumental,0,modern_classical,"""{""""work_focus_low_vocal"""":0.85,""""deep_night_introspective"""":0.9,""""night_rain_humid"""":0.8}""",slow_opening,0.9,梅林茂标志性的钢琴与弦乐编排，缓慢而内省，充满电影感的孤独与沉思
Re: Flect,Odd Nosdam,dreamy;misty;restrained,ambient_pad;grainy;field_recording;minimal,,0.25,0.3,0.35,0.4,0.2,0,0.6,instrumental,0,ambient,"""{""""work_focus_low_vocal"""":0.85,""""morning_cloudy_slow"""":0.8,""""deep_night_introspective"""":0.75}""",soft_focus_work,0.85,颗粒感氛围声景，朦胧而克制，适合低干扰的专注或内省场景
The Middle of the World,Nicholas Britell,introspective;melancholic;restrained,piano;string;cinematic;minimal,,0.15,0.3,0.2,0.4,0.1,0,0.8,instrumental,0,modern_classical,"""{""""work_focus_low_vocal"""":0.85,""""deep_night_introspective"""":0.9,""""night_rain_humid"""":0.75}""",slow_opening,0.9,钢琴与弦乐交织的极简配乐，克制而内省，充满电影感的孤独与沉思
Don't Walk Away From Love,Simon Bonney,nostalgic;warm;bittersweet,acoustic;string;vocal_breath,,0.4,0.5,0.45,0.6,0.35,0.6,0.65,en,1,folk_rock,"""{""""evening_city_walk"""":0.8,""""weekend_slow"""":0.7,""""night_rain_humid"""":0.75}""",slow_opening,0.85,Simon Bonney 的沧桑人声与木吉他、弦乐交织，营造出怀旧而温暖的民谣摇滚氛围
The Rite of Spring: Part One: Adoration of the Earth: Introduction,Igor Stravinsky,restless;unresolved;melancholic,cinematic;minimal;cold_synth,,0.3,0.2,0.4,0.15,0.25,0,0.7,instrumental,0,modern_classical,"""{""""deep_night_introspective"""":0.8,""""work_focus_low_vocal"""":0.7,""""night_rain_humid"""":0.65}""",slow_opening,0.85,斯特拉文斯基的管弦乐开篇，以低音巴松管和冷调弦乐营造不安与悬而未决的原始氛围
Something To Hope For,Craig Finn,hopeful;nostalgic;bittersweet,acoustic;vocal_breath;string,,0.4,0.55,0.45,0.6,0.35,0.7,0.65,en,1,indie_folk,"""{""""morning_clear_light"""":0.8,""""evening_city_walk"""":0.75,""""weekend_slow"""":0.7}""",slow_opening,0.85,木吉他与人声主导，温暖而略带怀旧，传递出希望与复杂情感交织的氛围
'Cross the Breeze (Album Version),Sonic Youth,restless;urban;melancholic,electric_distant;reverb_heavy;grainy;cold_synth,,0.65,0.4,0.7,0.3,0.6,0.5,0.7,en,1,noise_rock,"""{""""evening_city_walk"""":0.7,""""deep_night_introspective"""":0.65,""""night_rain_humid"""":0.6}""",city_to_inner_room,0.85,Sonic Youth 标志性的失真吉他噪音与不安的都市感，粗粝质感中带着忧郁的张力
Give Me Chocolate!!!,logical emotion,restless;urban;bittersweet,soft_synth;electric_distant;reverb_heavy,,0.6,0.5,0.55,0.4,0.6,0.7,0.5,en,1,synthpop,"""{""""evening_city_walk"""":0.8,""""deep_night_introspective"""":0.7,""""user_requested_explore"""":0.65}""",city_to_inner_room,0.8,合成器驱动的都市感曲目，略带不安与怀旧，适合夜晚城市漫步
Krakow,Alexi Tuomarila,introspective;melancholic;restrained,piano;minimal;cinematic,,0.15,0.3,0.2,0.35,0.1,0,0.8,instrumental,0,modern_classical,"""{""""work_focus_low_vocal"""":0.85,""""deep_night_introspective"""":0.8,""""night_rain_humid"""":0.75}""",slow_opening,0.9,极简钢琴独奏，缓慢而克制，充满内省与忧郁的北欧爵士质感
Welcome To The Jungle,Guns N' Roses,restless;urban;unresolved,electric_distant;cinematic,,0.85,0.7,0.8,0.4,0.8,0.9,0.6,en,1,hard_rock,"""{""""evening_city_walk"""":0.5,""""night_clear_lonely"""":0.4,""""user_requested_explore"""":0.5}""",city_to_inner_room,0.85,高能量硬摇滚，失真吉他与嘶吼人声营造都市不安与狂野感
如歌的行板,华语群星,nostalgic;melancholic;restrained,piano;string;vocal_breath;cinematic,,0.3,0.4,0.35,0.5,0.2,0.6,0.7,zh,1,mandopop,"""{""""evening_city_walk"""":0.8,""""deep_night_introspective"""":0.75,""""night_rain_humid"""":0.7}""",slow_opening,0.85,钢琴与弦乐交织的抒情歌曲，人声轻柔，带有怀旧与克制的忧伤，适合夜晚独处场景
The End of the World,Carpenters,melancholic;nostalgic;bittersweet,piano;string;vocal_breath,,0.3,0.4,0.4,0.5,0.25,0.7,0.75,en,1,soft_rock,"""{""""evening_city_walk"""":0.8,""""night_clear_lonely"""":0.85,""""deep_night_introspective"""":0.75}""",afterglow_fading,0.9,经典抒情曲，钢琴与弦乐铺垫，Karen Carpenter 温暖而略带悲伤的嗓音传递出深沉的怀旧与苦涩
第三者,梁静茹,melancholic;bittersweet;restrained,piano;string;vocal_breath,,0.35,0.4,0.45,0.5,0.3,0.65,0.7,zh,1,mandopop,"""{""""evening_city_walk"""":0.8,""""night_rain_humid"""":0.75,""""deep_night_introspective"""":0.7}""",slow_opening,0.85,梁静茹细腻声线搭配钢琴与弦乐，克制地表达情感中的苦涩与无奈
Fifth,The Pirate Ship Quintet,restrained;melancholic;introspective,piano;string;jazz_brush;minimal,,0.25,0.35,0.3,0.4,0.2,0,0.7,instrumental,0,jazz,"""{""""work_focus_low_vocal"""":0.85,""""deep_night_introspective"""":0.8,""""night_rain_humid"""":0.75}""",slow_opening,0.85,爵士五重奏的器乐作品，钢琴与弦乐铺垫出克制而内省的氛围，节奏轻柔
December Song (I Dreamed of Christmas),George Michael,nostalgic;warm;hopeful,piano;string;vocal_breath;soft_synth,,0.4,0.55,0.45,0.7,0.35,0.75,0.6,en,1,pop,"""{""""morning_clear_light"""":0.8,""""evening_city_walk"""":0.75,""""weekend_slow"""":0.7}""",slow_opening,0.85,George Michael 温暖的人声与钢琴弦乐编排，营造出怀旧而充满希望的圣诞氛围
Screaming Colours,upsammy,dreamy;restless;unresolved,ambient_pad;grainy;field_recording;minimal,,0.35,0.4,0.3,0.45,0.3,0,0.5,instrumental,0,ambient,"""{""""work_focus_low_vocal"""":0.85,""""morning_cloudy_slow"""":0.8,""""deep_night_introspective"""":0.75}""",soft_focus_work,0.85,梦幻而略带不安的氛围声景，颗粒感与田野录音交织，适合专注或内省场景
Opening (Forgiveness),Gentiane MG Trio,introspective;restrained;bittersweet,piano;jazz_brush;minimal,,0.2,0.35,0.3,0.4,0.2,0,0.7,instrumental,0,jazz,"""{""""work_focus_low_vocal"""":0.85,""""deep_night_introspective"""":0.8,""""night_rain_humid"""":0.75}""",slow_opening,0.9,钢琴三重奏开场曲，克制而内省，爵士鼓刷与极简编排营造出 bittersweet 的沉思氛围
Ants,Tank and The Bangas,restless;urban;hopeful,acoustic;vocal_breath;jazz_brush,,0.6,0.55,0.55,0.5,0.6,0.75,0.5,en,1,alternative_r&b,"""{""""evening_city_walk"""":0.8,""""work_focus_low_vocal"""":0.65,""""user_requested_explore"""":0.7}""",city_to_inner_room,0.85,充满活力的城市感节奏，人声富有表现力，木吉他与爵士刷营造出不安但充满希望的都市氛围
The Number One Song In Heaven,Sparks,dreamy;nostalgic;hopeful,soft_synth;cold_synth;vocal_breath,,0.55,0.5,0.55,0.45,0.5,0.7,0.5,en,1,synthpop,"""{""""evening_city_walk"""":0.8,""""deep_night_introspective"""":0.75,""""user_requested_explore"""":0.7}""",city_to_inner_room,0.85,复古合成器流行，梦幻的旋律与怀旧氛围，带有都市夜晚的探索感
Feel Good Sunshine,Tim Myers,warm;hopeful;clear,acoustic;soft_synth;vocal_breath,,0.6,0.7,0.5,0.7,0.55,0.7,0.4,en,1,indie_pop,"""{""""morning_clear_light"""":0.85,""""afternoon_warm_idle"""":0.8,""""weekend_slow"""":0.75}""",slow_opening,0.85,明亮温暖的独立流行，木吉他与轻快人声传递阳光般的希望感
The Old Rugged Cross,Dave Meder,introspective;melancholic;restrained,piano;minimal;reverb_heavy,,0.2,0.3,0.25,0.45,0.15,0,0.75,instrumental,0,jazz,"""{""""deep_night_introspective"""":0.85,""""work_focus_low_vocal"""":0.8,""""night_rain_humid"""":0.75}""",afterglow_fading,0.85,Dave Meder的钢琴独奏版本，缓慢而内省，带有宗教赞美诗的庄严与忧郁质感
For Wayne,Dave Meder,warm;clear;restrained,piano;acoustic;jazz_brush;minimal,,0.3,0.55,0.4,0.7,0.3,0,0.5,instrumental,0,jazz,"""{""""work_focus_low_vocal"""":0.85,""""morning_clear_light"""":0.75,""""afternoon_warm_idle"""":0.8}""",soft_focus_work,0.85,钢琴三重奏爵士，温暖清晰的钢琴与轻柔刷弦，克制而富有质感
Tuhinga,Chantal Acda,introspective;melancholic;restrained,piano;ambient_pad;vocal_breath;reverb_heavy,,0.2,0.3,0.25,0.4,0.15,0.5,0.7,en,1,art_pop,"""{""""deep_night_introspective"""":0.85,""""night_rain_humid"""":0.8,""""work_focus_low_vocal"""":0.75}""",fade_into_inner_space,0.85,Chantal Acda 的脆弱人声与极简钢琴、氛围铺垫交织，营造内省而克制的深夜情绪
The Water,Howling,melancholic;restrained;bittersweet,ambient_pad;reverb_heavy;vocal_breath;minimal,,0.25,0.3,0.35,0.4,0.2,0.4,0.7,en,1,ambient_pop,"""{""""deep_night_introspective"""":0.85,""""night_rain_humid"""":0.8,""""work_focus_low_vocal"""":0.75}""",fade_into_inner_space,0.85,空灵氛围铺底与克制人声交织，低沉而忧郁，如同夜色中的水面
3AM (Swindail Remix),Vaski,restless;urban;unresolved,cold_synth;electric_distant;reverb_heavy,,0.6,0.4,0.7,0.3,0.7,0,0.5,instrumental,0,electronic,"""{""""evening_city_walk"""":0.8,""""deep_night_introspective"""":0.75,""""night_clear_lonely"""":0.7}""",city_to_inner_room,0.85,冷调合成器与深远混响营造出都市深夜的不安与疏离感，节奏驱动但情绪悬而未决
Ti stimo,Giovanni Guidi,introspective;melancholic;restrained,piano;minimal;cinematic,,0.15,0.3,0.2,0.35,0.1,0,0.8,instrumental,0,modern_classical,"""{""""work_focus_low_vocal"""":0.9,""""deep_night_introspective"""":0.85,""""night_rain_humid"""":0.8}""",slow_opening,0.9,Giovanni Guidi 的钢琴独奏，极简而克制，充满内省与忧郁的留白
Trini Dem Girls,Nicki Minaj / LunchMoney Lewis,urban;restless;sensual,soft_synth;electric_distant;vocal_breath,,0.7,0.6,0.7,0.5,0.8,0.9,0.4,en,1,hip_hop,"""{""""evening_city_walk"""":0.7,""""user_requested_explore"""":0.65,""""night_clear_lonely"""":0.5}""",city_to_inner_room,0.85,强劲的嘻哈节拍与Nicki Minaj自信的声线，充满都市能量和律动感
I Don’t Owe U NYthing,Vegyn,urban;restless;detached,soft_synth;electric_distant;lofi_dust;reverb_heavy,,0.45,0.4,0.55,0.35,0.5,0,0.5,instrumental,0,electronic,"""{""""evening_city_walk"""":0.8,""""deep_night_introspective"""":0.75,""""work_focus_low_vocal"""":0.7}""",city_to_inner_room,0.85,都市感电子节拍，软合成器与遥远音色交织，疏离而略带不安
I'm Every Woman,Chaka Khan,warm;hopeful;clear,acoustic;jazz_brush;vocal_breath,,0.7,0.75,0.6,0.7,0.65,0.8,0.5,en,1,r_and_b,"""{""""morning_clear_light"""":0.8,""""afternoon_warm_idle"""":0.75,""""weekend_slow"""":0.7}""",slow_opening,0.85,Chaka Khan 充满力量的灵魂声线，节奏明快，温暖而自信，适合清晨或午后放松场景
Solid Grey Zebra,Only Child Tyrant,restrained;melancholic;introspective,piano;minimal;reverb_heavy,,0.2,0.3,0.25,0.35,0.15,0,0.7,instrumental,0,modern_classical,"""{""""work_focus_low_vocal"""":0.85,""""deep_night_introspective"""":0.8,""""night_rain_humid"""":0.75}""",slow_opening,0.85,极简钢琴与深远混响，克制而内省的氛围，能量低且密度稀疏
Betty et Zorg,Gabriel Yared,dreamy;misty;restrained,piano;string;cinematic;minimal,,0.25,0.4,0.3,0.5,0.2,0,0.65,instrumental,0,modern_classical,"""{""""work_focus_low_vocal"""":0.85,""""deep_night_introspective"""":0.8,""""morning_cloudy_slow"""":0.75}""",slow_opening,0.85,Gabriel Yared 的钢琴与弦乐编排，梦幻而克制，带有电影配乐的朦胧质感
Mother Universe,The Flaming Lips,dreamy;introspective;bittersweet,ambient_pad;soft_synth;reverb_heavy;field_recording,,0.25,0.35,0.3,0.45,0.15,0.4,0.7,en,1,psychedelic_rock,"""{""""deep_night_introspective"""":0.85,""""night_clear_lonely"""":0.8,""""work_focus_low_vocal"""":0.7}""",fade_into_inner_space,0.85,迷幻摇滚的梦幻氛围，厚重的混响与声景营造出内省而略带苦涩的宇宙感
Competitive Depression,Lightning Dust,melancholic;restless;unresolved,piano;reverb_heavy;vocal_breath;electric_distant,,0.35,0.3,0.45,0.35,0.3,0.6,0.75,en,1,indie_rock,"""{""""deep_night_introspective"""":0.85,""""night_rain_humid"""":0.8,""""work_focus_low_vocal"""":0.7}""",fade_into_inner_space,0.85,钢琴与深远混响交织，人声脆弱而紧张，充满未解的忧郁与不安
TATA,POLIÇA,restless;urban;unresolved,soft_synth;vocal_breath;electric_distant;reverb_heavy,,0.55,0.5,0.6,0.4,0.6,0.7,0.6,en,1,art_pop,"""{""""evening_city_walk"""":0.8,""""deep_night_introspective"""":0.75,""""user_requested_explore"""":0.7}""",city_to_inner_room,0.85,电子合成器与处理过的人声交织，营造出都市夜晚的不安与悬而未决的氛围
Everybody Knows I Love You,Lovebugs,warm;nostalgic;hopeful,acoustic;vocal_breath;string,,0.45,0.55,0.4,0.7,0.35,0.65,0.55,en,1,indie_rock,"""{""""evening_city_walk"""":0.8,""""morning_clear_light"""":0.7,""""weekend_slow"""":0.75}""",slow_opening,0.85,温暖的原声吉他与人声，怀旧而充满希望的独立摇滚质感
Giant Baby (feat. Mick Jones),The Flaming Lips,dreamy;nostalgic;bittersweet,soft_synth;reverb_heavy;vocal_breath;electric_distant,,0.4,0.5,0.45,0.55,0.35,0.6,0.65,en,1,psychedelic_pop,"""{""""evening_city_walk"""":0.8,""""deep_night_introspective"""":0.75,""""work_focus_low_vocal"""":0.7}""",city_to_inner_room,0.85,梦幻合成器与深远混响，Mick Jones 的人声带来怀旧与苦涩甜美的质感，适合都市夜晚的内省漫步
A Song for You,Kishi Bashi,warm;nostalgic;hopeful,acoustic;string;vocal_breath,,0.35,0.55,0.4,0.7,0.3,0.65,0.6,en,1,indie_folk,"""{""""morning_clear_light"""":0.8,""""evening_city_walk"""":0.75,""""weekend_slow"""":0.7}""",slow_opening,0.85,温暖的木吉他与人声，弦乐点缀，怀旧而充满希望的独立民谣质感
朝の祈り,神山純一,introspective;restrained;melancholic,piano;minimal;ambient_pad,,0.15,0.3,0.2,0.4,0.1,0,0.7,instrumental,0,modern_classical,"""{""""morning_cloudy_slow"""":0.85,""""deep_night_introspective"""":0.8,""""work_focus_low_vocal"""":0.75}""",slow_opening,0.9,钢琴独奏与氛围铺垫，清晨般的宁静与内省，能量极低
Here I Am,Bryan Adams,hopeful;warm;nostalgic,acoustic;vocal_breath;electric_distant,,0.6,0.65,0.55,0.7,0.5,0.75,0.6,en,1,rock,"""{""""morning_clear_light"""":0.8,""""evening_city_walk"""":0.75,""""weekend_slow"""":0.7}""",slow_opening,0.85,Bryan Adams 标志性的沙哑声线搭配原声吉他，充满温暖与希望，能量中等偏上
夢の途中 (Live),椎名林檎,restrained;bittersweet;unresolved,piano;string;vocal_breath;cinematic,,0.35,0.4,0.5,0.45,0.3,0.7,0.75,ja,1,j_pop,"""{""""deep_night_introspective"""":0.85,""""evening_city_walk"""":0.75,""""night_rain_humid"""":0.8}""",fade_into_inner_space,0.85,椎名林檎现场演绎，钢琴与弦乐交织，人声充满克制与未尽的情绪
Junk,Starflyer 59,melancholic;lonely;restrained,electric_distant;reverb_heavy;soft_synth,,0.3,0.35,0.4,0.3,0.25,0.4,0.7,en,1,shoegaze,"""{""""deep_night_introspective"""":0.85,""""night_rain_humid"""":0.8,""""evening_city_walk"""":0.7}""",rain_on_glass,0.85,遥远失真的电吉他、厚重混响与低沉人声，营造出忧郁孤独的 shoegaze 氛围
가시나,宣美,urban;restless;bittersweet,soft_synth;cold_synth;vocal_breath;electric_distant,,0.6,0.5,0.6,0.4,0.65,0.8,0.6,ko,1,k_pop,"""{""""evening_city_walk"""":0.85,""""deep_night_introspective"""":0.75,""""user_requested_explore"""":0.7}""",city_to_inner_room,0.85,宣美的流行曲风融合冷调合成器与都市感，节奏鲜明但情绪略带苦涩
Swaying Trees,Takénobu,introspective;melancholic;restrained,piano;string;cinematic;minimal,,0.2,0.3,0.25,0.4,0.15,0,0.7,instrumental,0,modern_classical,"""{""""work_focus_low_vocal"""":0.85,""""deep_night_introspective"""":0.8,""""night_rain_humid"""":0.75}""",slow_opening,0.85,钢琴与弦乐交织，缓慢而克制，如同风中摇曳的树影，充满内省与淡淡的忧伤
Home (tidal pool version),Barbarossa,introspective;melancholic;dreamy,piano;reverb_heavy;field_recording;minimal,,0.2,0.3,0.25,0.4,0.15,0,0.75,instrumental,0,ambient,"""{""""deep_night_introspective"""":0.85,""""night_rain_humid"""":0.8,""""work_focus_low_vocal"""":0.75}""",fade_into_inner_space,0.9,极简钢琴与深远混响，辅以环境录音，营造出内省而梦幻的潮汐氛围
Qualquer dia ~ Tens,RF,dreamy;misty;introspective,ambient_pad;soft_synth;field_recording;minimal,,0.2,0.35,0.25,0.45,0.15,0,0.6,instrumental,0,ambient,"""{""""morning_cloudy_slow"""":0.85,""""work_focus_low_vocal"""":0.8,""""deep_night_introspective"""":0.75}""",soft_focus_work,0.85,朦胧的氛围声景，轻柔合成器与田野录音交织，营造内省而梦幻的质感
Seen and Never Heard (Nadia Rose & Ashnikko Remix),Etta Bond,restless;urban;bittersweet,soft_synth;electric_distant;vocal_breath,,0.6,0.5,0.55,0.4,0.6,0.75,0.5,en,1,alternative_rnb,"""{""""evening_city_walk"""":0.8,""""deep_night_introspective"""":0.7,""""user_requested_explore"""":0.65}""",city_to_inner_room,0.85,都市感强烈的另类R&B，合成器与电子音色交织，人声充满张力，节奏驱动中带有不安与怀旧
NUMB,XXXTENTACION,melancholic;restrained;lonely,piano;reverb_heavy;vocal_breath;minimal,,0.25,0.2,0.3,0.3,0.2,0.6,0.8,en,1,emo_rap,"""{""""deep_night_introspective"""":0.85,""""night_rain_humid"""":0.8,""""work_focus_low_vocal"""":0.7}""",fade_into_inner_space,0.85,极简钢琴与沉重混响人声，充满孤独与克制的忧郁情绪
How Deep Is The Ocean - Live,Chick Corea,warm;clear;restrained,piano;acoustic;jazz_brush;minimal,,0.35,0.6,0.4,0.7,0.3,0,0.5,instrumental,0,jazz,"""{""""work_focus_low_vocal"""":0.85,""""afternoon_warm_idle"""":0.8,""""morning_clear_light"""":0.75}""",soft_focus_work,0.9,现场爵士钢琴独奏，Chick Corea 的即兴线条温暖而清晰，能量中等偏低，适合专注或闲适场景
天国はまだ遠い,ラブリーサマーちゃん,dreamy;nostalgic;bittersweet,soft_synth;reverb_heavy;vocal_breath;electric_distant,,0.35,0.4,0.45,0.5,0.3,0.6,0.65,ja,1,j_pop,"""{""""evening_city_walk"""":0.8,""""deep_night_introspective"""":0.75,""""night_clear_lonely"""":0.7}""",city_to_inner_room,0.85,梦幻合成器与轻柔人声交织，怀旧而略带苦涩的日系流行氛围
许愿池的希腊少女,蔡依林,warm;dreamy;nostalgic,acoustic;string;vocal_breath,,0.45,0.6,0.5,0.65,0.4,0.7,0.5,zh,1,mandopop,"""{""""morning_clear_light"""":0.8,""""afternoon_warm_idle"""":0.75,""""weekend_slow"""":0.7}""",slow_opening,0.85,蔡依林早期抒情作品，温暖声线与弦乐编排营造出梦幻怀旧的氛围
This Is What You Came For,Rihanna,urban;restless;hopeful,soft_synth;cold_synth;electric_distant,,0.65,0.55,0.6,0.4,0.7,0.75,0.45,en,1,electropop,"""{""""evening_city_walk"""":0.85,""""work_focus_low_vocal"""":0.6,""""user_requested_explore"""":0.7}""",city_to_inner_room,0.85,Rihanna 的 vocal 与 Calvin Harris 的冷感合成器驱动，都市律动感强但情感偏轻
Valley of the Damned,The Budos Band,restless;urban;unresolved,electric_distant;jazz_brush;cinematic;grainy,,0.65,0.55,0.7,0.5,0.7,0,0.6,instrumental,0,afrobeat,"""{""""evening_city_walk"""":0.8,""""night_clear_lonely"""":0.7,""""user_requested_explore"""":0.75}""",city_to_inner_room,0.85,强劲的铜管与打击乐驱动，充满都市躁动与未解张力，电影感十足
鉄道員,大貫妙子,nostalgic;melancholic;warm,piano;string;acoustic;vocal_breath,,0.25,0.35,0.3,0.6,0.2,0.5,0.7,ja,1,japanese_pop,"""{""""evening_city_walk"""":0.8,""""deep_night_introspective"""":0.75,""""night_rain_humid"""":0.7}""",slow_opening,0.85,大貫妙子温婉的人声与钢琴弦乐交织，营造出怀旧而略带忧伤的温暖氛围
Memphis Helena,Pan-American,introspective;melancholic;restrained,ambient_pad;minimal;field_recording;reverb_heavy,,0.2,0.25,0.2,0.3,0.1,0,0.7,instrumental,0,ambient,"""{""""work_focus_low_vocal"""":0.85,""""deep_night_introspective"""":0.8,""""night_rain_humid"""":0.75}""",afterglow_fading,0.85,极简氛围声景，冷调环境音与空旷混响，内省而克制
Fever,The Black Keys,restless;urban;bittersweet,electric_distant;grainy;lofi_dust,,0.65,0.5,0.6,0.55,0.6,0.7,0.6,en,1,rock,"""{""""evening_city_walk"""":0.8,""""night_clear_lonely"""":0.75,""""user_requested_explore"""":0.7}""",city_to_inner_room,0.85,粗粝的吉他音色与不安的节奏，带有都市夜晚的躁动与怀旧
Cassini,Bill Laurance,introspective;restrained;melancholic,piano;minimal;cinematic,,0.2,0.3,0.2,0.35,0.1,0,0.75,instrumental,0,modern_classical,"""{""""work_focus_low_vocal"""":0.85,""""deep_night_introspective"""":0.8,""""night_rain_humid"""":0.75}""",slow_opening,0.9,Bill Laurance 的钢琴独奏，简洁而内省，带有古典氛围的克制与忧郁
Only Love Can Hurt Like This,Paloma Faith,bittersweet;melancholic;hopeful,vocal_breath;string;cinematic;jazz_brush,,0.6,0.55,0.6,0.5,0.5,0.8,0.75,en,1,pop_soul,"""{""""evening_city_walk"""":0.8,""""deep_night_introspective"""":0.75,""""night_rain_humid"""":0.7}""",city_to_inner_room,0.85,Paloma Faith 充满力量的人声与弦乐编排，在苦甜交织中透出希望，适合都市夜晚的独处场景
We Killed Our Hearts,The Day,melancholic;restrained;bittersweet,acoustic;string;vocal_breath;reverb_heavy,,0.35,0.3,0.4,0.45,0.25,0.6,0.75,en,1,indie_folk,"""{""""deep_night_introspective"""":0.85,""""night_rain_humid"""":0.8,""""work_focus_low_vocal"""":0.7}""",fade_into_inner_space,0.85,木吉他与弦乐交织，人声带着呼吸感与混响，营造出克制而悲伤的怀旧氛围
YOUTH (Acoustic),Troye Sivan,warm;nostalgic;hopeful,acoustic;vocal_breath;string,,0.35,0.5,0.4,0.7,0.3,0.75,0.6,en,1,acoustic_pop,"""{""""morning_clear_light"""":0.8,""""weekend_slow"""":0.75,""""evening_city_walk"""":0.7}""",slow_opening,0.85,木吉他弹唱版，温暖的人声和怀旧旋律带来青春回忆与希望感
Tomasz,Giovanni Guidi,introspective;melancholic;restrained,piano;minimal;cinematic,,0.15,0.25,0.2,0.35,0.1,0,0.8,instrumental,0,modern_classical,"""{""""work_focus_low_vocal"""":0.85,""""deep_night_introspective"""":0.9,""""night_rain_humid"""":0.75}""",slow_opening,0.9,Giovanni Guidi 的钢琴独奏，极简而克制，充满内省与留白，类似坂本龍一的静谧质感
Me Against the Music (feat. Madonna) - LP Version / Video Mix,Britney Spears,restless;urban;hopeful,electric_distant;soft_synth;vocal_breath,,0.7,0.6,0.7,0.4,0.8,0.85,0.3,en,1,dance_pop,"""{""""evening_city_walk"""":0.7,""""user_requested_explore"""":0.65,""""weekend_slow"""":0.55}""",city_to_inner_room,0.8,高能量舞曲流行，节奏强劲，人声主导，适合都市夜行场景
Amazon,M.I.A.,restless;urban;unresolved,electric_distant;cold_synth;grainy,,0.7,0.6,0.7,0.3,0.8,0.8,0.5,en,1,alternative_hip_hop,"""{""""evening_city_walk"""":0.6,""""night_clear_lonely"""":0.5,""""user_requested_explore"""":0.55}""",city_to_inner_room,0.85,M.I.A. 标志性的冷感电子节拍与政治性歌词，充满都市不安与躁动能量
川,S.E.N.S.,introspective;melancholic;restrained,piano;string;cinematic;minimal,,0.15,0.3,0.2,0.35,0.1,0,0.8,instrumental,0,new_age,"""{""""work_focus_low_vocal"""":0.9,""""deep_night_introspective"""":0.85,""""night_rain_humid"""":0.8}""",slow_opening,0.9,钢琴与弦乐交织的极简旋律，静谧而内省，如同流水般缓慢流淌
Motor City Steel,The Dandy Warhols,urban;restless;nostalgic,electric_distant;soft_synth;reverb_heavy,,0.6,0.55,0.6,0.4,0.6,0,0.5,instrumental,0,alternative_rock,"""{""""evening_city_walk"""":0.85,""""deep_night_introspective"""":0.75,""""work_focus_low_vocal"""":0.7}""",city_to_inner_room,0.85,电气化吉他+合成器营造出都市夜晚的躁动与怀旧感，能量中等偏上
Here's to the Ones,Courtney Hartman,warm;nostalgic;hopeful,acoustic;vocal_breath;string,,0.4,0.55,0.45,0.7,0.35,0.6,0.65,en,1,folk,"""{""""morning_clear_light"""":0.8,""""evening_city_walk"""":0.75,""""weekend_slow"""":0.7}""",slow_opening,0.85,温暖的木吉他与人声，带有怀旧与希望感的民谣抒情
Ode Til Birk,Hvalfugl,introspective;melancholic;restrained,piano;minimal;ambient_pad,,0.15,0.25,0.2,0.35,0.1,0,0.8,instrumental,0,modern_classical,"""{""""work_focus_low_vocal"""":0.85,""""deep_night_introspective"""":0.8,""""night_rain_humid"""":0.75}""",afterglow_fading,0.9,极简钢琴与冷调氛围垫，缓慢而克制，充满内省与孤独感
玫瑰少年,五月天,hopeful;warm;restless,acoustic;string;vocal_breath,,0.6,0.6,0.55,0.7,0.5,0.75,0.7,zh,1,mandopop,"""{""""evening_city_walk"""":0.8,""""weekend_slow"""":0.7,""""morning_clear_light"""":0.65}""",slow_opening,0.85,五月天标志性的温暖摇滚，木吉他与人声传递希望与坚韧，略带不安的节奏感
Stratosfear 2019,Tangerine Dream,introspective;dreamy;restrained,ambient_pad;cold_synth;cinematic;minimal,,0.25,0.3,0.35,0.3,0.15,0,0.6,instrumental,0,ambient,"""{""""work_focus_low_vocal"""":0.85,""""deep_night_introspective"""":0.8,""""night_rain_humid"""":0.75}""",fade_into_inner_space,0.9,冷调合成器氛围，缓慢铺展的声景，内省而梦幻，适合深度专注或夜晚独处
Retirement Home,Maria Usbeck,nostalgic;warm;bittersweet,acoustic;soft_synth;vocal_breath,,0.35,0.5,0.4,0.6,0.3,0.6,0.65,en,1,indie_pop,"""{""""morning_cloudy_slow"""":0.8,""""afternoon_warm_idle"""":0.75,""""evening_city_walk"""":0.7}""",slow_opening,0.85,温暖的木吉他与软合成器交织，Maria Usbeck 轻柔人声带来怀旧而略带苦涩的午后氛围
Uptown Girl,Billy Joel,warm;hopeful;clear,acoustic;piano;vocal_breath,,0.7,0.75,0.6,0.7,0.65,0.8,0.4,en,1,pop_rock,"""{""""morning_clear_light"""":0.8,""""afternoon_warm_idle"""":0.75,""""weekend_slow"""":0.7}""",slow_opening,0.85,经典流行摇滚，钢琴与吉他驱动，明亮温暖，充满活力与乐观情绪
定情,鲍比达,warm;nostalgic;bittersweet,piano;string;acoustic,,0.35,0.5,0.4,0.7,0.3,0,0.65,instrumental,0,easy_listening,"""{""""morning_clear_light"""":0.8,""""afternoon_warm_idle"""":0.75,""""evening_city_walk"""":0.7}""",slow_opening,0.85,钢琴与弦乐交织的抒情旋律，温暖怀旧中带一丝感伤
"""Breathe Deeper, See Brighter, Feel Better, Hear Now""",FRENSHIP,hopeful;warm;clear,soft_synth;ambient_pad;vocal_breath,,0.45,0.6,0.5,0.65,0.5,0.6,0.5,en,1,indie_pop,"""{""""morning_clear_light"""":0.85,""""afternoon_warm_idle"""":0.8,""""work_focus_low_vocal"""":0.75}""",gentle_recovery,0.85,温暖合成器与轻柔人声营造出清晰而充满希望的氛围，能量适中，适合清晨或午后放松场景
Last Call,Twin Oaks,nostalgic;bittersweet;warm,acoustic;vocal_breath;string;reverb_heavy,,0.35,0.45,0.4,0.6,0.3,0.6,0.65,en,1,indie_folk,"""{""""evening_city_walk"""":0.8,""""night_clear_lonely"""":0.75,""""work_focus_low_vocal"""":0.7}""",afterglow_fading,0.85,温暖的木吉他与人声，混响弦乐营造怀旧而略带苦涩的黄昏氛围
Ravenswood,Simon Bonney,melancholic;introspective;lonely,acoustic;string;reverb_heavy;vocal_breath,,0.25,0.3,0.35,0.4,0.2,0.6,0.75,en,1,folk,"""{""""deep_night_introspective"""":0.85,""""night_rain_humid"""":0.8,""""work_focus_low_vocal"""":0.7}""",fade_into_inner_space,0.85,Simon Bonney 低沉的人声与木吉他、弦乐交织，营造出孤寂而内省的民谣氛围
Bird Set Free,Sia,restless;hopeful;bittersweet,piano;vocal_breath;cinematic,,0.65,0.6,0.7,0.5,0.6,0.85,0.75,en,1,pop,"""{""""evening_city_walk"""":0.7,""""deep_night_introspective"""":0.65,""""user_requested_explore"""":0.6}""",slow_opening,0.85,Sia 充满力量的人声与钢琴驱动，从压抑到释放的挣扎与希望交织
東方萃夢想,XL project,restless;urban;melancholic,electric_distant;cold_synth;reverb_heavy,,0.65,0.4,0.7,0.3,0.6,0,0.6,instrumental,0,electronic,"""{""""evening_city_walk"""":0.8,""""deep_night_introspective"""":0.75,""""work_focus_low_vocal"""":0.7}""",city_to_inner_room,0.85,电子合成器驱动的都市感曲目，带有冷冽的混响和不安的律动，适合夜晚城市漫步或内省场景
My Heart Will Go On,Celine Dion,warm;nostalgic;hopeful,string;vocal_breath;cinematic,,0.6,0.65,0.7,0.7,0.4,0.85,0.8,en,1,pop,"""{""""evening_city_walk"""":0.75,""""deep_night_introspective"""":0.7,""""weekend_slow"""":0.7}""",slow_opening,0.85,Celine Dion 高亢人声与弦乐编排，温暖怀旧且充满希望，能量略高于中等抒情
Thru the Rain,Roald Velden,dreamy;misty;restrained,ambient_pad;soft_synth;reverb_heavy;minimal,,0.25,0.35,0.3,0.5,0.2,0,0.55,instrumental,0,ambient,"""{""""morning_cloudy_slow"""":0.85,""""work_focus_low_vocal"""":0.8,""""night_rain_humid"""":0.75}""",rain_on_glass,0.85,氛围电子作品，软合成器与混响营造出朦胧、克制且梦幻的雨中质感
Colin Frake,Two Steps From Hell,restrained;melancholic;bittersweet,cinematic;string;piano;minimal,,0.3,0.35,0.4,0.3,0.2,0,0.7,instrumental,0,epic_orchestral,"""{""""deep_night_introspective"""":0.8,""""night_rain_humid"""":0.7,""""work_focus_low_vocal"""":0.65}""",slow_opening,0.85,电影感弦乐与钢琴交织，克制而悲壮，带有史诗般的留白与内省
Love at First Sight,Kylie Minogue,warm;hopeful;nostalgic,soft_synth;vocal_breath;electric_distant,,0.6,0.65,0.55,0.6,0.6,0.75,0.5,en,1,dance_pop,"""{""""evening_city_walk"""":0.8,""""weekend_slow"""":0.7,""""user_requested_explore"""":0.65}""",city_to_inner_room,0.85,Kylie Minogue 的经典舞曲，温暖合成器与轻快节奏带来怀旧与希望感
年輪說,楊丞琳,nostalgic;bittersweet;introspective,piano;string;vocal_breath,,0.4,0.5,0.45,0.55,0.35,0.65,0.7,zh,1,mandopop,"""{""""evening_city_walk"""":0.8,""""deep_night_introspective"""":0.75,""""night_rain_humid"""":0.7}""",slow_opening,0.85,钢琴与弦乐交织，杨丞琳细腻声线演绎时间流逝的怀旧与苦涩
Monkey Box,Only Child Tyrant,restless;urban;unresolved,electric_distant;cold_synth;reverb_heavy,,0.6,0.4,0.55,0.3,0.6,0,0.5,instrumental,0,electronic,"""{""""evening_city_walk"""":0.8,""""deep_night_introspective"""":0.7,""""user_requested_explore"""":0.65}""",city_to_inner_room,0.8,冷调电子合成器与深远混响，营造都市夜晚的躁动与未解情绪
More Questions Than Answers,Sky Flying By,introspective;unresolved;melancholic,piano;ambient_pad;reverb_heavy;minimal,,0.2,0.3,0.25,0.35,0.15,0,0.7,instrumental,0,ambient,"""{""""work_focus_low_vocal"""":0.85,""""deep_night_introspective"""":0.8,""""night_rain_humid"""":0.75}""",fade_into_inner_space,0.85,极简钢琴与氛围铺垫，充满内省与未解的情绪，适合深夜沉思
De Spa (Pablo Bolivar & Hirotaka Miyamoto Remix),SCSI-9,introspective;urban;restrained,soft_synth;ambient_pad;minimal;cold_synth,,0.35,0.4,0.35,0.3,0.4,0,0.5,instrumental,0,deep_house,"""{""""evening_city_walk"""":0.85,""""deep_night_introspective"""":0.8,""""work_focus_low_vocal"""":0.75}""",city_to_inner_room,0.85,深沉的 remix 版本，冷调合成器与极简节拍营造出都市夜晚的内省氛围
11h30,Danger,restless;urban;unresolved,cold_synth;electric_distant;reverb_heavy;minimal,,0.6,0.4,0.55,0.3,0.65,0,0.5,instrumental,0,electronic,"""{""""evening_city_walk"""":0.8,""""deep_night_introspective"""":0.75,""""work_focus_low_vocal"""":0.7}""",city_to_inner_room,0.85,冷调合成器与深远混响，营造都市夜晚的不安与疏离感
Feel You,Julia Holter,dreamy;introspective;detached,ambient_pad;vocal_breath;reverb_heavy;minimal,,0.25,0.35,0.3,0.4,0.2,0.6,0.7,en,1,art_pop,"""{""""deep_night_introspective"""":0.85,""""night_clear_lonely"""":0.8,""""work_focus_low_vocal"""":0.7}""",fade_into_inner_space,0.85,梦幻而疏离的艺术流行，人声如雾般漂浮在氛围铺底之上，内省且缓慢
會呼吸的痛,梁靜茹,melancholic;nostalgic;bittersweet,piano;string;vocal_breath,,0.4,0.45,0.5,0.5,0.3,0.7,0.75,zh,1,mandopop,"""{""""evening_city_walk"""":0.8,""""night_rain_humid"""":0.75,""""deep_night_introspective"""":0.7}""",slow_opening,0.9,梁靜茹深情演绎的抒情曲，钢琴与弦乐交织，怀旧而略带苦涩的伤感
"""Suite bergamasque, L. 75: III. Clair de lune""",Claude Debussy,dreamy;introspective;nostalgic,piano;minimal;cinematic,,0.15,0.4,0.2,0.5,0.1,0,0.7,instrumental,0,classical,"""{""""deep_night_introspective"""":0.85,""""night_clear_lonely"""":0.8,""""work_focus_low_vocal"""":0.75}""",slow_opening,0.95,德彪西的经典钢琴独奏，月光般静谧梦幻，充满内省与怀旧，能量极低
Elixir,Tourist,dreamy;warm;nostalgic,soft_synth;ambient_pad;reverb_heavy,,0.35,0.5,0.4,0.6,0.3,0,0.5,instrumental,0,ambient,"""{""""work_focus_low_vocal"""":0.85,""""evening_city_walk"""":0.8,""""deep_night_introspective"""":0.75}""",soft_focus_work,0.85,温暖的氛围电子，软合成器与混响营造梦幻怀旧感，适合专注或漫步
Promiscuous Interlude,Nelly Furtado / Timbaland,urban;restless;sensual,soft_synth;electric_distant;vocal_breath,,0.65,0.6,0.7,0.5,0.7,0.8,0.4,en,1,pop_r&b,"""{""""evening_city_walk"""":0.8,""""user_requested_explore"""":0.7,""""night_clear_lonely"""":0.6}""",city_to_inner_room,0.85,Timbaland 标志性的电子节拍与 Nelly Furtado 性感声线，都市感强烈但情感较轻
When I Strike...,Vegyn,restless;urban;unresolved,soft_synth;lofi_dust;electric_distant;reverb_heavy,,0.45,0.4,0.55,0.35,0.5,0,0.5,instrumental,0,experimental_electronic,"""{""""evening_city_walk"""":0.8,""""deep_night_introspective"""":0.75,""""work_focus_low_vocal"""":0.7}""",city_to_inner_room,0.85,Vegyn 标志性的实验电子，软合成器与 lo-fi 失真交织，营造出都市夜晚的不安与悬而未决感
Mirror Maru,Cashmere Cat,dreamy;urban;restless,soft_synth;lofi_dust;reverb_heavy;minimal,,0.4,0.45,0.4,0.5,0.5,0,0.45,instrumental,0,electronic,"""{""""evening_city_walk"""":0.85,""""work_focus_low_vocal"""":0.8,""""deep_night_introspective"""":0.75}""",city_to_inner_room,0.85,梦幻的电子节拍与软合成器交织，带有都市感的轻微不安与流动感
Tanit,Erik Truffaz,dreamy;misty;restrained,ambient_pad;electric_distant;reverb_heavy;minimal,,0.25,0.35,0.3,0.4,0.2,0,0.6,instrumental,0,nu_jazz,"""{""""deep_night_introspective"""":0.85,""""night_rain_humid"""":0.8,""""work_focus_low_vocal"""":0.75}""",fade_into_inner_space,0.85,Erik Truffaz 的小号在氛围电子中漂浮，迷离而克制，适合深夜内省
一个八十岁的故事,Keemo,introspective;melancholic;restrained,piano;minimal;cinematic,,0.15,0.25,0.2,0.35,0.1,0,0.8,instrumental,0,modern_classical,"""{""""deep_night_introspective"""":0.9,""""work_focus_low_vocal"""":0.85,""""night_rain_humid"""":0.8}""",slow_opening,0.85,极简钢琴叙事，缓慢而克制，充满岁月沉淀的内省与忧伤
A Promise,All Will Be Quiet,introspective;melancholic;restrained,piano;minimal;reverb_heavy,,0.15,0.25,0.2,0.3,0.1,0,0.8,instrumental,0,modern_classical,"""{""""work_focus_low_vocal"""":0.85,""""deep_night_introspective"""":0.9,""""night_rain_humid"""":0.8}""",slow_opening,0.9,极简钢琴与深远混响，营造内省而克制的孤独氛围
Sur Le Chemin,Matthieu Saglio,introspective;melancholic;restrained,piano;string;reverb_heavy;minimal,,0.2,0.3,0.25,0.4,0.15,0,0.75,instrumental,0,modern_classical,"""{""""deep_night_introspective"""":0.85,""""night_rain_humid"""":0.8,""""work_focus_low_vocal"""":0.75}""",slow_opening,0.9,钢琴与弦乐交织，混响深远，营造出内省而克制的氛围
牡丹江,南拳媽媽,nostalgic;warm;bittersweet,acoustic;string;vocal_breath;field_recording,,0.4,0.5,0.45,0.6,0.35,0.6,0.65,zh,1,mandopop,"""{""""evening_city_walk"""":0.8,""""morning_clear_light"""":0.7,""""weekend_slow"""":0.75}""",slow_opening,0.85,温暖木吉他与人声交织，带有怀旧与淡淡乡愁的华语流行
Take what you want,ONE OK ROCK,restless;urban;hopeful,electric_distant;soft_synth;vocal_breath,,0.65,0.55,0.6,0.5,0.6,0.7,0.55,en,1,j_rock,"""{""""evening_city_walk"""":0.8,""""deep_night_introspective"""":0.7,""""user_requested_explore"""":0.75}""",city_to_inner_room,0.85,日式摇滚的张力与都市感，电吉他与人声交织出不安但充满希望的律动
Les elfes de la lumière,XVII° Vie,dreamy;misty;restrained,ambient_pad;minimal;field_recording,,0.15,0.3,0.2,0.4,0.1,0,0.6,instrumental,0,ambient,"""{""""morning_cloudy_slow"""":0.85,""""deep_night_introspective"""":0.8,""""work_focus_low_vocal"""":0.75}""",soft_focus_work,0.85,轻盈的氛围声景，以环境铺底和田野录音营造朦胧而克制的梦幻感
Something Whole,A Projection,introspective;melancholic;restrained,piano;minimal;reverb_heavy,,0.2,0.3,0.25,0.4,0.15,0,0.7,instrumental,0,modern_classical,"""{""""deep_night_introspective"""":0.85,""""work_focus_low_vocal"""":0.8,""""night_rain_humid"""":0.75}""",fade_into_inner_space,0.85,极简钢琴与深远混响，营造内省而克制的氛围，适合深夜独处
Sea Gets Hotter,Durand Jones & The Indications,warm;sensual;nostalgic,acoustic;jazz_brush;vocal_breath;soft_synth,,0.55,0.6,0.5,0.7,0.5,0.7,0.5,en,1,soul,"""{""""evening_city_walk"""":0.8,""""afternoon_warm_idle"""":0.75,""""weekend_slow"""":0.7}""",city_to_inner_room,0.85,温暖的灵魂乐，复古质感的声线与爵士鼓刷营造出慵懒而感性的氛围
피노키오 (Danger),f(x),restless;urban;unresolved,cold_synth;electric_distant;soft_synth,,0.65,0.55,0.6,0.35,0.6,0.7,0.5,ko,1,k_pop,"""{""""evening_city_walk"""":0.8,""""deep_night_introspective"""":0.7,""""user_requested_explore"""":0.75}""",city_to_inner_room,0.85,冷合成器与都市感节奏，f(x) 标志性的实验性 K-pop，带有不安与未解决的张力
Syrup,Stwo,dreamy;urban;sensual,soft_synth;reverb_heavy;electric_distant;lofi_dust,,0.35,0.4,0.4,0.5,0.4,0,0.45,instrumental,0,electronic,"""{""""evening_city_walk"""":0.85,""""deep_night_introspective"""":0.8,""""work_focus_low_vocal"""":0.75}""",city_to_inner_room,0.85,梦幻的电子氛围，软合成器与深远混响营造出都市夜晚的感性质感
Chamber 2,Brandt Brauer Frick,restrained;melancholic;unresolved,piano;minimal;cinematic;cold_synth,,0.25,0.3,0.35,0.3,0.2,0,0.7,instrumental,0,modern_classical,"""{""""work_focus_low_vocal"""":0.85,""""deep_night_introspective"""":0.8,""""night_rain_humid"""":0.75}""",afterglow_fading,0.85,极简钢琴与冷合成器交织，克制而悬疑，带有现代古典的疏离感
Ofer,Alon Farber,introspective;melancholic;restrained,piano;string;cinematic;minimal,,0.2,0.3,0.25,0.35,0.15,0,0.75,instrumental,0,modern_classical,"""{""""work_focus_low_vocal"""":0.85,""""deep_night_introspective"""":0.8,""""night_rain_humid"""":0.75}""",slow_opening,0.85,钢琴与弦乐交织，缓慢而内省，带有古典的克制与忧郁
The Call,Harry Gregson-Williams,introspective;melancholic;restrained,piano;string;cinematic;minimal,,0.2,0.3,0.25,0.35,0.1,0,0.8,instrumental,0,film_score,"""{""""work_focus_low_vocal"""":0.85,""""deep_night_introspective"""":0.8,""""night_rain_humid"""":0.75}""",slow_opening,0.9,电影配乐风格，钢琴与弦乐交织，克制而内省，适合专注或深夜聆听
Remind Me to Remember,Emily Wells,introspective;melancholic;restrained,piano;string;vocal_breath;minimal,,0.25,0.3,0.35,0.4,0.2,0.6,0.75,en,1,art_folk,"""{""""deep_night_introspective"""":0.85,""""night_rain_humid"""":0.8,""""work_focus_low_vocal"""":0.7}""",fade_into_inner_space,0.85,Emily Wells 的脆弱人声与极简钢琴弦乐交织，营造出内省而克制的忧郁氛围
One Day,OMA / Shing02 / Uyama Hiroto / Spin Master A-1 / Troy Everett,nostalgic;hopeful;bittersweet,acoustic;string;soft_synth;vocal_breath,,0.45,0.5,0.5,0.6,0.4,0.6,0.65,en,1,jazz_hop,"""{""""evening_city_walk"""":0.8,""""morning_clear_light"""":0.7,""""weekend_slow"""":0.75}""",slow_opening,0.85,Nujabes系爵士说唱，温暖的木吉他、弦乐与软合成器交织，怀旧中带着希望与淡淡的苦涩
Heartburn (Jaramix),Wafia,warm;dreamy;nostalgic,soft_synth;vocal_breath;reverb_heavy,,0.4,0.5,0.45,0.6,0.35,0.7,0.55,en,1,electropop,"""{""""evening_city_walk"""":0.8,""""deep_night_introspective"""":0.75,""""work_focus_low_vocal"""":0.7}""",city_to_inner_room,0.85,温暖的合成器与人声，略带怀旧的梦幻流行质感，适合夜晚城市漫步
Flesh and Blood,Half Moon Run,introspective;melancholic;restless,acoustic;reverb_heavy;vocal_breath;electric_distant,,0.4,0.35,0.5,0.45,0.4,0.6,0.7,en,1,indie_folk,"""{""""deep_night_introspective"""":0.85,""""evening_city_walk"""":0.8,""""work_focus_low_vocal"""":0.7}""",city_to_inner_room,0.85,木吉他与人声交织，混响营造出内省而略带不安的独立民谣质感
Harley & Muscle,Solid Passion - Kay Rush,urban;restless;sensual,electric_distant;soft_synth;reverb_heavy,,0.55,0.5,0.6,0.45,0.6,0,0.5,instrumental,0,electronic,"""{""""evening_city_walk"""":0.85,""""deep_night_introspective"""":0.75,""""user_requested_explore"""":0.7}""",city_to_inner_room,0.85,都市感电子音乐，合成器与混响营造出不安而性感的氛围，适合夜晚城市漫步
When I Had The Chance,Boney James,warm;nostalgic;hopeful,acoustic;jazz_brush;string;soft_synth,,0.35,0.55,0.4,0.7,0.3,0,0.5,instrumental,0,smooth_jazz,"""{""""work_focus_low_vocal"""":0.85,""""afternoon_warm_idle"""":0.8,""""morning_clear_light"""":0.75}""",soft_focus_work,0.85,Boney James 标志性的温暖萨克斯与柔顺爵士编排，营造怀旧而明亮的氛围
Angel of the Morning,Physical Therapy,dreamy;nostalgic;warm,soft_synth;reverb_heavy;vocal_breath;lofi_dust,,0.35,0.5,0.4,0.6,0.3,0.6,0.5,en,1,dream_pop,"""{""""morning_cloudy_slow"""":0.8,""""evening_city_walk"""":0.75,""""weekend_slow"""":0.7}""",soft_focus_work,0.85,梦幻合成器与混响人声交织，营造温暖怀旧的晨间氛围
Kenotic,Hammock,introspective;melancholic;dreamy,ambient_pad;reverb_heavy;cinematic;electric_distant,,0.2,0.3,0.35,0.4,0.1,0,0.8,instrumental,0,ambient_post_rock,"""{""""deep_night_introspective"""":0.9,""""night_rain_humid"""":0.85,""""work_focus_low_vocal"""":0.8}""",fade_into_inner_space,0.9,宏大而缓慢的氛围声景，厚重混响与电子音色营造出内省与梦幻的沉浸感
You Already Know,Fergie,urban;restless;hopeful,soft_synth;electric_distant;vocal_breath,,0.6,0.55,0.6,0.5,0.6,0.8,0.5,en,1,pop,"""{""""evening_city_walk"""":0.8,""""work_focus_low_vocal"""":0.6,""""user_requested_explore"""":0.7}""",city_to_inner_room,0.85,Fergie 的流行曲目，带有都市感和不安的节奏，合成器与人声交织出希望与躁动
Who's Gonna Love Us,Other Lives,melancholic;nostalgic;bittersweet,piano;string;reverb_heavy;vocal_breath,,0.35,0.4,0.5,0.45,0.3,0.6,0.75,en,1,indie_folk,"""{""""deep_night_introspective"""":0.85,""""night_rain_humid"""":0.8,""""evening_city_walk"""":0.75}""",fade_into_inner_space,0.85,钢琴与弦乐交织，人声带着呼吸感，营造出怀旧而忧郁的独立民谣氛围
Hype Boy,NewJeans,urban;hopeful;restless,soft_synth;vocal_breath;electric_distant,,0.65,0.7,0.55,0.5,0.7,0.75,0.4,en,1,k_pop,"""{""""evening_city_walk"""":0.8,""""user_requested_explore"""":0.75,""""weekend_slow"""":0.65}""",city_to_inner_room,0.85,NewJeans 的都市感 K-pop，轻快合成器与呼吸感人声带来青春活力的律动
You Belong To Me,Jason Wade,nostalgic;warm;bittersweet,acoustic;vocal_breath;string,,0.25,0.4,0.3,0.6,0.2,0.6,0.7,en,1,folk,"""{""""evening_city_walk"""":0.8,""""night_clear_lonely"""":0.75,""""weekend_slow"""":0.7}""",slow_opening,0.85,Jason Wade 的轻柔木吉他弹唱，怀旧而温暖的民谣质感，略带感伤
Bergen,Rymden,introspective;melancholic;restrained,piano;minimal;cinematic;cold_synth,,0.25,0.3,0.25,0.35,0.2,0,0.7,instrumental,0,modern_jazz,"""{""""deep_night_introspective"""":0.85,""""night_rain_humid"""":0.8,""""work_focus_low_vocal"""":0.75}""",afterglow_fading,0.85,北欧爵士三重奏，极简钢琴与冷调合成器交织，内省而克制
Burnt Love Letters [Feat. Zefora],Dave Greening,melancholic;bittersweet;nostalgic,piano;string;vocal_breath;reverb_heavy,,0.35,0.4,0.45,0.5,0.3,0.6,0.75,en,1,art_pop,"""{""""deep_night_introspective"""":0.85,""""night_rain_humid"""":0.8,""""evening_city_walk"""":0.75}""",afterglow_fading,0.85,钢琴与弦乐交织，人声带着呼吸感与混响，营造出烧毁情书般的怀旧与苦涩
Super Zodiac,The Comet Is Coming,restless;urban;unresolved,electric_distant;cold_synth;cinematic,,0.7,0.6,0.75,0.3,0.7,0,0.5,instrumental,0,electronic_jazz,"""{""""evening_city_walk"""":0.8,""""deep_night_introspective"""":0.7,""""user_requested_explore"""":0.75}""",city_to_inner_room,0.85,充满张力的电子爵士，冷合成器与急促节奏营造都市不安感
Canon Rock,Aria Asia,restless;nostalgic;hopeful,acoustic;electric_distant;cinematic,,0.7,0.65,0.7,0.5,0.6,0,0.5,instrumental,0,rock,"""{""""work_focus_low_vocal"""":0.6,""""evening_city_walk"""":0.7,""""user_requested_explore"""":0.8}""",city_to_inner_room,0.85,电吉他演绎经典卡农，激昂中带着怀旧，能量较高但保持旋律性
Eusexua,FKA twigs,sensual;dreamy;restless,soft_synth;reverb_heavy;vocal_breath;electric_distant,,0.45,0.5,0.55,0.5,0.5,0.75,0.6,en,1,art_pop,"""{""""evening_city_walk"""":0.85,""""deep_night_introspective"""":0.8,""""user_requested_explore"""":0.75}""",city_to_inner_room,0.85,FKA twigs 标志性的艺术流行，性感而梦幻的声线搭配深邃合成器与混响，带有不安的都市感
Black Madonna,Cage The Elephant,restless;urban;unresolved,electric_distant;reverb_heavy;soft_synth,,0.55,0.45,0.6,0.4,0.5,0.7,0.65,en,1,indie_rock,"""{""""evening_city_walk"""":0.8,""""deep_night_introspective"""":0.75,""""user_requested_explore"""":0.7}""",city_to_inner_room,0.85,不安的吉他失真与深远混响，都市夜晚的躁动与未解情绪
Glory Box,Portishead,sensual;melancholic;urban,jazz_brush;electric_distant;vocal_breath;grainy,,0.45,0.35,0.55,0.5,0.45,0.7,0.75,en,1,trip_hop,"""{""""evening_city_walk"""":0.85,""""deep_night_introspective"""":0.8,""""night_rain_humid"""":0.75}""",city_to_inner_room,0.9,Portishead标志性的trip-hop风格，慵懒而性感的声线搭配爵士鼓刷和颗粒感采样，营造出都市夜晚的迷离与忧郁
Simple Sea,梁晓雪,warm;nostalgic;dreamy,acoustic;string;vocal_breath;soft_synth,,0.35,0.5,0.4,0.7,0.3,0.6,0.55,zh,1,indie_folk,"""{""""morning_clear_light"""":0.8,""""afternoon_warm_idle"""":0.75,""""evening_city_walk"""":0.7}""",soft_focus_work,0.85,梁晓雪的温暖声线搭配木吉他与弦乐，营造出怀旧而梦幻的海洋意象，能量适中，适合安静放松的场景
Salad Cream,The Rhythm Method,urban;restless;bittersweet,electric_distant;soft_synth;vocal_breath,,0.55,0.5,0.55,0.4,0.5,0.7,0.6,en,1,indie_pop,"""{""""evening_city_walk"""":0.8,""""deep_night_introspective"""":0.7,""""user_requested_explore"""":0.65}""",city_to_inner_room,0.8,都市独立流行，电子化编曲与人声交织，带有一丝不安与怀旧
Liebesleid,Liebesleid,melancholic;nostalgic;bittersweet,piano;string;cinematic,,0.25,0.35,0.3,0.4,0.2,0,0.75,instrumental,0,classical,"""{""""work_focus_low_vocal"""":0.85,""""deep_night_introspective"""":0.8,""""night_rain_humid"""":0.75}""",slow_opening,0.9,克莱斯勒经典小品，钢琴与弦乐交织出怀旧而忧伤的旋律，情感深沉但克制
みずいろの雨,八神純子,nostalgic;bittersweet;clear,soft_synth;string;vocal_breath;reverb_heavy,,0.45,0.55,0.5,0.5,0.4,0.7,0.6,ja,1,city_pop,"""{""""evening_city_walk"""":0.85,""""night_clear_lonely"""":0.8,""""afternoon_warm_idle"""":0.75}""",city_to_inner_room,0.9,八神純子标志性的清亮声线，合成器与弦乐交织出怀旧而略带苦涩的都市雨夜氛围
Dark Waters Rushing In,Turning Jewels Into Water,restless;melancholic;unresolved,ambient_pad;cold_synth;reverb_heavy;field_recording,,0.35,0.2,0.55,0.25,0.3,0,0.75,instrumental,0,ambient,"""{""""deep_night_introspective"""":0.85,""""night_rain_humid"""":0.8,""""work_focus_low_vocal"""":0.7}""",rain_on_glass,0.85,冷调氛围铺底与田野录音交织，不安而沉重的暗流涌动感
"""34+35 Remix (feat. Doja Cat, Megan Thee Stallion) - Remix""",Ariana Grande,urban;restless;sensual,soft_synth;vocal_breath;electric_distant,,0.7,0.6,0.7,0.5,0.8,0.9,0.4,en,1,pop,"""{""""evening_city_walk"""":0.55,""""user_requested_explore"""":0.5,""""night_clear_lonely"""":0.45}""",city_to_inner_room,0.8,高能量流行曲，节奏感强，人声突出，但情感较轻，适合都市夜晚场景
Blue Apple,柿原朱美,dreamy;urban;clear,soft_synth;cold_synth;vocal_breath,,0.45,0.55,0.5,0.4,0.5,0.6,0.5,ja,1,synthpop,"""{""""evening_city_walk"""":0.85,""""deep_night_introspective"""":0.8,""""work_focus_low_vocal"""":0.7}""",city_to_inner_room,0.85,柿原朱美的电子流行风格，合成器与冷调人声交织，营造出都市夜晚的梦幻与清晰感
YITTY ON YO TITTYS (FREESTYLE),Lizzo,restless;urban;hopeful,vocal_breath;electric_distant;soft_synth,,0.7,0.65,0.7,0.55,0.75,0.85,0.5,en,1,hip_hop,"""{""""evening_city_walk"""":0.7,""""user_requested_explore"""":0.65,""""weekend_slow"""":0.6}""",city_to_inner_room,0.8,Lizzo 的自信说唱与都市感节奏，能量较高但不过度，带有自由探索的街头氛围
Afternoon (feat. Henry Morris),Hana Vu,warm;dreamy;nostalgic,acoustic;soft_synth;vocal_breath;lofi_dust,,0.35,0.5,0.4,0.7,0.3,0.6,0.5,en,1,indie_folk,"""{""""afternoon_warm_idle"""":0.85,""""weekend_slow"""":0.8,""""morning_cloudy_slow"""":0.7}""",soft_focus_work,0.85,温暖的木吉他和软合成器，搭配轻柔人声，营造慵懒怀旧的午后氛围
喜欢你，但害怕,戴尔基,bittersweet;melancholic;restrained,piano;vocal_breath;reverb_heavy,,0.35,0.4,0.4,0.5,0.3,0.6,0.7,zh,1,mandopop,"""{""""deep_night_introspective"""":0.8,""""night_rain_humid"""":0.75,""""work_focus_low_vocal"""":0.7}""",fade_into_inner_space,0.85,钢琴与轻柔人声交织，表达爱意中的犹豫与伤感，情绪克制而内省
Hands on the Table,Damien Jurado,introspective;melancholic;restrained,acoustic;minimal;vocal_breath,,0.25,0.3,0.3,0.4,0.2,0.6,0.7,en,1,singer_songwriter,"""{""""work_focus_low_vocal"""":0.8,""""deep_night_introspective"""":0.85,""""night_rain_humid"""":0.75}""",slow_opening,0.85,Damien Jurado 的民谣风格，木吉他与人声简洁克制，充满内省与忧郁
Red Street,A Northern Code,urban;restless;melancholic,electric_distant;reverb_heavy;cold_synth;grainy,,0.55,0.4,0.6,0.35,0.5,0,0.65,instrumental,0,post_rock,"""{""""evening_city_walk"""":0.85,""""deep_night_introspective"""":0.8,""""work_focus_low_vocal"""":0.7}""",city_to_inner_room,0.85,冷调电吉他+深远混响，营造出都市夜晚的疏离与不安感
戦場のメリークリスマス,tico moon,introspective;melancholic;restrained,piano;cinematic;minimal,,0.1,0.3,0.15,0.4,0.1,0,0.85,instrumental,0,modern_classical,"""{""""work_focus_low_vocal"""":0.9,""""deep_night_introspective"""":0.85,""""night_rain_humid"""":0.8}""",slow_opening,0.95,极简钢琴独奏，缓慢而克制，充满内省与留白
"""St. Matthew Passion, BWV 244 / Part Two: """"""""Erbarme dich""""""""""",Johann Sebastian Bach,melancholic;restrained;introspective,string;minimal;cinematic,,0.25,0.3,0.35,0.4,0.15,0,0.8,instrumental,0,baroque,"""{""""deep_night_introspective"""":0.85,""""work_focus_low_vocal"""":0.8,""""night_rain_humid"""":0.75}""",slow_opening,0.9,巴赫的咏叹调改编，弦乐与独奏小提琴交织，深沉内省而克制的情感表达
Map of Absences,Turning Jewels Into Water,introspective;melancholic;restrained,piano;minimal;reverb_heavy;field_recording,,0.15,0.25,0.2,0.3,0.1,0,0.8,instrumental,0,modern_classical,"""{""""deep_night_introspective"""":0.85,""""work_focus_low_vocal"""":0.8,""""night_rain_humid"""":0.75}""",afterglow_fading,0.9,极简钢琴与空旷混响，辅以环境录音，营造出内省而疏离的声景
Patience,S.E.N.S.,introspective;melancholic;restrained,piano;string;cinematic;minimal,,0.15,0.3,0.2,0.35,0.1,0,0.8,instrumental,0,new_age,"""{""""work_focus_low_vocal"""":0.9,""""deep_night_introspective"""":0.85,""""night_rain_humid"""":0.8}""",slow_opening,0.9,S.E.N.S. 的钢琴与弦乐交织，缓慢而内省，带有淡淡的哀愁与克制
After the Moment,Craft Spells,nostalgic;dreamy;bittersweet,soft_synth;reverb_heavy;vocal_breath,,0.4,0.45,0.45,0.55,0.35,0.6,0.65,en,1,dream_pop,"""{""""evening_city_walk"""":0.85,""""deep_night_introspective"""":0.8,""""work_focus_low_vocal"""":0.7}""",city_to_inner_room,0.85,梦幻合成器与混响人声交织，怀旧而略带苦涩的青春回忆感
Nara,E.S. Posthumus,introspective;melancholic;restrained,string;cinematic;ambient_pad;minimal,,0.25,0.35,0.3,0.4,0.15,0,0.75,instrumental,0,modern_classical,"""{""""work_focus_low_vocal"""":0.85,""""deep_night_introspective"""":0.8,""""night_rain_humid"""":0.75}""",slow_opening,0.9,弦乐与氛围铺底交织，宏大而内省，带有电影配乐般的克制与忧伤
Glamorous,Fergie,urban;restless;hopeful,soft_synth;electric_distant;vocal_breath,,0.7,0.65,0.7,0.55,0.75,0.85,0.4,en,1,pop,"""{""""evening_city_walk"""":0.7,""""user_requested_explore"""":0.65,""""work_focus_low_vocal"""":0.5}""",city_to_inner_room,0.8,Fergie 的流行曲目，节奏明快、人声突出，带有都市感和自信的期待，但能量较高，不适合安静场景
ATAXIA_D1,Rian Treanor,restless;urban;unresolved,cold_synth;electric_distant;minimal,,0.65,0.4,0.55,0.3,0.7,0,0.5,instrumental,0,experimental_electronic,"""{""""evening_city_walk"""":0.7,""""work_focus_low_vocal"""":0.6,""""user_requested_explore"""":0.8}""",city_to_inner_room,0.85,冷调电子节拍与不和谐音，充满都市的不安与探索感
Silverio O. García,Maureen Choi Quartet,warm;nostalgic;bittersweet,string;acoustic;jazz_brush;cinematic,,0.4,0.55,0.5,0.7,0.4,0,0.6,instrumental,0,jazz,"""{""""evening_city_walk"""":0.8,""""afternoon_warm_idle"""":0.75,""""work_focus_low_vocal"""":0.7}""",soft_focus_work,0.85,弦乐四重奏与爵士鼓刷营造温暖怀旧的室内乐质感，略带感伤但不过度沉重
WHATS POPPIN,Jack Harlow,urban;restless;clear,electric_distant;soft_synth;vocal_breath,generic_radio_pop;mainstream_anthem,0.75,0.65,0.7,0.4,0.8,0.85,0.3,en,1,hip_hop,"""{""""evening_city_walk"""":0.55,""""user_requested_explore"""":0.5,""""work_focus_low_vocal"""":0.4}""",city_to_inner_room,0.85,高能量嘻哈，节奏强劲、人声突出，带有都市自信感，但缺乏情感深度，适合社交或探索场景
Heaven Knows,The Pretty Reckless,restless;melancholic;unresolved,electric_distant;reverb_heavy;vocal_breath,,0.65,0.4,0.7,0.35,0.6,0.75,0.8,en,1,alternative_rock,"""{""""deep_night_introspective"""":0.85,""""night_rain_humid"""":0.75,""""evening_city_walk"""":0.7}""",late_night_descent,0.85,沉重失真的电吉他与人声，充满不安与未解的情感张力
N.E.G.U,Ibrahim Maalouf,introspective;restrained;melancholic,piano;string;cinematic;minimal,,0.25,0.35,0.3,0.4,0.2,0,0.7,instrumental,0,modern_classical,"""{""""work_focus_low_vocal"""":0.85,""""deep_night_introspective"""":0.8,""""night_rain_humid"""":0.75}""",slow_opening,0.85,钢琴与弦乐交织的极简编排，内省而克制，带有淡淡的忧郁
Work Bitch,Britney Spears,restless;urban;hopeful,cold_synth;electric_distant,,0.9,0.8,0.85,0.3,0.9,0.85,0.3,en,1,dance_pop,"""{""""evening_city_walk"""":0.5,""""work_focus_low_vocal"""":0.4,""""user_requested_explore"""":0.5}""",city_to_inner_room,0.85,高能量舞曲，冷合成器与强劲节拍驱动，但情感较浅，适合派对或运动场景
Kiss Me More,Doja Cat / SZA,sensual;urban;hopeful,soft_synth;vocal_breath;electric_distant,,0.65,0.7,0.6,0.55,0.7,0.8,0.4,en,1,pop,"""{""""evening_city_walk"""":0.8,""""user_requested_explore"""":0.75,""""afternoon_warm_idle"""":0.7}""",city_to_inner_room,0.85,流行舞曲，性感都市感，合成器与人声交织，能量中等偏高
Remember My Name,Bliss,introspective;melancholic;bittersweet,piano;string;reverb_heavy;vocal_breath,,0.25,0.3,0.35,0.4,0.2,0.6,0.75,en,1,ambient_pop,"""{""""deep_night_introspective"""":0.85,""""night_rain_humid"""":0.8,""""work_focus_low_vocal"""":0.7}""",fade_into_inner_space,0.85,钢琴与弦乐铺垫，混响厚重，人声轻柔内省，营造出怀旧而忧伤的氛围
太聪明,陈绮贞,introspective;nostalgic;bittersweet,acoustic;vocal_breath;string;minimal,,0.35,0.45,0.4,0.55,0.3,0.7,0.65,zh,1,mandopop,"""{""""deep_night_introspective"""":0.85,""""evening_city_walk"""":0.8,""""work_focus_low_vocal"""":0.75}""",slow_opening,0.9,陈绮贞的清新声线搭配木吉他与弦乐，内省而略带苦涩的怀旧情绪
Slowly,MOLLY,dreamy;warm;nostalgic,soft_synth;ambient_pad;vocal_breath,,0.35,0.5,0.4,0.6,0.3,0.6,0.5,en,1,dream_pop,"""{""""evening_city_walk"""":0.8,""""deep_night_introspective"""":0.75,""""work_focus_low_vocal"""":0.7}""",slow_opening,0.85,梦幻合成器与轻柔人声交织，营造温暖怀旧的氛围
first kiss,elijah who,dreamy;warm;nostalgic,soft_synth;lofi_dust;ambient_pad,,0.25,0.4,0.3,0.6,0.2,0,0.45,instrumental,0,lo_fi,"""{""""work_focus_low_vocal"""":0.85,""""morning_cloudy_slow"""":0.8,""""evening_city_walk"""":0.75}""",soft_focus_work,0.85,温暖的 lo-fi 氛围，软合成器与轻度失真纹理营造出梦幻怀旧的质感
The Girl from Ipanema,Astrud Gilberto,warm;clear;sensual,acoustic;jazz_brush;vocal_breath,,0.3,0.6,0.4,0.7,0.35,0.6,0.4,en,1,bossa_nova,"""{""""morning_clear_light"""":0.8,""""afternoon_warm_idle"""":0.85,""""evening_city_walk"""":0.75}""",soft_focus_work,0.9,经典 bossa nova，Astrud Gilberto 轻柔人声搭配爵士吉他与鼓刷，温暖慵懒的夏日氛围
Skin Crawl,Alice Phoebe Lou,restless;unresolved;melancholic,vocal_breath;electric_distant;minimal,,0.4,0.35,0.45,0.3,0.4,0.7,0.7,en,1,indie_folk,"""{""""deep_night_introspective"""":0.8,""""night_rain_humid"""":0.7,""""work_focus_low_vocal"""":0.65}""",fade_into_inner_space,0.85,脆弱而不安的人声与极简编曲，营造出悬而未决的内心挣扎感
"""De Visée / Transcr. Garcia: Pièces de théorbe et de luth, Suite en la mineur: III. Courante""",Robert de Visée,restrained;melancholic;introspective,acoustic;minimal;cinematic,,0.2,0.35,0.2,0.4,0.3,0,0.7,instrumental,0,baroque,"""{""""work_focus_low_vocal"""":0.85,""""deep_night_introspective"""":0.8,""""morning_cloudy_slow"""":0.75}""",slow_opening,0.9,巴洛克鲁特琴独奏，Courante舞曲节奏克制而优雅，充满内省与古典的忧郁质感
Lonely Cactus,Djabe,lonely;restrained;bittersweet,acoustic;jazz_brush;reverb_heavy,,0.25,0.35,0.3,0.4,0.2,0,0.6,instrumental,0,jazz,"""{""""deep_night_introspective"""":0.8,""""night_clear_lonely"""":0.75,""""work_focus_low_vocal"""":0.7}""",afterglow_fading,0.85,Djabe 的爵士器乐作品，以木吉他、爵士鼓刷和深远混响营造出孤独而克制的氛围
We’d Find,Swimming Bell,dreamy;nostalgic;warm,acoustic;vocal_breath;string;reverb_heavy,,0.35,0.5,0.4,0.6,0.3,0.6,0.55,en,1,indie_folk,"""{""""morning_cloudy_slow"""":0.8,""""evening_city_walk"""":0.75,""""weekend_slow"""":0.7}""",slow_opening,0.85,温暖的原声吉他与人声，混响丰富，营造出梦幻而怀旧的氛围
To Monopati,Antoine Karacostas,introspective;melancholic;restrained,piano;minimal;cinematic,,0.15,0.25,0.2,0.35,0.1,0,0.75,instrumental,0,modern_classical,"""{""""work_focus_low_vocal"""":0.85,""""deep_night_introspective"""":0.8,""""night_rain_humid"""":0.75}""",slow_opening,0.9,极简钢琴独奏，缓慢而内省，带有古典式的克制与忧郁
Vectra,Nathan Fake,restless;urban;detached,cold_synth;electric_distant;reverb_heavy;minimal,,0.6,0.4,0.55,0.3,0.65,0,0.5,instrumental,0,techno,"""{""""evening_city_walk"""":0.85,""""deep_night_introspective"""":0.75,""""work_focus_low_vocal"""":0.7}""",city_to_inner_room,0.85,冷调合成器与重复律动，营造出都市夜晚的疏离与躁动感
Esc,Lapalux,dreamy;misty;restrained,ambient_pad;soft_synth;field_recording;minimal,,0.25,0.3,0.35,0.4,0.2,0,0.6,instrumental,0,ambient,"""{""""work_focus_low_vocal"""":0.85,""""deep_night_introspective"""":0.8,""""night_rain_humid"""":0.75}""",fade_into_inner_space,0.85,朦胧氛围电子，软合成器与田野录音交织，克制而梦幻的声景
伤心的歌,周华健,melancholic;nostalgic;bittersweet,acoustic;string;vocal_breath,,0.35,0.4,0.45,0.5,0.3,0.7,0.75,zh,1,mandopop,"""{""""evening_city_walk"""":0.8,""""deep_night_introspective"""":0.75,""""night_rain_humid"""":0.7}""",slow_opening,0.85,周华健的温暖声线搭配木吉他与弦乐，营造出怀旧而略带苦涩的伤感氛围
野孩子,杨千嬅,nostalgic;bittersweet;restrained,acoustic;string;vocal_breath,,0.45,0.5,0.45,0.55,0.35,0.7,0.65,zh,1,cantopop,"""{""""evening_city_walk"""":0.8,""""weekend_slow"""":0.7,""""night_rain_humid"""":0.75}""",slow_opening,0.9,杨千嬅的粤语抒情，木吉他与弦乐交织，怀旧中带着克制的苦涩
Casta Diva,Angela Gheorghiu / London Symphony Orchestra / Dir. Evelino Pido,melancholic;restrained;bittersweet,string;cinematic;vocal_breath,,0.25,0.4,0.5,0.5,0.1,0.85,0.8,it,1,classical,"""{""""deep_night_introspective"""":0.85,""""night_rain_humid"""":0.75,""""work_focus_low_vocal"""":0.7}""",slow_opening,0.9,歌剧咏叹调，弦乐与女高音交织，悲怆而克制，充满古典的忧郁与庄严
里の風景,趣味工房にんじんわいん,nostalgic;warm;dreamy,acoustic;string;piano;field_recording,,0.25,0.5,0.3,0.7,0.2,0,0.5,instrumental,0,ambient,"""{""""morning_cloudy_slow"""":0.85,""""afternoon_warm_idle"""":0.8,""""work_focus_low_vocal"""":0.7}""",soft_focus_work,0.85,田园风格的器乐作品，木吉他、钢琴与弦乐交织，带有自然录音，营造温暖怀旧的乡村氛围
Cops,Other Lives,restless;melancholic;unresolved,piano;string;reverb_heavy;cinematic,,0.4,0.35,0.5,0.4,0.4,0.6,0.7,en,1,indie_rock,"""{""""evening_city_walk"""":0.8,""""deep_night_introspective"""":0.75,""""night_rain_humid"""":0.7}""",city_to_inner_room,0.85,钢琴与弦乐交织，人声带着不安与未解的情绪，适合城市夜晚的内省氛围
Five Winds,Rejoicer,dreamy;misty;restrained,ambient_pad;soft_synth;minimal;field_recording,,0.25,0.35,0.3,0.45,0.2,0,0.5,instrumental,0,ambient,"""{""""morning_cloudy_slow"""":0.85,""""work_focus_low_vocal"""":0.8,""""deep_night_introspective"""":0.75}""",soft_focus_work,0.85,氛围电子作品，软合成器与田野录音营造出朦胧而克制的梦幻声景
The Climb,Miley Cyrus,hopeful;nostalgic;bittersweet,acoustic;vocal_breath;string,,0.55,0.6,0.5,0.6,0.45,0.7,0.65,en,1,pop,"""{""""morning_clear_light"""":0.7,""""evening_city_walk"""":0.75,""""weekend_slow"""":0.7}""",slow_opening,0.85,励志流行歌曲，Miley Cyrus 充满力量的人声与木吉他伴奏传递希望与怀旧
The Dream,Rich Aucoin,dreamy;hopeful;nostalgic,soft_synth;ambient_pad;reverb_heavy,,0.4,0.5,0.4,0.55,0.35,0,0.5,instrumental,0,ambient_pop,"""{""""morning_cloudy_slow"""":0.8,""""work_focus_low_vocal"""":0.75,""""evening_city_walk"""":0.7}""",soft_focus_work,0.85,梦幻合成器与氛围铺底，营造出怀旧而充满希望的朦胧感
入戏太深,陈洁仪,melancholic;bittersweet;nostalgic,piano;string;vocal_breath,,0.35,0.4,0.5,0.55,0.3,0.7,0.75,zh,1,mandopop,"""{""""evening_city_walk"""":0.8,""""deep_night_introspective"""":0.75,""""night_rain_humid"""":0.7}""",slow_opening,0.85,陈洁仪深情演绎的抒情歌曲，钢琴与弦乐交织，充满怀旧与苦涩的伤感
Tangram Set 1 2019 - Excerpt,Tangerine Dream,dreamy;restrained;unresolved,ambient_pad;cold_synth;minimal;reverb_heavy,,0.2,0.3,0.25,0.3,0.1,0,0.6,instrumental,0,ambient,"""{""""work_focus_low_vocal"""":0.85,""""deep_night_introspective"""":0.8,""""night_rain_humid"""":0.75}""",fade_into_inner_space,0.85,Tangerine Dream 标志性的冷调氛围合成器，缓慢铺展的声景充满内省与悬而未决的质感
Hot Stuff,Donna Summer,restless;urban;hopeful,soft_synth;electric_distant;vocal_breath,,0.7,0.65,0.7,0.5,0.8,0.8,0.4,en,1,disco,"""{""""evening_city_walk"""":0.85,""""user_requested_explore"""":0.8,""""weekend_slow"""":0.7}""",city_to_inner_room,0.9,经典迪斯科，强劲的节奏与 Donna Summer 充满活力的声线，带来都市夜晚的躁动与希望
珠玉,单依纯,warm;nostalgic;bittersweet,piano;string;vocal_breath,,0.4,0.5,0.45,0.65,0.35,0.7,0.65,zh,1,mandopop,"""{""""evening_city_walk"""":0.8,""""weekend_slow"""":0.75,""""night_rain_humid"""":0.7}""",slow_opening,0.85,单依纯细腻的声线搭配钢琴与弦乐，营造出温暖而略带苦涩的怀旧氛围
"""String Sextet in D Minor, Op. 70, """"""""Souvenir de Florence"""""""": I. Allegro con spirito""",Pyotr Ilyich Tchaikovsky,restless;melancholic;unresolved,string;cinematic;minimal,,0.6,0.5,0.7,0.4,0.6,0,0.7,instrumental,0,classical,"""{""""work_focus_low_vocal"""":0.7,""""deep_night_introspective"""":0.6,""""evening_city_walk"""":0.5}""",slow_opening,0.85,柴可夫斯基弦乐六重奏，快板乐章充满不安与未解决的张力，弦乐织体密集而富有戏剧性
Run,Hydrogen Sea,dreamy;introspective;restrained,ambient_pad;soft_synth;vocal_breath;reverb_heavy,,0.25,0.35,0.3,0.45,0.2,0.6,0.65,en,1,dream_pop,"""{""""deep_night_introspective"""":0.85,""""night_rain_humid"""":0.8,""""work_focus_low_vocal"""":0.75}""",fade_into_inner_space,0.85,梦幻氛围铺底，人声轻柔而疏离，整体内敛且带有沉思感
Shou Ga Nai,Takénobu,introspective;melancholic;restrained,piano;string;cinematic;minimal,,0.2,0.3,0.25,0.35,0.15,0,0.75,instrumental,0,modern_classical,"""{""""work_focus_low_vocal"""":0.85,""""deep_night_introspective"""":0.8,""""night_rain_humid"""":0.75}""",slow_opening,0.9,钢琴与弦乐交织的极简器乐，克制而内省，带有淡淡的哀愁
Tití Me Preguntó,Bad Bunny,restless;urban;sensual,soft_synth;electric_distant;reverb_heavy,,0.65,0.55,0.6,0.5,0.7,0.8,0.45,es,1,latin_trap,"""{""""evening_city_walk"""":0.85,""""night_clear_lonely"""":0.7,""""user_requested_explore"""":0.75}""",city_to_inner_room,0.85,Bad Bunny 的拉丁陷阱节奏，都市感强烈，人声主导，律动感高但情感重量中等
安靜了,S.H.E,melancholic;nostalgic;restrained,piano;string;vocal_breath,,0.35,0.4,0.45,0.5,0.3,0.7,0.65,zh,1,mandopop,"""{""""evening_city_walk"""":0.8,""""night_rain_humid"""":0.75,""""deep_night_introspective"""":0.7}""",slow_opening,0.85,钢琴与弦乐铺底，S.H.E 的和声带着克制的伤感与怀旧，能量偏低但情感饱满
Iter VII: Lost,UNKLE,melancholic;restrained;lonely,ambient_pad;cold_synth;cinematic;minimal,,0.2,0.25,0.3,0.3,0.15,0,0.8,instrumental,0,ambient,"""{""""deep_night_introspective"""":0.9,""""night_rain_humid"""":0.85,""""work_focus_low_vocal"""":0.8}""",fade_into_inner_space,0.9,冷调氛围铺底与极简编排，营造出迷失与内省的孤独感
Criticize,Alexander O'Neal,urban;restless;bittersweet,soft_synth;electric_distant;vocal_breath,,0.6,0.5,0.55,0.4,0.6,0.75,0.55,en,1,r&b,"""{""""evening_city_walk"""":0.8,""""deep_night_introspective"""":0.7,""""user_requested_explore"""":0.65}""",city_to_inner_room,0.85,80年代R&B经典，合成器与鼓机驱动，人声充满都市不安与苦涩的张力
Yeah! (feat. Lil Jon & Ludacris),USHER,restless;urban;hopeful,electric_distant;cold_synth;vocal_breath,generic_radio_pop;bright_festival,0.85,0.7,0.8,0.4,0.9,0.85,0.3,en,1,crunk,"""{""""evening_city_walk"""":0.5,""""user_requested_explore"""":0.4,""""weekend_slow"""":0.3}""",city_to_inner_room,0.85,高能量 crunk 舞曲，强劲节拍和呼喊式人声，但商业流行感强，场景适配受限
Soldier,Fleurie,melancholic;restrained;bittersweet,piano;string;vocal_breath;cinematic,,0.35,0.3,0.4,0.35,0.25,0.6,0.75,en,1,indie_pop,"""{""""deep_night_introspective"""":0.85,""""night_rain_humid"""":0.8,""""work_focus_low_vocal"""":0.7}""",fade_into_inner_space,0.85,钢琴与弦乐铺垫，Fleurie 空灵而克制的人声，营造出忧郁而内省的氛围
Candyman,Zedd / Aloe Blacc,restless;urban;hopeful,soft_synth;electric_distant;vocal_breath,,0.65,0.6,0.55,0.5,0.7,0.75,0.4,en,1,electro_pop,"""{""""evening_city_walk"""":0.8,""""user_requested_explore"""":0.75,""""work_focus_low_vocal"""":0.6}""",city_to_inner_room,0.85,Zedd 的电子流行风格，合成器与 Aloe Blacc 的人声结合，充满都市律动与希望感
fish in the pool・花屋敷,ヘクとパスカル,dreamy;nostalgic;bittersweet,piano;string;vocal_breath;reverb_heavy,,0.3,0.5,0.35,0.55,0.25,0.6,0.65,ja,1,jpop,"""{""""morning_cloudy_slow"""":0.8,""""evening_city_walk"""":0.75,""""deep_night_introspective"""":0.7}""",slow_opening,0.85,钢琴与弦乐交织，轻柔人声营造梦幻而略带怀旧的日系抒情氛围
Pure,Cigarettes After Sex,dreamy;sensual;melancholic,reverb_heavy;vocal_breath;electric_distant;soft_synth,,0.25,0.3,0.35,0.55,0.2,0.6,0.7,en,1,dream_pop,"""{""""deep_night_introspective"""":0.9,""""night_clear_lonely"""":0.85,""""evening_city_walk"""":0.8}""",fade_into_inner_space,0.9,Cigarettes After Sex 标志性的缓慢梦泡风格，厚重混响与低语人声营造出迷离而感性的深夜氛围
Flow,Anja Lechner,introspective;melancholic;restrained,piano;string;minimal;cinematic,,0.15,0.3,0.2,0.4,0.1,0,0.8,instrumental,0,modern_classical,"""{""""deep_night_introspective"""":0.9,""""work_focus_low_vocal"""":0.85,""""night_rain_humid"""":0.8}""",slow_opening,0.9,大提琴与钢琴的极简对话，缓慢而内省，充满古典的沉静与忧伤
Blue Blood,IVE,urban;clear;restless,soft_synth;cold_synth;vocal_breath,idol_polished;mainstream_anthem,0.6,0.55,0.6,0.4,0.6,0.75,0.5,ko,1,k_pop,"""{""""evening_city_walk"""":0.55,""""deep_night_introspective"""":0.5,""""user_requested_explore"""":0.5}""",city_to_inner_room,0.85,IVE 的都市感流行曲，冷调合成器与清晰人声交织，略带不安的律动，但偶像化制作和主流气质降低了场景适配度
不怕付出,藍心湄,nostalgic;warm;bittersweet,acoustic;vocal_breath;string,,0.4,0.5,0.45,0.6,0.35,0.65,0.65,zh,1,mandopop,"""{""""evening_city_walk"""":0.8,""""weekend_slow"""":0.7,""""night_rain_humid"""":0.75}""",slow_opening,0.85,藍心湄的溫暖聲線搭配木吉他與弦樂，營造懷舊而略帶苦澀的抒情氛圍
Here We Go,Kero One,urban;hopeful;nostalgic,soft_synth;lofi_dust;acoustic,,0.45,0.55,0.5,0.6,0.5,0,0.4,instrumental,0,lo_fi_hip_hop,"""{""""evening_city_walk"""":0.85,""""work_focus_low_vocal"""":0.8,""""morning_cloudy_slow"""":0.75}""",city_to_inner_room,0.85,Kero One 的 lo-fi 节拍搭配软合成器和木吉他，营造出都市漫步般的怀旧与希望感
LOVE SCENARIO,iKON,urban;nostalgic;hopeful,soft_synth;acoustic;vocal_breath,,0.55,0.6,0.5,0.55,0.6,0.7,0.5,ko,1,k_pop,"""{""""evening_city_walk"""":0.8,""""weekend_slow"""":0.7,""""user_requested_explore"""":0.65}""",city_to_inner_room,0.85,K-pop 流行曲，轻快的合成器与木吉他交织，怀旧而充满希望的都市氛围
Nostalgic,Lander Configurations,nostalgic;warm;dreamy,soft_synth;ambient_pad;lofi_dust,,0.3,0.4,0.35,0.6,0.2,0,0.5,instrumental,0,ambient,"""{""""work_focus_low_vocal"""":0.85,""""morning_cloudy_slow"""":0.8,""""evening_city_walk"""":0.75}""",soft_focus_work,0.85,温暖的氛围电子，软合成器与轻度失真营造怀旧梦幻感
Falturill,Helge Lien Trio,introspective;restrained;melancholic,piano;acoustic;minimal,,0.25,0.4,0.3,0.5,0.2,0,0.7,instrumental,0,jazz,"""{""""work_focus_low_vocal"""":0.85,""""deep_night_introspective"""":0.8,""""night_rain_humid"""":0.75}""",slow_opening,0.85,北欧爵士钢琴三重奏，内省而克制的旋律，带有淡淡的忧郁质感
波子汽水,yocho,dreamy;nostalgic;warm,soft_synth;lofi_dust;ambient_pad;reverb_heavy,,0.3,0.45,0.35,0.6,0.25,0,0.4,instrumental,0,lo_fi,"""{""""work_focus_low_vocal"""":0.85,""""afternoon_warm_idle"""":0.8,""""morning_cloudy_slow"""":0.75}""",soft_focus_work,0.85,软合成器与lo-fi失真营造出温暖怀旧的梦幻氛围，适合低能量专注场景
Dulce Et Decorum Est by Wilfred Owen. Beethoven,Symphony No.7 - 2nd Movement (excerpt). - Ben Whishaw,melancholic;restrained;bittersweet,string;cinematic;minimal;reverb_heavy,,0.25,0.3,0.4,0.35,0.2,0.4,0.85,en,1,classical,"""{""""deep_night_introspective"""":0.9,""""night_rain_humid"""":0.8,""""work_focus_low_vocal"""":0.75}""",afterglow_fading,0.9,贝多芬第七交响曲第二乐章的弦乐片段，配以Ben Whishaw低沉朗诵，营造出沉重、克制而悲怆的氛围
in your arms.,saib.,warm;dreamy;nostalgic,acoustic;soft_synth;lofi_dust;jazz_brush,,0.35,0.5,0.4,0.7,0.3,0,0.45,instrumental,0,lo_fi,"""{""""work_focus_low_vocal"""":0.85,""""morning_cloudy_slow"""":0.8,""""afternoon_warm_idle"""":0.75}""",soft_focus_work,0.85,温暖的 lo-fi 器乐，木吉他与软合成器交织，带有轻度爵士鼓刷，营造怀旧而梦幻的氛围
Own Freedom,Sabrina Piggott,hopeful;warm;clear,acoustic;vocal_breath;string,,0.45,0.6,0.4,0.7,0.4,0.65,0.55,en,1,folk_pop,"""{""""morning_clear_light"""":0.8,""""afternoon_warm_idle"""":0.75,""""weekend_slow"""":0.7}""",soft_focus_work,0.85,温暖木吉他与人声，明亮而充满希望的民谣流行质感
Someday My Prince Will Come,A Northern Code,dreamy;nostalgic;hopeful,soft_synth;ambient_pad;reverb_heavy,,0.25,0.4,0.3,0.5,0.2,0,0.5,instrumental,0,ambient,"""{""""work_focus_low_vocal"""":0.85,""""morning_cloudy_slow"""":0.8,""""deep_night_introspective"""":0.75}""",soft_focus_work,0.85,梦幻的合成器与氛围铺底，怀旧而充满希望，适合低干扰场景
Gravity,Steven Price,introspective;melancholic;restrained,ambient_pad;cinematic;minimal;string,,0.15,0.25,0.2,0.3,0.1,0,0.8,instrumental,0,film_score,"""{""""deep_night_introspective"""":0.9,""""work_focus_low_vocal"""":0.85,""""night_rain_humid"""":0.8}""",slow_opening,0.9,电影配乐，宏大而孤寂的氛围，弦乐与合成器营造出深邃的内省感
"""The Truth Is, I Was Born in Argentina""",Yves Theiler,introspective;melancholic;restrained,piano;minimal;cinematic,,0.15,0.25,0.2,0.3,0.1,0,0.8,instrumental,0,modern_classical,"""{""""deep_night_introspective"""":0.9,""""work_focus_low_vocal"""":0.85,""""night_rain_humid"""":0.8}""",slow_opening,0.9,极简钢琴独奏，缓慢而克制，充满内省与忧郁的叙事感
Old Memory,Bruno Wen-li,nostalgic;melancholic;introspective,piano;string;reverb_heavy;minimal,,0.25,0.3,0.35,0.4,0.2,0,0.75,instrumental,0,modern_classical,"""{""""deep_night_introspective"""":0.85,""""night_rain_humid"""":0.8,""""work_focus_low_vocal"""":0.75}""",afterglow_fading,0.9,钢琴与弦乐交织，缓慢而内省，充满怀旧与忧郁的质感
Road Trip Part 3 (The Lonely Path),SUSS,lonely;introspective;restrained,ambient_pad;electric_distant;field_recording;minimal,,0.2,0.25,0.2,0.3,0.1,0,0.7,instrumental,0,ambient,"""{""""deep_night_introspective"""":0.85,""""night_clear_lonely"""":0.8,""""work_focus_low_vocal"""":0.75}""",fade_into_inner_space,0.9,空旷的电子氛围与田野录音，营造出孤独而内省的公路旅程感
stay,break,restrained;melancholic;unresolved,piano;minimal;reverb_heavy,,0.2,0.3,0.25,0.35,0.15,0,0.7,instrumental,0,ambient,"""{""""deep_night_introspective"""":0.85,""""night_rain_humid"""":0.8,""""work_focus_low_vocal"""":0.75}""",fade_into_inner_space,0.85,极简钢琴与深远混响，克制而忧郁的氛围，适合内省场景
The Rivers That Run Beneath This City,The Calm Blue Sea,introspective;melancholic;restrained,ambient_pad;string;cinematic;reverb_heavy,,0.25,0.3,0.35,0.4,0.15,0,0.7,instrumental,0,post_rock,"""{""""deep_night_introspective"""":0.85,""""night_rain_humid"""":0.8,""""work_focus_low_vocal"""":0.75}""",fade_into_inner_space,0.9,后摇滚器乐作品，氛围铺垫与弦乐交织，营造内省而克制的城市地下河流意象
Last Carnival,Acoustic Café,nostalgic;warm;bittersweet,acoustic;string;vocal_breath,,0.4,0.5,0.45,0.65,0.35,0.6,0.65,zh,1,mandopop,"""{""""evening_city_walk"""":0.8,""""weekend_slow"""":0.7,""""night_rain_humid"""":0.75}""",slow_opening,0.85,Acoustic Café 的温暖木吉他与人声，怀旧而略带感伤的抒情质感
Sweet Dreams (Are Made Of This),Marilyn Manson,restless;urban;melancholic,cold_synth;electric_distant;reverb_heavy,,0.7,0.3,0.7,0.2,0.6,0.8,0.75,en,1,industrial_rock,"""{""""deep_night_introspective"""":0.55,""""night_rain_humid"""":0.5,""""evening_city_walk"""":0.45}""",late_night_descent,0.85,工业摇滚翻唱，冰冷合成器与低沉人声营造出不安的都市暗夜氛围
The Windmills of Your Mind,Dusty Springfield,nostalgic;melancholic;dreamy,string;vocal_breath;reverb_heavy;cinematic,,0.35,0.4,0.5,0.55,0.3,0.7,0.75,en,1,orchestral_pop,"""{""""evening_city_walk"""":0.85,""""deep_night_introspective"""":0.8,""""night_rain_humid"""":0.75}""",slow_opening,0.9,Dusty Springfield 的经典演绎，弦乐与混响营造出怀旧而梦幻的质感，情感厚重但能量温和
On Gone,GO DARK,melancholic;restrained;lonely,piano;reverb_heavy;minimal,,0.2,0.25,0.3,0.3,0.15,0,0.8,instrumental,0,ambient,"""{""""deep_night_introspective"""":0.85,""""night_rain_humid"""":0.8,""""work_focus_low_vocal"""":0.75}""",afterglow_fading,0.85,极简钢琴与深远混响，营造出克制而孤独的忧郁氛围
いのちの名前 - ピアノ,広橋真紀子,nostalgic;melancholic;restrained,piano;cinematic;minimal,,0.15,0.35,0.2,0.5,0.1,0,0.8,instrumental,0,modern_classical,"""{""""deep_night_introspective"""":0.9,""""night_rain_humid"""":0.85,""""work_focus_low_vocal"""":0.8}""",slow_opening,0.9,钢琴独奏版，旋律悠扬而克制，充满怀旧与淡淡的忧伤，适合深夜内省或雨中聆听
Flying Kites,Djabe,dreamy;warm;hopeful,acoustic;jazz_brush;string;soft_synth,,0.4,0.6,0.45,0.7,0.5,0,0.5,instrumental,0,jazz,"""{""""morning_clear_light"""":0.85,""""afternoon_warm_idle"""":0.8,""""weekend_slow"""":0.75}""",soft_focus_work,0.85,Djabe 的爵士器乐作品，木吉他、弦乐与软合成器交织，温暖而梦幻，适合悠闲场景
How to Save a Life,The Fray,melancholic;bittersweet;restrained,piano;acoustic;string;vocal_breath,,0.4,0.4,0.5,0.5,0.35,0.7,0.75,en,1,alternative_rock,"""{""""evening_city_walk"""":0.8,""""deep_night_introspective"""":0.75,""""work_focus_low_vocal"""":0.7}""",slow_opening,0.85,钢琴驱动的另类摇滚，克制而悲伤的声线，带有怀旧与未解的情感重量
Nothing Is Real,Death and Vanilla,dreamy;misty;detached,soft_synth;ambient_pad;reverb_heavy;cold_synth,,0.3,0.35,0.4,0.4,0.25,0,0.55,instrumental,0,dream_pop,"""{""""deep_night_introspective"""":0.85,""""night_clear_lonely"""":0.8,""""work_focus_low_vocal"""":0.75}""",fade_into_inner_space,0.85,梦幻合成器与深远混响营造出朦胧、疏离的氛围，适合深夜内省场景
Hope Is a Swan,Anne Paceo,dreamy;introspective;hopeful,ambient_pad;soft_synth;vocal_breath;field_recording,,0.3,0.5,0.4,0.55,0.25,0.4,0.65,en,1,art_pop,"""{""""morning_cloudy_slow"""":0.85,""""work_focus_low_vocal"""":0.8,""""deep_night_introspective"""":0.75}""",soft_focus_work,0.85,梦幻氛围人声与轻柔合成器，内省中带着希望，适合专注或沉思场景
野子,苏运莹,restless;hopeful;bittersweet,vocal_breath;acoustic;cinematic,,0.6,0.65,0.55,0.5,0.6,0.85,0.7,zh,1,mandopop,"""{""""evening_city_walk"""":0.8,""""deep_night_introspective"""":0.7,""""user_requested_explore"""":0.75}""",city_to_inner_room,0.85,苏运莹独特声线充满张力，木吉他与人声交织，在不安中透出希望
Salad Days,iiso,dreamy;nostalgic;restrained,soft_synth;lofi_dust;ambient_pad;minimal,,0.25,0.4,0.3,0.55,0.2,0,0.5,instrumental,0,lo_fi,"""{""""work_focus_low_vocal"""":0.85,""""morning_cloudy_slow"""":0.8,""""evening_city_walk"""":0.75}""",soft_focus_work,0.85,轻柔的 lo-fi 氛围，软合成器与轻度失真纹理营造出怀旧而克制的梦幻感
Gold (Thomas Jack Radio Edit),Gabriel Ríos,warm;hopeful;clear,acoustic;vocal_breath;soft_synth,,0.55,0.6,0.5,0.65,0.5,0.7,0.5,en,1,tropical_house,"""{""""morning_clear_light"""":0.8,""""afternoon_warm_idle"""":0.75,""""weekend_slow"""":0.7}""",soft_focus_work,0.85,温暖的木吉他与人声，搭配轻快的合成器节奏，明亮而充满希望的热带浩室风格
my long forgotten cloistered sleep (unreleased work of Xenosaga),梶浦由記,introspective;melancholic;dreamy,piano;string;cinematic;reverb_heavy,,0.25,0.3,0.35,0.4,0.15,0,0.8,instrumental,0,modern_classical,"""{""""deep_night_introspective"""":0.9,""""night_clear_lonely"""":0.85,""""work_focus_low_vocal"""":0.8}""",fade_into_inner_space,0.9,梶浦由記标志性的钢琴与弦乐编排，营造出内省而梦幻的古典氛围，适合深夜独处
茄子,与非门乐队 / 朱婧汐Akini Jing,dreamy;urban;nostalgic,soft_synth;vocal_breath;electric_distant;reverb_heavy,,0.4,0.5,0.45,0.55,0.4,0.6,0.5,zh,1,art_pop,"""{""""evening_city_walk"""":0.8,""""deep_night_introspective"""":0.75,""""work_focus_low_vocal"""":0.7}""",city_to_inner_room,0.85,梦幻合成器与空灵人声交织，带有都市怀旧感的电子流行
The Ballad of Barbara Allen,Goldmund,introspective;melancholic;restrained,piano;minimal;reverb_heavy,,0.15,0.25,0.2,0.35,0.1,0,0.8,instrumental,0,modern_classical,"""{""""work_focus_low_vocal"""":0.85,""""deep_night_introspective"""":0.9,""""night_rain_humid"""":0.8}""",slow_opening,0.9,极简钢琴独奏，缓慢而空旷，充满内省与忧伤的民谣改编
Tundra,I Am Oak,lonely;introspective;melancholic,acoustic;minimal;field_recording,,0.2,0.3,0.25,0.35,0.15,0.4,0.7,en,1,indie_folk,"""{""""deep_night_introspective"""":0.85,""""night_clear_lonely"""":0.8,""""work_focus_low_vocal"""":0.75}""",slow_opening,0.85,极简民谣，空旷的吉他与人声如同冻原上的孤独低语
Don’t You Know,Durand Jones & The Indications,warm;nostalgic;hopeful,acoustic;jazz_brush;vocal_breath;string,,0.45,0.6,0.5,0.7,0.5,0.7,0.55,en,1,soul,"""{""""evening_city_walk"""":0.8,""""afternoon_warm_idle"""":0.75,""""weekend_slow"""":0.7}""",slow_opening,0.85,复古灵魂乐，温暖的铜管与和声，怀旧中带着希望感
The Gravel Road - Score,James Newton Howard,melancholic;restrained;bittersweet,string;cinematic;minimal,,0.25,0.3,0.35,0.4,0.15,0,0.8,instrumental,0,film_score,"""{""""deep_night_introspective"""":0.85,""""night_rain_humid"""":0.8,""""work_focus_low_vocal"""":0.75}""",afterglow_fading,0.9,电影配乐，弦乐编排克制而忧郁，带有淡淡的悲伤与怀旧感
Of Course,They All Died,melancholic;restrained;lonely,piano;minimal;reverb_heavy,,0.2,0.25,0.2,0.3,0.1,0,0.8,instrumental,0,modern_classical,"""{""""deep_night_introspective"""":0.9,""""night_rain_humid"""":0.85,""""work_focus_low_vocal"""":0.8}""",afterglow_fading,0.85,极简钢琴与深远混响，营造出克制而孤独的悲伤氛围
Handkerchiefs,Winterpills,melancholic;introspective;bittersweet,acoustic;vocal_breath;string;reverb_heavy,,0.3,0.35,0.4,0.45,0.25,0.6,0.7,en,1,indie_folk,"""{""""deep_night_introspective"""":0.85,""""night_rain_humid"""":0.8,""""work_focus_low_vocal"""":0.7}""",fade_into_inner_space,0.85,木吉他与人声交织，混响营造出忧郁而内省的独立民谣氛围
Pa's Kitchen 1,Mader,warm;nostalgic;dreamy,acoustic;field_recording;lofi_dust;minimal,,0.25,0.4,0.3,0.7,0.2,0,0.5,instrumental,0,lo_fi,"""{""""morning_cloudy_slow"""":0.85,""""afternoon_warm_idle"""":0.8,""""work_focus_low_vocal"""":0.75}""",soft_focus_work,0.85,温暖的 lo-fi 原声器乐，带有现场录音和轻度失真，营造怀旧而梦幻的厨房氛围
Nightsky,Tracey Chattaway,dreamy;nostalgic;melancholic,ambient_pad;soft_synth;reverb_heavy;minimal,,0.25,0.35,0.3,0.4,0.15,0,0.65,instrumental,0,ambient,"""{""""deep_night_introspective"""":0.85,""""night_clear_lonely"""":0.8,""""work_focus_low_vocal"""":0.75}""",fade_into_inner_space,0.85,空灵的氛围合成器与深远混响，营造出梦幻而略带忧郁的夜空意象
Pink,Yelena Eckemoff,introspective;dreamy;restrained,piano;ambient_pad;minimal,,0.2,0.35,0.25,0.45,0.15,0,0.7,instrumental,0,modern_classical,"""{""""work_focus_low_vocal"""":0.85,""""deep_night_introspective"""":0.8,""""morning_cloudy_slow"""":0.75}""",slow_opening,0.85,钢琴与氛围垫音交织，内省而梦幻的极简主义声景
Geiger Counter,"""Liar, Flower""",restless;unresolved;melancholic,cold_synth;electric_distant;reverb_heavy,,0.35,0.3,0.5,0.25,0.3,0,0.7,instrumental,0,experimental,"""{""""deep_night_introspective"""":0.8,""""night_rain_humid"""":0.75,""""work_focus_low_vocal"""":0.7}""",fade_into_inner_space,0.85,冷调合成器与深远混响营造不安与悬而未决的氛围，适合内省场景
爱与奇异果,王菀之,warm;nostalgic;bittersweet,piano;string;vocal_breath,,0.4,0.5,0.45,0.6,0.35,0.65,0.6,zh,1,mandopop,"""{""""evening_city_walk"""":0.8,""""weekend_slow"""":0.7,""""morning_clear_light"""":0.65}""",slow_opening,0.85,王菀之的温暖声线与钢琴弦乐编排，营造出怀旧而略带苦涩的抒情氛围
Kamikochi,I Am Oak,introspective;misty;restrained,acoustic;minimal;field_recording,,0.2,0.35,0.25,0.45,0.15,0,0.6,instrumental,0,folk_ambient,"""{""""morning_cloudy_slow"""":0.85,""""work_focus_low_vocal"""":0.8,""""deep_night_introspective"""":0.75}""",soft_focus_work,0.85,木吉他为主的极简器乐，带有田野录音的自然氛围，内省而朦胧
Pink + White,Frank Ocean,dreamy;warm;nostalgic,soft_synth;ambient_pad;vocal_breath;acoustic,,0.45,0.6,0.5,0.65,0.5,0.75,0.55,en,1,art_pop,"""{""""evening_city_walk"""":0.85,""""afternoon_warm_idle"""":0.8,""""weekend_slow"""":0.75}""",city_to_inner_room,0.9,Frank Ocean 梦幻的声线与温暖的合成器、吉他交织，营造出慵懒怀旧的夏日午后氛围
If You Want It,Sexyy Red,restless;urban;unresolved,cold_synth;electric_distant;lofi_dust,,0.7,0.4,0.65,0.3,0.75,0.85,0.5,en,1,trap,"""{""""evening_city_walk"""":0.55,""""night_clear_lonely"""":0.5,""""user_requested_explore"""":0.6}""",city_to_inner_room,0.8,冷调合成器与粗粝的 lo-fi 质感，配合 Sexyy Red 直接的人声，营造出都市夜晚的躁动与不安
Idfc (Tarro Remix),Tarro,restless;urban;bittersweet,soft_synth;electric_distant;reverb_heavy,,0.6,0.45,0.55,0.4,0.6,0.7,0.65,en,1,electronic_pop,"""{""""evening_city_walk"""":0.8,""""deep_night_introspective"""":0.75,""""user_requested_explore"""":0.7}""",city_to_inner_room,0.85,Tarro 的 remix 以软合成器和深远混响营造出都市夜晚的躁动与苦涩，人声存在感强，能量中等偏上
Dropped Shoulders,Lakker,restless;unresolved;urban,cold_synth;electric_distant;reverb_heavy;grainy,,0.55,0.35,0.65,0.3,0.6,0,0.6,instrumental,0,experimental_techno,"""{""""evening_city_walk"""":0.7,""""deep_night_introspective"""":0.65,""""work_focus_low_vocal"""":0.6}""",city_to_inner_room,0.85,冷调合成器与颗粒感纹理营造出都市不安与未解决的张力，节奏驱动但情绪克制
Physical,Dua Lipa,restless;urban;clear,soft_synth;electric_distant;cold_synth,,0.7,0.65,0.7,0.4,0.75,0.8,0.3,en,1,dance_pop,"""{""""evening_city_walk"""":0.8,""""user_requested_explore"""":0.7,""""work_focus_low_vocal"""":0.5}""",city_to_inner_room,0.85,高能量舞曲，冷调合成器与强劲节奏驱动，都市感强烈但情感较轻
"""ウ""""ォカリーズ(ラフマニノフ)""",金原千恵子,introspective;melancholic;restrained,piano;string;cinematic;minimal,,0.2,0.3,0.25,0.35,0.1,0,0.8,instrumental,0,classical,"""{""""work_focus_low_vocal"""":0.85,""""deep_night_introspective"""":0.8,""""night_rain_humid"""":0.75}""",slow_opening,0.9,拉赫玛尼诺夫改编曲，钢琴与弦乐交织，内省而克制，充满古典的忧郁与留白
The Girl From Ipanema,Stan Getz / João Gilberto,warm;clear;sensual,acoustic;jazz_brush;string;vocal_breath,,0.35,0.65,0.4,0.7,0.4,0.5,0.4,en,1,bossa_nova,"""{""""morning_clear_light"""":0.85,""""afternoon_warm_idle"""":0.8,""""evening_city_walk"""":0.75}""",soft_focus_work,0.9,经典的 bossa nova 风格，温暖柔和的吉他、萨克斯与人声，明亮而富有夏日慵懒感
Bolero,Tingvall Trio,restrained;melancholic;introspective,piano;acoustic;minimal,,0.25,0.35,0.3,0.4,0.2,0,0.7,instrumental,0,jazz,"""{""""work_focus_low_vocal"""":0.85,""""deep_night_introspective"""":0.8,""""night_rain_humid"""":0.75}""",slow_opening,0.85,钢琴三重奏，克制而内省的旋律线条，低能量密度，适合专注或深夜聆听
El Humo,Yamila,misty;melancholic;restrained,acoustic;vocal_breath;reverb_heavy,,0.25,0.3,0.35,0.4,0.2,0.6,0.7,es,1,latin_alternative,"""{""""night_clear_lonely"""":0.85,""""deep_night_introspective"""":0.8,""""evening_city_walk"""":0.75}""",fade_into_inner_space,0.85,木吉他与人声交织，混响营造朦胧忧郁的氛围，克制而内省
大河ドラマ「平清盛」 〜情歌 (あそびをせんとや),吉松隆,melancholic;nostalgic;restrained,piano;string;cinematic;minimal,,0.2,0.35,0.3,0.4,0.15,0,0.8,instrumental,0,modern_classical,"""{""""work_focus_low_vocal"""":0.85,""""deep_night_introspective"""":0.8,""""night_rain_humid"""":0.75}""",afterglow_fading,0.9,钢琴与弦乐交织的日式古典叙事曲，克制而深沉，充满历史感的怀旧与哀愁
Old Organs,Tangents,introspective;melancholic;restrained,piano;ambient_pad;field_recording;minimal,,0.2,0.3,0.25,0.35,0.1,0,0.7,instrumental,0,ambient,"""{""""work_focus_low_vocal"""":0.85,""""deep_night_introspective"""":0.8,""""night_rain_humid"""":0.75}""",afterglow_fading,0.85,管风琴般的氛围音色与田野录音结合，极简而内省，带有淡淡的忧郁与克制
Old Jamie,Elena Setién,melancholic;nostalgic;restrained,acoustic;string;vocal_breath;minimal,,0.25,0.35,0.3,0.5,0.2,0.6,0.7,en,1,folk,"""{""""deep_night_introspective"""":0.8,""""night_rain_humid"""":0.75,""""work_focus_low_vocal"""":0.7}""",fade_into_inner_space,0.85,Elena Setién 的民谣风格，以木吉他、弦乐和轻柔人声营造出克制而怀旧的忧郁氛围
Horizon 2019 - Pt. 2,Tangerine Dream,dreamy;introspective;restrained,ambient_pad;soft_synth;minimal;cinematic,,0.2,0.35,0.25,0.4,0.1,0,0.6,instrumental,0,ambient,"""{""""work_focus_low_vocal"""":0.85,""""deep_night_introspective"""":0.8,""""morning_cloudy_slow"""":0.75}""",soft_focus_work,0.9,Tangerine Dream 标志性的氛围合成器声景，缓慢铺展，内省而克制，适合专注或深夜聆听
Smooth Operator,The Hit Crew,warm;sensual;urban,soft_synth;jazz_brush;vocal_breath,,0.45,0.55,0.5,0.65,0.5,0.7,0.5,en,1,jazz,"""{""""evening_city_walk"""":0.85,""""afternoon_warm_idle"""":0.75,""""work_focus_low_vocal"""":0.7}""",city_to_inner_room,0.85,温暖柔和的爵士风格，人声与软合成器营造出都市夜晚的性感与从容
分开旅行,刘若英 / 黄立行,restless;urban;bittersweet,electric_distant;soft_synth;vocal_breath,,0.6,0.55,0.6,0.4,0.6,0.7,0.5,zh,1,mandopop,"""{""""evening_city_walk"""":0.8,""""work_focus_low_vocal"""":0.6,""""user_requested_explore"""":0.7}""",city_to_inner_room,0.85,都市感的中速对唱，电子音色与不安的节奏表达分离与矛盾情绪
Come Back Quicker Please,April Rain,melancholic;nostalgic;bittersweet,piano;string;reverb_heavy;ambient_pad,,0.25,0.3,0.35,0.4,0.2,0,0.75,instrumental,0,post_rock,"""{""""deep_night_introspective"""":0.85,""""night_rain_humid"""":0.8,""""work_focus_low_vocal"""":0.75}""",fade_into_inner_space,0.85,后摇钢琴与弦乐交织，混响营造出怀旧而忧伤的声景，能量低但情感厚重
Konturei,Chirgilchin,misty;restrained;lonely,field_recording;minimal;ambient_pad,,0.15,0.25,0.2,0.3,0.1,0,0.7,instrumental,0,ambient,"""{""""deep_night_introspective"""":0.85,""""night_rain_humid"""":0.8,""""work_focus_low_vocal"""":0.75}""",afterglow_fading,0.85,图瓦喉音乐队营造的极简氛围声景，空旷而疏离，带有自然录音的质感
最好的我,房祖名 / 龚芝怡,warm;nostalgic;hopeful,acoustic;vocal_breath;string,,0.4,0.55,0.45,0.65,0.35,0.65,0.6,zh,1,mandopop,"""{""""evening_city_walk"""":0.75,""""morning_clear_light"""":0.7,""""weekend_slow"""":0.7}""",slow_opening,0.85,温暖的对唱情歌，木吉他与人声交织，怀旧中带着希望
Assume Form,James Blake,introspective;dreamy;hopeful,soft_synth;vocal_breath;ambient_pad;reverb_heavy,,0.35,0.45,0.4,0.55,0.3,0.6,0.65,en,1,art_pop,"""{""""deep_night_introspective"""":0.85,""""work_focus_low_vocal"""":0.8,""""evening_city_walk"""":0.75}""",fade_into_inner_space,0.9,James Blake 标志性的电子氛围与人声处理，内省而温暖，带有希望感
三月のうた,武満徹,introspective;melancholic;restrained,piano;minimal;cinematic,,0.15,0.25,0.2,0.35,0.1,0,0.8,instrumental,0,modern_classical,"""{""""deep_night_introspective"""":0.9,""""work_focus_low_vocal"""":0.85,""""night_rain_humid"""":0.8}""",slow_opening,0.9,武満徹的钢琴独奏，极简而克制，充满内省与留白，如同三月微寒的雨夜
Throne Lane,Steve Moore,introspective;restrained;melancholic,piano;ambient_pad;minimal,,0.2,0.3,0.25,0.35,0.15,0,0.7,instrumental,0,ambient,"""{""""work_focus_low_vocal"""":0.85,""""deep_night_introspective"""":0.8,""""night_rain_humid"""":0.75}""",slow_opening,0.85,极简钢琴与氛围垫音，内省而克制，营造出静谧的孤独感
Bad's Been Good To Me,Michael Malarkey,melancholic;bittersweet;restrained,acoustic;vocal_breath;string;reverb_heavy,,0.35,0.4,0.45,0.5,0.3,0.6,0.7,en,1,folk,"""{""""deep_night_introspective"""":0.8,""""night_rain_humid"""":0.75,""""work_focus_low_vocal"""":0.7}""",afterglow_fading,0.85,木吉他与人声主导的民谣，克制而苦涩的怀旧感，混响营造出深夜内省氛围
分裂,伊能静,restless;melancholic;unresolved,soft_synth;reverb_heavy;vocal_breath,,0.4,0.35,0.5,0.4,0.4,0.7,0.65,zh,1,mandopop,"""{""""deep_night_introspective"""":0.8,""""night_rain_humid"""":0.75,""""evening_city_walk"""":0.7}""",city_to_inner_room,0.85,伊能静略带不安的声线配合合成器与混响，营造出分裂与未解的情绪氛围
流水浮灯,黄霑,nostalgic;melancholic;dreamy,string;piano;cinematic;reverb_heavy,,0.2,0.35,0.3,0.45,0.15,0,0.75,instrumental,0,classical_chinese,"""{""""deep_night_introspective"""":0.85,""""night_rain_humid"""":0.8,""""evening_city_walk"""":0.75}""",afterglow_fading,0.9,弦乐与钢琴交织的古典配乐，空灵而怀旧，如流水浮灯般朦胧
譬如：你,李宇春,introspective;melancholic;bittersweet,piano;string;vocal_breath;reverb_heavy,,0.3,0.35,0.4,0.45,0.25,0.6,0.7,zh,1,mandopop,"""{""""deep_night_introspective"""":0.85,""""night_rain_humid"""":0.8,""""work_focus_low_vocal"""":0.75}""",fade_into_inner_space,0.85,钢琴与弦乐铺底，李宇春低沉人声带有内省与苦涩的怀旧感
Say You Love Me,Patti Austin,warm;nostalgic;hopeful,acoustic;string;vocal_breath;jazz_brush,,0.4,0.55,0.45,0.7,0.35,0.7,0.6,en,1,smooth_jazz,"""{""""morning_clear_light"""":0.75,""""afternoon_warm_idle"""":0.8,""""evening_city_walk"""":0.7}""",slow_opening,0.85,Patti Austin温暖柔和的声线搭配爵士鼓刷和弦乐，营造出怀旧而充满希望的抒情氛围
U Got Me,Sunday Noise / AL Sharif,warm;dreamy;urban,soft_synth;lofi_dust;reverb_heavy,,0.4,0.5,0.45,0.6,0.4,0,0.45,instrumental,0,lo_fi,"""{""""evening_city_walk"""":0.85,""""work_focus_low_vocal"""":0.8,""""night_clear_lonely"""":0.75}""",city_to_inner_room,0.85,温暖的 lo-fi 氛围，软合成器与轻度失真纹理，适合都市夜晚或专注工作场景
KAJA [come from],Jalan Jalan,dreamy;misty;restrained,ambient_pad;field_recording;minimal;soft_synth,,0.25,0.35,0.3,0.5,0.2,0,0.45,instrumental,0,ambient,"""{""""morning_cloudy_slow"""":0.85,""""work_focus_low_vocal"""":0.8,""""night_clear_lonely"""":0.75}""",soft_focus_work,0.85,氛围电子作品，朦胧的合成器铺底与田野录音交织，克制而梦幻
Donna Donna,Joan Baez,melancholic;nostalgic;bittersweet,acoustic;vocal_breath;string,,0.25,0.4,0.3,0.5,0.2,0.7,0.7,en,1,folk,"""{""""morning_cloudy_slow"""":0.8,""""evening_city_walk"""":0.75,""""deep_night_introspective"""":0.7}""",slow_opening,0.85,Joan Baez 的民谣演绎，木吉他与人声交织，充满怀旧与淡淡的忧伤
You're Better off (Dntel Remix),Erin Lang,dreamy;melancholic;restrained,ambient_pad;soft_synth;reverb_heavy;minimal,,0.25,0.35,0.3,0.4,0.2,0.4,0.7,en,1,ambient_pop,"""{""""deep_night_introspective"""":0.85,""""night_rain_humid"""":0.8,""""work_focus_low_vocal"""":0.75}""",fade_into_inner_space,0.85,Dntel 的 remix 带来梦幻而克制的氛围，人声被包裹在厚重混响和软合成器中，情绪内敛而忧郁
ENDLESS RAIN - Remaster,X JAPAN,melancholic;bittersweet;nostalgic,piano;string;reverb_heavy;cinematic,,0.4,0.35,0.55,0.45,0.3,0.6,0.8,ja,1,j_rock,"""{""""night_rain_humid"""":0.85,""""deep_night_introspective"""":0.8,""""evening_city_walk"""":0.75}""",rain_on_glass,0.9,X JAPAN 的经典抒情摇滚，钢琴与弦乐交织，人声充满悲伤与怀旧，如同无尽雨夜
You Spin Me Round (Like a Record),Jessica Simpson,restless;urban;hopeful,soft_synth;vocal_breath;electric_distant,,0.65,0.7,0.6,0.5,0.7,0.8,0.4,en,1,pop,"""{""""evening_city_walk"""":0.7,""""user_requested_explore"""":0.65,""""weekend_slow"""":0.6}""",city_to_inner_room,0.8,Jessica Simpson 的翻唱版本以流行舞曲风格呈现，节奏明快、人声突出，带有都市感和活力
Beacon Point,Segue,introspective;melancholic;restrained,ambient_pad;minimal;reverb_heavy;cold_synth,,0.15,0.25,0.2,0.3,0.1,0,0.7,instrumental,0,ambient,"""{""""work_focus_low_vocal"""":0.85,""""deep_night_introspective"""":0.8,""""night_rain_humid"""":0.75}""",afterglow_fading,0.85,冷调氛围合成器铺底，极简而空旷，适合内省与深夜聆听
하루살이,DEAN / Sulli / Rad Museum,dreamy;melancholic;nostalgic,soft_synth;ambient_pad;vocal_breath;lofi_dust,,0.35,0.4,0.45,0.5,0.35,0.7,0.65,ko,1,r&b,"""{""""evening_city_walk"""":0.8,""""deep_night_introspective"""":0.75,""""night_clear_lonely"""":0.7}""",city_to_inner_room,0.85,DEAN 的梦幻 R&B 风格，软合成器与朦胧人声交织，带有怀旧与忧郁的都市夜晚气息
无人知晓的我,黄丽玲,melancholic;lonely;bittersweet,piano;string;vocal_breath,,0.35,0.4,0.45,0.5,0.3,0.7,0.75,zh,1,mandopop,"""{""""deep_night_introspective"""":0.85,""""night_rain_humid"""":0.8,""""evening_city_walk"""":0.75}""",slow_opening,0.85,黄丽玲深情演绎的抒情曲，钢琴与弦乐铺垫，孤独与苦涩交织的夜晚氛围
"""Holberg Suite, Op. 40: I. Praeludium. Allegro vivace""",Edvard Grieg,restrained;clear;hopeful,string;acoustic;cinematic,,0.6,0.7,0.55,0.5,0.65,0,0.4,instrumental,0,classical,"""{""""morning_clear_light"""":0.85,""""work_focus_low_vocal"""":0.7,""""afternoon_warm_idle"""":0.65}""",slow_opening,0.9,格里格霍尔堡组曲开篇，弦乐合奏活泼明快，巴洛克风格清晰而克制，能量中等偏高
Perfumes II,Sarah Davachi,introspective;restrained;melancholic,piano;minimal;reverb_heavy;ambient_pad,,0.15,0.25,0.2,0.3,0.1,0,0.8,instrumental,0,modern_classical,"""{""""work_focus_low_vocal"""":0.85,""""deep_night_introspective"""":0.9,""""night_rain_humid"""":0.8}""",afterglow_fading,0.9,极简钢琴与氛围垫音，缓慢而克制，充满内省与忧郁的留白
Turn The Light,Karen O,restless;urban;hopeful,electric_distant;soft_synth;vocal_breath,,0.55,0.5,0.5,0.45,0.5,0.7,0.5,en,1,indie_rock,"""{""""evening_city_walk"""":0.85,""""deep_night_introspective"""":0.75,""""user_requested_explore"""":0.7}""",city_to_inner_room,0.85,Karen O 的粗粝声线搭配电吉他失真与合成器，营造出都市夜晚的不安与希望交织感
Samba De Orfeu,Sir Hiss,warm;clear;sensual,acoustic;jazz_brush;string;minimal,,0.35,0.65,0.4,0.7,0.5,0,0.35,instrumental,0,jazz,"""{""""morning_clear_light"""":0.8,""""afternoon_warm_idle"""":0.85,""""work_focus_low_vocal"""":0.7}""",soft_focus_work,0.85,温暖的尼龙弦吉他搭配爵士鼓刷，明亮而富有律动感的器乐爵士
Mandatory Soul,David Allred,introspective;melancholic;restrained,piano;minimal;vocal_breath,,0.25,0.3,0.25,0.4,0.15,0.5,0.75,en,1,singer_songwriter,"""{""""deep_night_introspective"""":0.85,""""work_focus_low_vocal"""":0.8,""""night_rain_humid"""":0.75}""",slow_opening,0.85,钢琴主导的极简编排，David Allred 脆弱而克制的人声，营造出内省而忧郁的氛围
"""She's Headed for the Highway, I'm Bound for the Train""",Federale,melancholic;restless;bittersweet,acoustic;string;reverb_heavy;electric_distant,,0.4,0.35,0.5,0.45,0.4,0.6,0.7,en,1,americana,"""{""""evening_city_walk"""":0.8,""""deep_night_introspective"""":0.75,""""night_clear_lonely"""":0.7}""",city_to_inner_room,0.85,木吉他、弦乐与深远混响营造出公路与火车意象下的忧郁与不安，人声带着怀旧与苦涩
秋天別來,侯湘婷,nostalgic;melancholic;bittersweet,piano;string;vocal_breath;acoustic,,0.35,0.45,0.4,0.55,0.3,0.65,0.7,zh,1,mandopop,"""{""""evening_city_walk"""":0.8,""""night_clear_lonely"""":0.75,""""weekend_slow"""":0.7}""",slow_opening,0.85,侯湘婷的轻柔声线与钢琴弦乐交织，营造出秋日怀旧与淡淡的感伤
White Avenue,Re:plus,warm;nostalgic;hopeful,piano;soft_synth;acoustic;string,,0.35,0.5,0.4,0.7,0.3,0,0.5,instrumental,0,jazz_hop,"""{""""morning_clear_light"""":0.8,""""afternoon_warm_idle"""":0.75,""""work_focus_low_vocal"""":0.7}""",soft_focus_work,0.85,钢琴与弦乐交织的温暖器乐，带有怀旧与希望的日系爵士嘻哈质感
Opium,Emilie Simon,dreamy;sensual;melancholic,soft_synth;cold_synth;vocal_breath;reverb_heavy,,0.35,0.4,0.45,0.3,0.3,0.6,0.65,en,1,art_pop,"""{""""deep_night_introspective"""":0.85,""""evening_city_walk"""":0.8,""""night_rain_humid"""":0.75}""",fade_into_inner_space,0.85,梦幻而冷艳的合成器氛围，Emilie Simon 的人声如烟雾般飘渺，带有忧郁与感官交织的质感
Dark Light,Raxon,restless;urban;unresolved,cold_synth;electric_distant;reverb_heavy,,0.65,0.4,0.7,0.3,0.7,0,0.5,instrumental,0,techno,"""{""""evening_city_walk"""":0.8,""""deep_night_introspective"""":0.75,""""user_requested_explore"""":0.7}""",city_to_inner_room,0.85,冷调合成器与深远混响构建的都市暗夜氛围，节奏驱动但情绪悬而未决
鸽子,胡彦斌,nostalgic;melancholic;bittersweet,piano;string;vocal_breath,,0.4,0.45,0.5,0.55,0.35,0.7,0.7,zh,1,mandopop,"""{""""evening_city_walk"""":0.8,""""night_clear_lonely"""":0.75,""""weekend_slow"""":0.7}""",slow_opening,0.85,胡彦斌的深情演绎配合钢琴与弦乐，营造出怀旧而略带伤感的氛围，能量中等偏低
Sel,Jacques Greene,dreamy;sensual;urban,soft_synth;ambient_pad;reverb_heavy;electric_distant,,0.4,0.45,0.5,0.55,0.4,0,0.5,instrumental,0,electronic,"""{""""evening_city_walk"""":0.85,""""deep_night_introspective"""":0.8,""""work_focus_low_vocal"""":0.75}""",city_to_inner_room,0.85,梦幻合成器与深远混响营造出都市夜晚的性感与内省氛围
In My Blood,The Veronicas,restless;melancholic;bittersweet,acoustic;vocal_breath;string,,0.55,0.45,0.5,0.4,0.5,0.7,0.75,en,1,pop_rock,"""{""""evening_city_walk"""":0.7,""""deep_night_introspective"""":0.65,""""work_focus_low_vocal"""":0.6}""",city_to_inner_room,0.85,中速流行摇滚，人声充满不安与挣扎，弦乐增添悲喜交织的质感
PLAY (feat. Mykki Blanco),J-E-T-S,restless;urban;hopeful,soft_synth;electric_distant;reverb_heavy,,0.65,0.55,0.6,0.4,0.7,0.75,0.5,en,1,electronic,"""{""""evening_city_walk"""":0.8,""""user_requested_explore"""":0.75,""""deep_night_introspective"""":0.7}""",city_to_inner_room,0.85,电子节拍驱动，Mykki Blanco 的人声带来都市不安与探索感，合成器音色深远
Divine Illusion - Bonus Track,Chasms,melancholic;dreamy;unresolved,cold_synth;reverb_heavy;vocal_breath;ambient_pad,,0.25,0.3,0.35,0.3,0.2,0.4,0.7,en,1,dream_pop,"""{""""deep_night_introspective"""":0.85,""""night_rain_humid"""":0.8,""""night_clear_lonely"""":0.75}""",fade_into_inner_space,0.85,冷调合成器与深远混响包裹着脆弱人声，营造出忧郁而梦幻的未解情绪
Hero,Mariah Carey,nostalgic;hopeful;bittersweet,piano;string;vocal_breath,,0.45,0.5,0.5,0.6,0.35,0.7,0.7,en,1,pop,"""{""""morning_clear_light"""":0.75,""""evening_city_walk"""":0.8,""""deep_night_introspective"""":0.7}""",slow_opening,0.85,Mariah Carey 标志性的高亢人声与钢琴弦乐编排，传递怀旧与希望交织的励志情感
Crystal Bats-Anyone(80s Remix) (Zeno Dare For More remix),Zeno Dare For More,urban;restless;nostalgic,soft_synth;cold_synth;electric_distant;reverb_heavy,,0.65,0.55,0.6,0.4,0.7,0.3,0.5,en,1,synthwave,"""{""""evening_city_walk"""":0.85,""""deep_night_introspective"""":0.75,""""user_requested_explore"""":0.7}""",city_to_inner_room,0.85,80年代复古合成器混音，冷调电子音色与都市律动感，人声被混响包裹，适合夜晚城市漫步
Stabat Mater,So Hideous,melancholic;introspective;unresolved,string;cinematic;reverb_heavy;ambient_pad,,0.25,0.2,0.4,0.3,0.15,0,0.8,instrumental,0,post_rock,"""{""""deep_night_introspective"""":0.85,""""night_rain_humid"""":0.8,""""work_focus_low_vocal"""":0.7}""",afterglow_fading,0.85,弦乐与氛围铺底构建的沉重悲怆感，如同圣咏般的黑暗内省
Cast on a Clock Face,Mikron,introspective;melancholic;restrained,piano;minimal;reverb_heavy;ambient_pad,,0.15,0.25,0.2,0.3,0.1,0,0.8,instrumental,0,modern_classical,"""{""""deep_night_introspective"""":0.9,""""work_focus_low_vocal"""":0.85,""""night_rain_humid"""":0.8}""",afterglow_fading,0.9,极简钢琴与深远混响，缓慢而内省，如同时间在钟面上凝固
Safe And Sound,Capital Cities,hopeful;warm;nostalgic,soft_synth;acoustic;vocal_breath,,0.55,0.6,0.5,0.65,0.5,0.7,0.5,en,1,indie_pop,"""{""""morning_clear_light"""":0.85,""""evening_city_walk"""":0.8,""""afternoon_warm_idle"""":0.75}""",slow_opening,0.85,明亮温暖的合成器与轻快节奏，带来怀旧而充满希望的阳光感
JIN-仁-Main Title,Yu Takami,introspective;melancholic;restrained,piano;string;cinematic;minimal,,0.15,0.3,0.2,0.45,0.1,0,0.8,instrumental,0,modern_classical,"""{""""work_focus_low_vocal"""":0.85,""""deep_night_introspective"""":0.8,""""night_rain_humid"""":0.75}""",slow_opening,0.9,钢琴与弦乐交织的日剧主题曲，克制而深沉，充满内省与历史感
Pyres,Matthew And The Atlas,melancholic;restrained;bittersweet,acoustic;string;vocal_breath;reverb_heavy,,0.35,0.4,0.4,0.5,0.3,0.6,0.7,en,1,folk,"""{""""deep_night_introspective"""":0.85,""""night_rain_humid"""":0.8,""""evening_city_walk"""":0.75}""",afterglow_fading,0.85,木吉他与人声交织，弦乐铺垫出克制而忧郁的民谣质感，适合深夜内省
Never Be Alone,Shawn Mendes,warm;hopeful;nostalgic,acoustic;vocal_breath;string,,0.45,0.6,0.4,0.7,0.35,0.75,0.55,en,1,pop,"""{""""morning_clear_light"""":0.8,""""weekend_slow"""":0.75,""""evening_city_walk"""":0.7}""",slow_opening,0.85,温暖的木吉他与人声，传递出希望与怀旧交织的轻柔流行质感
Love Can Fly,袁娅维,warm;hopeful;bittersweet,vocal_breath;soft_synth;string;acoustic,,0.55,0.6,0.5,0.7,0.5,0.8,0.65,zh,1,mandopop,"""{""""evening_city_walk"""":0.8,""""weekend_slow"""":0.75,""""morning_clear_light"""":0.7}""",slow_opening,0.85,袁娅维的温暖声线搭配弦乐与合成器，营造出希望中略带苦涩的抒情氛围
Plastic,Moses Sumney,introspective;melancholic;restrained,minimal;reverb_heavy;vocal_breath;ambient_pad,,0.2,0.3,0.25,0.35,0.15,0.6,0.75,en,1,art_pop,"""{""""deep_night_introspective"""":0.85,""""night_rain_humid"""":0.8,""""work_focus_low_vocal"""":0.75}""",fade_into_inner_space,0.9,Moses Sumney 脆弱而克制的人声与极简氛围，营造出内省而忧郁的声景
"""All-Night Vigil """"""""Vespers""""""",Rachmaninoff: Piano Sonata No. 1 & Moments musicaux,introspective;melancholic;restrained,piano;cinematic;minimal,,0.2,0.3,0.25,0.35,0.1,0,0.8,instrumental,0,classical,"""{""""deep_night_introspective"""":0.85,""""work_focus_low_vocal"""":0.8,""""night_rain_humid"""":0.75}""",slow_opening,0.9,拉赫玛尼诺夫钢琴作品，深沉内省，充满俄罗斯式的忧郁与克制
Out the Bottle,Lolo Zouaï,urban;restless;hopeful,soft_synth;vocal_breath;electric_distant,,0.55,0.6,0.5,0.5,0.6,0.7,0.5,en,1,alt_pop,"""{""""evening_city_walk"""":0.8,""""deep_night_introspective"""":0.7,""""user_requested_explore"""":0.75}""",city_to_inner_room,0.85,都市感的合成器流行，人声带有呼吸感，节奏驱动中透出不安与期待
蘇州夜曲,菅野よう子,nostalgic;melancholic;dreamy,string;piano;vocal_breath;cinematic,,0.25,0.35,0.3,0.5,0.2,0.6,0.7,zh,1,jazz,"""{""""evening_city_walk"""":0.8,""""night_clear_lonely"""":0.75,""""deep_night_introspective"""":0.7}""",afterglow_fading,0.85,菅野洋子演绎的经典上海老歌，弦乐与钢琴交织出怀旧而梦幻的夜曲氛围
L'amour,Carla Bruni,warm;sensual;nostalgic,acoustic;vocal_breath;string;jazz_brush,,0.3,0.55,0.35,0.7,0.25,0.65,0.5,fr,1,chanson,"""{""""morning_clear_light"""":0.8,""""afternoon_warm_idle"""":0.75,""""weekend_slow"""":0.7}""",soft_focus_work,0.85,Carla Bruni 慵懒温暖的声线搭配木吉他与弦乐，营造出法式怀旧与柔情的氛围
The Smallest Sliver,Will Samson,introspective;melancholic;restrained,piano;ambient_pad;minimal;vocal_breath,,0.2,0.3,0.2,0.4,0.15,0.3,0.7,en,1,ambient_folk,"""{""""deep_night_introspective"""":0.85,""""work_focus_low_vocal"""":0.8,""""night_rain_humid"""":0.75}""",fade_into_inner_space,0.85,极简钢琴与氛围铺垫，人声轻柔如耳语，整体内敛而忧郁，适合深夜独处
BUDDAHAM-NextRo,NextRO,restrained;melancholic;introspective,piano;ambient_pad;minimal,,0.2,0.3,0.25,0.35,0.15,0,0.7,instrumental,0,ambient,"""{""""deep_night_introspective"""":0.85,""""work_focus_low_vocal"""":0.8,""""night_rain_humid"""":0.75}""",slow_opening,0.85,极简钢琴与氛围铺垫，克制而内省，适合深夜或专注场景
Clean,Adia Victoria,melancholic;restrained;bittersweet,acoustic;vocal_breath;reverb_heavy;electric_distant,,0.35,0.4,0.45,0.5,0.3,0.6,0.7,en,1,alternative_rock,"""{""""deep_night_introspective"""":0.8,""""night_rain_humid"""":0.75,""""work_focus_low_vocal"""":0.7}""",fade_into_inner_space,0.85,Adia Victoria 低沉克制的人声与电吉他混响，营造出忧郁而内省的氛围
Vássán áiggit,Sofia Jannok,introspective;melancholic;warm,acoustic;vocal_breath;string;field_recording,,0.25,0.4,0.3,0.6,0.2,0.6,0.7,ja,1,folk,"""{""""morning_cloudy_slow"""":0.85,""""deep_night_introspective"""":0.8,""""night_rain_humid"""":0.75}""",slow_opening,0.85,萨米语民谣，木吉他与人声交织，带有自然录音的温暖与内省
Vagabond,The Slow Show,melancholic;lonely;restrained,piano;string;vocal_breath;reverb_heavy,,0.25,0.3,0.4,0.35,0.2,0.6,0.75,en,1,indie_folk,"""{""""deep_night_introspective"""":0.85,""""night_rain_humid"""":0.8,""""work_focus_low_vocal"""":0.7}""",fade_into_inner_space,0.85,钢琴与弦乐铺垫的忧郁氛围，低沉人声带着孤独与克制，适合深夜内省
Remain in Me,Peter Cat Recording Co.,warm;nostalgic;bittersweet,acoustic;string;vocal_breath;jazz_brush,,0.35,0.5,0.4,0.7,0.3,0.6,0.65,en,1,indie_jazz,"""{""""evening_city_walk"""":0.8,""""weekend_slow"""":0.75,""""afternoon_warm_idle"""":0.7}""",slow_opening,0.85,温暖的木吉他、弦乐与轻柔人声交织，怀旧中带一丝苦涩，适合悠闲的午后或傍晚
Mad Again,BunnaB,restless;urban;unresolved,soft_synth;electric_distant;reverb_heavy,,0.55,0.45,0.5,0.4,0.5,0.7,0.6,en,1,alternative_r&b,"""{""""evening_city_walk"""":0.8,""""deep_night_introspective"""":0.75,""""night_clear_lonely"""":0.7}""",city_to_inner_room,0.85,都市感电子R&B，不安的节奏与深远混响营造出悬而未决的情绪
shizukana umi,mitsuyoshi matsuda,introspective;melancholic;restrained,piano;minimal;ambient_pad,,0.15,0.3,0.2,0.35,0.1,0,0.8,instrumental,0,modern_classical,"""{""""work_focus_low_vocal"""":0.85,""""deep_night_introspective"""":0.9,""""night_rain_humid"""":0.8}""",slow_opening,0.9,静谧的钢琴与氛围铺垫，营造出内省而克制的海洋意象
Take My Leave of You (Lambert Rework),Arnór Dan,melancholic;introspective;restrained,piano;reverb_heavy;minimal;vocal_breath,,0.25,0.3,0.35,0.4,0.2,0.6,0.8,en,1,ambient_pop,"""{""""deep_night_introspective"""":0.9,""""night_rain_humid"""":0.8,""""work_focus_low_vocal"""":0.75}""",fade_into_inner_space,0.9,Lambert 的再编曲版本以极简钢琴和深远混响为基底，Arnór Dan 脆弱的人声在留白中弥漫，营造出内省而克制的忧郁氛围
Merry Christmas Mr. Lawrence (Heart of Asia) - Astro Heavenly Remix - Single Edit,Watergate,dreamy;nostalgic;hopeful,soft_synth;ambient_pad;reverb_heavy;electric_distant,,0.4,0.5,0.45,0.5,0.35,0,0.55,instrumental,0,ambient_house,"""{""""evening_city_walk"""":0.85,""""deep_night_introspective"""":0.8,""""work_focus_low_vocal"""":0.75}""",city_to_inner_room,0.85,梦幻合成器与深远混响，在怀旧与希望中营造出都市夜晚的漂浮感
WA DA DA,Kep1er,restless;urban;hopeful,soft_synth;electric_distant;vocal_breath,,0.7,0.65,0.7,0.45,0.75,0.85,0.4,ko,1,k_pop,"""{""""evening_city_walk"""":0.55,""""user_requested_explore"""":0.5,""""morning_clear_light"""":0.45}""",city_to_inner_room,0.8,K-pop 舞曲，充满活力的合成器与节奏，但情感深度较浅，适合都市动感场景
"""Prélude à l'après-midi d'un faune, CD 87a""",Claude Debussy,dreamy;misty;sensual,ambient_pad;string;minimal,,0.2,0.4,0.3,0.5,0.15,0,0.6,instrumental,0,impressionist_classical,"""{""""morning_cloudy_slow"""":0.85,""""afternoon_warm_idle"""":0.8,""""night_clear_lonely"""":0.75}""",slow_opening,0.9,德彪西印象派代表作，长笛与弦乐编织出朦胧梦幻的午后氛围
Honey,KARA,warm;nostalgic;hopeful,soft_synth;vocal_breath;acoustic,,0.55,0.6,0.5,0.65,0.5,0.7,0.5,ja,1,k_pop,"""{""""evening_city_walk"""":0.7,""""weekend_slow"""":0.65,""""morning_clear_light"""":0.6}""",slow_opening,0.85,KARA的甜美流行曲，温暖的人声与合成器营造怀旧与希望感，能量中等偏上
The Lamb,John Tavener,introspective;melancholic;restrained,piano;string;minimal;reverb_heavy,,0.1,0.2,0.2,0.3,0.05,0,0.9,instrumental,0,modern_classical,"""{""""work_focus_low_vocal"""":0.85,""""deep_night_introspective"""":0.9,""""night_rain_humid"""":0.8}""",slow_opening,0.95,极简的钢琴与弦乐编排，缓慢而神圣，充满内省与克制的悲悯感
Forget Me Now,POLIÇA,restless;urban;melancholic,cold_synth;electric_distant;vocal_breath;reverb_heavy,,0.55,0.4,0.6,0.3,0.6,0.7,0.65,en,1,art_pop,"""{""""evening_city_walk"""":0.85,""""deep_night_introspective"""":0.8,""""night_rain_humid"""":0.75}""",city_to_inner_room,0.85,冷调合成器与急促人声交织，都市夜晚的躁动与忧郁
Leaving the Planet,Tehransmission,dreamy;detached;restrained,ambient_pad;soft_synth;reverb_heavy;minimal,,0.2,0.3,0.25,0.35,0.1,0,0.6,instrumental,0,ambient,"""{""""deep_night_introspective"""":0.9,""""night_clear_lonely"""":0.85,""""work_focus_low_vocal"""":0.8}""",fade_into_inner_space,0.85,空灵的氛围合成器与深远混响，营造出脱离地球般的梦幻与疏离感
"""Violin Concerto No. 2 in A Major, Op. 5: II. Largo""",Joseph Boulogne Chevalier de Saint-Georges,restrained;melancholic;warm,string;cinematic;minimal,,0.2,0.4,0.3,0.6,0.15,0,0.7,instrumental,0,classical,"""{""""work_focus_low_vocal"""":0.85,""""deep_night_introspective"""":0.8,""""morning_cloudy_slow"""":0.75}""",slow_opening,0.9,古典小提琴协奏曲的慢板乐章，弦乐织体温暖而克制，带有内省的忧郁感
風の如く,吉田潔,introspective;melancholic;restrained,piano;string;cinematic;minimal,,0.2,0.3,0.25,0.4,0.15,0,0.75,instrumental,0,modern_classical,"""{""""work_focus_low_vocal"""":0.85,""""deep_night_introspective"""":0.8,""""night_rain_humid"""":0.75}""",slow_opening,0.9,钢琴与弦乐交织的日式现代古典，内省而克制，如风般流动的静谧感
遙遠,李雨,melancholic;nostalgic;lonely,acoustic;string;vocal_breath,,0.35,0.4,0.4,0.5,0.3,0.6,0.7,zh,1,folk,"""{""""evening_city_walk"""":0.8,""""deep_night_introspective"""":0.75,""""night_rain_humid"""":0.7}""",slow_opening,0.85,李雨的民谣风格，木吉他与人声交织，营造出怀旧而孤独的遥远感
岁月神偷,金玟岐,nostalgic;warm;bittersweet,acoustic;piano;vocal_breath;string,,0.4,0.5,0.45,0.6,0.35,0.65,0.65,zh,1,mandopop,"""{""""evening_city_walk"""":0.8,""""morning_clear_light"""":0.7,""""weekend_slow"""":0.75}""",slow_opening,0.85,金玟岐温暖声线搭配钢琴与弦乐，怀旧中带着淡淡的苦涩与温暖
Luv (sic) Instrumentals,Nujabes,nostalgic;warm;dreamy,lofi_dust;soft_synth;jazz_brush;ambient_pad,,0.35,0.5,0.4,0.65,0.35,0,0.55,instrumental,0,lo_fi_hip_hop,"""{""""work_focus_low_vocal"""":0.85,""""evening_city_walk"""":0.8,""""morning_cloudy_slow"""":0.75}""",soft_focus_work,0.9,Nujabes 标志性的 lo-fi 嘻哈器乐，温暖爵士采样与轻度失真营造怀旧梦幻氛围
The Future,Sam Cohen,introspective;restrained;melancholic,acoustic;reverb_heavy;minimal,,0.3,0.35,0.4,0.45,0.25,0.5,0.7,en,1,indie_folk,"""{""""deep_night_introspective"""":0.85,""""night_clear_lonely"""":0.8,""""work_focus_low_vocal"""":0.75}""",fade_into_inner_space,0.85,木吉他与人声交织，混响营造出内省而克制的氛围，略带忧郁
愿与愁,林俊杰,melancholic;nostalgic;bittersweet,piano;string;vocal_breath;cinematic,,0.45,0.4,0.5,0.55,0.35,0.7,0.75,zh,1,mandopop,"""{""""evening_city_walk"""":0.8,""""night_rain_humid"""":0.75,""""deep_night_introspective"""":0.7}""",slow_opening,0.85,林俊杰的抒情嗓音配合钢琴与弦乐，营造出怀旧而略带苦涩的伤感氛围
BOXES,Perry Blake,melancholic;introspective;lonely,piano;string;reverb_heavy;vocal_breath,,0.25,0.3,0.35,0.4,0.2,0.6,0.75,en,1,art_pop,"""{""""deep_night_introspective"""":0.85,""""night_rain_humid"""":0.8,""""work_focus_low_vocal"""":0.7}""",fade_into_inner_space,0.85,Perry Blake 的忧郁声线与钢琴弦乐编排，营造出内省而孤独的深夜氛围
Gabriel's Oboe,Yo-Yo Ma,introspective;melancholic;restrained,piano;string;cinematic;minimal,,0.15,0.35,0.2,0.5,0.1,0,0.8,instrumental,0,modern_classical,"""{""""work_focus_low_vocal"""":0.85,""""deep_night_introspective"""":0.8,""""night_rain_humid"""":0.75}""",slow_opening,0.9,大提琴与弦乐演绎的经典旋律，缓慢而内省，充满宁静的忧伤与温暖
Phantom,EsDeeKid,melancholic;dreamy;restrained,ambient_pad;soft_synth;reverb_heavy;minimal,,0.25,0.3,0.3,0.4,0.2,0,0.7,instrumental,0,ambient,"""{""""deep_night_introspective"""":0.85,""""night_clear_lonely"""":0.8,""""work_focus_low_vocal"""":0.75}""",fade_into_inner_space,0.85,氛围合成器铺底，极简而梦幻，带有忧郁的克制感，适合深夜内省
Stars,Bella Boo,dreamy;warm;clear,soft_synth;ambient_pad;lofi_dust,,0.35,0.5,0.4,0.6,0.3,0,0.45,instrumental,0,lo_fi,"""{""""work_focus_low_vocal"""":0.85,""""morning_cloudy_slow"""":0.8,""""evening_city_walk"""":0.75}""",soft_focus_work,0.85,温暖的 lo-fi 氛围，软合成器与轻度失真营造出梦幻而清晰的质感
碧罗雪山 (碧罗雪山),林强,introspective;melancholic;restrained,ambient_pad;field_recording;minimal;cinematic,,0.2,0.25,0.3,0.35,0.1,0,0.8,instrumental,0,ambient,"""{""""deep_night_introspective"""":0.9,""""night_rain_humid"""":0.85,""""work_focus_low_vocal"""":0.8}""",fade_into_inner_space,0.9,林强的电子氛围作品，以冷调合成器和田野录音构建出雪山般孤寂、内省的声景
"""Orfeo ed Euridice, Wq. 30, Act II: Dance of the Blessed Spirits. Andante - Melody - Da capo""",Christoph Willibald Gluck,dreamy;nostalgic;restrained,string;cinematic;minimal,,0.2,0.5,0.3,0.6,0.2,0,0.7,instrumental,0,classical,"""{""""morning_clear_light"""":0.8,""""afternoon_warm_idle"""":0.75,""""work_focus_low_vocal"""":0.7}""",slow_opening,0.9,格鲁克歌剧中的经典器乐段落，弦乐与长笛交织出宁静而略带怀旧的天堂氛围
Lie,CNBLUE,restless;urban;bittersweet,electric_distant;soft_synth;vocal_breath,,0.55,0.5,0.6,0.4,0.55,0.7,0.6,ko,1,k_pop,"""{""""evening_city_walk"""":0.8,""""deep_night_introspective"""":0.7,""""work_focus_low_vocal"""":0.6}""",city_to_inner_room,0.85,CNBLUE的流行摇滚风格，带有都市感的躁动与苦涩，电吉他与人声交织出不安的情绪
Movement (Intro),Idan Morim,introspective;restrained;melancholic,piano;minimal;reverb_heavy,,0.15,0.25,0.2,0.35,0.1,0,0.7,instrumental,0,modern_classical,"""{""""work_focus_low_vocal"""":0.85,""""deep_night_introspective"""":0.8,""""night_rain_humid"""":0.75}""",slow_opening,0.85,Intro 曲目，极简钢琴与深远混响营造内省而克制的氛围
Morpheus' Dream,Joep Beving,introspective;melancholic;restrained,piano;minimal;cinematic,,0.1,0.25,0.15,0.35,0.05,0,0.8,instrumental,0,modern_classical,"""{""""deep_night_introspective"""":0.9,""""work_focus_low_vocal"""":0.85,""""night_rain_humid"""":0.8}""",slow_opening,0.95,极简钢琴独奏，缓慢而内省，如同梦境中的沉思与孤独
IV,Nkisi,restless;urban;unresolved,cold_synth;electric_distant;minimal;reverb_heavy,,0.65,0.4,0.55,0.3,0.6,0,0.7,instrumental,0,experimental_techno,"""{""""evening_city_walk"""":0.8,""""deep_night_introspective"""":0.75,""""user_requested_explore"""":0.7}""",city_to_inner_room,0.85,冷调合成器与工业感节奏，营造都市夜晚的不安与悬而未决的氛围
Gimme Vortex,Boduf Songs,introspective;melancholic;restrained,acoustic;field_recording;minimal;grainy,,0.25,0.3,0.35,0.4,0.2,0.4,0.7,en,1,folk_noise,"""{""""deep_night_introspective"""":0.85,""""night_rain_humid"""":0.8,""""work_focus_low_vocal"""":0.75}""",fade_into_inner_space,0.85,低保真民谣质感，粗糙的录音和稀疏的编排营造出内省而克制的氛围
Beauty Of Love,Shardad Rohani,warm;nostalgic;hopeful,string;piano;cinematic,,0.3,0.55,0.4,0.7,0.2,0,0.65,instrumental,0,modern_classical,"""{""""morning_clear_light"""":0.8,""""afternoon_warm_idle"""":0.75,""""evening_city_walk"""":0.7}""",slow_opening,0.85,温暖的弦乐与钢琴交织，营造出怀旧而充满希望的古典氛围
Lakes,Twin Oaks,introspective;melancholic;restrained,piano;ambient_pad;minimal,,0.2,0.3,0.25,0.4,0.15,0,0.7,instrumental,0,ambient,"""{""""work_focus_low_vocal"""":0.85,""""deep_night_introspective"""":0.8,""""morning_cloudy_slow"""":0.75}""",slow_opening,0.85,极简钢琴与氛围铺垫，内省而克制，适合专注或深夜聆听
Pull Yo Skirt Up,PLUTO,restless;urban;unresolved,electric_distant;cold_synth;reverb_heavy,,0.6,0.4,0.65,0.3,0.7,0.8,0.5,en,1,trap,"""{""""evening_city_walk"""":0.55,""""deep_night_introspective"""":0.5,""""night_clear_lonely"""":0.45}""",city_to_inner_room,0.8,都市感强烈的 trap 曲目，冷合成器与重混响营造不安与未解决的氛围，人声突出但情感重量中等
Dry Clean,Beach Baby,urban;restless;nostalgic,electric_distant;reverb_heavy;soft_synth,,0.55,0.5,0.5,0.4,0.5,0.6,0.5,en,1,indie_rock,"""{""""evening_city_walk"""":0.8,""""work_focus_low_vocal"""":0.7,""""deep_night_introspective"""":0.65}""",city_to_inner_room,0.85,都市感独立摇滚，略带疏离的吉他与人声，适合夜晚漫步或专注工作
慕容雪,薛凯琪,nostalgic;melancholic;bittersweet,string;piano;vocal_breath;reverb_heavy,,0.35,0.4,0.45,0.5,0.3,0.7,0.7,zh,1,mandopop,"""{""""evening_city_walk"""":0.8,""""night_rain_humid"""":0.75,""""deep_night_introspective"""":0.7}""",slow_opening,0.85,薛凯琪的粤语抒情，弦乐与钢琴交织，怀旧而略带忧伤的都市氛围
Daisy Lane,Stereophonics,nostalgic;melancholic;restrained,acoustic;vocal_breath;string,,0.4,0.45,0.4,0.5,0.35,0.6,0.65,en,1,britpop,"""{""""evening_city_walk"""":0.8,""""morning_cloudy_slow"""":0.7,""""work_focus_low_vocal"""":0.65}""",slow_opening,0.85,英式摇滚的怀旧旋律，木吉他与弦乐交织，人声克制而富有情感重量
St Petersburg,Holy Holy,melancholic;nostalgic;bittersweet,acoustic;string;vocal_breath;reverb_heavy,,0.35,0.4,0.45,0.5,0.3,0.6,0.7,en,1,indie_folk,"""{""""evening_city_walk"""":0.8,""""night_clear_lonely"""":0.75,""""deep_night_introspective"""":0.7}""",city_to_inner_room,0.85,木吉他与弦乐交织，人声带着回响，营造出怀旧而忧伤的圣彼得堡氛围
Mamma Mia,ABBA,nostalgic;hopeful;restless,acoustic;string;vocal_breath,,0.7,0.75,0.65,0.6,0.7,0.8,0.5,en,1,pop,"""{""""evening_city_walk"""":0.7,""""weekend_slow"""":0.65,""""user_requested_explore"""":0.6}""",slow_opening,0.85,ABBA经典流行，欢快节奏与怀旧旋律，能量较高但情感重量适中
Inkolelo,Goldie,restless;urban;melancholic,cold_synth;electric_distant;reverb_heavy;minimal,,0.6,0.35,0.55,0.3,0.7,0,0.65,instrumental,0,drum_and_bass,"""{""""evening_city_walk"""":0.8,""""deep_night_introspective"""":0.75,""""night_clear_lonely"""":0.7}""",city_to_inner_room,0.85,冷调合成器与急促节奏交织，都市夜晚的躁动与疏离感
Say You Love Me feat. Tamala,西原健一郎,warm;nostalgic;sensual,soft_synth;jazz_brush;vocal_breath;acoustic,,0.4,0.55,0.45,0.7,0.4,0.6,0.5,en,1,jazz_hop,"""{""""evening_city_walk"""":0.85,""""afternoon_warm_idle"""":0.8,""""work_focus_low_vocal"""":0.75}""",city_to_inner_room,0.85,西原健一郎标志性的爵士嘻哈风格，温暖柔和的合成器与刷擦鼓点，搭配 Tamala 慵懒声线，营造出怀旧而感性的都市氛围
Do You Want My Love (radio edit),李玟,warm;hopeful;urban,soft_synth;vocal_breath;electric_distant,,0.6,0.65,0.55,0.6,0.6,0.8,0.5,en,1,dance_pop,"""{""""evening_city_walk"""":0.8,""""weekend_slow"""":0.7,""""user_requested_explore"""":0.65}""",city_to_inner_room,0.85,李玟的活力声线搭配软合成器与电子元素，都市感强，温暖而充满希望
散场的拥抱,倪安东,melancholic;bittersweet;nostalgic,piano;string;vocal_breath;reverb_heavy,,0.4,0.4,0.5,0.5,0.3,0.7,0.75,zh,1,mandopop,"""{""""evening_city_walk"""":0.8,""""night_rain_humid"""":0.75,""""deep_night_introspective"""":0.7}""",afterglow_fading,0.85,钢琴与弦乐铺底，倪安东深情嗓音演绎分手后的苦涩与怀念，情感沉重但能量中等
The Evil Empire (feat. Ben Vince),Jay Glass Dubs,restrained;detached;unresolved,ambient_pad;cold_synth;minimal;field_recording,,0.2,0.2,0.3,0.2,0.15,0,0.7,instrumental,0,ambient_dub,"""{""""deep_night_introspective"""":0.85,""""night_rain_humid"""":0.8,""""work_focus_low_vocal"""":0.75}""",fade_into_inner_space,0.85,冷调氛围垫与田野录音交织，极简而疏离，如同帝国废墟中的回响
Entrance,Doon Kanda,dreamy;misty;detached,ambient_pad;cold_synth;reverb_heavy;minimal,,0.2,0.3,0.25,0.3,0.1,0,0.6,instrumental,0,ambient,"""{""""deep_night_introspective"""":0.85,""""night_clear_lonely"""":0.8,""""work_focus_low_vocal"""":0.75}""",fade_into_inner_space,0.85,冷调合成器与深远混响营造出梦幻而疏离的氛围，极简结构适合深夜内省
River Full of Liquor,Leon Else,melancholic;restless;bittersweet,piano;vocal_breath;reverb_heavy,,0.4,0.35,0.5,0.4,0.4,0.7,0.75,en,1,indie_pop,"""{""""deep_night_introspective"""":0.85,""""night_rain_humid"""":0.8,""""evening_city_walk"""":0.75}""",fade_into_inner_space,0.85,钢琴驱动的忧郁独立流行，人声充满情感重量与不安的怀旧感
Us,A COLORS SHOW - FKJ,warm;dreamy;sensual,soft_synth;ambient_pad;vocal_breath;electric_distant,,0.35,0.5,0.4,0.7,0.3,0.6,0.5,en,1,electronic,"""{""""evening_city_walk"""":0.85,""""deep_night_introspective"""":0.8,""""work_focus_low_vocal"""":0.75}""",city_to_inner_room,0.9,FKJ 的温暖人声与软合成器营造出梦幻而感性的氛围，适合夜晚都市漫步
Big Poe (feat. Sk8brd),"""Tyler, The Creator""",restless;urban;unresolved,electric_distant;soft_synth;vocal_breath,,0.65,0.55,0.6,0.4,0.6,0.7,0.5,en,1,alternative_hip_hop,"""{""""evening_city_walk"""":0.8,""""deep_night_introspective"""":0.7,""""user_requested_explore"""":0.75}""",city_to_inner_room,0.85,Tyler 的另类嘻哈风格，电子感合成器与不安的节奏，都市夜晚的探索感
最好的时光,安溥 anpu,nostalgic;warm;bittersweet,acoustic;vocal_breath;string;reverb_heavy,,0.35,0.5,0.4,0.6,0.3,0.65,0.7,zh,1,singer_songwriter,"""{""""evening_city_walk"""":0.8,""""morning_cloudy_slow"""":0.75,""""weekend_slow"""":0.7}""",afterglow_fading,0.85,安溥温暖而略带沙哑的声线，木吉他与人声交织出怀旧与感伤的时光感
"""눈, 코, 입""",TAEYANG,nostalgic;warm;bittersweet,piano;string;vocal_breath;soft_synth,,0.45,0.5,0.5,0.65,0.4,0.7,0.7,ko,1,k_pop,"""{""""evening_city_walk"""":0.8,""""night_clear_lonely"""":0.75,""""weekend_slow"""":0.7}""",slow_opening,0.85,TAEYANG 的深情 R&B 抒情曲，钢琴与弦乐交织，怀旧而温暖，人声充满情感重量
Nee Joh,Eefje de Visser,dreamy;misty;restrained,soft_synth;ambient_pad;vocal_breath;reverb_heavy,,0.35,0.4,0.4,0.5,0.3,0.6,0.55,nl,1,art_pop,"""{""""morning_cloudy_slow"""":0.8,""""evening_city_walk"""":0.75,""""deep_night_introspective"""":0.7}""",soft_focus_work,0.85,梦幻合成器与轻柔人声交织，营造朦胧而克制的氛围，适合阴天或内省时刻
Breathing,Oscar and the Wolf,dreamy;melancholic;restrained,soft_synth;reverb_heavy;vocal_breath;electric_distant,,0.4,0.4,0.45,0.5,0.35,0.6,0.65,en,1,dream_pop,"""{""""evening_city_walk"""":0.8,""""deep_night_introspective"""":0.75,""""night_clear_lonely"""":0.7}""",city_to_inner_room,0.85,梦幻合成器与深远混响，人声克制而忧郁，营造出都市夜晚的内省氛围
Vibe,MELVV,dreamy;warm;nostalgic,soft_synth;lofi_dust;ambient_pad,,0.3,0.5,0.35,0.6,0.25,0,0.4,instrumental,0,lo_fi,"""{""""work_focus_low_vocal"""":0.85,""""morning_cloudy_slow"""":0.8,""""evening_city_walk"""":0.75}""",soft_focus_work,0.85,温暖的 lo-fi 氛围，软合成器与轻度失真纹理营造出梦幻怀旧的质感
臭小孩,戴佩妮,restless;urban;bittersweet,acoustic;vocal_breath;electric_distant,,0.45,0.4,0.5,0.35,0.5,0.7,0.6,zh,1,mandopop,"""{""""evening_city_walk"""":0.75,""""deep_night_introspective"""":0.7,""""work_focus_low_vocal"""":0.65}""",city_to_inner_room,0.85,戴佩妮的创作带有都市生活的躁动与苦涩，木吉他与电声交织，人声充满叙事感
Footprints in the Sand,Claude Fontaine,nostalgic;warm;bittersweet,acoustic;jazz_brush;vocal_breath;string,,0.35,0.5,0.4,0.7,0.3,0.6,0.65,en,1,jazz,"""{""""evening_city_walk"""":0.8,""""afternoon_warm_idle"""":0.75,""""weekend_slow"""":0.7}""",slow_opening,0.85,温暖的爵士风格，木吉他与人声交织，怀旧而略带苦涩的质感
Breakfast In Bed,Ella Mai,warm;sensual;nostalgic,acoustic;jazz_brush;vocal_breath;soft_synth,,0.35,0.55,0.4,0.7,0.4,0.75,0.5,en,1,r&b,"""{""""morning_clear_light"""":0.8,""""afternoon_warm_idle"""":0.75,""""weekend_slow"""":0.85}""",soft_focus_work,0.85,Ella Mai 的温暖声线搭配爵士刷和软合成器，营造慵懒亲密的晨间氛围
February Song,Melissa Polinar / John Splithoff,warm;nostalgic;bittersweet,acoustic;vocal_breath;string;soft_synth,,0.35,0.5,0.4,0.7,0.3,0.65,0.6,en,1,singer_songwriter,"""{""""morning_cloudy_slow"""":0.8,""""evening_city_walk"""":0.75,""""weekend_slow"""":0.7}""",slow_opening,0.85,温暖的原声吉他与人声，略带怀旧与苦涩的抒情质感，适合慢节奏场景
雾,张亚东,misty;introspective;restrained,ambient_pad;cold_synth;minimal;reverb_heavy,,0.2,0.3,0.25,0.35,0.15,0,0.7,instrumental,0,ambient,"""{""""work_focus_low_vocal"""":0.85,""""deep_night_introspective"""":0.8,""""night_rain_humid"""":0.75}""",fade_into_inner_space,0.9,冷调氛围合成器与深远混响，营造出朦胧、内省且克制的声景
Fall Out,John Turville,introspective;restrained;melancholic,piano;minimal;cinematic,,0.15,0.3,0.2,0.35,0.1,0,0.75,instrumental,0,modern_classical,"""{""""work_focus_low_vocal"""":0.85,""""deep_night_introspective"""":0.8,""""night_rain_humid"""":0.75}""",slow_opening,0.9,极简钢琴独奏，缓慢而克制，充满内省与忧郁的质感
conventional ride,Marika Hackman,melancholic;restrained;bittersweet,acoustic;vocal_breath;minimal,,0.3,0.35,0.4,0.45,0.25,0.6,0.7,en,1,indie_folk,"""{""""deep_night_introspective"""":0.85,""""night_rain_humid"""":0.8,""""work_focus_low_vocal"""":0.75}""",fade_into_inner_space,0.85,木吉他与人声交织，克制而忧郁的独立民谣，带有淡淡的苦涩感
PICK ME,PRODUCE 48,restless;urban;hopeful,soft_synth;vocal_breath;electric_distant,,0.7,0.65,0.6,0.5,0.7,0.8,0.4,ko,1,k_pop,"""{""""evening_city_walk"""":0.55,""""user_requested_explore"""":0.5,""""work_focus_low_vocal"""":0.4}""",city_to_inner_room,0.8,选秀节目主题曲，充满活力的合成器与合唱人声，但带有偶像工业的标准化质感
芳香,Beatsound,dreamy;warm;nostalgic,soft_synth;ambient_pad;lofi_dust,,0.3,0.5,0.35,0.65,0.25,0,0.45,instrumental,0,lo_fi,"""{""""work_focus_low_vocal"""":0.85,""""morning_cloudy_slow"""":0.8,""""afternoon_warm_idle"""":0.75}""",soft_focus_work,0.85,温暖的 lo-fi 氛围，软合成器与轻度失真营造出梦幻怀旧的质感
Adore You,Jessie Ware,warm;sensual;hopeful,soft_synth;vocal_breath;jazz_brush;string,,0.6,0.65,0.55,0.7,0.6,0.75,0.5,en,1,pop_soul,"""{""""evening_city_walk"""":0.85,""""afternoon_warm_idle"""":0.8,""""weekend_slow"""":0.75}""",city_to_inner_room,0.85,温暖灵魂流行，Jessie Ware 的性感声线搭配合成器与爵士刷，充满希望与亲密感
Cold Pray,5mg,melancholic;restrained;lonely,piano;reverb_heavy;minimal,,0.2,0.25,0.3,0.3,0.15,0,0.8,instrumental,0,modern_classical,"""{""""deep_night_introspective"""":0.85,""""night_rain_humid"""":0.8,""""work_focus_low_vocal"""":0.75}""",afterglow_fading,0.85,极简钢琴与沉重混响，营造出寒冷、克制而孤独的沉思氛围
Diet Pepsi,Addison Rae,urban;nostalgic;hopeful,soft_synth;vocal_breath;electric_distant,,0.55,0.6,0.5,0.5,0.5,0.7,0.4,en,1,pop,"""{""""evening_city_walk"""":0.8,""""work_focus_low_vocal"""":0.7,""""user_requested_explore"""":0.6}""",city_to_inner_room,0.8,现代流行曲风，轻快的合成器与人声营造出都市怀旧与期待感
Conocidos,Y La Bamba,dreamy;melancholic;bittersweet,acoustic;vocal_breath;reverb_heavy;ambient_pad,,0.35,0.4,0.4,0.55,0.3,0.6,0.65,en,1,indie_folk,"""{""""evening_city_walk"""":0.8,""""deep_night_introspective"""":0.75,""""night_rain_humid"""":0.7}""",fade_into_inner_space,0.85,木吉他与人声交织，混响营造梦幻而略带忧伤的氛围，适合夜晚内省
unjust life,ANANT-GARDE EYES,melancholic;lonely;restrained,piano;string;minimal;reverb_heavy,,0.2,0.3,0.35,0.3,0.15,0,0.8,instrumental,0,modern_classical,"""{""""deep_night_introspective"""":0.9,""""night_rain_humid"""":0.85,""""work_focus_low_vocal"""":0.8}""",afterglow_fading,0.9,钢琴与弦乐交织的极简配乐，沉重而克制的悲伤，如同不公命运的无声叹息
シンプル・ラブ,大橋純子,warm;nostalgic;hopeful,soft_synth;vocal_breath;string,,0.45,0.55,0.5,0.65,0.45,0.7,0.55,ja,1,city_pop,"""{""""evening_city_walk"""":0.85,""""afternoon_warm_idle"""":0.8,""""weekend_slow"""":0.75}""",city_to_inner_room,0.85,大橋純子温暖的人声与合成器编排，充满怀旧与希望的都市流行质感
Piazzolla: Libertango (Orch. Milone),Alison Balsom,restless;sensual;unresolved,cinematic;string;cold_synth;electric_distant,,0.6,0.55,0.65,0.4,0.7,0,0.6,instrumental,0,classical_crossover,"""{""""evening_city_walk"""":0.8,""""deep_night_introspective"""":0.7,""""user_requested_explore"""":0.75}""",city_to_inner_room,0.85,皮亚佐拉探戈的激情与弦乐编排的冷峻交织，小号演绎带来都市感与未解张力
Forever Young,艾怡良,nostalgic;bittersweet;hopeful,piano;string;vocal_breath,,0.45,0.5,0.5,0.6,0.35,0.7,0.75,zh,1,mandopop,"""{""""evening_city_walk"""":0.8,""""deep_night_introspective"""":0.75,""""weekend_slow"""":0.7}""",slow_opening,0.9,艾怡良深情的嗓音与钢琴弦乐编排，怀旧中带着苦涩与希望，能量略低于《红豆》
猪老三,何大河(Dahe He),nostalgic;warm;bittersweet,acoustic;vocal_breath;minimal,,0.35,0.5,0.4,0.6,0.3,0.7,0.65,zh,1,folk,"""{""""evening_city_walk"""":0.8,""""weekend_slow"""":0.75,""""night_clear_lonely"""":0.7}""",slow_opening,0.85,何大河粗粝而真挚的民谣声线，木吉他伴奏，怀旧中带着温暖的苦涩
MADELINE,INJI,urban;restless;hopeful,soft_synth;vocal_breath;electric_distant,,0.6,0.65,0.55,0.5,0.6,0.75,0.45,en,1,electropop,"""{""""evening_city_walk"""":0.8,""""user_requested_explore"""":0.75,""""work_focus_low_vocal"""":0.65}""",city_to_inner_room,0.85,都市感电子流行，合成器与清晰人声交织，带有不安但充满希望的律动
Never Say Never,The Fray,melancholic;bittersweet;restrained,piano;string;vocal_breath,,0.4,0.4,0.5,0.5,0.3,0.6,0.7,en,1,alternative_rock,"""{""""evening_city_walk"""":0.8,""""deep_night_introspective"""":0.75,""""work_focus_low_vocal"""":0.7}""",slow_opening,0.85,钢琴驱动的另类摇滚，克制而忧伤的声线传递出苦涩与怀旧交织的情绪
Eden 1.1,Croatian Amor,dreamy;misty;detached,ambient_pad;field_recording;minimal;cold_synth,,0.2,0.3,0.25,0.35,0.1,0,0.6,instrumental,0,ambient,"""{""""work_focus_low_vocal"""":0.85,""""deep_night_introspective"""":0.8,""""morning_cloudy_slow"""":0.75}""",soft_focus_work,0.85,Croatian Amor 的极简氛围声景，冷调合成器与田野录音交织，朦胧而疏离
Sinner's Prayer,Maureen Choi Quartet,restrained;bittersweet;melancholic,string;jazz_brush;acoustic;cinematic,,0.35,0.4,0.5,0.55,0.3,0,0.7,instrumental,0,jazz,"""{""""evening_city_walk"""":0.8,""""deep_night_introspective"""":0.75,""""night_rain_humid"""":0.7}""",city_to_inner_room,0.85,爵士四重奏，弦乐与刷鼓营造克制而苦涩的夜晚氛围
少女的祈禱 - Live,楊千嬅,nostalgic;bittersweet;warm,piano;vocal_breath;string,,0.35,0.45,0.4,0.6,0.3,0.7,0.65,zh,1,cantopop,"""{""""evening_city_walk"""":0.8,""""weekend_slow"""":0.75,""""night_rain_humid"""":0.7}""",slow_opening,0.85,现场版钢琴与弦乐伴奏，楊千嬅温暖而略带苦涩的声线，唤起怀旧与感伤
Sakamoto: Theme from Merry Christmas Mr.Lawrence,Craig Owen and Greg Scot,introspective;melancholic;restrained,piano;cinematic;minimal,,0.1,0.3,0.15,0.4,0.1,0,0.85,instrumental,0,modern_classical,"""{""""work_focus_low_vocal"""":0.9,""""deep_night_introspective"""":0.85,""""night_rain_humid"""":0.8}""",slow_opening,0.95,翻奏版本忠实于原曲的极简钢琴独奏，缓慢而克制，充满内省与留白
one of wun,Gunna,urban;restless;hopeful,soft_synth;electric_distant;vocal_breath,,0.55,0.5,0.6,0.45,0.6,0.8,0.5,en,1,trap,"""{""""evening_city_walk"""":0.8,""""deep_night_introspective"""":0.7,""""user_requested_explore"""":0.75}""",city_to_inner_room,0.85,Gunna 的 trap 风格，合成器与鼓点营造都市感，人声主导但带有内省与希望
Open Your Heart,金子隆博,warm;hopeful;clear,acoustic;jazz_brush;string;soft_synth,,0.4,0.6,0.5,0.7,0.45,0,0.5,instrumental,0,jazz,"""{""""morning_clear_light"""":0.85,""""afternoon_warm_idle"""":0.8,""""work_focus_low_vocal"""":0.75}""",soft_focus_work,0.85,温暖的爵士器乐，木吉他、弦乐与软合成器交织，明亮而充满希望
Automatic,宇多田光,urban;restrained;nostalgic,soft_synth;vocal_breath;electric_distant,,0.45,0.5,0.5,0.45,0.5,0.7,0.55,ja,1,j_pop,"""{""""evening_city_walk"""":0.8,""""deep_night_introspective"""":0.75,""""work_focus_low_vocal"""":0.7}""",city_to_inner_room,0.85,宇多田光的都市感R&B，电子合成器与人声交织，克制中带怀旧情绪
Boulevard of Broken Dreams,Green Day,lonely;melancholic;restless,electric_distant;reverb_heavy;acoustic,,0.45,0.3,0.5,0.35,0.4,0.7,0.75,en,1,alternative_rock,"""{""""night_clear_lonely"""":0.85,""""deep_night_introspective"""":0.8,""""evening_city_walk"""":0.75}""",city_to_inner_room,0.9,Green Day 的另类摇滚经典，失落的情绪与空旷的吉他音色营造出孤独而内省的氛围
Pinata,Montgomery,warm;nostalgic;bittersweet,acoustic;string;vocal_breath,,0.35,0.5,0.4,0.6,0.3,0.5,0.6,en,1,indie_folk,"""{""""morning_clear_light"""":0.8,""""afternoon_warm_idle"""":0.75,""""weekend_slow"""":0.7}""",soft_focus_work,0.85,温暖的木吉他与人声，带有怀旧与淡淡的苦涩，适合悠闲的午后
Sea of Me,Black Swan Lane,melancholic;introspective;restrained,reverb_heavy;electric_distant;ambient_pad,,0.35,0.3,0.45,0.4,0.3,0.5,0.75,en,1,dream_pop,"""{""""deep_night_introspective"""":0.85,""""night_rain_humid"""":0.8,""""work_focus_low_vocal"""":0.7}""",fade_into_inner_space,0.85,梦幻流行风格，深远混响与电吉他营造出内省而忧郁的氛围，人声漂浮在声景中
Not Like Us,Kendrick Lamar,restless;urban;unresolved,electric_distant;cold_synth;reverb_heavy,,0.7,0.4,0.7,0.3,0.8,0.9,0.6,en,1,hip_hop,"""{""""evening_city_walk"""":0.5,""""deep_night_introspective"""":0.4,""""user_requested_explore"""":0.5}""",city_to_inner_room,0.85,Kendrick Lamar 的激烈说唱与冷峻制作，充满都市不安与未解张力
I'm In Here (Piano / Vocal Version),Sia,introspective;melancholic;restrained,piano;vocal_breath;reverb_heavy;minimal,,0.25,0.3,0.3,0.4,0.15,0.7,0.8,en,1,art_pop,"""{""""deep_night_introspective"""":0.85,""""night_rain_humid"""":0.8,""""work_focus_low_vocal"""":0.75}""",fade_into_inner_space,0.9,钢琴与人声的极简版本，Sia 脆弱而克制的声线充满内省与忧郁，混响营造出孤独的空间感
Girls Like,Tinie Tempah,urban;restless;hopeful,soft_synth;electric_distant;vocal_breath,,0.65,0.6,0.55,0.5,0.7,0.8,0.4,en,1,uk_hip_hop,"""{""""evening_city_walk"""":0.8,""""user_requested_explore"""":0.7,""""work_focus_low_vocal"""":0.6}""",city_to_inner_room,0.85,都市感强烈的英国嘻哈，合成器与节奏驱动，充满活力与期待
When You Believe - from The Prince of Egypt,Whitney Houston,hopeful;warm;nostalgic,string;vocal_breath;cinematic;piano,,0.6,0.65,0.6,0.7,0.4,0.85,0.75,en,1,pop,"""{""""morning_clear_light"""":0.8,""""evening_city_walk"""":0.75,""""weekend_slow"""":0.7}""",slow_opening,0.9,Whitney Houston 的强大人声与弦乐编排，传递出希望与温暖的史诗感
漂着,杨乃文,melancholic;lonely;restrained,piano;string;vocal_breath;reverb_heavy,,0.3,0.3,0.4,0.35,0.2,0.6,0.75,zh,1,mandopop,"""{""""deep_night_introspective"""":0.85,""""night_rain_humid"""":0.8,""""evening_city_walk"""":0.75}""",fade_into_inner_space,0.9,杨乃文冷冽的声线配合钢琴与弦乐，营造出漂泊孤寂的深夜氛围
Buddy,Du Blonde,restless;urban;bittersweet,electric_distant;vocal_breath;soft_synth,,0.6,0.5,0.55,0.4,0.55,0.7,0.5,en,1,indie_rock,"""{""""evening_city_walk"""":0.8,""""deep_night_introspective"""":0.7,""""user_requested_explore"""":0.65}""",city_to_inner_room,0.85,Du Blonde 的独立摇滚风格，带有都市不安与苦涩的质感，人声突出且节奏感适中
Ghostride,Crumb,dreamy;urban;restless,soft_synth;reverb_heavy;electric_distant;lofi_dust,,0.45,0.5,0.55,0.45,0.5,0.6,0.5,en,1,psychedelic_pop,"""{""""evening_city_walk"""":0.85,""""deep_night_introspective"""":0.8,""""work_focus_low_vocal"""":0.75}""",city_to_inner_room,0.9,迷幻合成器与慵懒人声交织，都市夜晚的游离与不安
Give It Up,Nude,urban;restless;unresolved,soft_synth;cold_synth;electric_distant,,0.6,0.5,0.55,0.4,0.6,0,0.5,instrumental,0,synthpop,"""{""""evening_city_walk"""":0.8,""""deep_night_introspective"""":0.75,""""work_focus_low_vocal"""":0.7}""",city_to_inner_room,0.85,冷调合成器与都市节奏，带来不安与未解决的律动感
Asmr,Only Fire,dreamy;sensual;restrained,vocal_breath;ambient_pad;reverb_heavy;minimal,,0.2,0.3,0.25,0.5,0.1,0.9,0.4,en,1,ambient_pop,"""{""""deep_night_introspective"""":0.8,""""night_clear_lonely"""":0.75,""""work_focus_low_vocal"""":0.7}""",fade_into_inner_space,0.85,以轻柔人声呼吸和氛围垫音为主，营造梦幻而克制的亲密感，适合深夜内省场景
ANXIETY PANORAMA,La Dispute,restless;melancholic;unresolved,electric_distant;reverb_heavy;vocal_breath,,0.6,0.3,0.7,0.2,0.65,0.8,0.85,en,1,post_hardcore,"""{""""deep_night_introspective"""":0.55,""""night_rain_humid"""":0.5,""""work_focus_low_vocal"""":0.4}""",late_night_descent,0.85,紧张不安的朗诵式人声与失真吉他，充满未解决的焦虑感
Bleed,Malcolm Todd / Omar Apollo,melancholic;restrained;unresolved,soft_synth;vocal_breath;reverb_heavy,,0.35,0.3,0.4,0.35,0.3,0.6,0.7,en,1,indie_r&b,"""{""""deep_night_introspective"""":0.85,""""night_rain_humid"""":0.8,""""evening_city_walk"""":0.75}""",fade_into_inner_space,0.85,柔软合成器与呼吸感人声交织，情绪克制而悬而未决，适合深夜内省场景
「亜麻色の髪の乙女」,葉加瀬太郎,warm;nostalgic;clear,string;acoustic;cinematic,,0.3,0.6,0.4,0.7,0.25,0,0.5,instrumental,0,classical_crossover,"""{""""morning_clear_light"""":0.85,""""afternoon_warm_idle"""":0.8,""""work_focus_low_vocal"""":0.75}""",slow_opening,0.9,小提琴与弦乐编织的温暖旋律，明亮而怀旧，充满古典跨界质感
ave maria,Chouchou,introspective;melancholic;restrained,piano;ambient_pad;minimal;vocal_breath,,0.15,0.25,0.2,0.35,0.1,0.4,0.8,en,1,ambient,"""{""""deep_night_introspective"""":0.9,""""night_rain_humid"""":0.85,""""work_focus_low_vocal"""":0.8}""",afterglow_fading,0.9,极简钢琴与空灵人声交织，冷调氛围中充满内省与克制的情感重量
Angel by the Wings,Sia,hopeful;restless;bittersweet,soft_synth;vocal_breath;cinematic,,0.65,0.6,0.6,0.5,0.55,0.85,0.7,en,1,art_pop,"""{""""evening_city_walk"""":0.8,""""deep_night_introspective"""":0.75,""""user_requested_explore"""":0.7}""",city_to_inner_room,0.85,Sia 标志性的高亢人声与合成器编排，在希望与不安间摇摆，适合都市夜晚的探索感
SmttnKttns,Housewives,restless;urban;unresolved,electric_distant;cold_synth;reverb_heavy,,0.6,0.35,0.55,0.3,0.6,0,0.5,instrumental,0,post_punk,"""{""""evening_city_walk"""":0.8,""""deep_night_introspective"""":0.7,""""user_requested_explore"""":0.65}""",city_to_inner_room,0.8,冷调合成器与遥远电吉他，营造都市夜晚的不安与疏离感
Overnight Phenomenon,W. H. Lung,urban;restless;nostalgic,soft_synth;electric_distant;reverb_heavy;cold_synth,,0.6,0.45,0.55,0.4,0.6,0.5,0.5,en,1,synthpop,"""{""""evening_city_walk"""":0.85,""""deep_night_introspective"""":0.75,""""user_requested_explore"""":0.7}""",city_to_inner_room,0.85,合成器驱动的都市感节奏，人声疏离，带有怀旧与不安的夜晚氛围
呐喊 Kent be delivered to...,蜜汁叉烧,restless;melancholic;unresolved,electric_distant;reverb_heavy;cold_synth,,0.6,0.3,0.65,0.25,0.5,0.7,0.75,zh,1,alternative_rock,"""{""""deep_night_introspective"""":0.8,""""night_rain_humid"""":0.7,""""evening_city_walk"""":0.65}""",city_to_inner_room,0.75,电吉他失真与混响营造不安氛围，人声充满未解情绪，能量中等偏上
Fotografiet,Mats Eilertsen Trio,introspective;restrained;melancholic,piano;acoustic;minimal;cinematic,,0.25,0.35,0.3,0.45,0.2,0,0.7,instrumental,0,jazz,"""{""""work_focus_low_vocal"""":0.85,""""deep_night_introspective"""":0.8,""""night_rain_humid"""":0.75}""",slow_opening,0.9,北欧爵士三重奏，钢琴与低音提琴的克制对话，内省而略带忧郁的质感
Amend,The Slow Show,melancholic;restrained;bittersweet,piano;string;vocal_breath;reverb_heavy,,0.2,0.3,0.4,0.35,0.2,0.5,0.8,en,1,indie_folk,"""{""""deep_night_introspective"""":0.85,""""night_rain_humid"""":0.8,""""work_focus_low_vocal"""":0.75}""",fade_into_inner_space,0.9,钢琴与弦乐铺底，人声低沉克制，充满忧郁与未尽的苦涩感
Luv (Sic) Pt2,Shing02,nostalgic;dreamy;hopeful,lofi_dust;soft_synth;jazz_brush;vocal_breath,,0.45,0.5,0.5,0.6,0.5,0.7,0.6,en,1,jazz_hop,"""{""""evening_city_walk"""":0.85,""""deep_night_introspective"""":0.8,""""work_focus_low_vocal"""":0.75}""",city_to_inner_room,0.9,Shing02 的流畅说唱与 Nujabes 的爵士采样、lo-fi 质感交织，营造出怀旧而梦幻的都市夜晚氛围
Divine Failure,Elsooyer,melancholic;restrained;bittersweet,piano;reverb_heavy;minimal;vocal_breath,,0.25,0.3,0.35,0.3,0.2,0.4,0.75,en,1,art_pop,"""{""""deep_night_introspective"""":0.85,""""night_rain_humid"""":0.8,""""work_focus_low_vocal"""":0.7}""",fade_into_inner_space,0.85,钢琴主导的脆弱人声，混响厚重，情绪克制而悲伤，带有失败与遗憾的质感
Kids,Pat Dam Smyth,nostalgic;warm;hopeful,acoustic;vocal_breath;string,,0.45,0.55,0.4,0.6,0.35,0.7,0.55,en,1,folk_pop,"""{""""morning_clear_light"""":0.8,""""afternoon_warm_idle"""":0.75,""""weekend_slow"""":0.7}""",slow_opening,0.85,温暖的木吉他与人声，怀旧而充满希望，适合轻松闲适的场景
Rodrigo: Concierto de Aranjuez: II. Adagio,Joaquín Rodrigo,melancholic;nostalgic;restrained,acoustic;string;cinematic;minimal,,0.2,0.35,0.3,0.5,0.15,0,0.8,instrumental,0,classical,"""{""""deep_night_introspective"""":0.9,""""night_rain_humid"""":0.85,""""work_focus_low_vocal"""":0.8}""",slow_opening,0.95,古典吉他协奏曲的慢板乐章，弦乐与吉他交织出深沉而克制的怀旧与忧伤
すみれ September Love(2006リマスタリング),一風堂,nostalgic;warm;dreamy,soft_synth;acoustic;string;vocal_breath,,0.4,0.55,0.5,0.65,0.45,0.6,0.55,ja,1,city_pop,"""{""""evening_city_walk"""":0.85,""""afternoon_warm_idle"""":0.8,""""weekend_slow"""":0.75}""",city_to_inner_room,0.85,经典City Pop，温暖合成器与弦乐交织，怀旧而梦幻的夏日氛围
Gwendolen,Hail the Ghost,introspective;melancholic;restrained,piano;reverb_heavy;minimal,,0.25,0.3,0.35,0.4,0.15,0,0.75,instrumental,0,modern_classical,"""{""""work_focus_low_vocal"""":0.85,""""deep_night_introspective"""":0.8,""""night_rain_humid"""":0.75}""",slow_opening,0.9,极简钢琴与深远混响，克制而内省，带有淡淡的忧郁质感
Embark,Electric Litany,dreamy;restrained;hopeful,soft_synth;ambient_pad;reverb_heavy;electric_distant,,0.3,0.4,0.35,0.5,0.25,0,0.55,instrumental,0,ambient,"""{""""morning_cloudy_slow"""":0.85,""""work_focus_low_vocal"""":0.8,""""deep_night_introspective"""":0.75}""",soft_focus_work,0.85,柔和的合成器与深远混响营造出梦幻而克制的氛围，适合专注或内省场景
Roll,Helge Lien Trio,restrained;introspective;clear,piano;acoustic;minimal,,0.25,0.4,0.3,0.5,0.2,0,0.6,instrumental,0,jazz,"""{""""work_focus_low_vocal"""":0.85,""""deep_night_introspective"""":0.8,""""morning_cloudy_slow"""":0.75}""",soft_focus_work,0.85,北欧爵士钢琴三重奏，克制而清晰的旋律线条，适合专注与内省场景
Vågner,Bremer/McCoy,dreamy;misty;restrained,piano;ambient_pad;minimal;field_recording,,0.2,0.35,0.25,0.5,0.15,0,0.6,instrumental,0,ambient_jazz,"""{""""morning_cloudy_slow"""":0.85,""""work_focus_low_vocal"""":0.8,""""deep_night_introspective"""":0.75}""",soft_focus_work,0.85,极简钢琴与氛围铺垫，带有田野录音的自然质感，朦胧而克制
Nefertiti,Malihini,dreamy;warm;nostalgic,acoustic;soft_synth;vocal_breath;reverb_heavy,,0.3,0.5,0.4,0.6,0.25,0.4,0.5,en,1,dream_pop,"""{""""morning_cloudy_slow"""":0.8,""""evening_city_walk"""":0.75,""""work_focus_low_vocal"""":0.7}""",soft_focus_work,0.85,梦幻流行风格，温暖的人声与混响营造出怀旧而朦胧的氛围
Arrival in Nara,Alt-J,introspective;bittersweet;restrained,piano;ambient_pad;field_recording;minimal,,0.25,0.3,0.35,0.4,0.2,0,0.7,instrumental,0,art_rock,"""{""""work_focus_low_vocal"""":0.85,""""deep_night_introspective"""":0.8,""""morning_cloudy_slow"""":0.75}""",slow_opening,0.85,钢琴与氛围音景交织，带有田野录音的质感，内省而克制，情感深沉但不过度渲染
He Films The Clouds Pt. 2,Maybeshewill,restless;melancholic;unresolved,electric_distant;cinematic;reverb_heavy,,0.6,0.35,0.7,0.3,0.55,0,0.75,instrumental,0,post_rock,"""{""""evening_city_walk"""":0.8,""""deep_night_introspective"""":0.85,""""night_rain_humid"""":0.75}""",city_to_inner_room,0.85,后摇滚器乐，失真电吉他+电影感铺底，躁动不安中带着忧郁与未解的情绪
Cheapest Flight,PREP,urban;nostalgic;hopeful,soft_synth;electric_distant;vocal_breath;jazz_brush,,0.45,0.55,0.5,0.6,0.5,0.7,0.5,en,1,jazz_pop,"""{""""evening_city_walk"""":0.85,""""work_focus_low_vocal"""":0.7,""""afternoon_warm_idle"""":0.75}""",city_to_inner_room,0.85,PREP 的都市流行爵士风格，软合成器与轻快节奏营造出怀旧而温暖的氛围
证据,杨乃文,restless;melancholic;bittersweet,electric_distant;reverb_heavy;vocal_breath,,0.6,0.4,0.55,0.35,0.5,0.75,0.7,zh,1,alternative_rock,"""{""""evening_city_walk"""":0.8,""""deep_night_introspective"""":0.75,""""night_clear_lonely"""":0.7}""",city_to_inner_room,0.85,杨乃文冷冽的声线与失真电吉他交织，营造出不安与苦涩交织的都市夜晚氛围
Little Noise,Abigail Lapell,introspective;melancholic;restrained,acoustic;vocal_breath;minimal,,0.25,0.35,0.3,0.5,0.2,0.6,0.7,en,1,folk,"""{""""deep_night_introspective"""":0.85,""""work_focus_low_vocal"""":0.8,""""night_rain_humid"""":0.75}""",slow_opening,0.85,简约的民谣编配，人声轻柔克制，营造内省而略带忧郁的氛围
你倫敦我紐約,藍奕邦,urban;nostalgic;bittersweet,piano;string;vocal_breath;reverb_heavy,,0.4,0.45,0.5,0.5,0.35,0.65,0.7,zh,1,mandopop,"""{""""evening_city_walk"""":0.85,""""deep_night_introspective"""":0.8,""""night_clear_lonely"""":0.75}""",city_to_inner_room,0.85,钢琴与弦乐交织，蓝奕邦的声线带着都市漂泊的怀旧与苦涩，适合夜晚独处
Somebody That I Used To Know,Walk off the Earth,nostalgic;bittersweet;restrained,acoustic;vocal_breath;minimal,,0.35,0.4,0.35,0.5,0.3,0.6,0.7,en,1,indie_folk,"""{""""evening_city_walk"""":0.8,""""deep_night_introspective"""":0.75,""""work_focus_low_vocal"""":0.7}""",slow_opening,0.85,木吉他与人声为主的翻唱，克制而怀旧，带有淡淡的苦涩与回忆感
Attention,NewJeans,urban;restless;clear,soft_synth;electric_distant;vocal_breath,,0.65,0.6,0.55,0.45,0.7,0.75,0.4,en,1,k_pop,"""{""""evening_city_walk"""":0.85,""""user_requested_explore"""":0.75,""""work_focus_low_vocal"""":0.6}""",city_to_inner_room,0.85,NewJeans 的都市感流行曲，轻快节奏与清晰人声，带有不安分的律动
Saugerties Road,Datach'i,restless;urban;detached,cold_synth;electric_distant;grainy,,0.6,0.4,0.7,0.3,0.65,0,0.5,instrumental,0,electronic,"""{""""evening_city_walk"""":0.8,""""deep_night_introspective"""":0.7,""""work_focus_low_vocal"""":0.65}""",city_to_inner_room,0.85,冷调合成器与颗粒感音色，营造都市夜晚的疏离与不安定感
Manta,Lexie Liu,urban;restless;clear,soft_synth;cold_synth;vocal_breath;electric_distant,,0.6,0.55,0.6,0.4,0.65,0.75,0.45,zh,1,art_pop,"""{""""evening_city_walk"""":0.85,""""deep_night_introspective"""":0.75,""""user_requested_explore"""":0.7}""",city_to_inner_room,0.85,刘柏辛的电子流行，冷感合成器与都市节奏交织，清晰而略带不安的律动
Rewind,Wonder Girls,nostalgic;urban;hopeful,soft_synth;vocal_breath;electric_distant,,0.55,0.5,0.55,0.5,0.5,0.7,0.5,en,1,k_pop,"""{""""evening_city_walk"""":0.8,""""deep_night_introspective"""":0.7,""""user_requested_explore"""":0.65}""",city_to_inner_room,0.85,复古合成器与怀旧旋律，Wonder Girls 的都市感与希望交织
Wandering,Close Talker,introspective;melancholic;restless,electric_distant;reverb_heavy;minimal,,0.35,0.3,0.4,0.35,0.3,0,0.7,instrumental,0,post_rock,"""{""""deep_night_introspective"""":0.85,""""night_rain_humid"""":0.8,""""work_focus_low_vocal"""":0.75}""",fade_into_inner_space,0.85,空旷的电吉他混响与极简编排，营造出内省而略带不安的漂泊感
Timmy's Prayer,Sampha,introspective;melancholic;bittersweet,piano;vocal_breath;reverb_heavy;soft_synth,,0.35,0.4,0.5,0.5,0.3,0.75,0.7,en,1,alternative_rnb,"""{""""deep_night_introspective"""":0.85,""""night_rain_humid"""":0.8,""""work_focus_low_vocal"""":0.7}""",fade_into_inner_space,0.9,Sampha 脆弱而深情的人声搭配钢琴与氛围合成器，充满内省与苦涩的温柔
Spooky,Dusty Springfield,bittersweet;nostalgic;warm,string;jazz_brush;vocal_breath;acoustic,,0.4,0.55,0.5,0.65,0.4,0.7,0.6,en,1,pop,"""{""""evening_city_walk"""":0.8,""""weekend_slow"""":0.75,""""afternoon_warm_idle"""":0.7}""",slow_opening,0.85,Dusty Springfield 温暖而略带沙哑的声线搭配弦乐与爵士刷，营造出怀旧又略带苦涩的浪漫氛围
Experience?,Nilüfer Yanya,restless;unresolved;melancholic,electric_distant;vocal_breath;reverb_heavy;soft_synth,,0.45,0.35,0.5,0.4,0.5,0.6,0.65,en,1,indie_rock,"""{""""evening_city_walk"""":0.8,""""deep_night_introspective"""":0.75,""""work_focus_low_vocal"""":0.7}""",city_to_inner_room,0.85,电吉他失真与人声呼吸感交织，营造出不安而悬疑的都市情绪
Bloodshot (SRNO Remix),SRNO,restless;urban;bittersweet,soft_synth;electric_distant;reverb_heavy,,0.6,0.45,0.65,0.4,0.7,0,0.55,instrumental,0,electronic,"""{""""evening_city_walk"""":0.8,""""deep_night_introspective"""":0.75,""""work_focus_low_vocal"""":0.7}""",city_to_inner_room,0.85,电子 remix，合成器与混响营造都市夜晚的躁动与疏离感
Standing In Silence,Standing in Silence,introspective;melancholic;restrained,piano;ambient_pad;minimal,,0.15,0.25,0.2,0.3,0.1,0,0.8,instrumental,0,modern_classical,"""{""""deep_night_introspective"""":0.9,""""night_rain_humid"""":0.85,""""work_focus_low_vocal"""":0.8}""",afterglow_fading,0.9,极简钢琴与氛围垫音交织，静谧中透着内省与克制，适合深夜独处
Black Black Heart 2.0,David Usher,melancholic;restless;bittersweet,cold_synth;reverb_heavy;vocal_breath;electric_distant,,0.55,0.4,0.6,0.3,0.5,0.7,0.75,en,1,alternative_rock,"""{""""evening_city_walk"""":0.8,""""deep_night_introspective"""":0.85,""""night_rain_humid"""":0.75}""",city_to_inner_room,0.85,冷调合成器与沉重人声交织，充满不安与怀旧的都市夜晚情绪
As If (It Was All A Dream),Idan Morim,dreamy;nostalgic;bittersweet,ambient_pad;soft_synth;reverb_heavy;minimal,,0.25,0.35,0.3,0.5,0.2,0,0.65,instrumental,0,ambient,"""{""""deep_night_introspective"""":0.85,""""night_rain_humid"""":0.8,""""work_focus_low_vocal"""":0.75}""",fade_into_inner_space,0.85,梦幻般的氛围铺底，轻柔合成器与深远混响营造出怀旧而略带苦涩的梦境感
记忆移除,梁翘柏,melancholic;nostalgic;bittersweet,piano;string;vocal_breath;reverb_heavy,,0.35,0.4,0.5,0.5,0.3,0.6,0.7,zh,1,mandopop,"""{""""evening_city_walk"""":0.8,""""deep_night_introspective"""":0.75,""""night_rain_humid"""":0.7}""",slow_opening,0.85,钢琴与弦乐交织，梁翘柏的声线带着怀旧与苦涩，适合夜晚独处
I'm An Island,Seeker Lover Keeper,lonely;introspective;melancholic,piano;string;vocal_breath;minimal,,0.25,0.3,0.35,0.4,0.2,0.6,0.75,en,1,indie_folk,"""{""""deep_night_introspective"""":0.85,""""night_clear_lonely"""":0.8,""""work_focus_low_vocal"""":0.7}""",fade_into_inner_space,0.85,钢琴与弦乐铺垫的孤独感，人声轻柔而内省，如同岛屿般的疏离与沉思
Som En Faldskærm,Hvalfugl,dreamy;misty;restrained,ambient_pad;soft_synth;field_recording;minimal,,0.2,0.35,0.25,0.45,0.15,0,0.55,instrumental,0,ambient,"""{""""morning_cloudy_slow"""":0.85,""""work_focus_low_vocal"""":0.8,""""night_clear_lonely"""":0.75}""",soft_focus_work,0.85,朦胧的氛围声景，轻柔合成器与田野录音交织，内敛而梦幻
To My Benefitors,Jay Glass Dubs,introspective;restrained;melancholic,ambient_pad;minimal;cold_synth;field_recording,,0.2,0.3,0.25,0.3,0.15,0,0.7,instrumental,0,ambient_dub,"""{""""deep_night_introspective"""":0.85,""""night_rain_humid"""":0.8,""""work_focus_low_vocal"""":0.75}""",fade_into_inner_space,0.85,冷调氛围垫与田野录音交织，极简而内省，带有 dub 的疏离质感
Nothing Compares 2 U (Live),陈洁仪,melancholic;bittersweet;nostalgic,piano;vocal_breath;string;cinematic,,0.35,0.4,0.45,0.55,0.25,0.75,0.8,en,1,pop,"""{""""deep_night_introspective"""":0.85,""""evening_city_walk"""":0.8,""""night_rain_humid"""":0.75}""",afterglow_fading,0.9,陈洁仪现场演绎的经典情歌，钢琴与弦乐铺垫，人声充满情感重量与怀旧苦涩
他背对着时代的巨轮，在创造什么？,罗媛瑗,introspective;restrained;bittersweet,piano;minimal;reverb_heavy;vocal_breath,,0.25,0.3,0.35,0.4,0.2,0.5,0.75,zh,1,art_pop,"""{""""deep_night_introspective"""":0.85,""""work_focus_low_vocal"""":0.8,""""night_rain_humid"""":0.75}""",fade_into_inner_space,0.85,克制的人声与钢琴，混响营造内省空间，标题暗示对时代的疏离与创造性的孤独
Monster,Red Velvet - IRENE & SEULGI,urban;restless;sensual,soft_synth;cold_synth;electric_distant;vocal_breath,,0.6,0.5,0.65,0.4,0.6,0.75,0.55,en,1,k_pop,"""{""""evening_city_walk"""":0.85,""""deep_night_introspective"""":0.8,""""user_requested_explore"""":0.75}""",city_to_inner_room,0.85,都市感强烈的K-pop，冷合成器与性感人声交织，充满不安与诱惑的能量
Electric Counterpoint: III. Fast,Electric Counterpoint,restless;clear;urban,electric_distant;minimal;cold_synth,,0.6,0.7,0.65,0.3,0.75,0,0.4,instrumental,0,minimalist,"""{""""work_focus_low_vocal"""":0.8,""""evening_city_walk"""":0.75,""""user_requested_explore"""":0.7}""",city_to_inner_room,0.85,Steve Reich 的极简主义电吉他作品，快速重复的节奏与冷调音色带来都市感的清晰与不安
I Am Sundress (She Of Infinite Flowers),"""Liar, Flower""",dreamy;misty;restrained,ambient_pad;soft_synth;field_recording;minimal,,0.25,0.35,0.3,0.45,0.15,0,0.55,instrumental,0,ambient,"""{""""morning_cloudy_slow"""":0.85,""""work_focus_low_vocal"""":0.8,""""deep_night_introspective"""":0.75}""",soft_focus_work,0.85,迷幻氛围声景，轻柔合成器与田野录音交织，克制而梦幻
"""thank u, next""",Ariana Grande,hopeful;warm;clear,soft_synth;vocal_breath;acoustic,,0.6,0.65,0.55,0.6,0.55,0.8,0.5,en,1,pop,"""{""""morning_clear_light"""":0.7,""""evening_city_walk"""":0.75,""""weekend_slow"""":0.7}""",slow_opening,0.85,Ariana Grande 的流行曲风，温暖人声与轻快节奏传递希望与自省，能量略高于中等
NoNoNo (Japanese Ver.),Apink,hopeful;warm;clear,soft_synth;vocal_breath;acoustic,,0.55,0.6,0.5,0.6,0.5,0.7,0.4,ja,1,k_pop,"""{""""morning_clear_light"""":0.7,""""afternoon_warm_idle"""":0.65,""""weekend_slow"""":0.6}""",soft_focus_work,0.85,Apink 的日文版歌曲，明亮温暖的合成器与甜美声线，充满希望与清新感
Cirrus,Ikarus,dreamy;clear;restrained,soft_synth;ambient_pad;minimal,,0.25,0.5,0.3,0.45,0.2,0,0.4,instrumental,0,ambient,"""{""""work_focus_low_vocal"""":0.85,""""morning_cloudy_slow"""":0.8,""""evening_city_walk"""":0.75}""",soft_focus_work,0.85,轻柔的合成器氛围，清晰而克制，适合专注或漫步
Cello Concerto in E minor,Elgar Cello Concerto (live in Prague),melancholic;introspective;restrained,string;cinematic;minimal,,0.2,0.3,0.4,0.35,0.15,0,0.85,instrumental,0,classical,"""{""""deep_night_introspective"""":0.9,""""night_rain_humid"""":0.8,""""work_focus_low_vocal"""":0.7}""",slow_opening,0.95,埃尔加大提琴协奏曲，深沉忧郁的弦乐独奏与管弦乐交织，充满内省与克制的情感重量
Snow On The Beach (feat. More Lana Del Rey),Taylor Swift / Lana Del Rey,dreamy;nostalgic;bittersweet,soft_synth;ambient_pad;vocal_breath;reverb_heavy,,0.35,0.4,0.45,0.5,0.3,0.7,0.65,en,1,art_pop,"""{""""night_clear_lonely"""":0.85,""""evening_city_walk"""":0.8,""""deep_night_introspective"""":0.75}""",afterglow_fading,0.9,梦幻合成器与双人声交织，营造出冬日海滩般的怀旧与淡淡忧伤
Leaving For Japan,Carla dal Forno,detached;melancholic;urban,cold_synth;reverb_heavy;minimal;vocal_breath,,0.25,0.3,0.35,0.3,0.2,0.4,0.7,en,1,minimal_wave,"""{""""evening_city_walk"""":0.85,""""deep_night_introspective"""":0.8,""""night_rain_humid"""":0.75}""",city_to_inner_room,0.85,冷调合成器与疏离人声，营造出都市夜晚的孤独与漂泊感
Not Gonna Get Us,t.A.T.u.,restless;urban;melancholic,cold_synth;electric_distant;reverb_heavy,,0.7,0.4,0.7,0.3,0.65,0.75,0.6,en,1,pop,"""{""""evening_city_walk"""":0.75,""""deep_night_introspective"""":0.7,""""user_requested_explore"""":0.65}""",city_to_inner_room,0.85,冷调合成器与急促节奏，t.A.T.u. 的人声充满都市不安与反叛情绪
Im Frühling,Ulrike Haage,introspective;melancholic;restrained,piano;minimal;ambient_pad,,0.15,0.3,0.2,0.35,0.1,0,0.8,instrumental,0,modern_classical,"""{""""work_focus_low_vocal"""":0.85,""""deep_night_introspective"""":0.8,""""morning_cloudy_slow"""":0.75}""",slow_opening,0.9,极简钢琴与氛围铺垫，内省而克制，如同春日清晨的静谧与忧郁
Wish You Were Here,Charlie Collins,nostalgic;melancholic;bittersweet,acoustic;vocal_breath;string,,0.35,0.4,0.35,0.5,0.25,0.6,0.7,en,1,folk,"""{""""evening_city_walk"""":0.8,""""deep_night_introspective"""":0.75,""""night_rain_humid"""":0.7}""",afterglow_fading,0.85,木吉他与人声交织，怀旧而略带忧郁的民谣质感，适合夜晚独处
Lillian II (The Banqueting Hall Scene),The Unthanks,melancholic;restrained;nostalgic,string;piano;vocal_breath;cinematic,,0.25,0.3,0.4,0.35,0.2,0.5,0.75,en,1,folk,"""{""""deep_night_introspective"""":0.85,""""night_rain_humid"""":0.8,""""work_focus_low_vocal"""":0.7}""",afterglow_fading,0.85,弦乐与钢琴交织，人声克制而哀婉，营造出怀旧而忧郁的宴会厅回忆氛围
Thats It Well Done,SPC ECO,dreamy;urban;restless,soft_synth;reverb_heavy;electric_distant;vocal_breath,,0.45,0.4,0.5,0.35,0.4,0.6,0.5,en,1,shoegaze,"""{""""evening_city_walk"""":0.8,""""deep_night_introspective"""":0.75,""""work_focus_low_vocal"""":0.7}""",city_to_inner_room,0.85,梦幻合成器与厚重混响营造都市漂泊感，人声模糊如远距离低语，略带不安的律动
Kałuże,Błoto,restless;urban;melancholic,jazz_brush;electric_distant;field_recording;reverb_heavy,,0.4,0.35,0.5,0.3,0.45,0,0.6,instrumental,0,jazz,"""{""""evening_city_walk"""":0.8,""""night_rain_humid"""":0.75,""""deep_night_introspective"""":0.7}""",city_to_inner_room,0.85,波兰爵士乐队作品，带有城市夜晚的躁动与忧郁，电子化处理与现场录音营造出疏离感
Kvng Fv,THE S.L.P.,restless;urban;unresolved,electric_distant;cold_synth;reverb_heavy,,0.65,0.4,0.7,0.3,0.6,0.5,0.6,en,1,alternative_rock,"""{""""evening_city_walk"""":0.8,""""deep_night_introspective"""":0.7,""""user_requested_explore"""":0.75}""",city_to_inner_room,0.85,冷调合成器与远距离电吉他营造都市不安感，节奏驱动但情绪悬而未决
"""Violin Concerto in D Major, Op. 35: III. Finale. Allegro assai vivace""",Erich Wolfgang Korngold,restless;hopeful;clear,string;cinematic;acoustic,,0.7,0.75,0.7,0.5,0.8,0,0.6,instrumental,0,classical,"""{""""morning_clear_light"""":0.7,""""evening_city_walk"""":0.6,""""work_focus_low_vocal"""":0.5}""",slow_opening,0.85,科恩戈尔德小提琴协奏曲终乐章，弦乐主导的辉煌快板，充满活力与明亮感
A Lovely Night,Ryan Gosling,warm;nostalgic;hopeful,piano;acoustic;vocal_breath,,0.4,0.6,0.4,0.7,0.3,0.6,0.5,en,1,soundtrack,"""{""""evening_city_walk"""":0.8,""""weekend_slow"""":0.75,""""morning_clear_light"""":0.7}""",slow_opening,0.85,钢琴与木吉他伴奏，人声温暖而怀旧，营造出夜晚漫步的浪漫与希望感
Time Alone With You (feat. Daniel Caesar),Jacob Collier,warm;hopeful;sensual,acoustic;soft_synth;vocal_breath;jazz_brush,,0.45,0.6,0.5,0.7,0.5,0.75,0.55,en,1,neo_soul,"""{""""morning_clear_light"""":0.8,""""afternoon_warm_idle"""":0.75,""""weekend_slow"""":0.7}""",gentle_recovery,0.85,Jacob Collier 的温暖和声与 Daniel Caesar 的柔滑人声，营造出亲密而充满希望的质感
wanderlust,Marika Hackman,restless;melancholic;dreamy,acoustic;vocal_breath;reverb_heavy;minimal,,0.35,0.4,0.35,0.45,0.3,0.6,0.7,en,1,indie_folk,"""{""""deep_night_introspective"""":0.85,""""night_clear_lonely"""":0.8,""""work_focus_low_vocal"""":0.75}""",fade_into_inner_space,0.85,木吉他与人声交织，混响营造出漂泊不安的梦幻感
Back of my mind,Manami,dreamy;nostalgic;bittersweet,soft_synth;reverb_heavy;vocal_breath;ambient_pad,,0.35,0.4,0.35,0.5,0.3,0.6,0.65,en,1,dream_pop,"""{""""evening_city_walk"""":0.8,""""deep_night_introspective"""":0.75,""""work_focus_low_vocal"""":0.7}""",fade_into_inner_space,0.85,梦幻合成器与轻柔人声交织，营造出怀旧而略带忧郁的梦境氛围
Cruisin',Sioen,warm;nostalgic;hopeful,acoustic;jazz_brush;vocal_breath;string,,0.4,0.55,0.45,0.7,0.4,0.6,0.5,en,1,jazz_pop,"""{""""evening_city_walk"""":0.8,""""morning_clear_light"""":0.7,""""weekend_slow"""":0.75}""",slow_opening,0.85,温暖的爵士流行风格，木吉他、刷镲与人声交织，营造怀旧而舒缓的巡航感
everybody takes the plane,Sweek,dreamy;urban;restless,soft_synth;reverb_heavy;electric_distant,,0.55,0.5,0.5,0.45,0.5,0,0.45,instrumental,0,synthwave,"""{""""evening_city_walk"""":0.85,""""deep_night_introspective"""":0.8,""""work_focus_low_vocal"""":0.75}""",city_to_inner_room,0.85,梦幻合成器与深远混响，营造出都市夜晚的流动感与不安定情绪
Champagne,Automatic,urban;restless;detached,cold_synth;electric_distant;reverb_heavy,,0.6,0.45,0.55,0.3,0.6,0.7,0.5,en,1,post_punk,"""{""""evening_city_walk"""":0.8,""""deep_night_introspective"""":0.75,""""night_clear_lonely"""":0.7}""",city_to_inner_room,0.85,冷峻合成器与疏离人声，都市夜晚的躁动与冷漠感
永恒的梦,猛虎巧克力,dreamy;nostalgic;bittersweet,acoustic;vocal_breath;string;reverb_heavy,,0.4,0.5,0.45,0.55,0.35,0.6,0.65,zh,1,indie_rock,"""{""""evening_city_walk"""":0.8,""""deep_night_introspective"""":0.75,""""weekend_slow"""":0.7}""",slow_opening,0.85,独立摇滚的温暖声线与弦乐交织，营造出梦幻而略带苦涩的怀旧氛围
Adore You,Miley Cyrus,warm;hopeful;nostalgic,acoustic;vocal_breath;string,,0.4,0.55,0.45,0.65,0.35,0.7,0.6,en,1,pop,"""{""""evening_city_walk"""":0.75,""""morning_clear_light"""":0.7,""""weekend_slow"""":0.7}""",slow_opening,0.85,Miley Cyrus 温暖声线搭配木吉他与弦乐，营造怀旧而充满希望的抒情氛围
乐园 (粤语版),与非门,dreamy;nostalgic;bittersweet,soft_synth;vocal_breath;reverb_heavy;electric_distant,,0.4,0.5,0.45,0.55,0.35,0.65,0.6,zh,1,dream_pop,"""{""""evening_city_walk"""":0.8,""""deep_night_introspective"""":0.75,""""night_clear_lonely"""":0.7}""",city_to_inner_room,0.85,梦幻合成器与空灵人声交织，粤语歌词带来怀旧与淡淡的忧伤，适合都市夜晚聆听
Disbelief,A Projection,melancholic;restrained;unresolved,piano;reverb_heavy;minimal,,0.25,0.3,0.35,0.3,0.2,0,0.75,instrumental,0,modern_classical,"""{""""deep_night_introspective"""":0.85,""""night_rain_humid"""":0.8,""""work_focus_low_vocal"""":0.75}""",afterglow_fading,0.85,极简钢琴与深远混响，营造出克制而悬而未决的忧郁氛围
最想念你,齐豫,nostalgic;warm;melancholic,piano;string;vocal_breath;acoustic,,0.35,0.45,0.4,0.7,0.3,0.75,0.7,zh,1,mandopop,"""{""""evening_city_walk"""":0.8,""""weekend_slow"""":0.75,""""night_rain_humid"""":0.7}""",slow_opening,0.85,齐豫空灵温暖的声线搭配钢琴与弦乐，营造出怀旧而略带忧郁的抒情氛围
Leave a Trace,CHVRCHES,restless;urban;clear,soft_synth;cold_synth;vocal_breath;electric_distant,,0.6,0.55,0.6,0.4,0.65,0.75,0.5,en,1,synthpop,"""{""""evening_city_walk"""":0.85,""""deep_night_introspective"""":0.75,""""user_requested_explore"""":0.7}""",city_to_inner_room,0.9,合成器驱动的流行曲，节奏明快但带有冷调质感，人声清晰有力，适合都市夜晚场景
飘：胡杨林,谭盾,introspective;melancholic;restrained,piano;string;cinematic;minimal,,0.15,0.25,0.2,0.3,0.1,0,0.8,instrumental,0,modern_classical,"""{""""work_focus_low_vocal"""":0.85,""""deep_night_introspective"""":0.8,""""night_rain_humid"""":0.75}""",slow_opening,0.9,谭盾的钢琴与弦乐编排，极简而克制，充满内省与苍凉感
Firework,Katy Perry,hopeful;restless;bittersweet,soft_synth;vocal_breath;cinematic,,0.7,0.8,0.7,0.6,0.7,0.8,0.6,en,1,pop,"""{""""evening_city_walk"""":0.7,""""user_requested_explore"""":0.6,""""weekend_slow"""":0.5}""",slow_opening,0.85,能量较高的流行歌曲，充满希望和释放感，但带有一些不安和苦涩的层次
"""Whenever, Wherever""",Shakira,warm;hopeful;sensual,acoustic;vocal_breath;string,,0.65,0.7,0.55,0.7,0.6,0.8,0.5,en,1,latin_pop,"""{""""morning_clear_light"""":0.8,""""afternoon_warm_idle"""":0.75,""""evening_city_walk"""":0.7}""",slow_opening,0.85,Shakira 充满活力的拉丁流行，温暖的人声与木吉他带来阳光般的希望与感性
空港,戴愛玲,melancholic;bittersweet;restrained,piano;string;vocal_breath,,0.4,0.4,0.5,0.5,0.3,0.7,0.7,zh,1,mandopop,"""{""""evening_city_walk"""":0.8,""""night_rain_humid"""":0.75,""""deep_night_introspective"""":0.7}""",slow_opening,0.85,戴愛玲的抒情声线搭配钢琴与弦乐，传递出克制而苦涩的怀旧情绪
Beure Kentañ,Yann Tiersen,melancholic;nostalgic;restrained,piano;string;minimal,,0.2,0.35,0.3,0.4,0.15,0,0.75,instrumental,0,modern_classical,"""{""""work_focus_low_vocal"""":0.85,""""deep_night_introspective"""":0.8,""""night_rain_humid"""":0.75}""",slow_opening,0.9,Yann Tiersen 标志性的钢琴与弦乐编排，简约而充满怀旧与忧郁的质感
Lilo,The Japanese House,dreamy;melancholic;nostalgic,soft_synth;reverb_heavy;vocal_breath;electric_distant,,0.35,0.4,0.45,0.5,0.3,0.6,0.65,en,1,indie_pop,"""{""""evening_city_walk"""":0.8,""""deep_night_introspective"""":0.75,""""work_focus_low_vocal"""":0.7}""",city_to_inner_room,0.85,梦幻合成器与深远混响，人声轻柔而疏离，营造怀旧与忧郁交织的都市夜晚氛围
Ready For Love,Olivia Ong,warm;hopeful;bittersweet,acoustic;vocal_breath;jazz_brush;string,,0.4,0.55,0.45,0.7,0.35,0.7,0.6,en,1,jazz_pop,"""{""""morning_clear_light"""":0.8,""""afternoon_warm_idle"""":0.75,""""evening_city_walk"""":0.7}""",slow_opening,0.85,Olivia Ong 温暖柔和的声线搭配木吉他与爵士鼓刷，营造出充满希望又略带感伤的抒情氛围
Camion,Mike Patton,restless;unresolved;melancholic,electric_distant;reverb_heavy;minimal,,0.35,0.3,0.4,0.3,0.25,0,0.7,instrumental,0,experimental,"""{""""deep_night_introspective"""":0.8,""""night_rain_humid"""":0.75,""""work_focus_low_vocal"""":0.7}""",fade_into_inner_space,0.85,Mike Patton 的实验性作品，疏离的电子音色与混响营造出不安而悬疑的氛围
凡人 Nobody,邱比,introspective;melancholic;restrained,piano;minimal;reverb_heavy;vocal_breath,,0.25,0.35,0.3,0.4,0.2,0.6,0.75,zh,1,art_pop,"""{""""deep_night_introspective"""":0.85,""""night_clear_lonely"""":0.8,""""work_focus_low_vocal"""":0.75}""",fade_into_inner_space,0.9,邱比冷冽克制的声线与极简钢琴，营造内省而疏离的深夜氛围
经济舱,KEY.L刘聪,urban;restless;hopeful,electric_distant;soft_synth;vocal_breath,,0.55,0.5,0.6,0.45,0.6,0.75,0.65,zh,1,hip_hop,"""{""""evening_city_walk"""":0.8,""""deep_night_introspective"""":0.75,""""user_requested_explore"""":0.7}""",city_to_inner_room,0.85,都市说唱，刘聪的叙事性人声与合成器氛围交织，带有不安与希望并存的能量
Eternity and a Day: II. By The Sea,Eleni Karaindrou,introspective;melancholic;restrained,piano;string;cinematic;minimal,,0.15,0.3,0.2,0.35,0.1,0,0.8,instrumental,0,modern_classical,"""{""""work_focus_low_vocal"""":0.85,""""deep_night_introspective"""":0.8,""""night_rain_humid"""":0.75}""",slow_opening,0.9,Eleni Karaindrou 的极简钢琴与弦乐编排，营造出内省而克制的海边沉思氛围
山下（2018重製版）,方拾贰,introspective;nostalgic;dreamy,piano;ambient_pad;vocal_breath;reverb_heavy,,0.3,0.4,0.35,0.5,0.2,0.6,0.7,zh,1,art_pop,"""{""""deep_night_introspective"""":0.85,""""night_rain_humid"""":0.8,""""work_focus_low_vocal"""":0.75}""",fade_into_inner_space,0.85,重製版以钢琴和氛围音垫铺底，人声空灵带混响，营造内省而怀旧的梦幻感
Swimming Field,Memory Tapes,dreamy;nostalgic;restrained,soft_synth;ambient_pad;reverb_heavy;electric_distant,,0.35,0.4,0.3,0.5,0.3,0,0.6,instrumental,0,chillwave,"""{""""evening_city_walk"""":0.85,""""deep_night_introspective"""":0.8,""""work_focus_low_vocal"""":0.75}""",city_to_inner_room,0.85,梦幻合成器与深远混响营造出怀旧而克制的氛围，适合城市夜晚的漫步与内省
Patience,Take That,nostalgic;warm;hopeful,acoustic;string;vocal_breath,,0.4,0.5,0.4,0.65,0.3,0.7,0.6,en,1,pop,"""{""""evening_city_walk"""":0.8,""""weekend_slow"""":0.75,""""morning_clear_light"""":0.7}""",slow_opening,0.85,Take That 的经典抒情曲，温暖人声与弦乐交织，怀旧中带着希望与耐心
Stargaze #1: KATIN,seed.,dreamy;misty;introspective,ambient_pad;soft_synth;minimal;reverb_heavy,,0.2,0.35,0.25,0.45,0.15,0,0.55,instrumental,0,ambient,"""{""""deep_night_introspective"""":0.85,""""night_clear_lonely"""":0.8,""""work_focus_low_vocal"""":0.75}""",fade_into_inner_space,0.85,梦幻氛围电子，软合成器与深远混响营造出星空般的朦胧内省感
忘记他,关淑怡,melancholic;nostalgic;bittersweet,vocal_breath;reverb_heavy;piano;string,,0.35,0.4,0.45,0.5,0.3,0.75,0.7,zh,1,cantopop,"""{""""evening_city_walk"""":0.8,""""night_rain_humid"""":0.75,""""deep_night_introspective"""":0.7}""",slow_opening,0.85,关淑怡慵懒而空灵的声线，配合钢琴与弦乐，营造出怀旧而略带忧伤的都市夜晚氛围
WHISTLE - KR Ver.,BLACKPINK,urban;restless;hopeful,soft_synth;electric_distant;vocal_breath,,0.65,0.6,0.7,0.4,0.7,0.8,0.4,ja,1,k_pop,"""{""""evening_city_walk"""":0.8,""""user_requested_explore"""":0.7,""""morning_clear_light"""":0.6}""",city_to_inner_room,0.85,K-pop 曲目，节奏感强，合成器与口哨声营造都市活力与期待感
Sweet Rumors,麗美,warm;dreamy;nostalgic,soft_synth;ambient_pad;reverb_heavy;vocal_breath,,0.35,0.5,0.4,0.7,0.3,0.6,0.5,ja,1,ambient_pop,"""{""""evening_city_walk"""":0.85,""""deep_night_introspective"""":0.8,""""work_focus_low_vocal"""":0.75}""",city_to_inner_room,0.85,麗美的作品以温暖梦幻的合成器音色和轻柔人声为特色，营造出怀旧而舒适的都市氛围
寂寞留白,告五人,melancholic;lonely;bittersweet,piano;string;vocal_breath;reverb_heavy,,0.35,0.3,0.4,0.35,0.25,0.6,0.7,zh,1,mandopop,"""{""""deep_night_introspective"""":0.85,""""night_rain_humid"""":0.8,""""evening_city_walk"""":0.75}""",rain_on_glass,0.85,告五人标志性的忧郁声线搭配钢琴与弦乐，营造出孤独而苦涩的留白氛围
Cumulus / Memory,Sampha,introspective;melancholic;dreamy,piano;ambient_pad;vocal_breath;reverb_heavy,,0.25,0.35,0.3,0.45,0.2,0.6,0.75,en,1,art_pop,"""{""""deep_night_introspective"""":0.9,""""night_rain_humid"""":0.8,""""work_focus_low_vocal"""":0.75}""",fade_into_inner_space,0.9,Sampha 脆弱而富有情感的人声与钢琴、氛围垫交织，营造出内省而梦幻的忧郁氛围
フローイング,mol-74,dreamy;melancholic;restrained,soft_synth;reverb_heavy;vocal_breath;ambient_pad,,0.35,0.4,0.4,0.45,0.3,0.6,0.7,ja,1,japanese_indie,"""{""""deep_night_introspective"""":0.85,""""night_clear_lonely"""":0.8,""""work_focus_low_vocal"""":0.75}""",fade_into_inner_space,0.85,梦幻而克制的日系独立，软合成器与深远混响营造出内省与忧郁的氛围
EI3227 - Mixed,Kölsch,urban;restless;melancholic,cold_synth;electric_distant;reverb_heavy,,0.6,0.4,0.55,0.3,0.65,0,0.5,instrumental,0,techno,"""{""""evening_city_walk"""":0.85,""""deep_night_introspective"""":0.75,""""work_focus_low_vocal"""":0.7}""",city_to_inner_room,0.85,冷调合成器与深远混响构建的都市 techno 律动，略带不安与内省
Сейчас Любить,82-75,dreamy;nostalgic;bittersweet,soft_synth;reverb_heavy;vocal_breath;ambient_pad,,0.35,0.4,0.45,0.5,0.3,0.6,0.65,ru,1,dream_pop,"""{""""evening_city_walk"""":0.8,""""deep_night_introspective"""":0.75,""""night_clear_lonely"""":0.7}""",city_to_inner_room,0.85,梦幻合成器与混响人声交织，营造出怀旧而略带忧伤的都市夜晚氛围
刽子手最后一夜,麦浚龙,melancholic;restrained;unresolved,piano;string;reverb_heavy;vocal_breath,,0.35,0.3,0.45,0.35,0.25,0.6,0.75,zh,1,art_pop,"""{""""deep_night_introspective"""":0.85,""""night_rain_humid"""":0.8,""""work_focus_low_vocal"""":0.7}""",fade_into_inner_space,0.85,麦浚龙低沉叙事性人声搭配钢琴与弦乐，营造出沉重而克制的内省氛围，如同刽子手在最后一夜的挣扎与孤独
Whales,Joep Beving,introspective;melancholic;restrained,piano;minimal;reverb_heavy,,0.1,0.25,0.15,0.35,0.05,0,0.8,instrumental,0,modern_classical,"""{""""work_focus_low_vocal"""":0.9,""""deep_night_introspective"""":0.85,""""night_rain_humid"""":0.8}""",slow_opening,0.95,极简钢琴独奏，缓慢而空旷，充满内省与深海般的孤寂感
Give & Take,Connie Constance,urban;restless;bittersweet,electric_distant;vocal_breath;soft_synth,,0.55,0.5,0.55,0.45,0.5,0.7,0.6,en,1,alternative_r&b,"""{""""evening_city_walk"""":0.8,""""deep_night_introspective"""":0.75,""""user_requested_explore"""":0.7}""",city_to_inner_room,0.85,都市感R&B，人声充满呼吸感与不安，合成器铺底营造出略带苦涩的夜晚氛围
Boyfriends (Dead or Alive),Von Spar,restless;urban;melancholic,electric_distant;cold_synth;reverb_heavy,,0.6,0.4,0.55,0.3,0.6,0.5,0.65,en,1,post_punk,"""{""""evening_city_walk"""":0.8,""""deep_night_introspective"""":0.75,""""night_clear_lonely"""":0.7}""",city_to_inner_room,0.85,冷峻的合成器与疏离的人声，营造出都市夜晚的躁动与忧郁
City of Stars (Humming),Emma Stone,dreamy;nostalgic;warm,vocal_breath;piano;minimal,,0.25,0.45,0.25,0.6,0.2,0.6,0.65,en,1,musical_film,"""{""""evening_city_walk"""":0.85,""""night_clear_lonely"""":0.8,""""deep_night_introspective"""":0.75}""",slow_opening,0.9,轻柔哼唱与极简钢琴，营造出梦幻而怀旧的都市夜晚氛围
Echo Sax End (Looped),Caleb Arredondo,dreamy;nostalgic;restrained,ambient_pad;field_recording;minimal;lofi_dust,,0.25,0.35,0.3,0.5,0.2,0,0.45,instrumental,0,ambient,"""{""""work_focus_low_vocal"""":0.85,""""morning_cloudy_slow"""":0.8,""""deep_night_introspective"""":0.75}""",rain_on_glass,0.85,循环的萨克斯回声与氛围垫、现场录音交织，营造出梦幻怀旧而克制的声景
Stay Gold,Black Pumas,warm;nostalgic;hopeful,acoustic;jazz_brush;vocal_breath;string,,0.45,0.6,0.5,0.7,0.4,0.65,0.55,en,1,soul,"""{""""morning_clear_light"""":0.8,""""evening_city_walk"""":0.75,""""weekend_slow"""":0.7}""",slow_opening,0.85,温暖的灵魂乐，人声与木吉他、弦乐交织，怀旧中带着希望
Love Theme,陈勋奇,nostalgic;melancholic;restrained,piano;string;cinematic;minimal,,0.2,0.35,0.25,0.45,0.1,0,0.8,instrumental,0,film_score,"""{""""deep_night_introspective"""":0.85,""""night_rain_humid"""":0.8,""""work_focus_low_vocal"""":0.75}""",slow_opening,0.9,电影配乐风格，钢琴与弦乐交织，怀旧而克制的情感表达
ナイロンの糸 (Kuniyuki Takahashi Long Dub Version),サカナクション,dreamy;urban;restrained,soft_synth;cold_synth;reverb_heavy;electric_distant,,0.35,0.4,0.45,0.35,0.4,0,0.5,instrumental,0,electronic,"""{""""evening_city_walk"""":0.85,""""deep_night_introspective"""":0.8,""""work_focus_low_vocal"""":0.75}""",city_to_inner_room,0.85,冷感合成器与深远混响交织，Dub版本强化了都市夜晚的疏离与梦幻氛围
Yellow,Yelena Eckemoff,introspective;melancholic;restrained,piano;minimal;ambient_pad,,0.2,0.35,0.25,0.45,0.15,0,0.75,instrumental,0,modern_classical,"""{""""work_focus_low_vocal"""":0.85,""""deep_night_introspective"""":0.8,""""morning_cloudy_slow"""":0.75}""",slow_opening,0.9,钢琴主导的极简现代古典，内省而克制，带有冷调氛围铺垫，适合专注或深夜聆听
The Way,窦靖童,dreamy;urban;restrained,soft_synth;ambient_pad;vocal_breath;reverb_heavy,,0.35,0.45,0.4,0.5,0.3,0.6,0.55,zh,1,art_pop,"""{""""evening_city_walk"""":0.85,""""deep_night_introspective"""":0.8,""""work_focus_low_vocal"""":0.7}""",city_to_inner_room,0.85,窦靖童慵懒而克制的人声搭配梦幻合成器与混响，营造出都市夜晚的内省氛围
The Burning Spider,Parov Stelar,restless;urban;bittersweet,electric_distant;jazz_brush;soft_synth,,0.65,0.55,0.6,0.4,0.7,0,0.5,instrumental,0,electro_swing,"""{""""evening_city_walk"""":0.85,""""night_clear_lonely"""":0.7,""""user_requested_explore"""":0.75}""",city_to_inner_room,0.85,电子摇摆风格，急促的爵士鼓刷与合成器交织，都市夜晚的躁动与怀旧
Hemelvaart,Ostanes,introspective;melancholic;restrained,piano;minimal;reverb_heavy,,0.15,0.25,0.2,0.3,0.1,0,0.8,instrumental,0,modern_classical,"""{""""deep_night_introspective"""":0.9,""""night_rain_humid"""":0.85,""""work_focus_low_vocal"""":0.8}""",afterglow_fading,0.85,极简钢琴独奏，缓慢而空旷的混响，营造出内省而克制的孤独氛围
Monster,Lady Gaga,restless;urban;unresolved,cold_synth;electric_distant;reverb_heavy,,0.7,0.4,0.7,0.3,0.65,0.8,0.6,en,1,electropop,"""{""""evening_city_walk"""":0.6,""""deep_night_introspective"""":0.55,""""user_requested_explore"""":0.5}""",city_to_inner_room,0.85,强劲的电子节拍与冷调合成器，Lady Gaga 充满力量的人声传递出都市中的不安与挣扎
"""Improvisation, No. 1""",Itamar Erez,introspective;restrained;melancholic,piano;minimal;cinematic,,0.15,0.3,0.2,0.35,0.1,0,0.8,instrumental,0,modern_classical,"""{""""work_focus_low_vocal"""":0.9,""""deep_night_introspective"""":0.85,""""night_rain_humid"""":0.8}""",slow_opening,0.9,即兴钢琴独奏，极简而克制，充满内省与淡淡的忧郁
Rock Your Body,Justin Timberlake,urban;restless;hopeful,soft_synth;electric_distant;vocal_breath,,0.7,0.65,0.6,0.55,0.75,0.8,0.4,en,1,pop,"""{""""evening_city_walk"""":0.7,""""user_requested_explore"""":0.65,""""weekend_slow"""":0.6}""",city_to_inner_room,0.85,Justin Timberlake 的流行舞曲，节奏感强，都市感明显，但情感重量较轻
Öldurót - Tontario Extended Mix,Ólafur Arnalds,introspective;melancholic;restrained,piano;ambient_pad;cinematic;minimal,,0.2,0.3,0.25,0.35,0.15,0,0.8,instrumental,0,modern_classical,"""{""""work_focus_low_vocal"""":0.85,""""deep_night_introspective"""":0.9,""""night_rain_humid"""":0.8}""",fade_into_inner_space,0.9,Ólafur Arnalds 标志性的极简钢琴与氛围铺底，Tontario Extended Mix 延展了内省与克制的情绪空间
Highlight,IZ*ONE,urban;restless;hopeful,soft_synth;cold_synth;vocal_breath;electric_distant,,0.65,0.6,0.7,0.4,0.7,0.8,0.5,ko,1,k_pop,"""{""""evening_city_walk"""":0.8,""""work_focus_low_vocal"""":0.5,""""user_requested_explore"""":0.7}""",city_to_inner_room,0.85,IZ*ONE的K-pop曲目，合成器驱动、节奏明快，带有都市感和希望情绪，但温暖度较低
Barber: Adagio for Strings,Samuel Barber,melancholic;restrained;introspective,string;cinematic;reverb_heavy;minimal,,0.2,0.25,0.4,0.3,0.1,0,0.9,instrumental,0,modern_classical,"""{""""deep_night_introspective"""":0.9,""""night_rain_humid"""":0.85,""""work_focus_low_vocal"""":0.75}""",slow_opening,0.95,弦乐缓慢铺展，充满克制与深沉的哀悼感，情感重量极高
I,Athletics,introspective;melancholic;restrained,piano;ambient_pad;reverb_heavy;minimal,,0.2,0.3,0.25,0.35,0.15,0,0.8,instrumental,0,post_rock,"""{""""deep_night_introspective"""":0.9,""""night_rain_humid"""":0.85,""""work_focus_low_vocal"""":0.8}""",fade_into_inner_space,0.85,极简钢琴与氛围铺底，缓慢内省，充满后摇滚式的克制与情感重量
Letter - from The Lost Days,Akira Yamaoka,melancholic;lonely;nostalgic,piano;ambient_pad;reverb_heavy;minimal,,0.15,0.25,0.2,0.3,0.1,0,0.8,instrumental,0,ambient,"""{""""deep_night_introspective"""":0.9,""""night_rain_humid"""":0.85,""""work_focus_low_vocal"""":0.8}""",afterglow_fading,0.9,寂静的钢琴与氛围音垫交织，充满失落与怀旧的孤独感，如同雨夜中一封未寄出的信
Fever Dream,Iron & Wine,dreamy;melancholic;introspective,acoustic;vocal_breath;reverb_heavy;minimal,,0.25,0.35,0.3,0.5,0.2,0.6,0.7,en,1,indie_folk,"""{""""deep_night_introspective"""":0.85,""""night_rain_humid"""":0.8,""""work_focus_low_vocal"""":0.75}""",fade_into_inner_space,0.9,Iron & Wine 的低语式人声与木吉他，营造出梦幻而忧郁的内省氛围
If You Want It,Jay Som,dreamy;warm;nostalgic,soft_synth;acoustic;vocal_breath;lofi_dust,,0.4,0.5,0.45,0.6,0.35,0.6,0.55,en,1,indie_rock,"""{""""evening_city_walk"""":0.8,""""work_focus_low_vocal"""":0.7,""""weekend_slow"""":0.75}""",soft_focus_work,0.85,Jay Som 的梦幻独立摇滚，温暖的人声与 lo-fi 质感交织，怀旧而放松
Paper Castles,Alice Phoebe Lou,dreamy;warm;introspective,vocal_breath;acoustic;soft_synth;reverb_heavy,,0.35,0.5,0.4,0.6,0.3,0.7,0.6,en,1,indie_folk,"""{""""morning_cloudy_slow"""":0.8,""""evening_city_walk"""":0.75,""""deep_night_introspective"""":0.7}""",soft_focus_work,0.85,Alice Phoebe Lou 的温暖声线与轻柔吉他，搭配梦幻合成器，营造出内省而温暖的氛围
a horse's dream 梦马,尚雯婕,dreamy;introspective;melancholic,piano;ambient_pad;cinematic;vocal_breath,,0.25,0.35,0.3,0.4,0.15,0.6,0.7,zh,1,art_pop,"""{""""deep_night_introspective"""":0.85,""""night_clear_lonely"""":0.8,""""work_focus_low_vocal"""":0.7}""",fade_into_inner_space,0.85,尚雯婕的梦幻声线与钢琴、氛围铺底交织，营造内省而略带忧郁的深夜空间
Coastal Love (Klaves Remix),HONNE / Klaves,warm;nostalgic;hopeful,soft_synth;lofi_dust;vocal_breath;reverb_heavy,,0.45,0.5,0.5,0.6,0.5,0.55,0.5,en,1,electropop,"""{""""evening_city_walk"""":0.8,""""work_focus_low_vocal"""":0.7,""""weekend_slow"""":0.75}""",city_to_inner_room,0.85,温暖合成器与轻柔人声交织，Remix 版本带有 lo-fi 质感，营造怀旧而舒缓的都市氛围
Spring 1 - 2012,Max Richter,introspective;melancholic;restrained,string;cinematic;minimal,,0.15,0.35,0.25,0.3,0.1,0,0.8,instrumental,0,modern_classical,"""{""""work_focus_low_vocal"""":0.85,""""deep_night_introspective"""":0.8,""""night_rain_humid"""":0.75}""",slow_opening,0.95,极简弦乐编排，缓慢而克制，充满内省与留白，类似坂本龍一的安静质感
Tokyo Love Hotel,Rina Sawayama,urban;nostalgic;bittersweet,soft_synth;cold_synth;vocal_breath;electric_distant,,0.55,0.5,0.6,0.4,0.5,0.75,0.6,en,1,art_pop,"""{""""evening_city_walk"""":0.85,""""deep_night_introspective"""":0.8,""""user_requested_explore"""":0.7}""",city_to_inner_room,0.85,Rina Sawayama 的合成器流行曲风，冷调电子音色与怀旧人声交织，营造都市夜晚的复杂情感
Remember Forever,Red Velvet,dreamy;nostalgic;warm,soft_synth;vocal_breath;reverb_heavy,,0.4,0.5,0.45,0.6,0.35,0.7,0.55,en,1,k_pop,"""{""""evening_city_walk"""":0.8,""""deep_night_introspective"""":0.75,""""weekend_slow"""":0.7}""",slow_opening,0.85,Red Velvet 的梦幻流行风格，软合成器与人声混响营造怀旧温暖的氛围
H.B.W,Saya Gray,restless;urban;unresolved,electric_distant;cold_synth;vocal_breath;grainy,,0.55,0.4,0.6,0.35,0.6,0.7,0.6,en,1,alternative_rnb,"""{""""evening_city_walk"""":0.8,""""deep_night_introspective"""":0.75,""""user_requested_explore"""":0.7}""",city_to_inner_room,0.85,都市感强烈的另类R&B，冷调合成器与颗粒感人声交织出不安与未解的情绪
VOICES,Switchfoot,restless;hopeful;bittersweet,electric_distant;reverb_heavy;vocal_breath,,0.55,0.5,0.6,0.45,0.5,0.7,0.65,en,1,alternative_rock,"""{""""evening_city_walk"""":0.8,""""deep_night_introspective"""":0.75,""""work_focus_low_vocal"""":0.7}""",city_to_inner_room,0.85,Switchfoot 标志性的另类摇滚，电吉他失真与人声交织，充满不安与希望并存的矛盾情绪
The Girl Is Mine,99 Souls,urban;nostalgic;hopeful,soft_synth;vocal_breath;electric_distant,,0.6,0.55,0.5,0.5,0.6,0.7,0.45,en,1,house,"""{""""evening_city_walk"""":0.85,""""work_focus_low_vocal"""":0.7,""""user_requested_explore"""":0.75}""",city_to_inner_room,0.85,采样经典人声搭配现代house节奏，都市感与怀旧情绪交织，能量中等偏上
Monochrome Garden,Uyama Hiroto,introspective;melancholic;dreamy,piano;ambient_pad;cinematic;minimal,,0.25,0.35,0.3,0.4,0.2,0,0.7,instrumental,0,ambient_jazz,"""{""""work_focus_low_vocal"""":0.85,""""deep_night_introspective"""":0.8,""""night_rain_humid"""":0.75}""",slow_opening,0.9,钢琴与氛围铺底交织，内省而梦幻的器乐声景，能量低但情感饱满
"""Paris, je t'aime""",Elisabeth Anais,warm;nostalgic;dreamy,acoustic;vocal_breath;string;soft_synth,,0.35,0.55,0.4,0.7,0.3,0.6,0.55,en,1,chanson,"""{""""evening_city_walk"""":0.8,""""morning_clear_light"""":0.7,""""weekend_slow"""":0.75}""",slow_opening,0.85,温暖的人声与木吉他、弦乐交织，营造出怀旧而梦幻的巴黎氛围
Doo Wop (That Thing),Ms. Lauryn Hill,urban;hopeful;restless,acoustic;vocal_breath;electric_distant,,0.65,0.6,0.6,0.55,0.7,0.85,0.6,en,1,neo_soul,"""{""""evening_city_walk"""":0.8,""""work_focus_low_vocal"""":0.65,""""user_requested_explore"""":0.7}""",city_to_inner_room,0.85,Lauryn Hill 的经典 neo-soul，节奏感强、人声突出，充满都市自信与活力
Echo Chamber Of Your Heart,Fenella,dreamy;introspective;melancholic,ambient_pad;reverb_heavy;minimal;field_recording,,0.2,0.3,0.25,0.4,0.1,0,0.7,instrumental,0,ambient,"""{""""deep_night_introspective"""":0.85,""""night_rain_humid"""":0.8,""""work_focus_low_vocal"""":0.75}""",fade_into_inner_space,0.85,氛围声景，厚重的混响与田野录音营造出梦幻而内省的孤独感
Heavenly,Swallow,dreamy;misty;restrained,ambient_pad;soft_synth;reverb_heavy;minimal,,0.2,0.35,0.3,0.5,0.15,0,0.6,instrumental,0,ambient,"""{""""work_focus_low_vocal"""":0.85,""""morning_cloudy_slow"""":0.8,""""deep_night_introspective"""":0.75}""",soft_focus_work,0.85,梦幻氛围铺底，轻柔合成器与深远混响营造朦胧而克制的声景
Jazz Music,Stéphane Pompougnac / De-Phazz,warm;urban;nostalgic,jazz_brush;acoustic;soft_synth;electric_distant,,0.4,0.55,0.5,0.65,0.45,0,0.45,instrumental,0,nu_jazz,"""{""""evening_city_walk"""":0.85,""""work_focus_low_vocal"""":0.8,""""afternoon_warm_idle"""":0.75}""",city_to_inner_room,0.85,温暖的爵士节奏与电子元素融合，营造出都市夜晚的慵懒与怀旧氛围
D-D-DANCE,IZ*ONE,urban;restless;hopeful,soft_synth;electric_distant;vocal_breath,,0.7,0.65,0.7,0.5,0.75,0.85,0.4,ko,1,k_pop,"""{""""evening_city_walk"""":0.7,""""user_requested_explore"""":0.65,""""weekend_slow"""":0.55}""",city_to_inner_room,0.8,IZ*ONE的K-pop舞曲，合成器驱动，节奏明快，充满都市活力与青春气息
Anywhen,Hayden Thorpe,introspective;restrained;melancholic,piano;minimal;reverb_heavy;vocal_breath,,0.25,0.3,0.25,0.4,0.2,0.5,0.7,en,1,art_pop,"""{""""deep_night_introspective"""":0.85,""""work_focus_low_vocal"""":0.8,""""night_rain_humid"""":0.75}""",slow_opening,0.85,极简钢琴与脆弱人声，内省而克制，带有空灵混响的忧郁质感
Stressed Out,Twenty One Pilots,restless;urban;bittersweet,soft_synth;lofi_dust;vocal_breath,,0.6,0.45,0.55,0.4,0.6,0.75,0.65,en,1,alternative_pop,"""{""""evening_city_walk"""":0.75,""""deep_night_introspective"""":0.7,""""work_focus_low_vocal"""":0.6}""",city_to_inner_room,0.85,中速节奏与不安的歌词，合成器与低保真质感营造都市青年的焦虑与怀旧
蘇州河 - 慕容雪 - Mandarin Version,薛凱琪,nostalgic;melancholic;bittersweet,piano;string;vocal_breath,,0.35,0.4,0.45,0.5,0.3,0.65,0.7,zh,1,mandopop,"""{""""evening_city_walk"""":0.8,""""night_rain_humid"""":0.75,""""deep_night_introspective"""":0.7}""",slow_opening,0.85,钢琴与弦乐伴奏下的粤语抒情，薛凯琪的声线带着怀旧与淡淡的忧伤
Apple Blossom (Japanese Version),王若琳,warm;dreamy;nostalgic,acoustic;vocal_breath;soft_synth;string,,0.35,0.55,0.4,0.7,0.3,0.6,0.55,ja,1,jazz_pop,"""{""""morning_clear_light"""":0.8,""""afternoon_warm_idle"""":0.75,""""weekend_slow"""":0.7}""",soft_focus_work,0.85,王若琳慵懒温暖的日语声线搭配木吉他与软合成器，营造出怀旧而梦幻的午后氛围
NaKuNa,郭采洁,dreamy;misty;restrained,ambient_pad;soft_synth;vocal_breath;minimal,,0.25,0.35,0.3,0.4,0.2,0.5,0.6,zh,1,art_pop,"""{""""deep_night_introspective"""":0.85,""""night_rain_humid"""":0.8,""""work_focus_low_vocal"""":0.75}""",fade_into_inner_space,0.85,梦幻氛围电子，郭采洁轻柔人声与合成器铺底营造出朦胧内省的空间感
Manifest,Andrew Bird,introspective;restrained;melancholic,piano;string;vocal_breath;reverb_heavy,,0.25,0.35,0.4,0.45,0.2,0.6,0.7,en,1,indie_folk,"""{""""deep_night_introspective"""":0.85,""""work_focus_low_vocal"""":0.8,""""night_rain_humid"""":0.75}""",fade_into_inner_space,0.85,Andrew Bird 标志性的小提琴与脆弱人声，营造内省而克制的忧郁氛围
Смешны твои слезы,Слезы смешны,melancholic;bittersweet;restrained,piano;string;vocal_breath;reverb_heavy,,0.3,0.35,0.4,0.45,0.25,0.6,0.7,ru,1,art_pop,"""{""""deep_night_introspective"""":0.8,""""night_rain_humid"""":0.75,""""evening_city_walk"""":0.7}""",afterglow_fading,0.85,俄语艺术流行，钢琴与弦乐交织，人声带着克制的情感，标题暗示苦涩的泪水
Where Is Your Love,J. Lisk,dreamy;warm;nostalgic,soft_synth;ambient_pad;reverb_heavy,,0.35,0.5,0.4,0.6,0.3,0,0.5,instrumental,0,ambient,"""{""""evening_city_walk"""":0.85,""""work_focus_low_vocal"""":0.8,""""deep_night_introspective"""":0.75}""",city_to_inner_room,0.85,温暖梦幻的合成器氛围，带有怀旧感的电子声景，适合城市夜晚或专注工作
HIGHEST IN THE ROOM,Travis Scott,restless;urban;unresolved,cold_synth;electric_distant;reverb_heavy,,0.7,0.35,0.75,0.3,0.65,0.8,0.6,en,1,trap,"""{""""evening_city_walk"""":0.8,""""deep_night_introspective"""":0.7,""""user_requested_explore"""":0.65}""",city_to_inner_room,0.85,冷调合成器与沉重鼓点营造出都市夜晚的躁动与悬而未决感
Cosas del Amor,Alfredo Rodriguez,warm;sensual;nostalgic,piano;acoustic;jazz_brush,,0.35,0.55,0.4,0.7,0.3,0,0.5,instrumental,0,jazz,"""{""""afternoon_warm_idle"""":0.85,""""evening_city_walk"""":0.8,""""morning_clear_light"""":0.7}""",soft_focus_work,0.85,温暖的钢琴与爵士鼓刷，营造出慵懒而感性的午后氛围
Loverboy,Mariah Carey,warm;nostalgic;hopeful,vocal_breath;soft_synth;acoustic,,0.55,0.6,0.5,0.7,0.5,0.85,0.5,en,1,r&b,"""{""""evening_city_walk"""":0.8,""""weekend_slow"""":0.75,""""afternoon_warm_idle"""":0.7}""",slow_opening,0.85,Mariah Carey标志性的温暖声线与柔和编曲，营造怀旧而充满希望的R&B氛围
Astral Flying,The Comet Is Coming,restless;urban;dreamy,soft_synth;electric_distant;reverb_heavy;ambient_pad,,0.6,0.55,0.65,0.4,0.7,0,0.5,instrumental,0,electronic_jazz,"""{""""evening_city_walk"""":0.8,""""deep_night_introspective"""":0.75,""""user_requested_explore"""":0.7}""",city_to_inner_room,0.85,合成器驱动的电子爵士，充满都市律动与太空感，能量中等偏高
SOMETHING AIN'T RIGHT,XG,restless;urban;bittersweet,soft_synth;electric_distant;vocal_breath,,0.6,0.5,0.65,0.4,0.6,0.8,0.6,en,1,pop,"""{""""evening_city_walk"""":0.8,""""deep_night_introspective"""":0.7,""""user_requested_explore"""":0.75}""",city_to_inner_room,0.85,XG 的都市感 R&B 流行，合成器与强烈人声交织，带有不安与苦涩的现代情绪
夜空下的平原,戈壁计划 / Twinpearly,introspective;melancholic;lonely,ambient_pad;field_recording;minimal;reverb_heavy,,0.15,0.2,0.25,0.3,0.1,0,0.8,instrumental,0,ambient,"""{""""deep_night_introspective"""":0.9,""""night_clear_lonely"""":0.85,""""night_rain_humid"""":0.8}""",fade_into_inner_space,0.9,空旷的氛围声景，田野录音与深远混响营造出平原夜空下的孤独与内省
The Man With The Hammer,Leech,restless;urban;unresolved,electric_distant;cold_synth;reverb_heavy,,0.6,0.4,0.65,0.3,0.55,0,0.6,instrumental,0,electronic,"""{""""evening_city_walk"""":0.8,""""deep_night_introspective"""":0.75,""""work_focus_low_vocal"""":0.7}""",city_to_inner_room,0.85,冷调合成器与深远混响营造出都市不安与未解决的张力，能量中等偏高
Happy Tergu,Djabe,warm;hopeful;clear,acoustic;jazz_brush;soft_synth,,0.4,0.6,0.4,0.7,0.5,0,0.3,instrumental,0,jazz,"""{""""morning_clear_light"""":0.8,""""afternoon_warm_idle"""":0.75,""""weekend_slow"""":0.7}""",soft_focus_work,0.85,Djabe 的爵士融合风格，温暖明亮的原声乐器与轻快节奏，营造出清晰而充满希望的氛围
No One Gets out Alive,Amber Run,melancholic;restrained;bittersweet,piano;string;vocal_breath;reverb_heavy,,0.35,0.3,0.4,0.35,0.25,0.6,0.75,en,1,indie_rock,"""{""""deep_night_introspective"""":0.85,""""night_rain_humid"""":0.8,""""work_focus_low_vocal"""":0.7}""",fade_into_inner_space,0.85,钢琴和弦乐铺垫的忧郁氛围，人声带着回响和克制，适合深夜内省场景
I Want Your Sex,George Michael,sensual;restless;urban,soft_synth;electric_distant;vocal_breath,,0.65,0.55,0.6,0.5,0.7,0.8,0.5,en,1,pop,"""{""""evening_city_walk"""":0.8,""""deep_night_introspective"""":0.7,""""user_requested_explore"""":0.75}""",city_to_inner_room,0.85,George Michael 的性感声线与合成器编排，充满都市夜晚的躁动与欲望
Love Cherry Motion,LOONA,dreamy;hopeful;restless,soft_synth;vocal_breath;reverb_heavy,,0.55,0.65,0.5,0.55,0.6,0.75,0.45,en,1,k_pop,"""{""""evening_city_walk"""":0.8,""""weekend_slow"""":0.7,""""user_requested_explore"""":0.75}""",city_to_inner_room,0.85,梦幻合成器与轻快节奏，LOONA 的甜美声线带来希望与不安交织的都市感
The Delayed 3:15,Elbow,introspective;melancholic;restrained,piano;reverb_heavy;minimal;vocal_breath,,0.25,0.3,0.35,0.4,0.2,0.4,0.75,en,1,art_rock,"""{""""deep_night_introspective"""":0.85,""""night_rain_humid"""":0.8,""""work_focus_low_vocal"""":0.75}""",fade_into_inner_space,0.85,Elbow 标志性的内省钢琴与厚重混响，人声低沉克制，营造深夜沉思氛围
Reign,Prinzhorn Dance School,restrained;detached;urban,minimal;electric_distant;cold_synth,,0.4,0.3,0.4,0.25,0.5,0.6,0.5,en,1,post_punk,"""{""""evening_city_walk"""":0.8,""""work_focus_low_vocal"""":0.7,""""night_clear_lonely"""":0.75}""",city_to_inner_room,0.85,极简后朋克，冷调电吉他与人声保持距离，都市疏离感强烈
Hoppípolla,Sigur Rós,dreamy;hopeful;nostalgic,string;ambient_pad;cinematic;reverb_heavy,,0.4,0.6,0.5,0.7,0.3,0.3,0.75,instrumental,0,post_rock,"""{""""morning_clear_light"""":0.9,""""evening_city_walk"""":0.85,""""deep_night_introspective"""":0.8}""",slow_opening,0.95,冰岛后摇滚经典，弦乐与氛围铺底交织出梦幻而温暖的希望感
Outskirts,Jonathan Hultén,introspective;melancholic;restrained,acoustic;minimal;reverb_heavy,,0.25,0.3,0.3,0.4,0.2,0.5,0.7,en,1,folk,"""{""""deep_night_introspective"""":0.85,""""night_clear_lonely"""":0.8,""""work_focus_low_vocal"""":0.75}""",fade_into_inner_space,0.85,Jonathan Hultén 的民谣风格，木吉他与人声简洁克制，充满内省与孤独感
Candy Thunder,Beach Baby,dreamy;nostalgic;warm,soft_synth;reverb_heavy;electric_distant,,0.45,0.5,0.5,0.55,0.4,0.6,0.5,en,1,dream_pop,"""{""""evening_city_walk"""":0.8,""""deep_night_introspective"""":0.75,""""work_focus_low_vocal"""":0.7}""",city_to_inner_room,0.85,梦幻流行风格，软合成器与深远混响营造出怀旧而温暖的都市夜晚氛围
With Me,SMLE,warm;hopeful;nostalgic,soft_synth;acoustic;vocal_breath,,0.45,0.55,0.5,0.6,0.4,0.6,0.5,en,1,electronic_pop,"""{""""evening_city_walk"""":0.8,""""work_focus_low_vocal"""":0.7,""""weekend_slow"""":0.75}""",slow_opening,0.85,温暖的人声与软合成器交织，营造出怀旧而充满希望的电子流行氛围
喜欢两个人,彭佳慧,warm;nostalgic;bittersweet,piano;string;vocal_breath,,0.4,0.5,0.45,0.7,0.35,0.7,0.65,zh,1,mandopop,"""{""""evening_city_walk"""":0.8,""""weekend_slow"""":0.75,""""night_rain_humid"""":0.7}""",slow_opening,0.85,彭佳慧温暖厚实的声线搭配钢琴与弦乐，表达爱情中的依赖与感伤，怀旧而略带苦涩
Flow In The Wind,麗美,introspective;melancholic;restrained,piano;string;cinematic;minimal,,0.15,0.3,0.2,0.35,0.1,0,0.8,instrumental,0,modern_classical,"""{""""work_focus_low_vocal"""":0.85,""""deep_night_introspective"""":0.9,""""night_rain_humid"""":0.75}""",slow_opening,0.9,钢琴与弦乐交织的极简旋律，缓慢而克制，充满内省与淡淡的忧伤
The cello song,Steven Sharp Nelson,introspective;melancholic;restrained,piano;string;cinematic;minimal,,0.2,0.3,0.25,0.5,0.15,0,0.75,instrumental,0,modern_classical,"""{""""work_focus_low_vocal"""":0.85,""""deep_night_introspective"""":0.8,""""night_rain_humid"""":0.75}""",slow_opening,0.9,大提琴与钢琴的极简对话，低沉而内省，充满古典的克制与忧伤
Mirror Forever,Weyes Blood,dreamy;nostalgic;bittersweet,soft_synth;string;vocal_breath;reverb_heavy,,0.35,0.4,0.45,0.55,0.3,0.6,0.7,en,1,art_pop,"""{""""deep_night_introspective"""":0.85,""""evening_city_walk"""":0.8,""""night_clear_lonely"""":0.75}""",afterglow_fading,0.9,Weyes Blood 梦幻而怀旧的声线，搭配柔软合成器和弦乐，营造出黄昏般的忧郁与温暖交织的氛围
Face of the Earth,Carl Broemel,introspective;melancholic;restrained,acoustic;string;vocal_breath;reverb_heavy,,0.3,0.35,0.4,0.45,0.25,0.6,0.7,en,1,indie_folk,"""{""""deep_night_introspective"""":0.85,""""night_rain_humid"""":0.75,""""work_focus_low_vocal"""":0.7}""",fade_into_inner_space,0.85,木吉他与人声交织，混响营造出内省而克制的氛围，带有淡淡的忧郁
Illegal,PinkPantheress,urban;restless;bittersweet,soft_synth;vocal_breath;electric_distant,,0.55,0.5,0.5,0.4,0.6,0.8,0.6,en,1,alt_pop,"""{""""evening_city_walk"""":0.8,""""deep_night_introspective"""":0.7,""""user_requested_explore"""":0.75}""",city_to_inner_room,0.85,轻快节拍与脆弱人声交织，都市夜晚的躁动与苦涩
Moonrise,Pure Bathing Culture,dreamy;nostalgic;warm,soft_synth;reverb_heavy;vocal_breath;ambient_pad,,0.35,0.5,0.4,0.6,0.3,0.5,0.55,en,1,dream_pop,"""{""""evening_city_walk"""":0.85,""""deep_night_introspective"""":0.8,""""morning_cloudy_slow"""":0.75}""",afterglow_fading,0.85,梦幻合成器与轻柔人声交织，营造怀旧而温暖的氛围，适合黄昏或夜晚的静谧时刻
Don't Call Me Angel (Charlie's Angels),Ariana Grande / Miley Cyrus / Lana Del Rey,urban;restless;sensual,soft_synth;vocal_breath;electric_distant,,0.65,0.55,0.6,0.45,0.6,0.85,0.5,en,1,pop,"""{""""evening_city_walk"""":0.8,""""user_requested_explore"""":0.7,""""night_clear_lonely"""":0.65}""",city_to_inner_room,0.85,三位女声交织的都市流行曲，合成器与鼓点营造出自信而略带疏离的夜晚氛围
"""Hotel California - Live On MTV, 1994""",Eagles,nostalgic;melancholic;restless,acoustic;string;vocal_breath;cinematic,,0.55,0.5,0.6,0.6,0.45,0.7,0.75,en,1,rock,"""{""""evening_city_walk"""":0.85,""""deep_night_introspective"""":0.8,""""night_clear_lonely"""":0.75}""",city_to_inner_room,0.9,MTV不插电版本，木吉他与人声交织，怀旧中带着不安与沉重，适合夜晚城市漫步或内省
Make U Mine,Caius,warm;dreamy;hopeful,soft_synth;ambient_pad;vocal_breath,,0.4,0.5,0.4,0.6,0.35,0.6,0.5,en,1,dream_pop,"""{""""evening_city_walk"""":0.8,""""deep_night_introspective"""":0.75,""""work_focus_low_vocal"""":0.7}""",soft_focus_work,0.85,温暖梦幻的合成器氛围，轻柔人声带来希望与甜蜜感
undefined,2019-08-23T04:00:06Z,introspective;restrained;melancholic,piano;minimal;reverb_heavy,,0.2,0.3,0.25,0.35,0.15,0,0.7,instrumental,0,modern_classical,"""{""""work_focus_low_vocal"""":0.85,""""deep_night_introspective"""":0.8,""""night_rain_humid"""":0.75}""",slow_opening,0.7,基于日期推测为器乐作品，极简钢琴与混响营造内省、克制的氛围
Loneliness,Blank & Jones,melancholic;lonely;introspective,ambient_pad;soft_synth;minimal,,0.2,0.25,0.3,0.35,0.15,0,0.7,instrumental,0,ambient,"""{""""deep_night_introspective"""":0.85,""""night_clear_lonely"""":0.8,""""work_focus_low_vocal"""":0.75}""",fade_into_inner_space,0.85,空灵的氛围合成器与极简编排，营造出静谧而孤独的内省空间
No One Noticed (Extended English),The Marías,dreamy;melancholic;sensual,soft_synth;reverb_heavy;vocal_breath;electric_distant,,0.35,0.4,0.45,0.5,0.3,0.75,0.65,en,1,dream_pop,"""{""""deep_night_introspective"""":0.85,""""evening_city_walk"""":0.8,""""night_rain_humid"""":0.75}""",fade_into_inner_space,0.9,梦幻合成器与深远混响包裹着慵懒性感的人声，营造出迷离而略带忧郁的夜晚氛围
letter,yutaka hirasaka,introspective;melancholic;restrained,piano;minimal;reverb_heavy,,0.15,0.25,0.2,0.35,0.1,0,0.8,instrumental,0,modern_classical,"""{""""work_focus_low_vocal"""":0.85,""""deep_night_introspective"""":0.9,""""night_rain_humid"""":0.75}""",slow_opening,0.9,极简钢琴独奏，缓慢而内省，混响营造出孤独与沉思的氛围
I Forgive You,The Earth,warm;hopeful;bittersweet,acoustic;string;vocal_breath,,0.4,0.5,0.4,0.7,0.3,0.6,0.65,en,1,folk_pop,"""{""""morning_clear_light"""":0.8,""""weekend_slow"""":0.75,""""evening_city_walk"""":0.7}""",slow_opening,0.85,温暖的木吉他与人声，传递宽恕与希望，略带苦涩的甜蜜
Down By the River,Milky Chance,nostalgic;dreamy;bittersweet,acoustic;soft_synth;vocal_breath;lofi_dust,,0.4,0.45,0.4,0.55,0.35,0.6,0.5,en,1,indie_folk,"""{""""evening_city_walk"""":0.8,""""weekend_slow"""":0.75,""""work_focus_low_vocal"""":0.7}""",city_to_inner_room,0.85,Milky Chance 的慵懒声线与木吉他、软合成器交织，营造出怀旧而梦幻的河边漫步氛围
記念,蔡健雅,nostalgic;bittersweet;warm,acoustic;vocal_breath;string,,0.4,0.5,0.45,0.6,0.35,0.7,0.7,zh,1,mandopop,"""{""""evening_city_walk"""":0.8,""""weekend_slow"""":0.75,""""night_rain_humid"""":0.7}""",slow_opening,0.9,蔡健雅温暖而略带沙哑的声线搭配木吉他，营造出怀旧与感伤的抒情氛围
The Stars Below,The William Blakes,dreamy;nostalgic;hopeful,soft_synth;ambient_pad;reverb_heavy;vocal_breath,,0.4,0.5,0.4,0.55,0.35,0.6,0.6,en,1,dream_pop,"""{""""evening_city_walk"""":0.8,""""deep_night_introspective"""":0.75,""""night_clear_lonely"""":0.7}""",city_to_inner_room,0.85,梦幻合成器与空灵人声交织，营造出怀旧而充满希望的星空氛围
Samba de Orfeu,João Donato,warm;clear;hopeful,acoustic;jazz_brush;piano,,0.45,0.65,0.4,0.7,0.6,0,0.35,instrumental,0,jazz,"""{""""morning_clear_light"""":0.85,""""afternoon_warm_idle"""":0.8,""""weekend_slow"""":0.75}""",soft_focus_work,0.85,明亮的钢琴与爵士鼓刷，桑巴节奏带来温暖而清晰的愉悦感
Lovesick Girls - Live,BLACKPINK,restless;urban;bittersweet,electric_distant;soft_synth;vocal_breath,idol_polished;mainstream_anthem,0.6,0.5,0.6,0.4,0.6,0.8,0.5,en,1,k_pop,"""{""""evening_city_walk"""":0.55,""""deep_night_introspective"""":0.5,""""user_requested_explore"""":0.5}""",city_to_inner_room,0.8,现场版保留了原曲的都市感与不安，但人声的呼吸感和合成器音色降低了偶像工业的精致度，带有苦涩的怀旧情绪
The Other,Lauv,introspective;melancholic;restrained,piano;soft_synth;vocal_breath,,0.35,0.4,0.4,0.45,0.3,0.7,0.65,en,1,pop,"""{""""deep_night_introspective"""":0.8,""""evening_city_walk"""":0.75,""""work_focus_low_vocal"""":0.7}""",fade_into_inner_space,0.85,Lauv 的脆弱人声与钢琴主导的编曲，营造出内省而克制的情绪氛围
"""Cricket Chronicles Revisited: Part I, Ask Your Doctor - Part II, Psyde Effects""",The Claypool Lennon Delirium,restless;unresolved;dreamy,electric_distant;soft_synth;reverb_heavy;cinematic,,0.55,0.5,0.6,0.4,0.5,0.4,0.6,en,1,psychedelic_rock,"""{""""deep_night_introspective"""":0.7,""""evening_city_walk"""":0.6,""""user_requested_explore"""":0.65}""",city_to_inner_room,0.8,迷幻摇滚风格，电声乐器与混响营造出不安、梦幻且悬而未决的氛围，适合探索性聆听
The Light Upon Us,Talos,introspective;hopeful;bittersweet,ambient_pad;soft_synth;vocal_breath;cinematic,,0.35,0.45,0.4,0.55,0.3,0.6,0.7,en,1,art_pop,"""{""""deep_night_introspective"""":0.85,""""morning_cloudy_slow"""":0.75,""""evening_city_walk"""":0.8}""",afterglow_fading,0.85,空灵的人声与氛围合成器交织，内省中带着一丝希望与忧伤，适合黄昏或深夜的沉思场景
那年的情書,江美琪,nostalgic;warm;bittersweet,acoustic;string;vocal_breath,,0.4,0.5,0.45,0.6,0.35,0.65,0.65,zh,1,mandopop,"""{""""evening_city_walk"""":0.8,""""weekend_slow"""":0.75,""""morning_clear_light"""":0.7}""",slow_opening,0.85,江美琪温暖声线搭配木吉他弦乐，怀旧与甜蜜交织的抒情曲
游园惊梦,卡奇社,dreamy;nostalgic;bittersweet,soft_synth;ambient_pad;vocal_breath;electric_distant,,0.35,0.4,0.4,0.5,0.3,0.6,0.6,zh,1,art_pop,"""{""""evening_city_walk"""":0.8,""""deep_night_introspective"""":0.75,""""night_clear_lonely"""":0.7}""",city_to_inner_room,0.85,梦幻电子声景搭配怀旧人声，如游园惊梦般朦胧而怅然
T 3.3,Carter Tutti Void,restless;urban;detached,cold_synth;electric_distant;minimal,,0.6,0.4,0.7,0.2,0.65,0,0.5,instrumental,0,industrial_techno,"""{""""evening_city_walk"""":0.8,""""deep_night_introspective"""":0.7,""""work_focus_low_vocal"""":0.65}""",city_to_inner_room,0.85,冷调合成器与重复脉冲节奏，营造都市疏离感与不安定能量
I Live Here,upsammy,introspective;misty;restrained,ambient_pad;field_recording;minimal;grainy,,0.2,0.3,0.25,0.35,0.1,0,0.6,instrumental,0,ambient,"""{""""work_focus_low_vocal"""":0.85,""""deep_night_introspective"""":0.8,""""morning_cloudy_slow"""":0.75}""",soft_focus_work,0.85,氛围电子作品，以环境垫音、现场录音和颗粒感纹理营造内省而朦胧的声景，能量低且克制
Mr. C.C.,Hiromi,restless;urban;clear,piano;acoustic;cinematic,,0.7,0.65,0.6,0.5,0.7,0,0.5,instrumental,0,jazz,"""{""""work_focus_low_vocal"""":0.7,""""evening_city_walk"""":0.75,""""user_requested_explore"""":0.8}""",city_to_inner_room,0.85,Hiromi 的钢琴充满都市感与律动，清晰而略带不安，适合探索性聆听
Old Man,Black Pumas,nostalgic;warm;bittersweet,acoustic;vocal_breath;jazz_brush;soft_synth,,0.4,0.5,0.45,0.7,0.4,0.65,0.6,en,1,soul,"""{""""evening_city_walk"""":0.8,""""morning_clear_light"""":0.7,""""weekend_slow"""":0.75}""",slow_opening,0.85,温暖的灵魂乐，木吉他与人声交织，怀旧而略带苦涩的质感
Soul Below,LJones,introspective;melancholic;restrained,piano;minimal;reverb_heavy,,0.2,0.3,0.25,0.35,0.15,0,0.75,instrumental,0,modern_classical,"""{""""deep_night_introspective"""":0.85,""""night_rain_humid"""":0.8,""""work_focus_low_vocal"""":0.75}""",fade_into_inner_space,0.85,极简钢琴与深远混响营造出内省而克制的氛围，情感沉重但能量低
Hidden Worlds,Teen Daze,dreamy;misty;introspective,ambient_pad;soft_synth;reverb_heavy;minimal,,0.2,0.35,0.3,0.5,0.15,0,0.6,instrumental,0,ambient,"""{""""work_focus_low_vocal"""":0.85,""""morning_cloudy_slow"""":0.8,""""deep_night_introspective"""":0.75}""",soft_focus_work,0.9,梦幻氛围电子，软合成器与深远混响营造出朦胧内省的声景
Vesper,Immanu El,introspective;melancholic;dreamy,ambient_pad;reverb_heavy;minimal;electric_distant,,0.2,0.3,0.25,0.35,0.15,0,0.75,instrumental,0,post_rock,"""{""""deep_night_introspective"""":0.9,""""night_clear_lonely"""":0.85,""""work_focus_low_vocal"""":0.8}""",fade_into_inner_space,0.9,氛围化的后摇滚，空旷的合成器与深远混响营造出内省而忧郁的夜晚声景
夏日倾情,卫兰,warm;nostalgic;hopeful,acoustic;vocal_breath;string,,0.45,0.6,0.4,0.7,0.35,0.7,0.55,zh,1,mandopop,"""{""""morning_clear_light"""":0.8,""""afternoon_warm_idle"""":0.75,""""weekend_slow"""":0.7}""",slow_opening,0.85,卫兰温暖声线搭配木吉他与弦乐，怀旧而充满希望的夏日抒情
氧气,郝蕾,melancholic;introspective;restrained,piano;vocal_breath;reverb_heavy,,0.25,0.3,0.35,0.4,0.2,0.6,0.75,zh,1,mandopop,"""{""""deep_night_introspective"""":0.85,""""night_rain_humid"""":0.8,""""work_focus_low_vocal"""":0.7}""",fade_into_inner_space,0.85,郝蕾脆弱而克制的人声搭配钢琴与混响，营造出内省而忧郁的氛围
Gluttony and Lust,Susanna,melancholic;restrained;unresolved,piano;vocal_breath;reverb_heavy;minimal,,0.25,0.3,0.3,0.35,0.2,0.6,0.75,en,1,art_pop,"""{""""deep_night_introspective"""":0.85,""""night_rain_humid"""":0.8,""""work_focus_low_vocal"""":0.7}""",fade_into_inner_space,0.85,Susanna 脆弱而克制的人声与极简钢琴交织，充满未解的忧郁与内省
Carmen Isn't Coming In Today,Craig Finn,restless;urban;bittersweet,acoustic;electric_distant;vocal_breath,,0.45,0.4,0.5,0.45,0.45,0.7,0.65,en,1,indie_rock,"""{""""evening_city_walk"""":0.8,""""work_focus_low_vocal"""":0.7,""""deep_night_introspective"""":0.75}""",city_to_inner_room,0.85,Craig Finn 的叙事性人声与粗粝的吉他，营造出都市中不安与怀旧交织的质感
Merry Christmas,Mr Lawrence,introspective;melancholic;restrained,piano;cinematic;minimal,,0.1,0.3,0.15,0.4,0.1,0,0.85,instrumental,0,modern_classical,"""{""""work_focus_low_vocal"""":0.9,""""deep_night_introspective"""":0.85,""""night_rain_humid"""":0.8}""",slow_opening,0.95,极简钢琴独奏，缓慢而克制，充满内省与留白
Sola Sistim,Underworld,restless;urban;dreamy,soft_synth;cold_synth;reverb_heavy;electric_distant,,0.65,0.5,0.7,0.4,0.7,0.4,0.5,en,1,electronic,"""{""""evening_city_walk"""":0.85,""""deep_night_introspective"""":0.8,""""user_requested_explore"""":0.75}""",city_to_inner_room,0.85,Underworld 标志性的电子律动与冷调合成器，充满都市夜晚的躁动与迷幻感
Cold Comfort,trentemøller,introspective;melancholic;restrained,cold_synth;ambient_pad;minimal;reverb_heavy,,0.25,0.3,0.35,0.3,0.2,0,0.7,instrumental,0,ambient_techno,"""{""""deep_night_introspective"""":0.85,""""night_rain_humid"""":0.8,""""work_focus_low_vocal"""":0.75}""",fade_into_inner_space,0.9,冷调合成器与空旷混响营造出内省而克制的氛围，能量低但情感重量较高
Shine (Extended Mix),Felix Jaehn / Linying / Freddy Verano,hopeful;warm;clear,soft_synth;vocal_breath;acoustic,,0.65,0.7,0.55,0.6,0.6,0.7,0.5,en,1,deep_house,"""{""""morning_clear_light"""":0.8,""""evening_city_walk"""":0.75,""""weekend_slow"""":0.7}""",gentle_recovery,0.85,温暖的人声与软合成器交织，能量中等偏上，充满希望与明亮感，适合清晨或周末放松场景
How to Iron the Devil's Doak,The Autumn Project,introspective;melancholic;restrained,piano;minimal;reverb_heavy,,0.25,0.3,0.25,0.35,0.2,0,0.75,instrumental,0,modern_classical,"""{""""work_focus_low_vocal"""":0.85,""""deep_night_introspective"""":0.8,""""night_rain_humid"""":0.75}""",slow_opening,0.85,极简钢琴与深远混响，营造内省而克制的氛围，适合专注或深夜聆听
ひとつふたつ,矢野絢子,introspective;melancholic;restrained,piano;minimal;vocal_breath,,0.2,0.3,0.2,0.4,0.15,0.6,0.75,ja,1,japanese_singer_songwriter,"""{""""deep_night_introspective"""":0.85,""""night_rain_humid"""":0.8,""""work_focus_low_vocal"""":0.7}""",slow_opening,0.9,矢野絢子的钢琴自弹自唱，旋律简约而内省，人声轻柔带着淡淡的忧伤与克制
Best Part (feat. H.E.R.),Daniel Caesar,warm;sensual;hopeful,acoustic;vocal_breath;soft_synth,,0.35,0.55,0.4,0.7,0.3,0.75,0.6,en,1,r&b,"""{""""morning_clear_light"""":0.8,""""afternoon_warm_idle"""":0.85,""""evening_city_walk"""":0.75}""",slow_opening,0.9,温暖柔和的R&B情歌，Daniel Caesar与H.E.R.的声线交织出亲密而充满希望的氛围
The Prayer,Andrea Bocelli / Céline Dion,warm;hopeful;bittersweet,string;vocal_breath;cinematic;piano,,0.6,0.65,0.6,0.7,0.35,0.85,0.75,en,1,classical_crossover,"""{""""morning_clear_light"""":0.8,""""evening_city_walk"""":0.75,""""weekend_slow"""":0.7}""",slow_opening,0.9,Bocelli与Dion的宏大二重唱，弦乐与钢琴交织，温暖而充满希望，略带神圣感
Cycle by Cycle,Erik Truffaz,introspective;restrained;melancholic,piano;ambient_pad;minimal;reverb_heavy,,0.2,0.3,0.25,0.35,0.15,0,0.7,instrumental,0,jazz,"""{""""work_focus_low_vocal"""":0.85,""""deep_night_introspective"""":0.8,""""night_rain_humid"""":0.75}""",afterglow_fading,0.85,Erik Truffaz 的爵士小号与钢琴交织，氛围感强，内省而克制，适合低能量场景
Some Kinda World,Art of Fighting,melancholic;introspective;bittersweet,acoustic;vocal_breath;string;reverb_heavy,,0.3,0.35,0.4,0.5,0.25,0.6,0.75,en,1,indie_folk,"""{""""deep_night_introspective"""":0.85,""""night_rain_humid"""":0.8,""""work_focus_low_vocal"""":0.7}""",fade_into_inner_space,0.85,木吉他与人声交织，混响营造出忧郁而内省的氛围，带有淡淡的苦涩与怀旧
drowsy.,Bed.,dreamy;restrained;introspective,ambient_pad;lofi_dust;soft_synth;minimal,,0.2,0.3,0.25,0.5,0.15,0,0.45,instrumental,0,ambient,"""{""""work_focus_low_vocal"""":0.85,""""morning_cloudy_slow"""":0.8,""""deep_night_introspective"""":0.75}""",soft_focus_work,0.85,低能量氛围电子，软合成器与 lo-fi 失真营造出昏昏欲睡的朦胧感
Angélique,Xeno & Oaklander,detached;urban;restless,cold_synth;electric_distant;reverb_heavy,,0.55,0.4,0.5,0.3,0.5,0.6,0.45,en,1,synthpop,"""{""""evening_city_walk"""":0.8,""""deep_night_introspective"""":0.75,""""user_requested_explore"""":0.7}""",city_to_inner_room,0.85,冷调合成器与疏离人声，都市夜晚的机械律动与不安感
Holiday,Drinker,warm;nostalgic;hopeful,acoustic;soft_synth;vocal_breath,,0.4,0.55,0.4,0.65,0.35,0.6,0.5,en,1,indie_folk,"""{""""morning_clear_light"""":0.8,""""afternoon_warm_idle"""":0.75,""""weekend_slow"""":0.7}""",slow_opening,0.85,温暖的木吉他和人声，营造出怀旧而充满希望的假日氛围
Quiet Down,Botany,introspective;restrained;dreamy,ambient_pad;minimal;field_recording;soft_synth,,0.2,0.35,0.25,0.45,0.15,0,0.6,instrumental,0,ambient,"""{""""work_focus_low_vocal"""":0.85,""""deep_night_introspective"""":0.8,""""morning_cloudy_slow"""":0.75}""",soft_focus_work,0.85,氛围电子作品，以环境音垫和田野录音构建内省而克制的声景，能量低但富有质感
See-Through,Arthur Russell,introspective;dreamy;bittersweet,acoustic;vocal_breath;minimal;reverb_heavy,,0.25,0.4,0.3,0.5,0.2,0.6,0.7,en,1,art_pop,"""{""""deep_night_introspective"""":0.85,""""night_rain_humid"""":0.8,""""work_focus_low_vocal"""":0.7}""",fade_into_inner_space,0.85,Arthur Russell 标志性的脆弱人声与简约大提琴/吉他编排，梦幻而略带忧伤，适合深夜内省
Nocturne,久石讓,introspective;melancholic;restrained,piano;cinematic;minimal,,0.15,0.3,0.2,0.35,0.1,0,0.8,instrumental,0,modern_classical,"""{""""work_focus_low_vocal"""":0.85,""""deep_night_introspective"""":0.9,""""night_rain_humid"""":0.75}""",slow_opening,0.9,久石讓的夜曲，钢琴独奏静谧而内省，带有淡淡的忧伤与克制
Le courage d'aimer: Noël,Francis Lai,warm;nostalgic;bittersweet,piano;string;cinematic;reverb_heavy,,0.25,0.45,0.35,0.7,0.2,0,0.75,instrumental,0,film_score,"""{""""morning_cloudy_slow"""":0.85,""""evening_city_walk"""":0.8,""""deep_night_introspective"""":0.75}""",afterglow_fading,0.9,Francis Lai 标志性的电影配乐风格，钢琴与弦乐交织，温暖怀旧中带着淡淡的忧伤，能量低而情感厚重
In2,WSTRN,urban;restless;hopeful,soft_synth;vocal_breath;electric_distant,,0.6,0.55,0.55,0.5,0.6,0.75,0.5,en,1,uk_r&b,"""{""""evening_city_walk"""":0.85,""""deep_night_introspective"""":0.75,""""user_requested_explore"""":0.7}""",city_to_inner_room,0.85,都市R&B节奏，合成器与呼吸感人声交织，带有不安与期待的情绪
Ohm 2001,Leifur James,introspective;melancholic;restrained,ambient_pad;minimal;cold_synth;field_recording,,0.2,0.3,0.25,0.35,0.15,0,0.7,instrumental,0,ambient,"""{""""work_focus_low_vocal"""":0.85,""""deep_night_introspective"""":0.8,""""night_rain_humid"""":0.75}""",slow_opening,0.85,冷调氛围铺底与田野录音细节，缓慢内省，能量极低
星星堆满天 (Live),杨乃文,restless;melancholic;unresolved,electric_distant;reverb_heavy;vocal_breath,,0.55,0.4,0.6,0.35,0.5,0.75,0.7,zh,1,alternative_rock,"""{""""evening_city_walk"""":0.8,""""deep_night_introspective"""":0.75,""""night_clear_lonely"""":0.7}""",city_to_inner_room,0.85,杨乃文现场版，电吉他失真与穿透力人声交织，躁动不安中带着未解的忧郁
来历,半野喜弘,introspective;melancholic;restrained,piano;cinematic;minimal,,0.15,0.3,0.2,0.35,0.1,0,0.8,instrumental,0,modern_classical,"""{""""work_focus_low_vocal"""":0.85,""""deep_night_introspective"""":0.9,""""night_rain_humid"""":0.75}""",slow_opening,0.9,半野喜弘的钢琴作品，极简而克制，充满内省与忧郁的留白空间
Silent night,重返袖珍时光,introspective;melancholic;restrained,piano;string;minimal,,0.2,0.3,0.25,0.4,0.1,0,0.7,instrumental,0,post_rock,"""{""""work_focus_low_vocal"""":0.85,""""deep_night_introspective"""":0.8,""""night_rain_humid"""":0.75}""",slow_opening,0.85,器乐后摇，钢琴与弦乐交织，静谧内省中带有淡淡的忧伤
Bright,Tokyo Shoegazer,dreamy;restless;melancholic,electric_distant;reverb_heavy;cold_synth;ambient_pad,,0.6,0.4,0.7,0.3,0.5,0,0.7,instrumental,0,shoegaze,"""{""""deep_night_introspective"""":0.85,""""evening_city_walk"""":0.8,""""night_rain_humid"""":0.75}""",fade_into_inner_space,0.85,东京盯鞋乐队的器乐作品，厚重的失真吉他墙与冷调混响营造出梦幻而躁动的氛围
Christiansands,Tricky,urban;melancholic;restless,electric_distant;cold_synth;reverb_heavy;grainy,,0.4,0.3,0.6,0.3,0.5,0.4,0.7,en,1,trip_hop,"""{""""evening_city_walk"""":0.85,""""deep_night_introspective"""":0.8,""""night_rain_humid"""":0.75}""",city_to_inner_room,0.9,Tricky 标志性的 trip-hop 风格，冷调合成器与颗粒感音色交织，营造出都市夜晚的忧郁与不安
Ballade - Claude Debussy,Kathryn Stott,introspective;melancholic;restrained,piano;cinematic;minimal,,0.15,0.3,0.2,0.4,0.1,0,0.8,instrumental,0,classical,"""{""""work_focus_low_vocal"""":0.85,""""deep_night_introspective"""":0.8,""""night_rain_humid"""":0.75}""",slow_opening,0.9,德彪西的钢琴叙事曲，印象派风格，内省而克制，充满细腻的情感层次与留白
親切,法蘭黛樂團,warm;nostalgic;bittersweet,acoustic;vocal_breath;string;reverb_heavy,,0.4,0.5,0.45,0.65,0.35,0.6,0.65,zh,1,indie_pop,"""{""""evening_city_walk"""":0.8,""""weekend_slow"""":0.75,""""night_rain_humid"""":0.7}""",slow_opening,0.85,溫暖的木吉他與弦樂編排，搭配法蘭輕柔人聲，營造懷舊而帶點苦澀的親切感
Forbidden Colours,Sarah Brightman,melancholic;nostalgic;bittersweet,piano;string;vocal_breath;cinematic,,0.35,0.4,0.5,0.45,0.25,0.7,0.75,en,1,classical_crossover,"""{""""deep_night_introspective"""":0.85,""""night_rain_humid"""":0.8,""""evening_city_walk"""":0.75}""",slow_opening,0.85,钢琴与弦乐交织，Sarah Brightman空灵人声带来怀旧与凄美交织的古典跨界质感
天下有情人,周華健,nostalgic;warm;bittersweet,acoustic;string;vocal_breath,,0.45,0.5,0.5,0.6,0.35,0.7,0.7,zh,1,mandopop,"""{""""evening_city_walk"""":0.8,""""weekend_slow"""":0.75,""""night_rain_humid"""":0.7}""",slow_opening,0.85,周華健的温暖声线与弦乐编排，怀旧中带着淡淡的苦涩与深情
Cast Away,Capo Productions,melancholic;introspective;restrained,piano;string;cinematic;minimal,,0.25,0.3,0.35,0.4,0.15,0,0.75,instrumental,0,modern_classical,"""{""""work_focus_low_vocal"""":0.85,""""deep_night_introspective"""":0.8,""""night_rain_humid"""":0.75}""",slow_opening,0.85,钢琴与弦乐交织的器乐作品，情绪克制而深沉，带有电影感的孤独与内省
毒药解药,周也涵,melancholic;bittersweet;introspective,piano;vocal_breath;string,,0.35,0.4,0.45,0.5,0.3,0.6,0.7,zh,1,mandopop,"""{""""deep_night_introspective"""":0.85,""""night_rain_humid"""":0.8,""""evening_city_walk"""":0.75}""",slow_opening,0.85,钢琴与弦乐衬托下的抒情女声，充满内省与苦涩的怀旧感
Moon River,Howe Gelb,nostalgic;warm;bittersweet,acoustic;piano;vocal_breath;grainy,,0.3,0.5,0.35,0.65,0.25,0.6,0.7,en,1,folk_jazz,"""{""""evening_city_walk"""":0.8,""""night_clear_lonely"""":0.75,""""weekend_slow"""":0.7}""",afterglow_fading,0.85,Howe Gelb 的沙哑嗓音与松散吉他、钢琴交织，营造出怀旧而温暖的黄昏质感
"""I Saw, They Saw""",Sabrina Piggott,introspective;melancholic;restrained,piano;string;vocal_breath;reverb_heavy,,0.25,0.3,0.35,0.4,0.2,0.6,0.75,en,1,art_pop,"""{""""deep_night_introspective"""":0.85,""""night_rain_humid"""":0.8,""""work_focus_low_vocal"""":0.75}""",fade_into_inner_space,0.85,钢琴与弦乐铺垫，人声带有呼吸感和混响，内省而克制的情绪氛围
WONDERFUL FEELING,Switchfoot,hopeful;warm;nostalgic,acoustic;electric_distant;vocal_breath,,0.55,0.6,0.5,0.65,0.5,0.7,0.5,en,1,alternative_rock,"""{""""morning_clear_light"""":0.8,""""evening_city_walk"""":0.75,""""weekend_slow"""":0.7}""",slow_opening,0.85,Switchfoot 的温暖摇滚，充满希望和怀旧感的声线与吉他编排
MERRY CHRISTMAS Mr. LAWRENCE,Piano Master,introspective;melancholic;restrained,piano;cinematic;minimal,,0.1,0.3,0.15,0.4,0.1,0,0.85,instrumental,0,modern_classical,"""{""""work_focus_low_vocal"""":0.9,""""deep_night_introspective"""":0.85,""""night_rain_humid"""":0.8}""",slow_opening,0.95,极简钢琴独奏，缓慢而克制，充满内省与留白
Lunar,Withyouathome,dreamy;introspective;melancholic,ambient_pad;soft_synth;minimal;reverb_heavy,,0.25,0.3,0.25,0.4,0.15,0,0.6,instrumental,0,ambient,"""{""""deep_night_introspective"""":0.85,""""night_clear_lonely"""":0.8,""""work_focus_low_vocal"""":0.75}""",fade_into_inner_space,0.85,梦幻而内省的氛围作品，柔和合成器与深远混响营造出月光般的静谧与忧郁
Sepia Effect,Hiromi,introspective;melancholic;restrained,piano;minimal;reverb_heavy,,0.2,0.3,0.2,0.4,0.15,0,0.75,instrumental,0,modern_classical,"""{""""work_focus_low_vocal"""":0.85,""""deep_night_introspective"""":0.8,""""night_rain_humid"""":0.75}""",slow_opening,0.9,Hiromi的钢琴独奏，缓慢而内省，混响营造出怀旧与忧郁的质感
Pearly River Gates,Maximilian Hecker,melancholic;dreamy;restrained,piano;reverb_heavy;vocal_breath;string,,0.25,0.3,0.35,0.4,0.2,0.4,0.75,en,1,chamber_pop,"""{""""deep_night_introspective"""":0.85,""""night_rain_humid"""":0.8,""""work_focus_low_vocal"""":0.75}""",fade_into_inner_space,0.9,Maximilian Hecker 标志性的脆弱假声与钢琴弦乐交织，营造出梦幻而克制的忧郁氛围
プラスティック・ラブ,竹内まりや,nostalgic;urban;warm,soft_synth;electric_distant;vocal_breath,,0.55,0.6,0.55,0.65,0.6,0.7,0.5,ja,1,city_pop,"""{""""evening_city_walk"""":0.85,""""weekend_slow"""":0.75,""""night_clear_lonely"""":0.7}""",city_to_inner_room,0.9,经典城市流行，温暖合成器与怀旧旋律勾勒出都市夜晚的浪漫与慵懒
The Wu,THE S.L.P.,urban;restless;unresolved,electric_distant;cold_synth;reverb_heavy,,0.6,0.4,0.65,0.3,0.7,0.5,0.55,en,1,alternative_dance,"""{""""evening_city_walk"""":0.8,""""deep_night_introspective"""":0.7,""""user_requested_explore"""":0.75}""",city_to_inner_room,0.85,冷调合成器与都市节奏，带有不安与未解决的张力
Genius and the Thieves,Eluvium,introspective;melancholic;dreamy,piano;ambient_pad;cinematic;minimal,,0.2,0.3,0.25,0.4,0.1,0,0.75,instrumental,0,modern_classical,"""{""""work_focus_low_vocal"""":0.85,""""deep_night_introspective"""":0.8,""""night_rain_humid"""":0.75}""",slow_opening,0.9,Eluvium 的钢琴与氛围铺底，缓慢内省，如同在寂静中沉思
Nick,Good Fuck,restless;urban;unresolved,electric_distant;cold_synth;reverb_heavy,,0.6,0.45,0.55,0.3,0.6,0.5,0.5,en,1,indie_rock,"""{""""evening_city_walk"""":0.7,""""deep_night_introspective"""":0.65,""""user_requested_explore"""":0.6}""",city_to_inner_room,0.8,冷调合成器与遥远电吉他，都市不安感与未解决的情绪交织
GHADI TJI (You'll be here),岩崎太整 / Oum,hopeful;warm;dreamy,soft_synth;ambient_pad;vocal_breath,,0.4,0.55,0.4,0.65,0.35,0.6,0.55,en,1,ambient_pop,"""{""""morning_clear_light"""":0.8,""""evening_city_walk"""":0.75,""""work_focus_low_vocal"""":0.7}""",soft_focus_work,0.85,温暖柔和的合成器与空灵人声，营造出充满希望与梦幻感的氛围
流れ者の唄,門倉聡,melancholic;lonely;restrained,piano;minimal;reverb_heavy,,0.2,0.25,0.2,0.3,0.1,0,0.75,instrumental,0,modern_classical,"""{""""deep_night_introspective"""":0.85,""""night_rain_humid"""":0.8,""""work_focus_low_vocal"""":0.75}""",afterglow_fading,0.9,孤独而克制的钢琴独奏，混响营造出空旷的漂泊感，如同深夜的独白
Crystalline,Eyolf Dale,introspective;clear;restrained,piano;minimal;cinematic,,0.2,0.5,0.25,0.4,0.15,0,0.6,instrumental,0,modern_classical,"""{""""work_focus_low_vocal"""":0.85,""""deep_night_introspective"""":0.8,""""morning_clear_light"""":0.75}""",slow_opening,0.85,清澈的钢琴独奏，简约而克制，带有内省与透明的质感
Counting Sheep,SAFIA,restless;urban;unresolved,soft_synth;cold_synth;electric_distant;reverb_heavy,,0.6,0.45,0.55,0.35,0.55,0.7,0.65,en,1,synthpop,"""{""""evening_city_walk"""":0.8,""""deep_night_introspective"""":0.75,""""user_requested_explore"""":0.7}""",city_to_inner_room,0.85,冷调合成器与急促节奏营造都市不安感，人声疏离而悬而未决
無傷曲,西皮士,introspective;dreamy;restrained,piano;ambient_pad;minimal,,0.2,0.35,0.25,0.4,0.15,0,0.7,instrumental,0,ambient,"""{""""work_focus_low_vocal"""":0.85,""""deep_night_introspective"""":0.8,""""night_rain_humid"""":0.75}""",slow_opening,0.85,极简钢琴与氛围垫音交织，内省而梦幻，适合深度专注或夜晚独处
Compassion,Jarmo Saari Republic,introspective;restrained;melancholic,piano;ambient_pad;minimal;cinematic,,0.2,0.3,0.25,0.4,0.1,0,0.8,instrumental,0,modern_classical,"""{""""deep_night_introspective"""":0.9,""""work_focus_low_vocal"""":0.85,""""night_rain_humid"""":0.8}""",slow_opening,0.9,钢琴与氛围垫交织，极简而克制，充满内省与忧郁的沉思感
多远都要在一起,G.E.M.邓紫棋,warm;nostalgic;hopeful,piano;string;vocal_breath,,0.55,0.6,0.5,0.7,0.45,0.75,0.65,zh,1,mandopop,"""{""""evening_city_walk"""":0.8,""""weekend_slow"""":0.75,""""morning_clear_light"""":0.7}""",slow_opening,0.85,邓紫棋的钢琴抒情，温暖声线传递怀旧与希望，能量略高于红豆但保持抒情基调
歩いても 歩いても,GONTITI,introspective;melancholic;restrained,acoustic;minimal;field_recording,,0.15,0.3,0.2,0.45,0.1,0,0.7,instrumental,0,folk,"""{""""work_focus_low_vocal"""":0.85,""""morning_cloudy_slow"""":0.8,""""deep_night_introspective"""":0.75}""",slow_opening,0.9,原声吉他独奏，极简而克制，带有田野录音般的自然留白，适合内省与漫步
Mindshaft,Pye Corner Audio,detached;restless;urban,cold_synth;electric_distant;reverb_heavy,,0.4,0.35,0.5,0.3,0.45,0,0.55,instrumental,0,electronic,"""{""""evening_city_walk"""":0.8,""""deep_night_introspective"""":0.75,""""work_focus_low_vocal"""":0.7}""",city_to_inner_room,0.85,冷调合成器与深远混响营造出都市夜晚的疏离与不安感
春告鳥,藤原道山,introspective;melancholic;restrained,piano;acoustic;minimal,,0.2,0.4,0.2,0.5,0.15,0,0.7,instrumental,0,traditional_japanese,"""{""""morning_cloudy_slow"""":0.85,""""work_focus_low_vocal"""":0.8,""""deep_night_introspective"""":0.75}""",slow_opening,0.85,尺八与钢琴的静谧对话，清冷而内省，如同春日薄雾中的鸟鸣
Cloud Cover,GLOK,dreamy;misty;restrained,ambient_pad;soft_synth;reverb_heavy;electric_distant,,0.25,0.35,0.3,0.4,0.2,0,0.45,instrumental,0,ambient,"""{""""morning_cloudy_slow"""":0.85,""""work_focus_low_vocal"""":0.8,""""night_clear_lonely"""":0.75}""",soft_focus_work,0.85,氛围电子作品，软合成器与深远混响营造出朦胧、克制的云层覆盖感
III (Find Yourself),Athletics,introspective;melancholic;restrained,ambient_pad;reverb_heavy;minimal,,0.25,0.3,0.35,0.4,0.2,0,0.8,instrumental,0,post_rock,"""{""""deep_night_introspective"""":0.9,""""night_rain_humid"""":0.85,""""work_focus_low_vocal"""":0.8}""",fade_into_inner_space,0.85,后摇滚氛围器乐，缓慢铺展的混响与空灵音景，内省而克制
梦游 (Flyaway),孙盛希,dreamy;nostalgic;bittersweet,soft_synth;vocal_breath;reverb_heavy;electric_distant,,0.4,0.5,0.45,0.55,0.35,0.7,0.65,zh,1,mandopop,"""{""""evening_city_walk"""":0.8,""""deep_night_introspective"""":0.75,""""night_rain_humid"""":0.7}""",city_to_inner_room,0.85,孙盛希梦幻声线搭配合成器与混响，营造出怀旧而略带苦涩的都市夜晚氛围
i'm Falling,Fcyco,dreamy;melancholic;restrained,soft_synth;reverb_heavy;vocal_breath,,0.35,0.4,0.35,0.45,0.3,0.6,0.65,en,1,dream_pop,"""{""""deep_night_introspective"""":0.85,""""night_clear_lonely"""":0.8,""""work_focus_low_vocal"""":0.7}""",fade_into_inner_space,0.85,梦幻合成器与混响人声营造出坠落般的忧郁与内省氛围
"""Standing in the Need of Prayer (feat. Mark de Clive-Lowe, Miguel Atwood-Ferguson, Carlos Niño & Der""",Dwight Trible,hopeful;warm;introspective,piano;string;vocal_breath;ambient_pad,,0.4,0.5,0.45,0.7,0.3,0.75,0.7,en,1,spiritual_jazz,"""{""""morning_clear_light"""":0.85,""""deep_night_introspective"""":0.8,""""weekend_slow"""":0.75}""",gentle_recovery,0.85,Dwight Trible 的温暖人声与钢琴弦乐交织，充满灵性与希望，氛围内省而舒缓
Let You Down,The Material,melancholic;lonely;bittersweet,piano;string;vocal_breath;reverb_heavy,,0.35,0.3,0.4,0.35,0.25,0.6,0.75,en,1,indie_rock,"""{""""deep_night_introspective"""":0.85,""""night_rain_humid"""":0.8,""""work_focus_low_vocal"""":0.7}""",fade_into_inner_space,0.85,钢琴与弦乐铺垫的忧郁氛围，人声带着呼吸感与混响，表达失落与苦涩
傳染,關淑怡,melancholic;bittersweet;restrained,piano;string;vocal_breath;reverb_heavy,,0.35,0.4,0.5,0.45,0.3,0.6,0.75,zh,1,mandopop,"""{""""evening_city_walk"""":0.8,""""deep_night_introspective"""":0.85,""""night_rain_humid"""":0.75}""",afterglow_fading,0.85,關淑怡的声线带着克制与哀愁，钢琴和弦乐编织出苦涩而怀旧的氛围
Angeleyes,ABBA,nostalgic;bittersweet;urban,soft_synth;vocal_breath;string,,0.55,0.6,0.5,0.5,0.5,0.7,0.5,en,1,pop,"""{""""evening_city_walk"""":0.8,""""weekend_slow"""":0.7,""""user_requested_explore"""":0.65}""",city_to_inner_room,0.85,ABBA 经典流行，合成器与人声交织，怀旧中带一丝苦涩的都市感
Historia De Un Amor,Laura Fygi,warm;nostalgic;sensual,jazz_brush;acoustic;vocal_breath;string,,0.35,0.55,0.4,0.7,0.3,0.6,0.6,en,1,jazz,"""{""""evening_city_walk"""":0.8,""""afternoon_warm_idle"""":0.75,""""work_focus_low_vocal"""":0.7}""",slow_opening,0.85,Laura Fygi 的温暖爵士声线搭配刷镲和木吉他，营造怀旧而感性的氛围
醉赤壁,林俊杰,nostalgic;warm;bittersweet,piano;string;vocal_breath,,0.45,0.5,0.5,0.6,0.35,0.7,0.65,zh,1,mandopop,"""{""""evening_city_walk"""":0.8,""""weekend_slow"""":0.75,""""night_rain_humid"""":0.7}""",slow_opening,0.85,林俊杰的抒情嗓音与钢琴弦乐编排，营造出怀旧而略带苦涩的古典浪漫氛围
夜空中最亮的星,逃跑計劃,hopeful;nostalgic;melancholic,acoustic;string;vocal_breath;electric_distant,,0.55,0.6,0.5,0.6,0.45,0.7,0.7,zh,1,indie_rock,"""{""""evening_city_walk"""":0.85,""""deep_night_introspective"""":0.8,""""night_clear_lonely"""":0.75}""",slow_opening,0.9,木吉他与人声交织，充满希望与怀旧感的独立摇滚，适合夜晚独处
The Call,Regina Spektor,nostalgic;hopeful;bittersweet,piano;vocal_breath;string,,0.45,0.55,0.4,0.6,0.35,0.7,0.65,en,1,indie_folk,"""{""""evening_city_walk"""":0.8,""""morning_clear_light"""":0.75,""""weekend_slow"""":0.7}""",slow_opening,0.85,Regina Spektor 的钢琴与人声交织，怀旧中带着希望与淡淡的苦涩，适合安静时刻
No One's Watching Me (feat. Olivia Dean),Ezra Collective / Olivia Dean,warm;hopeful;urban,jazz_brush;acoustic;soft_synth;vocal_breath,,0.55,0.6,0.5,0.65,0.55,0.7,0.5,en,1,jazz,"""{""""evening_city_walk"""":0.85,""""morning_clear_light"""":0.75,""""afternoon_warm_idle"""":0.7}""",city_to_inner_room,0.85,温暖的爵士融合，Olivia Dean 的人声带来都市感与希望，节奏轻快而不失质感
Moon Jogger,Eyolf Dale,restrained;urban;clear,piano;acoustic;jazz_brush;minimal,,0.35,0.5,0.4,0.45,0.3,0,0.5,instrumental,0,jazz,"""{""""morning_clear_light"""":0.8,""""evening_city_walk"""":0.75,""""work_focus_low_vocal"""":0.7}""",soft_focus_work,0.85,钢琴与爵士鼓刷的极简编排，克制而清晰的都市感，适合专注或漫步场景
Green Lizard,Alon Farber,warm;clear;restrained,acoustic;jazz_brush;soft_synth,,0.4,0.55,0.4,0.65,0.35,0,0.45,instrumental,0,jazz,"""{""""work_focus_low_vocal"""":0.8,""""afternoon_warm_idle"""":0.75,""""morning_clear_light"""":0.7}""",soft_focus_work,0.85,温暖的爵士器乐，木吉他与刷鼓营造出明亮而克制的质感
牧神,劉寧,dreamy;misty;restrained,ambient_pad;minimal;field_recording,,0.2,0.3,0.25,0.4,0.1,0,0.6,instrumental,0,ambient,"""{""""morning_cloudy_slow"""":0.85,""""deep_night_introspective"""":0.8,""""work_focus_low_vocal"""":0.75}""",soft_focus_work,0.85,氛围音乐，以环境音色和极简铺底营造梦幻朦胧的牧神意象
Second Attention,Time Grove,dreamy;restrained;introspective,soft_synth;ambient_pad;reverb_heavy;minimal,,0.25,0.35,0.3,0.45,0.2,0,0.55,instrumental,0,ambient,"""{""""work_focus_low_vocal"""":0.85,""""deep_night_introspective"""":0.8,""""morning_cloudy_slow"""":0.75}""",soft_focus_work,0.85,柔和的合成器氛围，克制而梦幻，适合专注或内省场景
Mo Money Mo Problems (feat. Puff Daddy & Mase) - 2014 Remaster,The Notorious B.I.G.,urban;restless;nostalgic,soft_synth;electric_distant;vocal_breath,,0.7,0.6,0.65,0.5,0.75,0.85,0.6,en,1,hip_hop,"""{""""evening_city_walk"""":0.85,""""user_requested_explore"""":0.8,""""weekend_slow"""":0.7}""",city_to_inner_room,0.85,经典东海岸嘻哈，采样 Diana Ross 的旋律带来怀旧感，节奏律动强，适合都市夜晚漫步
Goodnight Paradise,Graveyard Club,dreamy;nostalgic;melancholic,soft_synth;reverb_heavy;vocal_breath;electric_distant,,0.35,0.4,0.45,0.5,0.3,0.6,0.65,en,1,dream_pop,"""{""""deep_night_introspective"""":0.85,""""evening_city_walk"""":0.8,""""night_clear_lonely"""":0.75}""",late_night_descent,0.85,梦幻合成器与深远混响，怀旧而略带忧郁的夜晚氛围
Song Of The Heart,Connie Ellisor,warm;nostalgic;hopeful,string;acoustic;vocal_breath,,0.4,0.55,0.45,0.65,0.35,0.6,0.55,en,1,easy_listening,"""{""""morning_clear_light"""":0.8,""""afternoon_warm_idle"""":0.75,""""weekend_slow"""":0.7}""",slow_opening,0.85,温暖弦乐与轻柔人声，怀旧而充满希望的抒情质感
What Could Be as Lonely as Love,Amber Run,melancholic;lonely;introspective,piano;string;reverb_heavy;vocal_breath,,0.3,0.3,0.4,0.35,0.2,0.6,0.8,en,1,indie_rock,"""{""""deep_night_introspective"""":0.9,""""night_rain_humid"""":0.85,""""night_clear_lonely"""":0.8}""",fade_into_inner_space,0.9,钢琴与弦乐铺垫的忧郁氛围，人声充满孤独与内省，能量较低，适合深夜独处场景
浮遊魚の舞,Azell,dreamy;misty;restrained,ambient_pad;soft_synth;minimal;field_recording,,0.2,0.35,0.25,0.4,0.15,0,0.5,instrumental,0,ambient,"""{""""work_focus_low_vocal"""":0.85,""""deep_night_introspective"""":0.8,""""morning_cloudy_slow"""":0.75}""",soft_focus_work,0.85,氛围电子风格，软合成器与田野录音营造出朦胧、梦幻且克制的漂浮感
When It Rains,Lightning Dust,melancholic;misty;lonely,piano;reverb_heavy;vocal_breath;ambient_pad,,0.25,0.3,0.35,0.4,0.2,0.5,0.7,en,1,indie_folk,"""{""""night_rain_humid"""":0.85,""""deep_night_introspective"""":0.8,""""work_focus_low_vocal"""":0.7}""",rain_on_glass,0.85,钢琴与空旷人声交织，混响营造出雨夜般的忧郁与朦胧感
Pavements,Wy,urban;nostalgic;restless,electric_distant;reverb_heavy;soft_synth,,0.45,0.4,0.5,0.35,0.5,0,0.55,instrumental,0,synthwave,"""{""""evening_city_walk"""":0.85,""""deep_night_introspective"""":0.8,""""work_focus_low_vocal"""":0.75}""",city_to_inner_room,0.85,带有遥远电吉他音色和厚重混响的器乐曲，营造出都市夜晚的怀旧与不安感
Red,HyunA,restless;urban;sensual,soft_synth;electric_distant;vocal_breath,,0.65,0.6,0.7,0.5,0.7,0.8,0.5,ko,1,k_pop,"""{""""evening_city_walk"""":0.8,""""user_requested_explore"""":0.7,""""night_clear_lonely"""":0.6}""",city_to_inner_room,0.85,HyunA 的强烈节奏与性感声线，充满都市感与不安的能量
Song Of The White Dove,Jocelyn Pook,melancholic;restrained;bittersweet,string;cinematic;vocal_breath;reverb_heavy,,0.25,0.3,0.4,0.35,0.15,0.6,0.8,en,1,contemporary_classical,"""{""""deep_night_introspective"""":0.85,""""night_rain_humid"""":0.8,""""work_focus_low_vocal"""":0.75}""",fade_into_inner_space,0.9,弦乐与空灵人声交织，缓慢而克制，充满忧郁与未尽的悲伤
I Can't Breathe,H.E.R.,melancholic;bittersweet;restless,piano;vocal_breath;string;reverb_heavy,,0.35,0.3,0.5,0.4,0.3,0.7,0.8,en,1,r&b,"""{""""deep_night_introspective"""":0.85,""""night_rain_humid"""":0.8,""""work_focus_low_vocal"""":0.7}""",fade_into_inner_space,0.9,H.E.R. 的深情 R&B 人声搭配钢琴与弦乐，充满忧郁与不安，情感沉重
HyperNova,m-flo / Maya,urban;restless;hopeful,soft_synth;electric_distant;vocal_breath,,0.6,0.55,0.6,0.45,0.6,0.7,0.5,ja,1,j_pop,"""{""""evening_city_walk"""":0.8,""""deep_night_introspective"""":0.7,""""user_requested_explore"""":0.75}""",city_to_inner_room,0.85,m-flo 的都市电子流行，合成器与 Maya 的人声交织，充满动感与未来感
邂逅／帰花謡,SAGRAD-サグラド-,dreamy;nostalgic;bittersweet,piano;string;vocal_breath;reverb_heavy,,0.35,0.45,0.4,0.55,0.3,0.6,0.7,ja,1,j_pop,"""{""""evening_city_walk"""":0.8,""""deep_night_introspective"""":0.75,""""night_rain_humid"""":0.7}""",slow_opening,0.85,钢琴与弦乐铺底，人声轻柔带混响，营造梦幻怀旧的日式抒情氛围
Choro Sentimental,Itamar Erez,warm;nostalgic;melancholic,acoustic;string;jazz_brush;minimal,,0.3,0.5,0.35,0.7,0.3,0,0.6,instrumental,0,jazz,"""{""""morning_clear_light"""":0.8,""""afternoon_warm_idle"""":0.85,""""work_focus_low_vocal"""":0.75}""",soft_focus_work,0.85,巴西风格吉他与弦乐交织，温暖怀旧中带一丝忧郁，适合安静专注场景
Letter Of No Return,麗美,melancholic;nostalgic;bittersweet,piano;string;reverb_heavy;vocal_breath,,0.25,0.3,0.35,0.4,0.2,0.6,0.75,ja,1,j_pop,"""{""""deep_night_introspective"""":0.85,""""night_rain_humid"""":0.8,""""evening_city_walk"""":0.75}""",afterglow_fading,0.85,钢琴与弦乐交织，人声轻柔而伤感，营造出怀旧与苦涩交织的深夜氛围
On The Road,Yamila,nostalgic;restless;hopeful,acoustic;field_recording;reverb_heavy,,0.4,0.5,0.4,0.55,0.45,0,0.5,instrumental,0,folk_ambient,"""{""""morning_cloudy_slow"""":0.85,""""evening_city_walk"""":0.8,""""work_focus_low_vocal"""":0.75}""",city_to_inner_room,0.85,木吉他驱动的器乐作品，带有现场录音和混响，营造出旅途中的怀旧与不安感
"""Heaven Is a Place on Earth - Promo 7"""""""" Edit""",Belinda Carlisle,hopeful;warm;nostalgic,soft_synth;vocal_breath;electric_distant,,0.65,0.7,0.55,0.6,0.6,0.75,0.5,en,1,pop_rock,"""{""""evening_city_walk"""":0.8,""""weekend_slow"""":0.7,""""morning_clear_light"""":0.65}""",slow_opening,0.85,80年代流行摇滚，明亮合成器与温暖人声带来怀旧与希望感
舍不得是我 (Live),汪睿,melancholic;nostalgic;bittersweet,acoustic;vocal_breath;string;reverb_heavy,,0.35,0.4,0.45,0.55,0.3,0.7,0.75,zh,1,mandopop,"""{""""evening_city_walk"""":0.8,""""night_rain_humid"""":0.75,""""deep_night_introspective"""":0.7}""",slow_opening,0.85,现场版抒情，木吉他与人声交织，怀旧与不舍的情绪在混响中弥漫
Cashmere,Strings & Timpani,warm;clear;nostalgic,string;acoustic;soft_synth;reverb_heavy,,0.35,0.55,0.4,0.7,0.3,0,0.5,instrumental,0,neoclassical,"""{""""work_focus_low_vocal"""":0.85,""""morning_clear_light"""":0.75,""""afternoon_warm_idle"""":0.8}""",soft_focus_work,0.85,弦乐与木管交织，温暖明亮的器乐编排，适合专注或闲适场景
Second Death of My Face,W. H. Lung,restless;unresolved;melancholic,cold_synth;electric_distant;reverb_heavy,,0.65,0.4,0.6,0.3,0.55,0.6,0.7,en,1,post_punk,"""{""""evening_city_walk"""":0.8,""""deep_night_introspective"""":0.75,""""night_clear_lonely"""":0.7}""",city_to_inner_room,0.85,冷峻合成器与疏离人声交织，充满不安与未解的情绪，适合都市夜晚的行走与内省
Song for Zula,Phosphorescent,melancholic;bittersweet;nostalgic,string;acoustic;reverb_heavy;vocal_breath,,0.35,0.4,0.5,0.55,0.3,0.6,0.75,en,1,indie_folk,"""{""""evening_city_walk"""":0.8,""""deep_night_introspective"""":0.85,""""night_rain_humid"""":0.75}""",afterglow_fading,0.9,弦乐与木吉他交织，人声带着混响的沙哑质感，营造出怀旧而苦涩的黄昏氛围
里の秋,mammy Sino,nostalgic;warm;melancholic,piano;acoustic;vocal_breath,,0.25,0.4,0.3,0.6,0.2,0.5,0.7,ja,1,folk,"""{""""morning_cloudy_slow"""":0.85,""""evening_city_walk"""":0.75,""""deep_night_introspective"""":0.7}""",slow_opening,0.85,怀旧的日本民谣，钢琴与木吉他伴奏，人声温柔而略带忧伤，适合秋日清晨或黄昏
黄色大门 (Live),容祖儿,nostalgic;warm;bittersweet,piano;vocal_breath;string,,0.4,0.5,0.45,0.65,0.35,0.7,0.7,zh,1,cantopop,"""{""""evening_city_walk"""":0.8,""""deep_night_introspective"""":0.75,""""weekend_slow"""":0.7}""",slow_opening,0.85,容祖儿现场演绎的怀旧抒情，钢琴与弦乐交织，温暖中带着淡淡的苦涩
Give Me Love,Ed Sheeran,warm;nostalgic;hopeful,acoustic;vocal_breath;string,,0.55,0.6,0.5,0.7,0.5,0.75,0.65,en,1,pop,"""{""""evening_city_walk"""":0.8,""""weekend_slow"""":0.75,""""morning_clear_light"""":0.7}""",slow_opening,0.85,Ed Sheeran 的温暖声线与木吉他伴奏，怀旧而充满希望，能量略高于《红豆》但保持抒情基调
Piano Concerto No.24 in C minor,Mozart: Piano Concertos Nos.20 & 24,restrained;melancholic;bittersweet,piano;string;cinematic,,0.25,0.35,0.5,0.4,0.2,0,0.7,instrumental,0,classical,"""{""""work_focus_low_vocal"""":0.8,""""deep_night_introspective"""":0.75,""""night_rain_humid"""":0.7}""",slow_opening,0.9,莫扎特c小调钢琴协奏曲，钢琴与弦乐交织，充满古典的克制与忧郁
Space Sonic,ELLEGARDEN,restless;urban;melancholic,electric_distant;reverb_heavy;cold_synth,,0.7,0.4,0.7,0.3,0.65,0.75,0.6,en,1,j_rock,"""{""""evening_city_walk"""":0.8,""""deep_night_introspective"""":0.7,""""user_requested_explore"""":0.65}""",city_to_inner_room,0.85,ELLEGARDEN 标志性的日式摇滚，失真吉他与人声充满都市躁动与疏离感
Better Days,Sam Loveridge,hopeful;warm;nostalgic,acoustic;soft_synth;vocal_breath,,0.45,0.55,0.4,0.65,0.4,0.6,0.55,en,1,indie_pop,"""{""""morning_clear_light"""":0.8,""""afternoon_warm_idle"""":0.75,""""weekend_slow"""":0.7}""",gentle_recovery,0.85,温暖的原声吉他搭配轻柔合成器，人声充满希望与怀旧感，适合轻松治愈的场景
Alone With You,Ashlee,lonely;melancholic;restrained,piano;reverb_heavy;vocal_breath,,0.25,0.3,0.35,0.4,0.2,0.6,0.75,en,1,alternative_pop,"""{""""deep_night_introspective"""":0.85,""""night_clear_lonely"""":0.8,""""work_focus_low_vocal"""":0.7}""",fade_into_inner_space,0.85,钢琴主导的抒情曲，人声脆弱而克制，营造出孤独内省的夜晚氛围
The Way You Move (feat. Sleepy Brown),Outkast,urban;hopeful;restless,soft_synth;electric_distant;vocal_breath,,0.65,0.6,0.55,0.5,0.7,0.75,0.4,en,1,hip_hop,"""{""""evening_city_walk"""":0.85,""""work_focus_low_vocal"""":0.6,""""user_requested_explore"""":0.75}""",city_to_inner_room,0.85,Outkast 的经典嘻哈，节奏感强，合成器与电声营造都市律动，人声主导但不过度沉重
Merry Christmas Mr. Lawrence,California Guitar Trio,introspective;melancholic;restrained,acoustic;minimal;cinematic,,0.15,0.35,0.2,0.45,0.1,0,0.8,instrumental,0,modern_classical,"""{""""work_focus_low_vocal"""":0.85,""""deep_night_introspective"""":0.8,""""night_rain_humid"""":0.75}""",slow_opening,0.9,加州吉他三重奏的吉他改编版，保留了原曲的静谧与内省，但音色更温暖、更具弦乐质感
Shell Suite,Chad Valley,dreamy;warm;nostalgic,soft_synth;reverb_heavy;vocal_breath;lofi_dust,,0.35,0.5,0.4,0.6,0.3,0.4,0.5,en,1,synthpop,"""{""""evening_city_walk"""":0.8,""""work_focus_low_vocal"""":0.75,""""deep_night_introspective"""":0.7}""",city_to_inner_room,0.85,梦幻合成器与轻柔人声交织，温暖怀旧的 lo-fi 质感，适合都市夜晚漫步
末路狂花,魏如萱,restless;urban;bittersweet,electric_distant;vocal_breath;soft_synth;reverb_heavy,,0.55,0.5,0.6,0.4,0.55,0.7,0.65,zh,1,art_pop,"""{""""evening_city_walk"""":0.8,""""deep_night_introspective"""":0.75,""""user_requested_explore"""":0.7}""",city_to_inner_room,0.85,魏如萱独特的声线搭配电子合成器与混响，营造出都市夜晚的躁动与苦涩交织的氛围
杨柳,范宗沛,introspective;melancholic;restrained,piano;string;cinematic;minimal,,0.15,0.3,0.2,0.35,0.1,0,0.8,instrumental,0,modern_classical,"""{""""work_focus_low_vocal"""":0.85,""""deep_night_introspective"""":0.8,""""night_rain_humid"""":0.75}""",slow_opening,0.9,钢琴与弦乐交织的极简旋律，内敛而忧伤，如同杨柳低垂的静谧画面
tv off (feat. lefty gunplay),Kendrick Lamar,restless;urban;unresolved,electric_distant;cold_synth;grainy,,0.85,0.6,0.8,0.3,0.9,0.9,0.7,en,1,hip_hop,"""{""""evening_city_walk"""":0.55,""""deep_night_introspective"""":0.5,""""user_requested_explore"""":0.6}""",city_to_inner_room,0.85,Kendrick Lamar 的激烈说唱与冷峻电子音色，充满都市不安与未解决的张力
Affection,Amber Run,melancholic;nostalgic;bittersweet,acoustic;vocal_breath;string;reverb_heavy,,0.35,0.4,0.45,0.55,0.3,0.6,0.7,en,1,indie_folk,"""{""""evening_city_walk"""":0.8,""""deep_night_introspective"""":0.75,""""night_rain_humid"""":0.7}""",afterglow_fading,0.85,木吉他与人声主导，混响厚重，营造出怀旧而略带伤感的氛围
New Year's Eve,MØ,nostalgic;bittersweet;hopeful,soft_synth;vocal_breath;reverb_heavy,,0.45,0.5,0.5,0.55,0.4,0.7,0.65,en,1,synthpop,"""{""""evening_city_walk"""":0.8,""""deep_night_introspective"""":0.75,""""night_clear_lonely"""":0.7}""",city_to_inner_room,0.85,MØ 的声线在合成器与混响中交织，怀旧与希望并存，适合都市夜晚的独处时刻
Into the Night,Gliss,dreamy;urban;restless,soft_synth;reverb_heavy;electric_distant;vocal_breath,,0.45,0.5,0.55,0.4,0.5,0.6,0.5,en,1,dream_pop,"""{""""evening_city_walk"""":0.85,""""deep_night_introspective"""":0.8,""""night_clear_lonely"""":0.75}""",city_to_inner_room,0.85,梦幻合成器与遥远电吉他交织，人声带着呼吸感，营造出都市夜晚的躁动与迷离
Quiet Light,The National,introspective;melancholic;restrained,piano;string;vocal_breath;reverb_heavy,,0.3,0.35,0.4,0.4,0.25,0.6,0.75,en,1,indie_rock,"""{""""deep_night_introspective"""":0.85,""""night_rain_humid"""":0.8,""""work_focus_low_vocal"""":0.75}""",fade_into_inner_space,0.9,Matt Berninger 低沉克制的人声与钢琴弦乐交织，营造内省而忧郁的深夜氛围
"""fuck, i'm lonely - from “13 Reasons Why: Season 3”""",Lauv,lonely;melancholic;restless,soft_synth;vocal_breath;reverb_heavy,,0.45,0.35,0.5,0.4,0.4,0.75,0.7,en,1,pop,"""{""""deep_night_introspective"""":0.85,""""night_clear_lonely"""":0.8,""""evening_city_walk"""":0.75}""",late_night_descent,0.9,Lauv 脆弱的人声与软合成器营造出孤独而略带不安的深夜情绪
My Sophia,Corey Christiansen,warm;clear;nostalgic,acoustic;jazz_brush;string;soft_synth,,0.35,0.55,0.4,0.7,0.3,0,0.45,instrumental,0,jazz,"""{""""work_focus_low_vocal"""":0.85,""""afternoon_warm_idle"""":0.8,""""morning_clear_light"""":0.75}""",soft_focus_work,0.85,温暖的爵士吉他搭配弦乐和软合成器，明亮而富有质感，适合专注或悠闲场景
We Choose To Go To The Moon,There's a Light,hopeful;nostalgic;dreamy,soft_synth;ambient_pad;reverb_heavy,,0.4,0.55,0.4,0.5,0.35,0,0.6,instrumental,0,ambient,"""{""""morning_clear_light"""":0.8,""""evening_city_walk"""":0.75,""""work_focus_low_vocal"""":0.7}""",soft_focus_work,0.85,梦幻合成器与深远混响营造出怀旧而充满希望的氛围，适合专注或漫步场景
Genesis.,RAYE,introspective;melancholic;restless,piano;soft_synth;vocal_breath;reverb_heavy,,0.35,0.4,0.45,0.5,0.3,0.7,0.75,en,1,art_pop,"""{""""deep_night_introspective"""":0.85,""""night_rain_humid"""":0.8,""""work_focus_low_vocal"""":0.7}""",fade_into_inner_space,0.85,RAYE 脆弱而有力的人声搭配钢琴与软合成器，营造出内省而略带不安的深夜氛围
Carmina Burana: I. O Fortuna,Carl Orff,restless;melancholic;unresolved,cinematic;string;vocal_breath,,0.85,0.4,0.9,0.3,0.7,0.8,0.95,la,1,classical,"""{""""deep_night_introspective"""":0.5,""""night_rain_humid"""":0.4,""""work_focus_low_vocal"""":0.3}""",slow_opening,0.95,宏大的合唱与管弦乐，充满命运感的沉重与不安，能量极高但明暗度偏暗
Spring,Teen Daze,dreamy;warm;nostalgic,soft_synth;ambient_pad;reverb_heavy;lofi_dust,,0.3,0.5,0.35,0.6,0.2,0,0.45,instrumental,0,chillwave,"""{""""morning_cloudy_slow"""":0.85,""""work_focus_low_vocal"""":0.8,""""afternoon_warm_idle"""":0.75}""",soft_focus_work,0.85,梦幻合成器与温暖氛围，lo-fi 质感带来怀旧而宁静的春日声景
BETTER,TWICE,urban;hopeful;restless,soft_synth;vocal_breath;electric_distant,,0.6,0.65,0.55,0.5,0.6,0.8,0.45,en,1,k_pop,"""{""""evening_city_walk"""":0.8,""""user_requested_explore"""":0.7,""""work_focus_low_vocal"""":0.65}""",city_to_inner_room,0.85,TWICE 的流行舞曲，合成器与节奏驱动，充满都市感和积极能量
Spring to Kingdom Come,Flunk,dreamy;melancholic;nostalgic,soft_synth;vocal_breath;reverb_heavy;ambient_pad,,0.35,0.4,0.4,0.5,0.3,0.6,0.65,en,1,dream_pop,"""{""""evening_city_walk"""":0.8,""""deep_night_introspective"""":0.75,""""work_focus_low_vocal"""":0.7}""",fade_into_inner_space,0.85,梦幻流行风格，软合成器与呼吸感人声交织，带有怀旧与忧郁的朦胧质感
Make You Feel My Love,Adele,warm;nostalgic;bittersweet,piano;vocal_breath;string,,0.35,0.5,0.4,0.7,0.3,0.75,0.8,en,1,pop,"""{""""evening_city_walk"""":0.8,""""deep_night_introspective"""":0.75,""""weekend_slow"""":0.7}""",slow_opening,0.9,Adele 的深情演绎与钢琴弦乐编排，温暖而略带感伤的怀旧情歌
Closer,The Chainsmokers,urban;hopeful;restless,soft_synth;vocal_breath;electric_distant,,0.65,0.6,0.55,0.5,0.7,0.75,0.45,en,1,electropop,"""{""""evening_city_walk"""":0.8,""""user_requested_explore"""":0.7,""""night_clear_lonely"""":0.65}""",city_to_inner_room,0.85,电子流行曲风，合成器与鼓点驱动，带有都市感和希望，但节奏较快，能量中等偏高
Marionette,Bruno Sanfilippo,introspective;melancholic;restrained,piano;minimal;cinematic,,0.15,0.3,0.2,0.35,0.1,0,0.8,instrumental,0,modern_classical,"""{""""work_focus_low_vocal"""":0.85,""""deep_night_introspective"""":0.9,""""night_rain_humid"""":0.75}""",slow_opening,0.9,极简钢琴独奏，缓慢而克制，充满内省与忧郁的留白空间
Assassin's Tango,John Powell,restless;urban;bittersweet,string;cinematic;cold_synth;electric_distant,,0.6,0.4,0.7,0.3,0.7,0,0.65,instrumental,0,film_score,"""{""""evening_city_walk"""":0.8,""""deep_night_introspective"""":0.7,""""night_rain_humid"""":0.75}""",city_to_inner_room,0.85,电影配乐中弦乐与冷合成器交织，急促的节奏与都市紧张感并存，带有探戈的戏剧性
Texas Instruments,Priests,restless;urban;unresolved,electric_distant;cold_synth;reverb_heavy,,0.65,0.4,0.7,0.3,0.6,0.8,0.6,en,1,post_punk,"""{""""evening_city_walk"""":0.8,""""deep_night_introspective"""":0.7,""""user_requested_explore"""":0.65}""",city_to_inner_room,0.85,后朋克风格，冷调合成器与疏离人声营造都市不安与未解情绪
濕了分寸,謝震廷,introspective;melancholic;unresolved,piano;string;reverb_heavy;vocal_breath,,0.35,0.3,0.4,0.35,0.25,0.6,0.75,zh,1,art_pop,"""{""""deep_night_introspective"""":0.85,""""night_rain_humid"""":0.8,""""work_focus_low_vocal"""":0.7}""",fade_into_inner_space,0.85,钢琴与弦乐交织，人声带着呼吸感与混响，营造出内省而悬而未决的潮湿夜晚氛围
Duller Days,Sundara Karma,melancholic;restless;bittersweet,electric_distant;reverb_heavy;vocal_breath,,0.4,0.35,0.5,0.4,0.45,0.6,0.7,en,1,indie_rock,"""{""""evening_city_walk"""":0.8,""""deep_night_introspective"""":0.75,""""night_rain_humid"""":0.7}""",city_to_inner_room,0.85,英式独立摇滚，电吉他遥远而混响厚重，人声带着不安与苦涩的怀旧情绪
Johannes Brahms: 4 Ballades,Op.10 - No.4 in B,introspective;restrained;melancholic,piano;minimal;cinematic,,0.2,0.3,0.25,0.35,0.1,0,0.8,instrumental,0,classical,"""{""""work_focus_low_vocal"""":0.85,""""deep_night_introspective"""":0.8,""""night_rain_humid"""":0.75}""",slow_opening,0.9,勃拉姆斯晚期钢琴作品，内省而克制，充满古典主义的深沉与留白
Like One,Tanbark,dreamy;warm;nostalgic,soft_synth;ambient_pad;lofi_dust,,0.3,0.45,0.35,0.6,0.25,0,0.4,instrumental,0,lo_fi,"""{""""work_focus_low_vocal"""":0.9,""""morning_cloudy_slow"""":0.85,""""evening_city_walk"""":0.8}""",rain_on_glass,0.9,温暖的 lo-fi 氛围，软合成器铺底+轻度失真纹理，梦幻怀旧
哭砂 - Remastered,黃鶯鶯,nostalgic;melancholic;bittersweet,piano;string;vocal_breath,,0.35,0.45,0.4,0.55,0.3,0.7,0.75,zh,1,mandopop,"""{""""evening_city_walk"""":0.8,""""night_clear_lonely"""":0.75,""""deep_night_introspective"""":0.7}""",slow_opening,0.9,黃鶯鶯的经典抒情，钢琴与弦乐铺垫，怀旧而略带苦涩的旋律与声线
You,Me and the Bourgeoisie (The Ship Session),warm;nostalgic;bittersweet,acoustic;vocal_breath;string;reverb_heavy,,0.35,0.5,0.4,0.65,0.3,0.6,0.6,en,1,indie_folk,"""{""""morning_cloudy_slow"""":0.8,""""evening_city_walk"""":0.75,""""weekend_slow"""":0.7}""",slow_opening,0.85,木吉他与人声主导，混响和缓，温暖怀旧中带一丝苦涩，适合慢节奏场景
Jade,Easy Mind,dreamy;warm;nostalgic,ambient_pad;soft_synth;lofi_dust;reverb_heavy,,0.25,0.4,0.3,0.6,0.2,0,0.45,instrumental,0,ambient,"""{""""work_focus_low_vocal"""":0.85,""""morning_cloudy_slow"""":0.8,""""evening_city_walk"""":0.75}""",soft_focus_work,0.85,柔和的氛围电子，软合成器与轻度失真营造温暖梦幻的怀旧感
华丽的冒险 (Live),陈绮贞,dreamy;nostalgic;bittersweet,acoustic;vocal_breath;string;reverb_heavy,,0.4,0.5,0.45,0.6,0.35,0.7,0.65,zh,1,indie_folk,"""{""""evening_city_walk"""":0.8,""""deep_night_introspective"""":0.75,""""weekend_slow"""":0.7}""",slow_opening,0.85,陈绮贞现场版，木吉他与人声交织，梦幻而略带怀旧与苦涩的质感
Fail We May Sail We Must,Unloved,melancholic;restrained;bittersweet,vocal_breath;reverb_heavy;electric_distant;cinematic,,0.35,0.3,0.4,0.35,0.3,0.6,0.7,en,1,dream_pop,"""{""""evening_city_walk"""":0.8,""""deep_night_introspective"""":0.85,""""night_rain_humid"""":0.75}""",city_to_inner_room,0.85,迷幻女声与深远混响，忧郁而克制，带有电影感的都市夜晚氛围
THE LIVES OF STRANGERS,Perry Blake,melancholic;lonely;introspective,piano;string;reverb_heavy;vocal_breath,,0.25,0.3,0.35,0.35,0.2,0.55,0.75,en,1,art_pop,"""{""""deep_night_introspective"""":0.9,""""night_rain_humid"""":0.85,""""work_focus_low_vocal"""":0.75}""",fade_into_inner_space,0.85,Perry Blake 的忧郁声线与钢琴弦乐交织，充满孤独与内省的氛围
Wait,Kaiser Chiefs,restless;urban;bittersweet,electric_distant;soft_synth;vocal_breath,,0.6,0.55,0.6,0.4,0.6,0.7,0.55,en,1,indie_rock,"""{""""evening_city_walk"""":0.8,""""night_clear_lonely"""":0.75,""""user_requested_explore"""":0.7}""",city_to_inner_room,0.85,英伦摇滚风格，节奏感强且带都市感，人声突出，情绪略带不安与怀旧
I Am You,Kim Taylor,warm;nostalgic;bittersweet,acoustic;vocal_breath;string,,0.35,0.5,0.4,0.7,0.3,0.6,0.65,en,1,folk_pop,"""{""""evening_city_walk"""":0.8,""""weekend_slow"""":0.75,""""morning_cloudy_slow"""":0.7}""",slow_opening,0.85,温暖木吉他与人声交织，怀旧而略带苦涩的民谣流行质感
Build It Better,Aron Wright,hopeful;warm;restrained,acoustic;string;vocal_breath;piano,,0.35,0.5,0.4,0.6,0.3,0.6,0.55,en,1,indie_folk,"""{""""morning_clear_light"""":0.8,""""work_focus_low_vocal"""":0.75,""""weekend_slow"""":0.7}""",slow_opening,0.85,温暖的木吉他与弦乐铺垫，人声克制而充满希望，适合清晨或专注时刻
Al Pie de la Cruz Santa/At The Cross Her Station Keeping,Stabat Mater,melancholic;restrained;introspective,piano;string;cinematic;minimal,,0.2,0.3,0.3,0.4,0.1,0,0.8,instrumental,0,classical,"""{""""deep_night_introspective"""":0.85,""""night_rain_humid"""":0.8,""""work_focus_low_vocal"""":0.75}""",slow_opening,0.9,古典圣歌改编，钢琴与弦乐交织，充满克制的哀伤与内省
OK,The Philistines Jr.,restless;urban;unresolved,electric_distant;reverb_heavy;soft_synth,,0.55,0.5,0.6,0.4,0.5,0.6,0.5,en,1,indie_rock,"""{""""evening_city_walk"""":0.8,""""deep_night_introspective"""":0.7,""""work_focus_low_vocal"""":0.65}""",city_to_inner_room,0.8,带有都市不安感的独立摇滚，人声和混响营造出悬而未决的氛围
The Call to Adventure,Jonathan Hultén,introspective;melancholic;hopeful,acoustic;string;reverb_heavy;minimal,,0.25,0.35,0.3,0.45,0.2,0,0.7,instrumental,0,folk,"""{""""morning_cloudy_slow"""":0.8,""""deep_night_introspective"""":0.75,""""work_focus_low_vocal"""":0.7}""",slow_opening,0.85,木吉他与弦乐交织，空旷混响营造出内省而略带希望的旅程氛围
Mud Stars,"""Liar, Flower""",dreamy;misty;melancholic,ambient_pad;reverb_heavy;electric_distant;minimal,,0.25,0.3,0.35,0.4,0.2,0,0.65,instrumental,0,ambient,"""{""""deep_night_introspective"""":0.85,""""night_rain_humid"""":0.8,""""work_focus_low_vocal"""":0.75}""",fade_into_inner_space,0.85,朦胧氛围铺底，深远混响与电声质感营造出梦幻而略带忧郁的声景
lonely at 2AM,ADTurnUp,lonely;melancholic;introspective,piano;reverb_heavy;vocal_breath;minimal,,0.25,0.2,0.3,0.3,0.15,0.6,0.8,en,1,alternative_rnb,"""{""""deep_night_introspective"""":0.9,""""night_clear_lonely"""":0.85,""""night_rain_humid"""":0.8}""",late_night_descent,0.85,深夜钢琴与脆弱人声，营造出孤独内省的氛围，能量低而情感重
Promiscuous Interlude,Nelly Furtado,sensual;urban;restless,soft_synth;electric_distant;vocal_breath,,0.6,0.55,0.55,0.5,0.65,0.75,0.4,en,1,pop,"""{""""evening_city_walk"""":0.8,""""user_requested_explore"""":0.7,""""night_clear_lonely"""":0.65}""",city_to_inner_room,0.85,Nelly Furtado 的性感声线与都市感节奏，合成器营造出略带不安的夜晚氛围
Don't Be Low,FRANKIIE,warm;hopeful;bittersweet,acoustic;vocal_breath;soft_synth,,0.4,0.55,0.45,0.65,0.35,0.6,0.55,en,1,indie_pop,"""{""""morning_clear_light"""":0.8,""""weekend_slow"""":0.75,""""evening_city_walk"""":0.7}""",soft_focus_work,0.85,温暖木吉他与人声交织，略带苦涩的鼓励与希望，适合柔和聚焦场景
Pell (feat. QUINQUIS),Yann Tiersen,introspective;melancholic;restrained,piano;string;minimal;cinematic,,0.2,0.3,0.25,0.35,0.15,0,0.75,instrumental,0,modern_classical,"""{""""work_focus_low_vocal"""":0.85,""""deep_night_introspective"""":0.8,""""night_rain_humid"""":0.75}""",slow_opening,0.9,Yann Tiersen 标志性的极简钢琴与弦乐，内省而克制，带有淡淡的忧郁
Die For You (Remix),The Weeknd / Ariana Grande,urban;nostalgic;bittersweet,soft_synth;vocal_breath;reverb_heavy,,0.6,0.5,0.6,0.5,0.55,0.85,0.7,en,1,synthpop,"""{""""evening_city_walk"""":0.8,""""deep_night_introspective"""":0.75,""""night_clear_lonely"""":0.7}""",city_to_inner_room,0.85,都市感合成器与双人声交织，怀旧而略带苦涩的流行情感
ヘルツ,mol-74,dreamy;melancholic;restrained,soft_synth;reverb_heavy;vocal_breath;ambient_pad,,0.35,0.4,0.45,0.5,0.3,0.6,0.7,ja,1,japanese_alternative,"""{""""deep_night_introspective"""":0.85,""""night_rain_humid"""":0.8,""""evening_city_walk"""":0.75}""",fade_into_inner_space,0.85,梦幻而克制的日系另类摇滚，软合成器与深远混响营造出忧郁而内省的空间感
Siboney,Connie Francis,nostalgic;warm;sensual,acoustic;string;vocal_breath,,0.35,0.55,0.4,0.65,0.3,0.7,0.5,en,1,latin_pop,"""{""""evening_city_walk"""":0.8,""""afternoon_warm_idle"""":0.75,""""weekend_slow"""":0.7}""",slow_opening,0.85,Connie Francis 的温暖声线搭配拉丁节奏与弦乐，怀旧而感性
William Tell Overture,Gioachino Rossini,restless;clear;hopeful,cinematic;string;acoustic,,0.85,0.8,0.7,0.3,0.9,0,0.3,instrumental,0,classical,"""{""""morning_clear_light"""":0.7,""""evening_city_walk"""":0.6,""""user_requested_explore"""":0.8}""",slow_opening,0.85,快速弦乐与铜管驱动的经典序曲，能量高、节奏急促，明亮而充满动感
Gone,The William Blakes,melancholic;restrained;bittersweet,piano;string;vocal_breath;reverb_heavy,,0.35,0.4,0.45,0.5,0.3,0.6,0.7,en,1,indie_pop,"""{""""evening_city_walk"""":0.8,""""deep_night_introspective"""":0.75,""""night_rain_humid"""":0.7}""",slow_opening,0.85,钢琴和弦乐铺垫，人声带有呼吸感与混响，营造出克制而忧伤的怀旧氛围
Palladio: I. Allegretto,Karl Jenkins,restrained;clear;hopeful,string;cinematic;minimal,,0.4,0.6,0.5,0.45,0.5,0,0.55,instrumental,0,modern_classical,"""{""""work_focus_low_vocal"""":0.85,""""morning_clear_light"""":0.8,""""afternoon_warm_idle"""":0.75}""",slow_opening,0.85,弦乐编排的古典小品，清晰而克制，带有适度的能量与希望感
free fall,Berlioz,dreamy;warm;clear,soft_synth;ambient_pad;lofi_dust,,0.3,0.45,0.35,0.6,0.25,0,0.4,instrumental,0,lo_fi,"""{""""work_focus_low_vocal"""":0.9,""""morning_cloudy_slow"""":0.85,""""evening_city_walk"""":0.8}""",rain_on_glass,0.9,温暖的 lo-fi 氛围，软合成器铺底+轻度失真纹理，如同自由落体般的轻盈梦幻感
Muskrat Ramble / I Feel Like I'm Fixin' To Die Rag / Stop The Bleeding,George Winston,warm;nostalgic;restrained,piano;acoustic;minimal,,0.35,0.5,0.4,0.65,0.3,0,0.6,instrumental,0,solo_piano,"""{""""morning_clear_light"""":0.8,""""afternoon_warm_idle"""":0.75,""""work_focus_low_vocal"""":0.7}""",slow_opening,0.85,George Winston 的钢琴独奏，温暖而怀旧，带有民谣和 ragtime 元素，节奏舒缓但富有韵律
玉珍,福禄寿FloruitShow,nostalgic;warm;melancholic,piano;string;vocal_breath;reverb_heavy,,0.35,0.4,0.45,0.6,0.3,0.65,0.75,zh,1,art_pop,"""{""""deep_night_introspective"""":0.85,""""evening_city_walk"""":0.8,""""night_rain_humid"""":0.75}""",afterglow_fading,0.9,钢琴与弦乐交织，福禄寿深情的女声带来对逝去亲人的怀旧与温暖，略带忧伤
[Theme Song] Wu Ji - Bibi Zhou Special Edition,周筆暢,dreamy;nostalgic;bittersweet,piano;string;vocal_breath;reverb_heavy,,0.4,0.5,0.5,0.55,0.3,0.7,0.7,zh,1,mandopop,"""{""""evening_city_walk"""":0.8,""""deep_night_introspective"""":0.75,""""night_rain_humid"""":0.7}""",slow_opening,0.85,周笔畅的声线在钢琴和弦乐中营造梦幻而怀旧的氛围，略带苦涩的甜美
Because of you,After School,nostalgic;melancholic;bittersweet,piano;string;vocal_breath;soft_synth,,0.45,0.5,0.55,0.5,0.4,0.7,0.65,en,1,k_pop,"""{""""evening_city_walk"""":0.8,""""deep_night_introspective"""":0.75,""""night_rain_humid"""":0.7}""",slow_opening,0.85,钢琴和弦乐驱动的K-pop抒情曲，人声充满怀旧与苦涩的质感
A Footprint Of Feelings,Moonlit Sailor,introspective;melancholic;restrained,piano;cinematic;string;minimal,,0.25,0.35,0.3,0.4,0.2,0,0.75,instrumental,0,post_rock,"""{""""deep_night_introspective"""":0.85,""""work_focus_low_vocal"""":0.8,""""night_rain_humid"""":0.75}""",slow_opening,0.9,后摇器乐作品，钢琴与弦乐交织，克制而内省，适合深夜独自聆听
The Faintest Sign,藤原ヒロシ,introspective;melancholic;restrained,piano;ambient_pad;minimal;reverb_heavy,,0.15,0.25,0.2,0.3,0.1,0,0.8,instrumental,0,ambient,"""{""""deep_night_introspective"""":0.9,""""night_rain_humid"""":0.85,""""work_focus_low_vocal"""":0.8}""",afterglow_fading,0.9,极简钢琴与氛围铺底，空旷混响营造出内省而克制的孤独感
僕が死のうと思ったのは (Live at NHK Hall 2016.07.22),中島美嘉,melancholic;bittersweet;hopeful,piano;string;vocal_breath;cinematic,,0.35,0.3,0.4,0.5,0.2,0.7,0.85,ja,1,j_pop,"""{""""deep_night_introspective"""":0.85,""""night_rain_humid"""":0.8,""""evening_city_walk"""":0.7}""",afterglow_fading,0.9,中島美嘉的现场演绎，钢琴与弦乐交织，从绝望中透出希望，情感沉重而真挚
For The Love Of A Princess,James Horner,melancholic;nostalgic;restrained,string;cinematic;piano;minimal,,0.25,0.35,0.3,0.45,0.15,0,0.8,instrumental,0,film_score,"""{""""deep_night_introspective"""":0.85,""""night_rain_humid"""":0.8,""""work_focus_low_vocal"""":0.75}""",slow_opening,0.9,电影配乐中弦乐与钢琴交织，旋律悠扬而克制，充满怀旧与淡淡的忧伤
Comment te dire adieu (Remasterisé en 2016),Françoise Hardy,nostalgic;bittersweet;warm,string;vocal_breath;soft_synth;jazz_brush,,0.4,0.55,0.45,0.6,0.35,0.7,0.65,fr,1,chanson,"""{""""evening_city_walk"""":0.85,""""weekend_slow"""":0.75,""""afternoon_warm_idle"""":0.7}""",city_to_inner_room,0.9,Françoise Hardy 的经典法语香颂，弦乐与轻柔人声交织出怀旧而温暖的告别氛围
Damage,Automatic,restless;urban;detached,cold_synth;electric_distant;reverb_heavy,,0.6,0.4,0.55,0.3,0.6,0.7,0.5,en,1,post_punk,"""{""""evening_city_walk"""":0.8,""""deep_night_introspective"""":0.75,""""night_clear_lonely"""":0.7}""",city_to_inner_room,0.85,冷峻合成器与疏离人声，充满都市不安与机械感
Lust,Perfect Son,melancholic;restrained;unresolved,cold_synth;reverb_heavy;electric_distant;minimal,,0.35,0.3,0.4,0.25,0.3,0.4,0.7,en,1,art_pop,"""{""""deep_night_introspective"""":0.85,""""night_rain_humid"""":0.8,""""work_focus_low_vocal"""":0.7}""",fade_into_inner_space,0.85,冷调合成器与深远混响，克制而悬而未决的情绪，适合深夜内省
Devoyka,SebastiAn,restless;urban;melancholic,cold_synth;electric_distant;reverb_heavy,,0.65,0.4,0.7,0.3,0.6,0,0.6,instrumental,0,electronic,"""{""""evening_city_walk"""":0.8,""""deep_night_introspective"""":0.75,""""night_rain_humid"""":0.7}""",city_to_inner_room,0.85,冷调合成器与密集节奏，营造都市夜晚的躁动与疏离感
我用所有报答爱,张靓颖,melancholic;bittersweet;restrained,piano;string;cinematic;vocal_breath,,0.4,0.35,0.55,0.45,0.3,0.8,0.85,zh,1,mandopop,"""{""""deep_night_introspective"""":0.85,""""night_rain_humid"""":0.8,""""evening_city_walk"""":0.7}""",slow_opening,0.9,张靓颖高亢而克制的人声搭配钢琴与弦乐，营造出悲壮而深情的氛围
is it 2 hard? (Instrumental),Vincentz / Plastic Ocean,introspective;melancholic;restrained,piano;minimal;reverb_heavy;ambient_pad,,0.2,0.3,0.25,0.35,0.15,0,0.7,instrumental,0,ambient,"""{""""work_focus_low_vocal"""":0.85,""""deep_night_introspective"""":0.8,""""night_rain_humid"""":0.75}""",fade_into_inner_space,0.85,器乐版，钢琴与氛围垫层交织，混响厚重，营造内省而克制的情绪空间
Willow Tree,Michaela Anne,warm;nostalgic;bittersweet,acoustic;string;vocal_breath,,0.35,0.5,0.4,0.65,0.3,0.6,0.65,en,1,folk,"""{""""morning_clear_light"""":0.75,""""afternoon_warm_idle"""":0.8,""""evening_city_walk"""":0.7}""",slow_opening,0.85,温暖的民谣风格，木吉他与人声交织，怀旧中带一丝苦涩的甜美
Lights Off,Brian Culbertson,warm;sensual;clear,acoustic;jazz_brush;string;soft_synth,,0.4,0.6,0.5,0.7,0.4,0,0.45,instrumental,0,smooth_jazz,"""{""""work_focus_low_vocal"""":0.85,""""afternoon_warm_idle"""":0.8,""""evening_city_walk"""":0.75}""",soft_focus_work,0.85,温暖的爵士风格器乐，木吉他、弦乐与软合成器交织，明亮而富有质感，适合专注或休闲场景
"""3 Romances, Op. 11: I. Andante""",Clara Schumann,introspective;melancholic;restrained,piano;cinematic;minimal,,0.15,0.35,0.2,0.45,0.1,0,0.8,instrumental,0,romantic_classical,"""{""""work_focus_low_vocal"""":0.85,""""deep_night_introspective"""":0.8,""""night_rain_humid"""":0.75}""",slow_opening,0.9,浪漫主义钢琴小品，行板速度，内省而克制，充满古典的忧郁与温暖
女孩儿,不可撤销乐队,nostalgic;warm;bittersweet,acoustic;vocal_breath;string;reverb_heavy,,0.4,0.5,0.45,0.6,0.35,0.7,0.65,zh,1,indie_rock,"""{""""evening_city_walk"""":0.8,""""weekend_slow"""":0.75,""""night_rain_humid"""":0.7}""",slow_opening,0.85,木吉他与人声交织，怀旧而温暖的独立摇滚质感，略带感伤
Apply,Glasser,dreamy;restrained;bittersweet,soft_synth;reverb_heavy;vocal_breath;minimal,,0.35,0.4,0.35,0.45,0.3,0.6,0.65,en,1,art_pop,"""{""""deep_night_introspective"""":0.85,""""night_clear_lonely"""":0.8,""""work_focus_low_vocal"""":0.7}""",fade_into_inner_space,0.85,梦幻合成器与空灵人声交织，克制而略带苦涩，适合深夜内省场景
H2O,JasmineSokko楚晴,urban;restless;clear,soft_synth;electric_distant;vocal_breath,,0.6,0.55,0.6,0.45,0.6,0.7,0.5,zh,1,electropop,"""{""""evening_city_walk"""":0.8,""""deep_night_introspective"""":0.7,""""user_requested_explore"""":0.75}""",city_to_inner_room,0.85,都市感电子流行，合成器与清晰人声交织，带有不安与流动的能量
Maelstrom (Slight Return),The Tronosonic Experience,restless;unresolved;urban,electric_distant;cold_synth;reverb_heavy,,0.6,0.4,0.7,0.3,0.65,0,0.6,instrumental,0,electronic,"""{""""evening_city_walk"""":0.8,""""deep_night_introspective"""":0.7,""""work_focus_low_vocal"""":0.65}""",city_to_inner_room,0.85,冷调合成器与深远电声，营造都市夜晚的躁动与未解情绪
We Find Ourselves,JODA,dreamy;nostalgic;hopeful,soft_synth;ambient_pad;reverb_heavy;cinematic,,0.4,0.5,0.45,0.55,0.35,0,0.6,instrumental,0,ambient,"""{""""work_focus_low_vocal"""":0.85,""""evening_city_walk"""":0.8,""""deep_night_introspective"""":0.75}""",soft_focus_work,0.85,梦幻合成器与深远混响营造出怀旧而充满希望的氛围，适合专注或漫步
Off My Mind,Richard Hawley,melancholic;nostalgic;bittersweet,acoustic;string;reverb_heavy;vocal_breath,,0.35,0.4,0.45,0.55,0.3,0.6,0.7,en,1,singer_songwriter,"""{""""evening_city_walk"""":0.8,""""deep_night_introspective"""":0.75,""""night_rain_humid"""":0.7}""",afterglow_fading,0.85,Richard Hawley 低沉温暖的声线搭配弦乐与混响，营造出怀旧而略带忧郁的黄昏氛围
May It Be,Enya,dreamy;nostalgic;hopeful,ambient_pad;vocal_breath;string;reverb_heavy,,0.25,0.4,0.35,0.55,0.15,0.6,0.7,en,1,new_age,"""{""""deep_night_introspective"""":0.85,""""night_clear_lonely"""":0.8,""""morning_cloudy_slow"""":0.75}""",slow_opening,0.9,Enya空灵的人声与层层叠叠的氛围铺底，营造出梦幻而怀旧的宁静感
My Time Among the Snake Lords,Steve Moore,introspective;restrained;melancholic,cold_synth;ambient_pad;minimal;cinematic,,0.2,0.3,0.25,0.3,0.15,0,0.7,instrumental,0,ambient,"""{""""work_focus_low_vocal"""":0.85,""""deep_night_introspective"""":0.8,""""night_rain_humid"""":0.75}""",fade_into_inner_space,0.85,冷调合成器与极简氛围铺底，缓慢而内省，适合深度专注或深夜独处
Invisible Light,Rachael Sage,introspective;dreamy;restrained,piano;string;vocal_breath;reverb_heavy,,0.25,0.4,0.35,0.5,0.2,0.6,0.7,en,1,art_pop,"""{""""deep_night_introspective"""":0.85,""""work_focus_low_vocal"""":0.8,""""night_rain_humid"""":0.75}""",fade_into_inner_space,0.85,钢琴与弦乐交织，人声轻柔而富有呼吸感，营造内省而梦幻的氛围
Forget To Begin,The Hampdens,melancholic;dreamy;nostalgic,piano;string;vocal_breath;reverb_heavy,,0.35,0.4,0.45,0.5,0.3,0.6,0.7,en,1,dream_pop,"""{""""deep_night_introspective"""":0.85,""""evening_city_walk"""":0.8,""""night_rain_humid"""":0.75}""",fade_into_inner_space,0.85,梦幻流行风格，钢琴与弦乐交织，人声带有呼吸感与混响，营造出怀旧而忧郁的氛围
Heart Burn,SUNMI,urban;restless;bittersweet,soft_synth;cold_synth;vocal_breath;electric_distant,,0.55,0.5,0.6,0.4,0.55,0.75,0.6,ko,1,k_pop,"""{""""evening_city_walk"""":0.8,""""deep_night_introspective"""":0.75,""""user_requested_explore"""":0.7}""",city_to_inner_room,0.85,SUNMI 的都市感声线搭配冷调合成器，营造出略带苦涩与不安的夜晚氛围
Go Crazy,Chris Brown,urban;restless;hopeful,soft_synth;electric_distant;vocal_breath,,0.65,0.6,0.55,0.5,0.7,0.8,0.4,en,1,r&b,"""{""""evening_city_walk"""":0.8,""""user_requested_explore"""":0.75,""""night_clear_lonely"""":0.65}""",city_to_inner_room,0.85,Chris Brown 的 R&B 曲目，节奏感强且充满都市活力，人声突出，带有希望与不安交织的情绪
我在人民广场吃炸鸡,阿肆,urban;restless;bittersweet,acoustic;vocal_breath;electric_distant,,0.55,0.6,0.5,0.5,0.6,0.7,0.5,zh,1,indie_pop,"""{""""evening_city_walk"""":0.8,""""afternoon_warm_idle"""":0.7,""""user_requested_explore"""":0.75}""",city_to_inner_room,0.85,阿肆的俏皮声线搭配木吉他，都市感与自嘲的苦涩交织，能量中等偏上
Winter,Rivers Arms,introspective;melancholic;restrained,piano;ambient_pad;minimal,,0.15,0.25,0.2,0.3,0.1,0,0.75,instrumental,0,modern_classical,"""{""""deep_night_introspective"""":0.85,""""night_rain_humid"""":0.8,""""work_focus_low_vocal"""":0.75}""",afterglow_fading,0.9,极简钢琴与冷调氛围垫，缓慢而内省，如同冬日寂静的沉思
Holocene,Bon Iver,introspective;melancholic;nostalgic,acoustic;reverb_heavy;vocal_breath;string,,0.25,0.35,0.3,0.5,0.2,0.6,0.75,en,1,indie_folk,"""{""""morning_cloudy_slow"""":0.85,""""deep_night_introspective"""":0.8,""""work_focus_low_vocal"""":0.7}""",afterglow_fading,0.9,Bon Iver 的假声与木吉他交织，空旷混响营造出内省而怀旧的氛围
Beacon,Guards,dreamy;nostalgic;hopeful,soft_synth;reverb_heavy;electric_distant,,0.45,0.5,0.45,0.55,0.4,0.6,0.5,en,1,indie_rock,"""{""""evening_city_walk"""":0.8,""""deep_night_introspective"""":0.75,""""work_focus_low_vocal"""":0.7}""",city_to_inner_room,0.85,梦幻合成器与深远混响，人声带着怀旧与希望，适合都市夜晚漫步
thoughts of you,Vbnd,introspective;melancholic;dreamy,piano;ambient_pad;reverb_heavy;minimal,,0.2,0.3,0.25,0.4,0.15,0,0.7,instrumental,0,ambient,"""{""""deep_night_introspective"""":0.9,""""night_rain_humid"""":0.85,""""work_focus_low_vocal"""":0.8}""",fade_into_inner_space,0.85,极简钢琴与氛围铺底，混响深重，营造内省而梦幻的孤独感
TAO ～道標～,ZAN,introspective;melancholic;restrained,piano;string;cinematic;minimal,,0.2,0.3,0.25,0.35,0.15,0,0.75,instrumental,0,modern_classical,"""{""""work_focus_low_vocal"""":0.85,""""deep_night_introspective"""":0.8,""""night_rain_humid"""":0.75}""",slow_opening,0.85,钢琴与弦乐交织的极简器乐，内省而克制，带有淡淡的哀愁与静谧感
For You (With Rita Ora),Liam Payne,warm;hopeful;nostalgic,soft_synth;vocal_breath;acoustic,,0.55,0.6,0.5,0.65,0.5,0.75,0.55,en,1,pop,"""{""""evening_city_walk"""":0.8,""""weekend_slow"""":0.75,""""morning_clear_light"""":0.7}""",slow_opening,0.85,温暖流行情歌，双人声交织带来怀旧与希望感，能量适中
Affirmation,George Benson,warm;clear;hopeful,acoustic;jazz_brush;string,,0.4,0.65,0.5,0.7,0.45,0.6,0.45,en,1,jazz,"""{""""morning_clear_light"""":0.85,""""afternoon_warm_idle"""":0.8,""""work_focus_low_vocal"""":0.7}""",soft_focus_work,0.85,George Benson 温暖流畅的吉他与人声，明亮而富有律动感的爵士风格，适合轻松专注的场景
真夜中のドア/Stay With Me (シングルver.),松原みき,nostalgic;urban;warm,soft_synth;electric_distant;vocal_breath;jazz_brush,,0.6,0.65,0.55,0.7,0.6,0.75,0.5,ja,1,city_pop,"""{""""evening_city_walk"""":0.9,""""afternoon_warm_idle"""":0.8,""""weekend_slow"""":0.75}""",city_to_inner_room,0.9,经典日本城市流行，温暖的合成器与爵士鼓刷营造出怀旧而都市的夜晚氛围
Illusion,aespa,urban;restless;clear,soft_synth;cold_synth;electric_distant,,0.65,0.6,0.7,0.4,0.7,0.8,0.5,en,1,k_pop,"""{""""evening_city_walk"""":0.8,""""user_requested_explore"""":0.75,""""work_focus_low_vocal"""":0.65}""",city_to_inner_room,0.85,合成器驱动的K-pop曲目，冷感电子音色与清晰人声交织，都市感强且带有不安的律动
Mirror Trancefix,Lunaires,dreamy;misty;restrained,ambient_pad;soft_synth;minimal;reverb_heavy,,0.25,0.35,0.3,0.4,0.2,0,0.5,instrumental,0,ambient,"""{""""work_focus_low_vocal"""":0.85,""""deep_night_introspective"""":0.8,""""night_rain_humid"""":0.75}""",fade_into_inner_space,0.85,氛围电子作品，软合成器与深远混响营造梦幻而克制的声景
Crash,Starflyer 59,melancholic;restrained;bittersweet,electric_distant;reverb_heavy;vocal_breath,,0.4,0.35,0.5,0.4,0.4,0.6,0.7,en,1,shoegaze,"""{""""deep_night_introspective"""":0.85,""""evening_city_walk"""":0.75,""""night_rain_humid"""":0.7}""",city_to_inner_room,0.85,模糊失真的电吉他、厚重混响与低沉人声，营造出忧郁而克制的自省氛围
Bathing in Blue,Niklas Paschburg,dreamy;misty;introspective,ambient_pad;piano;minimal;reverb_heavy,,0.2,0.35,0.25,0.45,0.15,0,0.6,instrumental,0,ambient,"""{""""work_focus_low_vocal"""":0.85,""""morning_cloudy_slow"""":0.8,""""deep_night_introspective"""":0.75}""",soft_focus_work,0.9,钢琴与氛围垫交织，混响厚重，营造出梦幻朦胧的沉浸感
Tryptic,Anja Lechner,introspective;melancholic;restrained,piano;string;minimal;cinematic,,0.15,0.25,0.2,0.35,0.1,0,0.8,instrumental,0,modern_classical,"""{""""work_focus_low_vocal"""":0.85,""""deep_night_introspective"""":0.9,""""night_rain_humid"""":0.75}""",afterglow_fading,0.9,大提琴与钢琴的极简对话，缓慢而克制，充满内省与忧郁的古典氛围
Images of Love,A.A. Bondy,melancholic;introspective;lonely,acoustic;vocal_breath;minimal,,0.25,0.3,0.25,0.4,0.2,0.6,0.75,en,1,folk,"""{""""deep_night_introspective"""":0.85,""""night_rain_humid"""":0.8,""""work_focus_low_vocal"""":0.7}""",afterglow_fading,0.85,A.A. Bondy 的民谣风格，木吉他与人声交织出忧郁而内省的孤独感，能量低且情感沉重
京鹿子娘道成寺,杵屋五三郎,restrained;melancholic;bittersweet,acoustic;minimal;cinematic,,0.25,0.3,0.35,0.4,0.2,0,0.7,instrumental,0,traditional_japanese,"""{""""work_focus_low_vocal"""":0.8,""""deep_night_introspective"""":0.75,""""night_rain_humid"""":0.7}""",slow_opening,0.85,传统日本长呗音乐，三味线演奏，克制而略带哀愁的古典韵味
Cloudjuice,Sin Fang,dreamy;misty;nostalgic,ambient_pad;soft_synth;reverb_heavy;field_recording,,0.25,0.4,0.3,0.5,0.2,0,0.5,instrumental,0,ambient,"""{""""morning_cloudy_slow"""":0.85,""""work_focus_low_vocal"""":0.8,""""night_clear_lonely"""":0.75}""",soft_focus_work,0.85,朦胧氛围电子，软合成器与混响营造梦幻怀旧的云朵质感
Changing Faces,Craft Spells,nostalgic;dreamy;urban,soft_synth;reverb_heavy;electric_distant,,0.4,0.45,0.5,0.5,0.4,0.6,0.5,en,1,synthpop,"""{""""evening_city_walk"""":0.85,""""deep_night_introspective"""":0.8,""""user_requested_explore"""":0.7}""",city_to_inner_room,0.85,梦幻合成器与怀旧人声，营造出都市夜晚的朦胧与内省氛围
TERRITORY,The Blaze,urban;nostalgic;hopeful,soft_synth;ambient_pad;vocal_breath;electric_distant,,0.45,0.5,0.5,0.55,0.5,0.6,0.6,en,1,electronic,"""{""""evening_city_walk"""":0.85,""""deep_night_introspective"""":0.8,""""user_requested_explore"""":0.75}""",city_to_inner_room,0.9,温暖的合成器与呼吸感人声，营造出都市夜晚的怀旧与希望交织的氛围
StarSeed 〜カクセイ〜,LOONA,dreamy;hopeful;urban,soft_synth;reverb_heavy;vocal_breath;electric_distant,,0.6,0.55,0.55,0.5,0.5,0.75,0.5,ja,1,k_pop,"""{""""evening_city_walk"""":0.8,""""deep_night_introspective"""":0.7,""""user_requested_explore"""":0.65}""",city_to_inner_room,0.85,梦幻合成器与空灵人声交织，带有都市感的希望与探索情绪
Bring Me to Life,Evanescence,restless;melancholic;unresolved,electric_distant;cinematic;reverb_heavy,,0.8,0.4,0.85,0.3,0.7,0.85,0.9,en,1,alternative_metal,"""{""""deep_night_introspective"""":0.55,""""night_rain_humid"""":0.5,""""evening_city_walk"""":0.4}""",late_night_descent,0.85,高能量摇滚，沉重电吉他与女声交织，充满未解决的挣扎与情绪爆发
Night Charade,Galdive,dreamy;urban;nostalgic,soft_synth;reverb_heavy;vocal_breath;electric_distant,,0.4,0.5,0.45,0.55,0.4,0.6,0.5,en,1,art_pop,"""{""""evening_city_walk"""":0.85,""""deep_night_introspective"""":0.8,""""night_clear_lonely"""":0.75}""",city_to_inner_room,0.85,梦幻合成器与深远混响营造都市夜晚的怀旧氛围，人声轻柔如呢喃
The Other Side of Paradise,Glass Animals,restless;urban;bittersweet,soft_synth;electric_distant;reverb_heavy;vocal_breath,,0.65,0.55,0.6,0.4,0.7,0.75,0.65,en,1,indie_pop,"""{""""evening_city_walk"""":0.85,""""deep_night_introspective"""":0.8,""""user_requested_explore"""":0.75}""",city_to_inner_room,0.9,都市感强烈的独立流行，合成器与律动交织，人声带着不安的怀旧与苦涩
Die schwebende Himmelsbrücke,Burnt Friedman,dreamy;misty;detached,ambient_pad;field_recording;minimal;cold_synth,,0.2,0.3,0.25,0.35,0.1,0,0.5,instrumental,0,ambient,"""{""""work_focus_low_vocal"""":0.85,""""deep_night_introspective"""":0.8,""""morning_cloudy_slow"""":0.75}""",soft_focus_work,0.85,冷调氛围电子，环境音与极简合成器构建出漂浮的梦幻感
Plastic Love (TARA Bootleg),Τ Λ Я Λ,urban;nostalgic;dreamy,soft_synth;cold_synth;reverb_heavy;electric_distant,,0.6,0.5,0.6,0.4,0.65,0,0.5,instrumental,0,synthwave,"""{""""evening_city_walk"""":0.85,""""deep_night_introspective"""":0.8,""""user_requested_explore"""":0.7}""",city_to_inner_room,0.85,复古合成器与冷调音色营造都市夜晚的梦幻怀旧感，bootleg 版本强化了律动与空间感
N95,Kendrick Lamar,restless;urban;unresolved,electric_distant;cold_synth;reverb_heavy,,0.7,0.4,0.8,0.3,0.75,0.9,0.85,en,1,hip_hop,"""{""""evening_city_walk"""":0.5,""""deep_night_introspective"""":0.55,""""night_clear_lonely"""":0.5}""",city_to_inner_room,0.85,Kendrick Lamar 的激烈说唱与冷峻合成器，充满都市不安与未解情绪，能量较高但情感沉重
Far From The Madding Crowd,Elena Setién,introspective;melancholic;restrained,piano;string;vocal_breath;reverb_heavy,,0.25,0.3,0.35,0.45,0.2,0.5,0.7,en,1,chamber_pop,"""{""""deep_night_introspective"""":0.85,""""night_rain_humid"""":0.8,""""work_focus_low_vocal"""":0.75}""",fade_into_inner_space,0.85,钢琴与弦乐交织，人声轻柔而克制，营造出内省而略带忧伤的氛围
きみが呼ぶなまえ~夢のつづき,吉森信,dreamy;nostalgic;warm,piano;string;acoustic;ambient_pad,,0.25,0.5,0.35,0.7,0.2,0,0.6,instrumental,0,ambient,"""{""""morning_cloudy_slow"""":0.85,""""afternoon_warm_idle"""":0.8,""""deep_night_introspective"""":0.75}""",soft_focus_work,0.9,温暖的钢琴与弦乐交织，营造出梦幻而怀旧的氛围，适合安静内省的时刻
Tango (Por Una Cabeza),Itzhak Perlman,sensual;restrained;bittersweet,string;cinematic;acoustic,,0.4,0.55,0.5,0.6,0.6,0,0.7,instrumental,0,classical_crossover,"""{""""evening_city_walk"""":0.85,""""deep_night_introspective"""":0.8,""""afternoon_warm_idle"""":0.75}""",slow_opening,0.9,经典探戈曲目，小提琴与弦乐交织出性感而克制的怀旧与忧伤
Spiderman,The Little Unsaid,restless;melancholic;unresolved,acoustic;vocal_breath;string;reverb_heavy,,0.4,0.35,0.5,0.45,0.4,0.6,0.7,en,1,indie_folk,"""{""""evening_city_walk"""":0.7,""""deep_night_introspective"""":0.75,""""work_focus_low_vocal"""":0.65}""",city_to_inner_room,0.85,原声吉他与人声交织，带有不安与未解的忧郁情绪，适合都市内省场景
Daisy,Ashnikko,restless;urban;unresolved,soft_synth;electric_distant;vocal_breath,,0.6,0.55,0.65,0.35,0.6,0.85,0.5,en,1,alt_pop,"""{""""evening_city_walk"""":0.8,""""deep_night_introspective"""":0.7,""""user_requested_explore"""":0.75}""",city_to_inner_room,0.85,电子流行曲风，合成器与强烈人声营造出都市不安与未解情绪
HANA-BI - Live,久石讓,melancholic;restrained;nostalgic,piano;string;cinematic;minimal,,0.25,0.35,0.3,0.45,0.15,0,0.8,instrumental,0,modern_classical,"""{""""deep_night_introspective"""":0.85,""""night_rain_humid"""":0.8,""""work_focus_low_vocal"""":0.75}""",afterglow_fading,0.9,现场版钢琴与弦乐交织，克制而深情，如花火般短暂绚烂后的余韵
Wolves,Kanye West / Sia / Vic Mensa,restless;urban;unresolved,electric_distant;vocal_breath;reverb_heavy,,0.7,0.4,0.65,0.3,0.6,0.8,0.75,en,1,art_rap,"""{""""deep_night_introspective"""":0.85,""""evening_city_walk"""":0.8,""""night_rain_humid"""":0.75}""",city_to_inner_room,0.85,Kanye 的破碎感与 Sia 的高亢人声交织，充满不安与都市疏离，能量较高但情绪沉重
Princess Mononoke,久石譲,introspective;melancholic;bittersweet,piano;string;cinematic;minimal,,0.2,0.35,0.3,0.5,0.15,0,0.8,instrumental,0,modern_classical,"""{""""deep_night_introspective"""":0.85,""""night_rain_humid"""":0.8,""""work_focus_low_vocal"""":0.75}""",slow_opening,0.9,久石让的钢琴与弦乐交织，营造出内省而略带忧伤的史诗氛围，如同森林中的孤独与希望
You & Me (feat. Eliza Doolittle) [Flume Remix],Disclosure,dreamy;urban;hopeful,soft_synth;ambient_pad;vocal_breath;electric_distant,,0.55,0.5,0.55,0.5,0.6,0.6,0.45,en,1,future_bass,"""{""""evening_city_walk"""":0.85,""""deep_night_introspective"""":0.75,""""user_requested_explore"""":0.7}""",city_to_inner_room,0.85,Flume remix 以梦幻合成器与弹性节奏营造都市夜晚的律动感，人声轻盈而充满希望
Forbidden Colours,坂本龍一 / David Sylvian,melancholic;introspective;restrained,piano;string;reverb_heavy;vocal_breath,,0.2,0.3,0.35,0.4,0.15,0.4,0.8,en,1,modern_classical,"""{""""deep_night_introspective"""":0.9,""""night_rain_humid"""":0.85,""""work_focus_low_vocal"""":0.8}""",slow_opening,0.9,坂本龍一的钢琴与弦乐铺底，David Sylvian 低沉人声，充满克制与内省的悲伤
Nest,Hania Rani,introspective;melancholic;restrained,piano;minimal;cinematic;reverb_heavy,,0.2,0.3,0.25,0.4,0.1,0,0.8,instrumental,0,modern_classical,"""{""""work_focus_low_vocal"""":0.9,""""deep_night_introspective"""":0.85,""""night_rain_humid"""":0.8}""",slow_opening,0.9,极简钢琴与深远混响，营造内省而克制的古典氛围
Depart And Eternity Theme,Eleni Karaindrou,introspective;melancholic;restrained,piano;string;minimal;cinematic,,0.15,0.25,0.2,0.35,0.1,0,0.85,instrumental,0,modern_classical,"""{""""deep_night_introspective"""":0.9,""""night_rain_humid"""":0.85,""""work_focus_low_vocal"""":0.8}""",afterglow_fading,0.9,Eleni Karaindrou 的极简钢琴与弦乐，缓慢而克制，充满内省与哀愁的古典氛围
Eye 2 Eye,Moon Duo,restless;urban;dreamy,soft_synth;electric_distant;reverb_heavy,,0.6,0.55,0.65,0.4,0.65,0.3,0.5,en,1,psychedelic_rock,"""{""""evening_city_walk"""":0.8,""""deep_night_introspective"""":0.75,""""user_requested_explore"""":0.7}""",city_to_inner_room,0.85,重复的合成器riff和模糊人声营造出都市夜晚的躁动与迷幻感
Dreizehenspecht,Dominik Eulberg,clear;restless;dreamy,minimal;field_recording;ambient_pad;soft_synth,,0.35,0.6,0.3,0.4,0.4,0,0.3,instrumental,0,ambient_techno,"""{""""morning_clear_light"""":0.8,""""work_focus_low_vocal"""":0.75,""""afternoon_warm_idle"""":0.7}""",soft_focus_work,0.85,以自然录音和极简电子元素构建，清晰而略带不安的声景，适合专注或闲适场景
Starboy,The Weeknd,urban;restless;hopeful,soft_synth;cold_synth;vocal_breath,,0.65,0.6,0.7,0.4,0.7,0.8,0.5,en,1,synthpop,"""{""""evening_city_walk"""":0.85,""""deep_night_introspective"""":0.75,""""user_requested_explore"""":0.7}""",city_to_inner_room,0.9,The Weeknd 标志性的冷感合成器与都市节奏，充满不安与期待的能量
rises the moon,liana flores,dreamy;nostalgic;bittersweet,acoustic;vocal_breath;string;reverb_heavy,,0.25,0.35,0.3,0.5,0.2,0.6,0.7,en,1,indie_folk,"""{""""night_clear_lonely"""":0.85,""""deep_night_introspective"""":0.8,""""evening_city_walk"""":0.75}""",slow_opening,0.9,轻柔的木吉他与人声，混响营造出梦幻而怀旧的氛围，略带忧伤的甜美
Turnin' Me Up,BJ The Chicago Kid,warm;sensual;hopeful,acoustic;jazz_brush;vocal_breath;soft_synth,,0.55,0.6,0.5,0.7,0.6,0.8,0.5,en,1,neo_soul,"""{""""evening_city_walk"""":0.85,""""afternoon_warm_idle"""":0.8,""""weekend_slow"""":0.75}""",city_to_inner_room,0.85,温暖的人声与爵士鼓刷营造出感性而充满希望的都市氛围
High,Porsches,urban;restless;hopeful,soft_synth;electric_distant;reverb_heavy,,0.6,0.55,0.5,0.45,0.6,0.7,0.5,en,1,synthpop,"""{""""evening_city_walk"""":0.8,""""deep_night_introspective"""":0.7,""""user_requested_explore"""":0.75}""",city_to_inner_room,0.85,合成器驱动的都市感流行，节奏明快但带有内省气质，人声清晰而略带距离
"""Fallen Down (From """"Undertale"""")""",Contrabass Flute Version - Luke Pickman,melancholic;lonely;nostalgic,acoustic;minimal;cinematic,,0.2,0.3,0.2,0.4,0.1,0,0.75,instrumental,0,soundtrack,"""{""""deep_night_introspective"""":0.85,""""night_rain_humid"""":0.8,""""work_focus_low_vocal"""":0.75}""",slow_opening,0.9,低音长笛独奏版本，音色低沉而孤独，缓慢的旋律充满怀旧与忧伤
Cold Sea,the lights streaming through the sounds,melancholic;lonely;misty,ambient_pad;cold_synth;field_recording;reverb_heavy,,0.15,0.2,0.25,0.2,0.1,0,0.7,instrumental,0,ambient,"""{""""night_rain_humid"""":0.85,""""deep_night_introspective"""":0.8,""""work_focus_low_vocal"""":0.75}""",rain_on_glass,0.85,冷调氛围声景，合成器与现场录音营造出寒冷、孤寂的海洋意象
奇妙能力歌,陈粒,introspective;dreamy;bittersweet,acoustic;vocal_breath;minimal,,0.3,0.4,0.35,0.5,0.25,0.7,0.65,zh,1,indie_folk,"""{""""deep_night_introspective"""":0.85,""""night_clear_lonely"""":0.8,""""work_focus_low_vocal"""":0.7}""",slow_opening,0.85,陈粒独特的嗓音搭配简约木吉他，营造出内省而梦幻的 bittersweet 氛围
水仙,王心凌,warm;nostalgic;clear,acoustic;vocal_breath;string,,0.45,0.6,0.5,0.7,0.4,0.7,0.55,zh,1,mandopop,"""{""""morning_clear_light"""":0.8,""""afternoon_warm_idle"""":0.75,""""weekend_slow"""":0.7}""",slow_opening,0.85,王心凌的温暖声线搭配木吉他与弦乐，营造出怀旧而明亮的抒情氛围
モノクローム,具島直子,nostalgic;melancholic;dreamy,soft_synth;reverb_heavy;vocal_breath;electric_distant,,0.35,0.4,0.45,0.5,0.3,0.6,0.65,ja,1,j_pop,"""{""""evening_city_walk"""":0.8,""""deep_night_introspective"""":0.75,""""night_clear_lonely"""":0.7}""",city_to_inner_room,0.85,具島直子的慵懒声线与软合成器营造出怀旧而梦幻的都市夜晚氛围
SELFISH (feat. 슬기 Of Red Velvet),玟星,urban;warm;bittersweet,soft_synth;vocal_breath;electric_distant,,0.45,0.5,0.5,0.55,0.45,0.7,0.55,ko,1,k_pop,"""{""""evening_city_walk"""":0.8,""""deep_night_introspective"""":0.75,""""user_requested_explore"""":0.7}""",city_to_inner_room,0.85,玟星的R&B风格K-pop，软合成器与人声交织，带有都市夜晚的温暖与苦涩
Wrong Faces,Balthazar,restless;urban;bittersweet,electric_distant;cold_synth;vocal_breath,,0.55,0.45,0.55,0.4,0.5,0.7,0.6,en,1,indie_rock,"""{""""evening_city_walk"""":0.8,""""deep_night_introspective"""":0.75,""""user_requested_explore"""":0.7}""",city_to_inner_room,0.85,冷色调电吉他与人声交织，都市夜晚的躁动与苦涩
Celestial Bodies,Eyolf Dale,introspective;dreamy;restrained,piano;ambient_pad;minimal;cinematic,,0.2,0.35,0.25,0.45,0.15,0,0.7,instrumental,0,modern_classical,"""{""""work_focus_low_vocal"""":0.85,""""deep_night_introspective"""":0.8,""""night_rain_humid"""":0.75}""",slow_opening,0.9,钢琴与氛围铺垫的极简现代古典，内省而梦幻，能量低但情感重量适中
叶子,阿桑,melancholic;lonely;nostalgic,piano;string;vocal_breath,,0.3,0.35,0.4,0.45,0.25,0.65,0.75,zh,1,mandopop,"""{""""night_clear_lonely"""":0.85,""""deep_night_introspective"""":0.8,""""evening_city_walk"""":0.75}""",slow_opening,0.9,阿桑沙哑而克制的声线搭配钢琴和弦乐，营造出孤独而怀旧的抒情氛围
Rather Be (Glee Cast Version),Glee Cast,hopeful;warm;bittersweet,acoustic;vocal_breath;string,,0.55,0.6,0.5,0.65,0.5,0.75,0.55,en,1,pop,"""{""""morning_clear_light"""":0.7,""""evening_city_walk"""":0.75,""""weekend_slow"""":0.65}""",slow_opening,0.8,Glee Cast 的翻唱版本，温暖的人声和原声乐器带来希望与怀旧交织的质感
My Body Is Powerful,Octo Octa,restless;hopeful;urban,soft_synth;reverb_heavy;electric_distant,,0.7,0.6,0.65,0.5,0.75,0,0.6,instrumental,0,house,"""{""""evening_city_walk"""":0.8,""""deep_night_introspective"""":0.7,""""user_requested_explore"""":0.75}""",city_to_inner_room,0.85,强劲的4/4拍house节奏，合成器铺底与深远混响，充满都市律动与希望感
月は幻想のままに,舞風,dreamy;misty;nostalgic,soft_synth;ambient_pad;reverb_heavy;vocal_breath,,0.35,0.4,0.4,0.5,0.25,0.6,0.65,ja,1,j_pop,"""{""""deep_night_introspective"""":0.85,""""night_clear_lonely"""":0.8,""""evening_city_walk"""":0.75}""",fade_into_inner_space,0.85,梦幻的合成器氛围与轻柔人声，营造出朦胧怀旧的夜晚意境
Hit The Road Jack,Casey Abrams / Haley Reinhart,restless;urban;bittersweet,acoustic;jazz_brush;vocal_breath,,0.65,0.6,0.55,0.6,0.7,0.8,0.5,en,1,jazz,"""{""""evening_city_walk"""":0.8,""""weekend_slow"""":0.7,""""user_requested_explore"""":0.65}""",city_to_inner_room,0.85,爵士摇摆风格，人声互动充满活力与都市感，略带苦涩的告别情绪
Whatever She Wants,Bryson Tiller,sensual;urban;warm,soft_synth;vocal_breath;electric_distant;reverb_heavy,,0.55,0.5,0.55,0.6,0.5,0.75,0.5,en,1,r&b,"""{""""evening_city_walk"""":0.8,""""deep_night_introspective"""":0.7,""""user_requested_explore"""":0.65}""",city_to_inner_room,0.85,Bryson Tiller 的 R&B 曲目，性感而都市化的声线搭配软合成器与混响，营造温暖私密的氛围
那裡沒有我,HUSH,introspective;melancholic;lonely,piano;string;vocal_breath;reverb_heavy,,0.25,0.3,0.35,0.4,0.2,0.6,0.75,zh,1,mandopop,"""{""""deep_night_introspective"""":0.85,""""night_rain_humid"""":0.8,""""work_focus_low_vocal"""":0.7}""",fade_into_inner_space,0.85,HUSH 低沉而内省的人声搭配钢琴与弦乐，营造出孤独与疏离的氛围
離人,張學友,melancholic;nostalgic;bittersweet,piano;string;vocal_breath;reverb_heavy,,0.3,0.35,0.4,0.5,0.2,0.7,0.75,zh,1,mandopop,"""{""""night_clear_lonely"""":0.85,""""deep_night_introspective"""":0.8,""""evening_city_walk"""":0.75}""",slow_opening,0.9,張學友深情演繹的經典抒情，鋼琴與弦樂營造出濃郁的離愁與懷舊感
The Power (Of Their Knowledge),Cabaret Voltaire,restless;urban;detached,cold_synth;electric_distant;reverb_heavy,,0.65,0.4,0.7,0.3,0.6,0.4,0.6,en,1,industrial,"""{""""evening_city_walk"""":0.8,""""deep_night_introspective"""":0.7,""""user_requested_explore"""":0.65}""",city_to_inner_room,0.85,冷峻的合成器与工业感节奏，疏离而躁动的都市声景
Jhim Jhimaune Aankha,Ekdev Limbu,warm;nostalgic;dreamy,acoustic;soft_synth;vocal_breath;reverb_heavy,,0.35,0.5,0.4,0.7,0.3,0.6,0.55,ja,1,folk_pop,"""{""""morning_cloudy_slow"""":0.8,""""evening_city_walk"""":0.75,""""weekend_slow"""":0.7}""",slow_opening,0.85,温暖的木吉他与人声，带有尼泊尔语歌词的梦幻怀旧感，混响营造出朦胧氛围
Walk Away,Dia Frampton,melancholic;bittersweet;restrained,piano;vocal_breath;string,,0.35,0.4,0.45,0.5,0.3,0.7,0.75,en,1,indie_pop,"""{""""evening_city_walk"""":0.8,""""deep_night_introspective"""":0.85,""""night_rain_humid"""":0.75}""",afterglow_fading,0.85,钢琴与弦乐铺垫，Dia Frampton 脆弱而克制的人声传递出苦涩的放手感
Bodak Yellow (feat. Messiah) - Latin Trap Remix,Cardi B,restless;urban;unresolved,electric_distant;cold_synth;vocal_breath,mainstream_anthem;generic_radio_pop,0.85,0.7,0.8,0.3,0.9,0.9,0.6,en,1,latin_trap,"""{""""evening_city_walk"""":0.5,""""user_requested_explore"""":0.5,""""night_clear_lonely"""":0.4}""",city_to_inner_room,0.8,拉丁陷阱混音版，强劲节奏和冷感合成器营造都市不安与躁动，但负面标签限制场景适配分数
Leaving,Pet Shop Boys,melancholic;urban;restrained,cold_synth;electric_distant;soft_synth,,0.45,0.4,0.5,0.35,0.5,0.6,0.65,en,1,synthpop,"""{""""evening_city_walk"""":0.8,""""deep_night_introspective"""":0.75,""""night_clear_lonely"""":0.7}""",city_to_inner_room,0.85,Pet Shop Boys 标志性的冷调合成器与克制人声，营造都市夜晚的忧郁与疏离感
Time for Us,Nicolas Jaar,introspective;restrained;melancholic,minimal;ambient_pad;field_recording;cold_synth,,0.2,0.3,0.25,0.35,0.15,0,0.7,instrumental,0,experimental_ambient,"""{""""deep_night_introspective"""":0.85,""""night_rain_humid"""":0.8,""""work_focus_low_vocal"""":0.75}""",fade_into_inner_space,0.9,极简而冷调的氛围电子，田野录音与合成器交织，营造内省而克制的深夜空间
Execution,ANOHNI,melancholic;restrained;unresolved,piano;string;vocal_breath;reverb_heavy,,0.25,0.2,0.35,0.3,0.15,0.6,0.85,en,1,art_pop,"""{""""deep_night_introspective"""":0.85,""""night_rain_humid"""":0.8,""""work_focus_low_vocal"""":0.7}""",fade_into_inner_space,0.9,ANOHNI 低沉而脆弱的人声与钢琴、弦乐交织，充满克制与未解的情感重量
美貌の青空（Bibo no Aozora） - Geimori - Medley,大貫妙子,nostalgic;warm;bittersweet,piano;string;vocal_breath;cinematic,,0.35,0.55,0.4,0.6,0.3,0.6,0.7,ja,1,art_pop,"""{""""morning_clear_light"""":0.8,""""evening_city_walk"""":0.75,""""weekend_slow"""":0.7}""",slow_opening,0.85,大貫妙子清澈的人声与钢琴弦乐交织，怀旧而温暖，带有电影感的抒情气质
那女孩对我说,黄义达,nostalgic;melancholic;bittersweet,acoustic;vocal_breath;string,,0.4,0.45,0.5,0.55,0.35,0.7,0.7,zh,1,mandopop,"""{""""evening_city_walk"""":0.8,""""night_clear_lonely"""":0.75,""""weekend_slow"""":0.7}""",slow_opening,0.85,木吉他与人声主导的抒情流行，怀旧而略带伤感，适合夜晚独处
In These Arms,The Swell Season,warm;nostalgic;bittersweet,acoustic;string;vocal_breath;piano,,0.35,0.5,0.4,0.7,0.3,0.6,0.65,en,1,folk,"""{""""evening_city_walk"""":0.8,""""weekend_slow"""":0.75,""""morning_cloudy_slow"""":0.7}""",slow_opening,0.85,温暖的民谣风格，木吉他、弦乐和轻柔人声交织，怀旧中带一丝苦涩的甜蜜
Wild Roses,Of Monsters and Men,dreamy;nostalgic;hopeful,acoustic;vocal_breath;string;reverb_heavy,,0.4,0.55,0.45,0.6,0.35,0.6,0.55,en,1,indie_folk,"""{""""morning_clear_light"""":0.8,""""evening_city_walk"""":0.75,""""weekend_slow"""":0.7}""",slow_opening,0.85,木吉他与空灵和声营造梦幻怀旧氛围，温暖而充满希望
돌이킬 수 없는 걸음(No Path Back),홍련 O.S.T,melancholic;restrained;bittersweet,piano;string;cinematic;minimal,,0.25,0.3,0.35,0.4,0.2,0,0.8,instrumental,0,film_score,"""{""""deep_night_introspective"""":0.85,""""night_rain_humid"""":0.8,""""work_focus_low_vocal"""":0.75}""",afterglow_fading,0.9,电影原声钢琴与弦乐，克制而悲伤，充满无法回头的宿命感
The Latvian Gambit,The Philistines Jr.,restless;unresolved;urban,electric_distant;reverb_heavy;cold_synth;grainy,,0.55,0.4,0.6,0.3,0.5,0.4,0.6,en,1,indie_rock,"""{""""evening_city_walk"""":0.75,""""deep_night_introspective"""":0.7,""""user_requested_explore"""":0.65}""",city_to_inner_room,0.8,带有冷峻合成器和粗糙质感的独立摇滚，充满都市不安与悬而未决的情绪
人质,苏见信 (信),melancholic;restrained;bittersweet,piano;vocal_breath;string,,0.4,0.35,0.45,0.4,0.3,0.75,0.8,zh,1,mandopop,"""{""""deep_night_introspective"""":0.85,""""night_rain_humid"""":0.8,""""evening_city_walk"""":0.75}""",slow_opening,0.9,信的高亢嗓音在钢琴与弦乐中展现克制与苦涩，情感沉重但能量中等
"""Alles, was blieb""",Illuminate,introspective;melancholic;restrained,piano;string;reverb_heavy;minimal,,0.25,0.3,0.35,0.4,0.15,0,0.8,instrumental,0,modern_classical,"""{""""work_focus_low_vocal"""":0.85,""""deep_night_introspective"""":0.9,""""night_rain_humid"""":0.8}""",slow_opening,0.85,钢琴与弦乐交织的极简古典作品，内省而克制，带有淡淡的忧郁与留白
Praze,Plaid,dreamy;restless;unresolved,soft_synth;cold_synth;minimal;ambient_pad,,0.35,0.4,0.4,0.35,0.3,0,0.55,instrumental,0,electronic,"""{""""work_focus_low_vocal"""":0.8,""""deep_night_introspective"""":0.75,""""evening_city_walk"""":0.7}""",fade_into_inner_space,0.85,Plaid 标志性的冷调电子，合成器纹理细腻而略带不安，适合内省与专注场景
"""De Visée / Transcr. Garcia: Pièces de théorbe et de luth, Suite en la mineur: II. Allemande grave """"""""Tombeau du vieux Gallot""""""""""",Robert de Visée,introspective;melancholic;restrained,acoustic;minimal;cinematic,,0.15,0.3,0.2,0.4,0.1,0,0.8,instrumental,0,baroque,"""{""""deep_night_introspective"""":0.9,""""work_focus_low_vocal"""":0.85,""""night_rain_humid"""":0.8}""",slow_opening,0.9,巴洛克鲁特琴独奏，缓慢而庄重的阿勒曼德舞曲，充满内省与哀悼感
GMT,Jack Peñate,restless;urban;bittersweet,electric_distant;soft_synth;reverb_heavy,,0.6,0.55,0.6,0.4,0.6,0.7,0.5,en,1,indie_rock,"""{""""evening_city_walk"""":0.8,""""deep_night_introspective"""":0.7,""""user_requested_explore"""":0.75}""",city_to_inner_room,0.85,都市感强烈的独立摇滚，电吉他远距离混响搭配不安的节奏，带出城市夜晚的躁动与怀旧
Lost Property,The Earth,melancholic;lonely;restrained,piano;ambient_pad;minimal,,0.2,0.3,0.25,0.35,0.15,0,0.7,instrumental,0,ambient,"""{""""deep_night_introspective"""":0.85,""""night_rain_humid"""":0.8,""""work_focus_low_vocal"""":0.75}""",fade_into_inner_space,0.85,极简钢琴与氛围铺垫，营造出失落与孤独的静谧空间
The Last Man (Is Anybody Out There?),Beat Circus,melancholic;lonely;unresolved,cinematic;string;reverb_heavy;minimal,,0.25,0.2,0.35,0.3,0.15,0,0.8,instrumental,0,dark_cabaret,"""{""""deep_night_introspective"""":0.85,""""night_rain_humid"""":0.8,""""work_focus_low_vocal"""":0.7}""",fade_into_inner_space,0.85,弦乐与深远混响营造出空旷的孤独感，充满未解的悬疑情绪
Lover,Howling,warm;dreamy;sensual,soft_synth;vocal_breath;reverb_heavy,,0.35,0.5,0.4,0.7,0.3,0.6,0.55,en,1,electronic,"""{""""evening_city_walk"""":0.8,""""deep_night_introspective"""":0.75,""""work_focus_low_vocal"""":0.7}""",city_to_inner_room,0.85,温暖柔软的合成器与人声，营造梦幻而亲密的氛围，适合夜晚独处
Particles,The Little Unsaid,introspective;melancholic;restless,piano;reverb_heavy;vocal_breath;cinematic,,0.35,0.3,0.4,0.4,0.3,0.6,0.75,en,1,art_folk,"""{""""deep_night_introspective"""":0.85,""""night_rain_humid"""":0.8,""""work_focus_low_vocal"""":0.7}""",fade_into_inner_space,0.85,钢琴与脆弱人声交织，充满内省与不安，混响营造出深邃的孤独感
Fall,Ketil Bjørnstad,introspective;melancholic;restrained,piano;minimal;cinematic,,0.15,0.25,0.2,0.35,0.1,0,0.8,instrumental,0,modern_classical,"""{""""work_focus_low_vocal"""":0.85,""""deep_night_introspective"""":0.9,""""night_rain_humid"""":0.8}""",slow_opening,0.9,Ketil Bjørnstad 的极简钢琴独奏，缓慢而内省，充满北欧式的冷寂与沉思
World War You,The High Dials,restless;urban;bittersweet,electric_distant;soft_synth;reverb_heavy,,0.55,0.5,0.55,0.4,0.5,0.6,0.6,en,1,indie_rock,"""{""""evening_city_walk"""":0.8,""""deep_night_introspective"""":0.75,""""user_requested_explore"""":0.7}""",city_to_inner_room,0.85,电吉他失真与合成器交织，带有都市不安与怀旧情绪的独立摇滚
Her Eyes,Charlie Jeer,warm;nostalgic;bittersweet,acoustic;vocal_breath;string;reverb_heavy,,0.4,0.5,0.4,0.6,0.3,0.6,0.65,en,1,indie_folk,"""{""""evening_city_walk"""":0.8,""""weekend_slow"""":0.75,""""morning_cloudy_slow"""":0.7}""",slow_opening,0.85,温暖的木吉他与人声，弦乐和混响营造怀旧而略带苦涩的质感
"""Elégie in C Minor, Op. 24 (Arr. Parkin for Cello Ensemble)""",Gabriel Fauré,melancholic;introspective;restrained,string;minimal;cinematic,,0.15,0.25,0.3,0.35,0.1,0,0.85,instrumental,0,classical,"""{""""deep_night_introspective"""":0.9,""""night_rain_humid"""":0.85,""""work_focus_low_vocal"""":0.8}""",afterglow_fading,0.95,福雷的c小调悲歌，大提琴合奏版，深沉哀婉而克制，充满内省与古典的悲怆感
A Woodland Night,David Friedman,introspective;melancholic;restrained,piano;cinematic;minimal,,0.15,0.3,0.2,0.4,0.1,0,0.8,instrumental,0,modern_classical,"""{""""work_focus_low_vocal"""":0.9,""""deep_night_introspective"""":0.85,""""night_rain_humid"""":0.8}""",slow_opening,0.9,钢琴独奏，静谧而内省，带有淡淡的忧郁，如同森林夜晚的孤独漫步
Digital Witness,St. Vincent,restless;urban;detached,cold_synth;electric_distant;reverb_heavy,,0.7,0.6,0.7,0.3,0.65,0.75,0.5,en,1,art_pop,"""{""""evening_city_walk"""":0.8,""""night_clear_lonely"""":0.7,""""user_requested_explore"""":0.75}""",city_to_inner_room,0.85,冷调合成器与失真电吉他营造都市疏离感，节奏驱动但情感克制
Carla's Got A Boyfriend,Baxter Dury,urban;restless;bittersweet,electric_distant;soft_synth;vocal_breath,,0.45,0.4,0.5,0.35,0.5,0.6,0.55,en,1,indie_pop,"""{""""evening_city_walk"""":0.8,""""deep_night_introspective"""":0.7,""""user_requested_explore"""":0.65}""",city_to_inner_room,0.85,Baxter Dury 慵懒而疏离的念白式人声，搭配冷调合成器与都市感节奏，呈现一种不安又带点苦涩的街头叙事
Promiscuous,Nelly Furtado / Timbaland,urban;restless;sensual,soft_synth;electric_distant;vocal_breath,,0.7,0.6,0.65,0.5,0.75,0.85,0.4,en,1,pop,"""{""""evening_city_walk"""":0.8,""""user_requested_explore"""":0.75,""""afternoon_warm_idle"""":0.65}""",city_to_inner_room,0.85,都市感强烈的流行舞曲，节奏鲜明，人声挑逗，能量较高但情感重量较轻
Todaiji,Ron Korb,introspective;restrained;melancholic,piano;acoustic;minimal;field_recording,,0.15,0.35,0.2,0.4,0.1,0,0.7,instrumental,0,world_classical,"""{""""work_focus_low_vocal"""":0.85,""""deep_night_introspective"""":0.8,""""morning_cloudy_slow"""":0.75}""",slow_opening,0.85,以钢琴和木管为主的极简器乐，带有东方禅意与内省氛围，节奏缓慢而克制
Most Days,Oliver Cherer,introspective;melancholic;restrained,piano;minimal;reverb_heavy,,0.2,0.3,0.25,0.4,0.15,0,0.7,instrumental,0,modern_classical,"""{""""work_focus_low_vocal"""":0.85,""""deep_night_introspective"""":0.8,""""night_rain_humid"""":0.75}""",slow_opening,0.85,极简钢琴与深远混响，营造内省而克制的氛围，适合安静专注或深夜聆听
喜欢你,徐佳莹,warm;nostalgic;hopeful,acoustic;vocal_breath;string,,0.45,0.55,0.45,0.7,0.35,0.7,0.6,zh,1,mandopop,"""{""""evening_city_walk"""":0.8,""""weekend_slow"""":0.75,""""morning_clear_light"""":0.7}""",slow_opening,0.85,徐佳莹温暖细腻的声线搭配木吉他弦乐，营造出怀旧而充满希望的抒情氛围
Memory Card,Lake Haze,nostalgic;dreamy;warm,soft_synth;lofi_dust;ambient_pad,,0.3,0.4,0.35,0.55,0.25,0,0.5,instrumental,0,lo_fi,"""{""""work_focus_low_vocal"""":0.85,""""morning_cloudy_slow"""":0.8,""""evening_city_walk"""":0.75}""",rain_on_glass,0.85,温暖的 lo-fi 氛围，软合成器和轻度失真纹理营造怀旧与梦幻感
I giorni,Ludovico Einaudi,introspective;melancholic;restrained,piano;minimal;cinematic,,0.15,0.3,0.2,0.35,0.1,0,0.8,instrumental,0,modern_classical,"""{""""work_focus_low_vocal"""":0.85,""""deep_night_introspective"""":0.8,""""night_rain_humid"""":0.75}""",slow_opening,0.9,Einaudi标志性的极简钢琴，缓慢重复的旋律营造内省而克制的氛围
Criminal,Fiona Apple,restless;melancholic;unresolved,piano;vocal_breath;cinematic,,0.4,0.3,0.5,0.35,0.4,0.7,0.75,en,1,art_pop,"""{""""deep_night_introspective"""":0.8,""""night_rain_humid"""":0.75,""""evening_city_walk"""":0.7}""",fade_into_inner_space,0.85,Fiona Apple 充满张力的钢琴与脆弱人声，营造出不安与未解的情绪氛围
Rhythm Nation,Janet Jackson,restless;urban;hopeful,electric_distant;cold_synth;soft_synth,,0.8,0.7,0.75,0.3,0.85,0.8,0.5,en,1,pop,"""{""""evening_city_walk"""":0.7,""""user_requested_explore"""":0.65,""""work_focus_low_vocal"""":0.5}""",city_to_inner_room,0.85,高能量流行舞曲，冷调合成器与强烈节奏驱动，充满都市动感与希望
Electric Fire (feat. Mick Jones),The Flaming Lips,restless;dreamy;urban,electric_distant;soft_synth;reverb_heavy;vocal_breath,,0.55,0.5,0.6,0.4,0.5,0.6,0.6,en,1,psychedelic_rock,"""{""""evening_city_walk"""":0.8,""""deep_night_introspective"""":0.75,""""user_requested_explore"""":0.7}""",city_to_inner_room,0.85,迷幻摇滚与合成器交织，Mick Jones的吉他带来都市不安与梦幻感
Forever - Remastered 2016,Stratovarius,hopeful;nostalgic;restless,electric_distant;cinematic;string,,0.7,0.65,0.7,0.5,0.6,0.6,0.65,en,1,power_metal,"""{""""evening_city_walk"""":0.7,""""deep_night_introspective"""":0.65,""""user_requested_explore"""":0.75}""",city_to_inner_room,0.85,力量金属经典，电吉他失真与弦乐交织，充满希望与怀旧的能量感
You Are Not What You Think You Are,Codes in the Clouds,introspective;melancholic;restrained,piano;string;cinematic;reverb_heavy,,0.25,0.3,0.35,0.4,0.2,0,0.75,instrumental,0,post_rock,"""{""""deep_night_introspective"""":0.85,""""work_focus_low_vocal"""":0.8,""""night_rain_humid"""":0.75}""",slow_opening,0.9,后摇滚器乐，钢琴与弦乐交织出内省而克制的情绪，混响厚重，能量低沉
St. Mark Is Howling in the City of Night,Brad Mehldau,restless;urban;melancholic,piano;cinematic;reverb_heavy;electric_distant,,0.45,0.4,0.55,0.35,0.5,0,0.7,instrumental,0,jazz,"""{""""evening_city_walk"""":0.85,""""deep_night_introspective"""":0.8,""""night_clear_lonely"""":0.75}""",city_to_inner_room,0.85,Brad Mehldau 的钢琴在爵士框架下充满都市夜晚的躁动与内省，混响和电声质感强化了不安与孤独
Leia-piano.ver-,koma'n,introspective;melancholic;restrained,piano;minimal;reverb_heavy,,0.15,0.3,0.2,0.35,0.1,0,0.8,instrumental,0,modern_classical,"""{""""work_focus_low_vocal"""":0.85,""""deep_night_introspective"""":0.9,""""night_rain_humid"""":0.75}""",slow_opening,0.9,钢琴独奏版本，极简而克制，混响营造出内省与忧郁的氛围
Right Here,Right Now,introspective;melancholic;restrained,piano;reverb_heavy;minimal,,0.2,0.3,0.25,0.35,0.15,0,0.7,instrumental,0,modern_classical,"""{""""work_focus_low_vocal"""":0.85,""""deep_night_introspective"""":0.8,""""night_rain_humid"""":0.75}""",slow_opening,0.85,钢琴主导的极简器乐，混响厚重，情绪内敛而克制，适合安静专注或深夜场景
帝女花 · 树盟,新乐府,melancholic;nostalgic;restrained,string;cinematic;reverb_heavy;acoustic,,0.3,0.35,0.5,0.4,0.2,0,0.75,instrumental,0,chinese_fusion,"""{""""deep_night_introspective"""":0.85,""""night_rain_humid"""":0.8,""""evening_city_walk"""":0.7}""",rain_on_glass,0.85,传统粤剧旋律与现代编曲融合，弦乐与混响营造出深沉怀旧的氛围
Lambent Brume Turning To The Clouds,The Best Pessimist,misty;dreamy;introspective,ambient_pad;reverb_heavy;minimal;field_recording,,0.15,0.3,0.2,0.4,0.1,0,0.7,instrumental,0,ambient,"""{""""morning_cloudy_slow"""":0.85,""""deep_night_introspective"""":0.8,""""night_rain_humid"""":0.75}""",afterglow_fading,0.9,朦胧氛围声景，缓慢铺展的合成器与田野录音，如同雾气消散于云端
Thee Elegant Bum,The Dandy Warhols,urban;restless;detached,electric_distant;soft_synth;reverb_heavy,,0.55,0.5,0.55,0.4,0.5,0.6,0.45,en,1,alternative_rock,"""{""""evening_city_walk"""":0.8,""""deep_night_introspective"""":0.7,""""work_focus_low_vocal"""":0.65}""",city_to_inner_room,0.85,松散的电吉他、疏离人声与都市感节奏，营造出慵懒而略带不安的夜晚漫步氛围
Minor Matters,COMA,introspective;melancholic;restrained,piano;ambient_pad;minimal,,0.2,0.3,0.25,0.35,0.15,0,0.7,instrumental,0,ambient,"""{""""work_focus_low_vocal"""":0.85,""""deep_night_introspective"""":0.8,""""night_rain_humid"""":0.75}""",slow_opening,0.85,极简钢琴与氛围铺垫，克制而内省，适合专注或深夜聆听
玩爱之徒,蔡依林,restless;urban;bittersweet,soft_synth;electric_distant;vocal_breath,,0.6,0.55,0.6,0.45,0.6,0.75,0.5,zh,1,mandopop,"""{""""evening_city_walk"""":0.8,""""night_clear_lonely"""":0.7,""""user_requested_explore"""":0.65}""",city_to_inner_room,0.85,蔡依林的电子流行曲风，节奏感强，带有都市夜晚的躁动与情感张力
Anak Ko,Jay Som,dreamy;warm;restrained,acoustic;soft_synth;vocal_breath;reverb_heavy,,0.35,0.5,0.4,0.6,0.3,0.6,0.5,en,1,dream_pop,"""{""""morning_cloudy_slow"""":0.8,""""afternoon_warm_idle"""":0.75,""""weekend_slow"""":0.7}""",soft_focus_work,0.85,温暖朦胧的梦泡质感，轻柔人声与混响吉他营造出慵懒内省的氛围
Before I Fall in Love,李玟,warm;nostalgic;hopeful,acoustic;vocal_breath;string;soft_synth,,0.45,0.55,0.5,0.65,0.4,0.7,0.6,zh,1,mandopop,"""{""""evening_city_walk"""":0.8,""""weekend_slow"""":0.75,""""morning_clear_light"""":0.7}""",slow_opening,0.85,李玟温暖声线搭配木吉他与弦乐，怀旧而充满希望的抒情流行
The Apocalypse Song,St. Vincent,restless;unresolved;melancholic,electric_distant;cold_synth;vocal_breath;cinematic,,0.55,0.4,0.6,0.3,0.5,0.7,0.75,en,1,art_rock,"""{""""deep_night_introspective"""":0.85,""""evening_city_walk"""":0.75,""""night_rain_humid"""":0.7}""",city_to_inner_room,0.85,不安的电子音色与St. Vincent疏离的人声，营造末日感的都市内省氛围
Moonchild,Vincent Gallo,dreamy;detached;melancholic,soft_synth;reverb_heavy;vocal_breath;minimal,,0.2,0.3,0.25,0.4,0.15,0.4,0.7,en,1,dream_pop,"""{""""deep_night_introspective"""":0.85,""""night_clear_lonely"""":0.8,""""work_focus_low_vocal"""":0.7}""",fade_into_inner_space,0.85,梦幻而疏离的合成器氛围，人声轻柔如呓语，营造出夜晚内省的孤独感
台風の夜,具島直子,melancholic;nostalgic;bittersweet,piano;string;vocal_breath;reverb_heavy,,0.3,0.35,0.4,0.5,0.25,0.6,0.7,ja,1,j_pop,"""{""""night_rain_humid"""":0.85,""""deep_night_introspective"""":0.8,""""evening_city_walk"""":0.75}""",rain_on_glass,0.85,具島直子温柔而略带忧郁的声线，钢琴与弦乐交织，营造出台风夜般的潮湿与怀旧氛围
All the Stars in the Sky Are Mine - Cinematic Joy Mix,The Candlepark Stars,dreamy;nostalgic;hopeful,string;cinematic;ambient_pad;reverb_heavy,,0.35,0.5,0.4,0.55,0.2,0,0.65,instrumental,0,ambient,"""{""""deep_night_introspective"""":0.85,""""night_clear_lonely"""":0.8,""""work_focus_low_vocal"""":0.75}""",afterglow_fading,0.85,电影感弦乐与氛围铺底，梦幻而怀旧的星空意象，能量温和
组曲≪水上の音楽≫ 第5曲: Allegro deciso,George Szell,clear;restrained;hopeful,string;cinematic;acoustic,,0.65,0.7,0.6,0.5,0.6,0,0.4,instrumental,0,classical,"""{""""morning_clear_light"""":0.85,""""afternoon_warm_idle"""":0.75,""""work_focus_low_vocal"""":0.7}""",slow_opening,0.85,亨德尔水上音乐组曲的快板乐章，弦乐与管乐交织，明亮而富有节奏感，适合清晨或专注场景
A Bridge of Starlings,Ben Osborn,introspective;melancholic;restrained,piano;string;minimal;reverb_heavy,,0.2,0.3,0.25,0.35,0.1,0,0.75,instrumental,0,modern_classical,"""{""""work_focus_low_vocal"""":0.85,""""deep_night_introspective"""":0.8,""""night_rain_humid"""":0.75}""",slow_opening,0.9,极简钢琴与弦乐交织，混响深远，营造内省而克制的古典氛围
Recall,Cokiyu,dreamy;misty;detached,ambient_pad;field_recording;minimal;vocal_breath,,0.2,0.3,0.25,0.4,0.15,0.3,0.55,en,1,ambient_pop,"""{""""morning_cloudy_slow"""":0.85,""""work_focus_low_vocal"""":0.8,""""deep_night_introspective"""":0.75}""",soft_focus_work,0.85,朦胧的人声与氛围铺底，如同雾中回忆，轻柔而疏离
DENIAL IS A RIVER,Doechii,restless;urban;unresolved,soft_synth;electric_distant;vocal_breath;reverb_heavy,,0.6,0.45,0.55,0.4,0.6,0.8,0.65,en,1,alternative_rnb,"""{""""evening_city_walk"""":0.8,""""deep_night_introspective"""":0.75,""""user_requested_explore"""":0.7}""",city_to_inner_room,0.85,都市感的节奏与不安的电子音色，人声充满张力，情绪悬而未决
末班车 (Live),信,melancholic;bittersweet;restrained,piano;string;vocal_breath;cinematic,,0.4,0.35,0.5,0.45,0.3,0.8,0.75,zh,1,mandopop,"""{""""evening_city_walk"""":0.8,""""deep_night_introspective"""":0.85,""""night_rain_humid"""":0.75}""",slow_opening,0.85,信的高亢嗓音在钢琴与弦乐中演绎离别的苦涩与克制，情感沉重但能量中等
Thoughts Of Offing One,Vegyn,introspective;restrained;unresolved,ambient_pad;minimal;lofi_dust,,0.25,0.3,0.3,0.4,0.2,0,0.7,instrumental,0,ambient,"""{""""deep_night_introspective"""":0.85,""""work_focus_low_vocal"""":0.8,""""night_rain_humid"""":0.75}""",fade_into_inner_space,0.85,Vegyn 的极简氛围电子，以环境音垫和轻微失真纹理营造内省而悬而未决的声景
永恒的誓约,谭盾 / 马友友,introspective;melancholic;restrained,string;piano;cinematic;minimal,,0.15,0.3,0.2,0.45,0.1,0,0.8,instrumental,0,modern_classical,"""{""""deep_night_introspective"""":0.9,""""work_focus_low_vocal"""":0.85,""""night_rain_humid"""":0.8}""",slow_opening,0.9,大提琴与钢琴的极简对话，深沉内省，充满东方哲思的留白
I Like U,NIKI,warm;hopeful;bittersweet,acoustic;vocal_breath;soft_synth,,0.45,0.55,0.4,0.6,0.4,0.7,0.55,en,1,indie_pop,"""{""""evening_city_walk"""":0.8,""""weekend_slow"""":0.75,""""afternoon_warm_idle"""":0.7}""",slow_opening,0.85,NIKI 温暖细腻的声线搭配轻柔吉他，营造出甜蜜又略带苦涩的暗恋氛围
L'amour naissant,Sébastien Tellier,sensual;dreamy;warm,soft_synth;vocal_breath;reverb_heavy;electric_distant,,0.35,0.5,0.4,0.7,0.3,0.6,0.5,en,1,art_pop,"""{""""evening_city_walk"""":0.85,""""deep_night_introspective"""":0.8,""""user_requested_explore"""":0.75}""",city_to_inner_room,0.85,Sébastien Tellier 标志性的慵懒声线与温暖合成器，营造出梦幻而感性的氛围
KM477 - Mixed,Kölsch,restless;urban;unresolved,cold_synth;electric_distant;reverb_heavy;minimal,,0.6,0.4,0.55,0.3,0.65,0,0.5,instrumental,0,techno,"""{""""evening_city_walk"""":0.85,""""deep_night_introspective"""":0.8,""""work_focus_low_vocal"""":0.7}""",city_to_inner_room,0.85,冷调合成器与重复节奏驱动，带有都市夜晚的躁动与未解情绪
old tape,Nurd prince,nostalgic;warm;dreamy,lofi_dust;piano;field_recording;ambient_pad,,0.25,0.35,0.3,0.6,0.2,0,0.5,instrumental,0,lo_fi,"""{""""work_focus_low_vocal"""":0.85,""""morning_cloudy_slow"""":0.8,""""evening_city_walk"""":0.75}""",rain_on_glass,0.85,老磁带质感的 lo-fi 钢琴氛围，温暖怀旧，适合安静工作或阴天早晨
Risk/Loss,Young Heretics,melancholic;restrained;bittersweet,piano;string;minimal;reverb_heavy,,0.25,0.3,0.35,0.4,0.2,0,0.75,instrumental,0,modern_classical,"""{""""deep_night_introspective"""":0.85,""""night_rain_humid"""":0.8,""""work_focus_low_vocal"""":0.75}""",afterglow_fading,0.85,钢琴与弦乐交织，克制而忧郁，充满内省与失落感
Timewave Zero,The Comet Is Coming,restless;urban;unresolved,cold_synth;electric_distant;cinematic,,0.7,0.4,0.7,0.3,0.6,0,0.6,instrumental,0,electronic_jazz,"""{""""evening_city_walk"""":0.8,""""deep_night_introspective"""":0.75,""""user_requested_explore"""":0.7}""",city_to_inner_room,0.85,冷调合成器与电子爵士融合，充满都市不安与未解决的张力
From Out Of Nowhere,Faith No More,restless;unresolved;melancholic,electric_distant;reverb_heavy;cold_synth,,0.6,0.4,0.7,0.3,0.6,0.7,0.7,en,1,alternative_rock,"""{""""evening_city_walk"""":0.7,""""deep_night_introspective"""":0.65,""""night_rain_humid"""":0.6}""",city_to_inner_room,0.85,Faith No More 的另类摇滚，电吉他失真与 Mike Patton 不安的人声交织，充满悬而未决的躁动与疏离感
15,sayCet,dreamy;misty;restrained,ambient_pad;soft_synth;minimal;reverb_heavy,,0.2,0.3,0.25,0.4,0.15,0,0.5,instrumental,0,ambient,"""{""""work_focus_low_vocal"""":0.85,""""deep_night_introspective"""":0.8,""""night_rain_humid"""":0.75}""",soft_focus_work,0.85,氛围电子作品，软合成器与混响营造朦胧、梦幻的声景，能量低且克制
Shadow Journal,Max Richter,introspective;melancholic;restrained,piano;string;minimal;reverb_heavy,,0.15,0.25,0.2,0.3,0.1,0,0.8,instrumental,0,modern_classical,"""{""""work_focus_low_vocal"""":0.9,""""deep_night_introspective"""":0.85,""""night_rain_humid"""":0.8}""",afterglow_fading,0.9,Max Richter 标志性的极简钢琴与弦乐，缓慢内省，充满留白与沉思感
Secret Meetings,Good Fuck,restless;urban;unresolved,electric_distant;cold_synth;reverb_heavy,,0.6,0.4,0.55,0.3,0.65,0.6,0.5,en,1,indie_rock,"""{""""evening_city_walk"""":0.8,""""deep_night_introspective"""":0.75,""""night_clear_lonely"""":0.7}""",city_to_inner_room,0.85,冷调合成器与远距离电吉他，营造都市夜晚的不安与隐秘感
Play It Cool,Steve Aoki,restless;urban;hopeful,soft_synth;electric_distant;reverb_heavy,,0.7,0.6,0.65,0.4,0.7,0,0.3,instrumental,0,electronic,"""{""""evening_city_walk"""":0.8,""""user_requested_explore"""":0.7,""""work_focus_low_vocal"""":0.6}""",city_to_inner_room,0.8,Steve Aoki 的电子作品，合成器驱动，节奏感强，适合都市夜晚场景
Maybe,Jamie Isaac,dreamy;melancholic;restrained,soft_synth;vocal_breath;reverb_heavy;minimal,,0.35,0.4,0.35,0.5,0.3,0.6,0.65,en,1,alternative_rnb,"""{""""deep_night_introspective"""":0.85,""""evening_city_walk"""":0.8,""""night_rain_humid"""":0.75}""",fade_into_inner_space,0.85,轻柔的合成器氛围搭配 Jamie Isaac 慵懒而克制的人声，营造出梦幻又略带忧郁的深夜情绪
The Fall,Rhye,sensual;warm;melancholic,soft_synth;vocal_breath;string;jazz_brush,,0.35,0.45,0.4,0.65,0.3,0.6,0.6,en,1,art_pop,"""{""""evening_city_walk"""":0.8,""""deep_night_introspective"""":0.75,""""night_rain_humid"""":0.7}""",city_to_inner_room,0.85,Rhye 标志性的温柔假声与软合成器、弦乐交织，营造出感性而略带忧郁的夜晚氛围
Yeah Glo!,GloRilla,restless;urban;hopeful,electric_distant;soft_synth;lofi_dust,,0.7,0.6,0.7,0.4,0.8,0.9,0.5,en,1,hip_hop,"""{""""evening_city_walk"""":0.8,""""user_requested_explore"""":0.75,""""work_focus_low_vocal"""":0.6}""",city_to_inner_room,0.85,GloRilla 的自信说唱与强劲节奏，充满都市能量和希望，但人声主导且质感偏冷
Gymnopédie No. 1,Carlos Barbosa-Lima,introspective;melancholic;restrained,acoustic;minimal;cinematic,,0.15,0.3,0.2,0.4,0.1,0,0.8,instrumental,0,classical,"""{""""work_focus_low_vocal"""":0.9,""""deep_night_introspective"""":0.85,""""night_rain_humid"""":0.8}""",slow_opening,0.95,古典吉他独奏萨蒂名曲，极简而克制，充满内省与忧郁的留白
I Want To Break Free,Royal Philharmonic Orchestra,hopeful;restless;nostalgic,string;cinematic;acoustic,,0.55,0.6,0.5,0.5,0.5,0,0.5,instrumental,0,orchestral_pop,"""{""""morning_clear_light"""":0.8,""""evening_city_walk"""":0.75,""""work_focus_low_vocal"""":0.7}""",slow_opening,0.85,管弦乐改编版，弦乐与铜管带来希望与不安交织的怀旧感，能量中等偏上
"""Violin Sonata in A major, FWV 8: IV. Allegretto poco mosso""",César Franck,warm;clear;restrained,piano;string;cinematic,,0.4,0.6,0.5,0.7,0.45,0,0.6,instrumental,0,classical,"""{""""morning_clear_light"""":0.8,""""afternoon_warm_idle"""":0.75,""""work_focus_low_vocal"""":0.7}""",slow_opening,0.85,弗兰克小提琴奏鸣曲末乐章，钢琴与小提琴交织出温暖明亮的旋律，节奏舒缓而克制
サクラ サクラ (Instrumental With 尺八・三味线),Rin',introspective;melancholic;nostalgic,string;cinematic;minimal;field_recording,,0.25,0.4,0.35,0.45,0.2,0,0.7,instrumental,0,japanese_traditional,"""{""""morning_cloudy_slow"""":0.85,""""deep_night_introspective"""":0.8,""""night_rain_humid"""":0.75}""",slow_opening,0.9,尺八与三味线的传统日本乐器组合，营造出内省而怀旧的氛围，带有淡淡的忧伤
火車叼位去,周杰倫,nostalgic;melancholic;bittersweet,piano;string;vocal_breath;acoustic,,0.35,0.4,0.45,0.5,0.3,0.6,0.7,zh,1,mandopop,"""{""""evening_city_walk"""":0.8,""""night_clear_lonely"""":0.75,""""deep_night_introspective"""":0.7}""",slow_opening,0.85,周杰伦的钢琴与弦乐编排，配合怀旧歌词，营造出淡淡的忧伤与思念
爱如空气,韦礼安,nostalgic;warm;bittersweet,acoustic;string;vocal_breath,,0.4,0.5,0.4,0.6,0.3,0.6,0.65,zh,1,mandopop,"""{""""evening_city_walk"""":0.8,""""weekend_slow"""":0.7,""""morning_clear_light"""":0.65}""",slow_opening,0.85,韦礼安温暖声线搭配木吉他与弦乐，怀旧中带着淡淡的苦涩与温暖
He Thinks I'm All Alone,Ben Vince,lonely;introspective;restrained,ambient_pad;minimal;cold_synth;field_recording,,0.15,0.2,0.2,0.3,0.1,0,0.8,instrumental,0,ambient,"""{""""deep_night_introspective"""":0.9,""""night_rain_humid"""":0.85,""""work_focus_low_vocal"""":0.8}""",fade_into_inner_space,0.9,冷调氛围铺底与田野录音，极简而疏离，营造出深沉的孤独感
When Snow Falls,Federale,melancholic;nostalgic;restrained,string;cinematic;reverb_heavy;piano,,0.25,0.3,0.4,0.35,0.2,0,0.75,instrumental,0,cinematic_orchestral,"""{""""deep_night_introspective"""":0.85,""""night_rain_humid"""":0.8,""""work_focus_low_vocal"""":0.75}""",afterglow_fading,0.85,弦乐与钢琴交织的冷调电影配乐，缓慢而克制，如同雪落时的孤寂与怀旧
Havana (Remix),Daddy Yankee,urban;restless;hopeful,soft_synth;electric_distant;reverb_heavy,,0.65,0.6,0.55,0.5,0.7,0.8,0.4,en,1,latin_pop,"""{""""evening_city_walk"""":0.8,""""user_requested_explore"""":0.75,""""weekend_slow"""":0.7}""",city_to_inner_room,0.85,拉丁流行混音，节奏明快，都市感强，带有探索和放松的氛围
MAMA,EXO-K,urban;restless;melancholic,soft_synth;cold_synth;electric_distant;vocal_breath,,0.55,0.45,0.6,0.4,0.5,0.8,0.6,ko,1,k_pop,"""{""""evening_city_walk"""":0.8,""""deep_night_introspective"""":0.7,""""user_requested_explore"""":0.65}""",city_to_inner_room,0.85,EXO-K的K-pop曲目，合成器与冷调电子音色营造都市感，人声突出但带有内省与不安情绪
第三人稱,HUSH,introspective;melancholic;lonely,piano;vocal_breath;string;reverb_heavy,,0.3,0.35,0.4,0.45,0.25,0.6,0.7,zh,1,mandopop,"""{""""deep_night_introspective"""":0.85,""""night_rain_humid"""":0.8,""""work_focus_low_vocal"""":0.75}""",fade_into_inner_space,0.85,钢琴与弦乐铺底，HUSH 低沉人声带着疏离感，适合深夜独自聆听的内省氛围
Genesis of LOVE～愛の起源,AKINO with bless4,hopeful;warm;nostalgic,soft_synth;vocal_breath;string;acoustic,,0.55,0.6,0.5,0.65,0.5,0.7,0.6,ja,1,j_pop,"""{""""morning_clear_light"""":0.8,""""evening_city_walk"""":0.75,""""weekend_slow"""":0.7}""",slow_opening,0.85,温暖的人声与弦乐交织，充满希望与怀旧感的J-Pop抒情曲
Our Love Has No Rhythm,Woman's Hour,introspective;melancholic;restrained,soft_synth;reverb_heavy;vocal_breath;minimal,,0.25,0.3,0.35,0.4,0.2,0.6,0.7,en,1,dream_pop,"""{""""deep_night_introspective"""":0.85,""""night_rain_humid"""":0.8,""""work_focus_low_vocal"""":0.75}""",fade_into_inner_space,0.85,克制而内省的 dream pop，软合成器与深远混响包裹着脆弱人声，情绪缓慢下沉
Becoming a Legend,John Dreamer,hopeful;nostalgic;restrained,cinematic;string;piano;reverb_heavy,,0.6,0.7,0.65,0.5,0.4,0,0.75,instrumental,0,epic_orchestral,"""{""""morning_clear_light"""":0.8,""""evening_city_walk"""":0.7,""""work_focus_low_vocal"""":0.65}""",slow_opening,0.85,史诗管弦乐，钢琴与弦乐层层推进，充满希望与怀旧的宏大叙事感
Tempus Horizon,God Is An Astronaut,introspective;melancholic;restrained,ambient_pad;cinematic;reverb_heavy;electric_distant,,0.25,0.3,0.35,0.4,0.2,0,0.75,instrumental,0,post_rock,"""{""""deep_night_introspective"""":0.85,""""night_clear_lonely"""":0.8,""""work_focus_low_vocal"""":0.75}""",fade_into_inner_space,0.9,后摇氛围器乐，宏大的混响与电吉他营造出内省而克制的空间感
(...),COMA,introspective;melancholic;restrained,ambient_pad;cold_synth;minimal,,0.2,0.3,0.25,0.35,0.15,0,0.7,instrumental,0,ambient,"""{""""deep_night_introspective"""":0.85,""""night_rain_humid"""":0.8,""""work_focus_low_vocal"""":0.75}""",fade_into_inner_space,0.85,冷调氛围合成器与极简编排，营造内省而克制的深夜声景
Go Solo,2 & 3),hopeful;restless;clear,soft_synth;acoustic;vocal_breath,,0.55,0.6,0.5,0.5,0.55,0.65,0.5,en,1,indie_pop,"""{""""morning_clear_light"""":0.8,""""evening_city_walk"""":0.75,""""work_focus_low_vocal"""":0.7}""",slow_opening,0.85,轻快的合成器与木吉他交织，人声清晰充满希望，适合清晨或通勤场景
"""St Paul’s Suite, Op. 29, No. 2: IV. Finale (The Dargason), Allegro""",Gustav Holst,restless;clear;hopeful,string;cinematic;acoustic,,0.7,0.75,0.65,0.55,0.7,0,0.5,instrumental,0,classical,"""{""""morning_clear_light"""":0.8,""""afternoon_warm_idle"""":0.7,""""weekend_slow"""":0.65}""",slow_opening,0.85,霍尔斯特的弦乐作品，快板乐章充满活力与明亮感，古典管弦乐编制带来清晰而激昂的质感
"""Slowly, Slowly""",Oliver Cherer,introspective;melancholic;restrained,piano;ambient_pad;minimal;reverb_heavy,,0.2,0.3,0.25,0.4,0.15,0,0.7,instrumental,0,ambient,"""{""""work_focus_low_vocal"""":0.85,""""deep_night_introspective"""":0.8,""""night_rain_humid"""":0.75}""",slow_opening,0.85,缓慢的钢琴与氛围垫音，克制而内省，适合专注或深夜聆听
Baby Blu,Nilüfer Yanya,dreamy;melancholic;restrained,acoustic;vocal_breath;electric_distant;reverb_heavy,,0.35,0.4,0.4,0.5,0.3,0.6,0.65,en,1,indie_rock,"""{""""evening_city_walk"""":0.8,""""deep_night_introspective"""":0.75,""""work_focus_low_vocal"""":0.7}""",city_to_inner_room,0.85,梦幻而克制的独立摇滚，人声带着呼吸感与混响，营造出忧郁而温暖的氛围
Gymnopédie No.1,Erik Satie,introspective;melancholic;restrained,piano;minimal;cinematic,,0.1,0.25,0.1,0.35,0.05,0,0.8,instrumental,0,modern_classical,"""{""""work_focus_low_vocal"""":0.9,""""deep_night_introspective"""":0.85,""""night_rain_humid"""":0.8}""",slow_opening,0.95,极简钢琴独奏，缓慢而克制，充满内省与留白，与坂本龍一《Merry Christmas Mr. Lawrence》能量相近
"""Sam, as in Samantha""",Tiger Lou,melancholic;restless;bittersweet,acoustic;electric_distant;vocal_breath;reverb_heavy,,0.4,0.35,0.45,0.4,0.4,0.6,0.7,en,1,indie_rock,"""{""""evening_city_walk"""":0.8,""""deep_night_introspective"""":0.75,""""night_rain_humid"""":0.7}""",city_to_inner_room,0.85,原声吉他与人声交织，带着不安与怀旧的 bittersweet 情绪，适合城市夜晚的内省场景
Marama,Chantal Acda,dreamy;misty;restrained,ambient_pad;vocal_breath;minimal,,0.25,0.35,0.3,0.5,0.2,0.4,0.6,en,1,ambient_folk,"""{""""morning_cloudy_slow"""":0.85,""""deep_night_introspective"""":0.8,""""work_focus_low_vocal"""":0.75}""",soft_focus_work,0.85,梦幻氛围民谣，人声轻柔如雾，铺底氛围音色营造朦胧内省的空间
Telephone,Beyoncé,urban;restless;hopeful,soft_synth;electric_distant;vocal_breath,,0.65,0.6,0.65,0.5,0.7,0.8,0.45,en,1,r&b,"""{""""evening_city_walk"""":0.8,""""work_focus_low_vocal"""":0.6,""""user_requested_explore"""":0.7}""",city_to_inner_room,0.85,Beyoncé 的都市 R&B 风格，合成器与节奏驱动，充满能量与不安的期待
Female Vampire,Jenny Hval,introspective;restrained;unresolved,vocal_breath;cold_synth;field_recording;minimal,,0.25,0.3,0.35,0.2,0.15,0.6,0.7,en,1,experimental,"""{""""deep_night_introspective"""":0.85,""""night_rain_humid"""":0.75,""""work_focus_low_vocal"""":0.7}""",fade_into_inner_space,0.85,Jenny Hval 的实验性人声与冷调氛围，内省而悬疑，充满未解决的张力
時の流れに身をまかせ (我只在乎你 日文版),王若琳,nostalgic;warm;bittersweet,piano;string;vocal_breath,,0.4,0.5,0.45,0.65,0.35,0.7,0.7,ja,1,j_pop,"""{""""evening_city_walk"""":0.8,""""night_clear_lonely"""":0.75,""""weekend_slow"""":0.7}""",slow_opening,0.85,王若琳慵懒温暖的声线演绎经典日文曲，钢琴与弦乐编织出怀旧而略带苦涩的抒情氛围
Strange with You,Leifur James,dreamy;introspective;restrained,soft_synth;ambient_pad;reverb_heavy;minimal,,0.25,0.35,0.3,0.4,0.2,0,0.65,instrumental,0,ambient,"""{""""deep_night_introspective"""":0.85,""""work_focus_low_vocal"""":0.8,""""night_rain_humid"""":0.75}""",fade_into_inner_space,0.85,梦幻而克制的氛围电子，软合成器与深远混响营造出内省的空间感
彩蝶舞夏,何真真,warm;nostalgic;clear,piano;string;acoustic,,0.3,0.6,0.4,0.7,0.25,0,0.5,instrumental,0,new_age,"""{""""morning_clear_light"""":0.85,""""afternoon_warm_idle"""":0.8,""""weekend_slow"""":0.75}""",slow_opening,0.85,钢琴与弦乐交织的清新旋律，温暖明亮如夏日微风，充满怀旧与宁静
Two Pages,Philip Glass,introspective;restrained;melancholic,piano;minimal;cinematic,,0.2,0.3,0.25,0.35,0.15,0,0.7,instrumental,0,minimalism,"""{""""work_focus_low_vocal"""":0.85,""""deep_night_introspective"""":0.8,""""night_rain_humid"""":0.75}""",slow_opening,0.9,Philip Glass 标志性的极简主义钢琴重复音型，克制而内省，带有淡淡的忧郁
回電我,衛蘭,urban;nostalgic;hopeful,soft_synth;vocal_breath;electric_distant,,0.55,0.5,0.5,0.55,0.5,0.7,0.5,zh,1,mandopop,"""{""""evening_city_walk"""":0.8,""""deep_night_introspective"""":0.7,""""user_requested_explore"""":0.65}""",city_to_inner_room,0.85,衛蘭的溫暖聲線搭配軟合成器，都市感與懷舊交織，能量適中
Johann Sebastian Bach: Das Wohltemperierte Klavier,BWV 846-869 - Präludium c-Moll,introspective;restrained;melancholic,piano;minimal;cinematic,,0.15,0.25,0.2,0.3,0.1,0,0.8,instrumental,0,classical,"""{""""work_focus_low_vocal"""":0.9,""""deep_night_introspective"""":0.85,""""night_rain_humid"""":0.75}""",slow_opening,0.95,巴赫C小调前奏曲，钢琴独奏，结构严谨而情绪内敛，充满古典的沉思与克制
All That Ever Could Have Been,MOLLY,introspective;melancholic;restrained,piano;reverb_heavy;minimal;vocal_breath,,0.2,0.3,0.25,0.35,0.15,0.4,0.8,en,1,art_pop,"""{""""deep_night_introspective"""":0.9,""""night_rain_humid"""":0.85,""""work_focus_low_vocal"""":0.8}""",fade_into_inner_space,0.9,极简钢琴与空灵人声，缓慢而内省，充满未完成的遗憾感
Sun - Ambient,RY X,introspective;misty;restrained,ambient_pad;field_recording;minimal;reverb_heavy,,0.15,0.25,0.2,0.35,0.1,0,0.7,instrumental,0,ambient,"""{""""work_focus_low_vocal"""":0.9,""""deep_night_introspective"""":0.85,""""morning_cloudy_slow"""":0.8}""",slow_opening,0.9,极简氛围声景，环境音垫与田野录音交织，内省而朦胧，能量极低
旅愁,美空雲雀,nostalgic;melancholic;restrained,piano;string;vocal_breath,,0.25,0.3,0.35,0.4,0.2,0.6,0.75,ja,1,enka,"""{""""deep_night_introspective"""":0.85,""""night_rain_humid"""":0.8,""""evening_city_walk"""":0.7}""",afterglow_fading,0.9,美空雲雀的经典演歌，钢琴与弦乐衬托下，怀旧与哀愁交织，情感克制而深沉
星球坠落 (Live),艾热 AIR / 李佳隆,warm;nostalgic;hopeful,acoustic;vocal_breath;soft_synth,,0.45,0.55,0.5,0.65,0.5,0.7,0.6,zh,1,chinese_hip_hop,"""{""""evening_city_walk"""":0.8,""""weekend_slow"""":0.75,""""night_clear_lonely"""":0.7}""",slow_opening,0.85,温暖的说唱情歌，木吉他与人声交织，怀旧中带着希望
Ditto,NewJeans,nostalgic;dreamy;warm,soft_synth;lofi_dust;vocal_breath;ambient_pad,,0.45,0.5,0.5,0.6,0.4,0.7,0.55,en,1,k_pop,"""{""""evening_city_walk"""":0.8,""""deep_night_introspective"""":0.75,""""weekend_slow"""":0.7}""",city_to_inner_room,0.85,NewJeans 的 Ditto 以温暖柔软的合成器与怀旧人声营造出梦幻而略带忧郁的都市氛围
遠在眼前的你,王心凌,nostalgic;warm;bittersweet,piano;string;vocal_breath,,0.45,0.5,0.45,0.6,0.35,0.7,0.65,zh,1,mandopop,"""{""""evening_city_walk"""":0.8,""""weekend_slow"""":0.7,""""night_rain_humid"""":0.75}""",slow_opening,0.85,王心凌的温暖声线搭配钢琴和弦乐，营造出怀旧而略带苦涩的抒情氛围
Formation,Beyoncé,restless;urban;hopeful,electric_distant;soft_synth;vocal_breath,,0.7,0.6,0.7,0.5,0.8,0.9,0.7,en,1,pop,"""{""""evening_city_walk"""":0.8,""""user_requested_explore"""":0.75,""""work_focus_low_vocal"""":0.6}""",city_to_inner_room,0.85,Beyoncé 的强劲人声与都市节奏，充满自信与动感，但保持一定内省
Good Graces,Sabrina Carpenter,warm;hopeful;clear,soft_synth;vocal_breath;acoustic,,0.55,0.6,0.5,0.65,0.5,0.7,0.5,en,1,pop,"""{""""morning_clear_light"""":0.8,""""afternoon_warm_idle"""":0.75,""""evening_city_walk"""":0.7}""",soft_focus_work,0.85,温暖明亮的流行曲，Sabrina Carpenter 的人声清晰而富有感染力，能量适中，适合轻松日常场景
Echo of Echo,Eri Yamamoto Trio,introspective;restrained;bittersweet,piano;minimal;jazz_brush,,0.25,0.4,0.3,0.5,0.2,0,0.7,instrumental,0,jazz,"""{""""work_focus_low_vocal"""":0.85,""""deep_night_introspective"""":0.8,""""night_rain_humid"""":0.75}""",slow_opening,0.85,钢琴三重奏的即兴对话，克制而内省，带有淡淡的苦涩与温暖
Emitter,The Pirate Ship Quintet,restrained;melancholic;introspective,piano;string;minimal;reverb_heavy,,0.2,0.3,0.25,0.35,0.15,0,0.7,instrumental,0,modern_classical,"""{""""work_focus_low_vocal"""":0.85,""""deep_night_introspective"""":0.8,""""night_rain_humid"""":0.75}""",slow_opening,0.85,钢琴与弦乐交织的极简室内乐，克制而忧郁，充满内省氛围
Good,Better Than Ezra,hopeful;warm;restless,acoustic;soft_synth;vocal_breath,,0.55,0.6,0.5,0.65,0.5,0.7,0.5,en,1,alternative_rock,"""{""""morning_clear_light"""":0.8,""""evening_city_walk"""":0.75,""""weekend_slow"""":0.7}""",slow_opening,0.85,温暖而充满希望的另类摇滚，木吉他与人声交织出轻快又略带不安的质感
god's chariots,Oklou,dreamy;misty;restrained,soft_synth;ambient_pad;vocal_breath;reverb_heavy,,0.3,0.4,0.35,0.45,0.25,0.6,0.5,en,1,art_pop,"""{""""deep_night_introspective"""":0.85,""""evening_city_walk"""":0.8,""""work_focus_low_vocal"""":0.75}""",fade_into_inner_space,0.85,梦幻合成器与轻柔人声交织，朦胧而克制的氛围，适合深夜内省与都市漫步
Ondine,The Dandy Warhols,dreamy;detached;restrained,soft_synth;reverb_heavy;electric_distant,,0.35,0.4,0.4,0.35,0.3,0.4,0.5,en,1,dream_pop,"""{""""evening_city_walk"""":0.8,""""deep_night_introspective"""":0.75,""""work_focus_low_vocal"""":0.7}""",city_to_inner_room,0.85,梦幻合成器与遥远人声，营造出疏离而内省的氛围，适合都市夜晚漫步
half moon,延近輝之,dreamy;misty;restrained,piano;ambient_pad;minimal,,0.2,0.35,0.25,0.45,0.15,0,0.6,instrumental,0,ambient,"""{""""work_focus_low_vocal"""":0.85,""""deep_night_introspective"""":0.8,""""night_clear_lonely"""":0.75}""",soft_focus_work,0.85,钢琴与氛围垫交织，朦胧而克制，适合专注或深夜聆听
#Lost Hills,A.A. Bondy,melancholic;restrained;lonely,acoustic;vocal_breath;minimal,,0.25,0.3,0.3,0.4,0.2,0.6,0.75,en,1,folk,"""{""""deep_night_introspective"""":0.85,""""night_rain_humid"""":0.8,""""work_focus_low_vocal"""":0.7}""",fade_into_inner_space,0.85,A.A. Bondy 的民谣风格，木吉他与人声克制而忧郁，充满孤独与内省
Johannes Brahms: Klavierstücke op118 - III Ballade: Allegro energico,Hélène Grimaud,restrained;melancholic;unresolved,piano;cinematic;minimal,,0.4,0.35,0.5,0.3,0.3,0,0.75,instrumental,0,classical,"""{""""work_focus_low_vocal"""":0.8,""""deep_night_introspective"""":0.75,""""night_rain_humid"""":0.7}""",slow_opening,0.85,勃拉姆斯晚期钢琴作品，Grimaud 的演绎克制而深沉，充满内省与未解的悲怆
盛夏光年 (Live),袁娅维TIA RAY,restless;urban;hopeful,vocal_breath;electric_distant;cinematic,,0.7,0.6,0.65,0.55,0.65,0.85,0.7,zh,1,pop_soul,"""{""""evening_city_walk"""":0.8,""""deep_night_introspective"""":0.7,""""user_requested_explore"""":0.75}""",city_to_inner_room,0.85,袁娅维现场演绎充满张力和都市感，人声爆发力强，节奏驱动，带有希望与不安交织的情绪
The Fall,Slowness,melancholic;restrained;lonely,piano;reverb_heavy;minimal,,0.2,0.25,0.2,0.3,0.1,0,0.8,instrumental,0,modern_classical,"""{""""work_focus_low_vocal"""":0.85,""""deep_night_introspective"""":0.9,""""night_rain_humid"""":0.8}""",afterglow_fading,0.9,极简钢琴与深远混响，缓慢而克制，营造出孤独与忧郁的沉静氛围
I Know My Rights,Idan Morim,restless;urban;bittersweet,electric_distant;soft_synth;reverb_heavy,,0.6,0.45,0.55,0.4,0.6,0,0.65,instrumental,0,electronic,"""{""""evening_city_walk"""":0.8,""""deep_night_introspective"""":0.75,""""work_focus_low_vocal"""":0.7}""",city_to_inner_room,0.85,电子节拍与深远合成器营造出都市中的不安与反思，略带苦涩的质感
Elegia(full version),New Order,melancholic;restrained;nostalgic,cold_synth;cinematic;reverb_heavy;electric_distant,,0.35,0.3,0.5,0.3,0.25,0,0.8,instrumental,0,synthpop,"""{""""deep_night_introspective"""":0.85,""""night_rain_humid"""":0.8,""""evening_city_walk"""":0.75}""",afterglow_fading,0.9,冷调合成器与深远混响构建的器乐叙事，克制而怀旧，情感重量高
Health,C Duncan,dreamy;misty;restrained,soft_synth;ambient_pad;reverb_heavy;vocal_breath,,0.25,0.4,0.35,0.5,0.2,0.4,0.5,en,1,dream_pop,"""{""""morning_cloudy_slow"""":0.85,""""work_focus_low_vocal"""":0.8,""""deep_night_introspective"""":0.75}""",soft_focus_work,0.85,梦幻流行风格，软合成器与氛围铺底营造朦胧而克制的声景，人声轻柔如呼吸
Ring Ring,Anteros,restless;urban;hopeful,soft_synth;electric_distant;vocal_breath,,0.6,0.55,0.5,0.4,0.6,0.7,0.45,en,1,indie_pop,"""{""""evening_city_walk"""":0.8,""""work_focus_low_vocal"""":0.7,""""user_requested_explore"""":0.75}""",city_to_inner_room,0.85,轻快合成器与跳跃节奏，都市感中带着不安与期待
起风了,吴青峰,nostalgic;warm;bittersweet,piano;string;vocal_breath,,0.45,0.55,0.5,0.6,0.35,0.7,0.65,zh,1,mandopop,"""{""""evening_city_walk"""":0.8,""""weekend_slow"""":0.75,""""night_rain_humid"""":0.7}""",slow_opening,0.85,吴青峰清亮声线搭配钢琴与弦乐，怀旧温暖中带一丝苦涩，能量略低于王菲《红豆》
Desert Man,Bat For Lashes,melancholic;dreamy;restrained,piano;ambient_pad;reverb_heavy;vocal_breath,,0.35,0.4,0.45,0.5,0.3,0.6,0.7,en,1,art_pop,"""{""""deep_night_introspective"""":0.85,""""night_clear_lonely"""":0.8,""""evening_city_walk"""":0.7}""",fade_into_inner_space,0.85,钢琴与氛围铺底营造出空旷的忧郁感，人声轻柔而克制，如同沙漠中的孤独梦境
All Is Violent,All Is Bright,restless;unresolved;melancholic,electric_distant;cold_synth;reverb_heavy,,0.35,0.3,0.5,0.25,0.4,0,0.7,instrumental,0,post_rock,"""{""""deep_night_introspective"""":0.85,""""night_rain_humid"""":0.8,""""work_focus_low_vocal"""":0.75}""",fade_into_inner_space,0.85,冷调电吉他+深远混响，不安而悬疑的氛围，标题暗示矛盾张力
Light Years,The National,melancholic;introspective;bittersweet,piano;string;reverb_heavy;vocal_breath,,0.35,0.3,0.4,0.45,0.25,0.6,0.75,en,1,indie_rock,"""{""""deep_night_introspective"""":0.85,""""night_rain_humid"""":0.8,""""work_focus_low_vocal"""":0.7}""",fade_into_inner_space,0.9,Matt Berninger 低沉内省的人声与钢琴弦乐交织，营造出忧郁而怀旧的氛围
帶我去跳舞 (Live),關淑怡,warm;nostalgic;hopeful,acoustic;vocal_breath;string;jazz_brush,,0.45,0.55,0.5,0.7,0.4,0.75,0.6,zh,1,mandopop,"""{""""evening_city_walk"""":0.8,""""weekend_slow"""":0.75,""""morning_clear_light"""":0.7}""",slow_opening,0.85,关淑怡现场版温暖声线搭配木吉他、弦乐与爵士鼓刷，营造怀旧而充满希望的抒情氛围
A Thousand Kisses Deep,Howe Gelb,introspective;melancholic;bittersweet,acoustic;vocal_breath;reverb_heavy;minimal,,0.25,0.3,0.35,0.45,0.2,0.6,0.75,en,1,folk,"""{""""deep_night_introspective"""":0.85,""""night_rain_humid"""":0.8,""""work_focus_low_vocal"""":0.7}""",fade_into_inner_space,0.9,Howe Gelb 低沉沙哑的人声与极简木吉他，营造出内省而苦涩的深夜氛围
清雪,Aosaki,introspective;melancholic;restrained,piano;minimal;reverb_heavy,,0.15,0.25,0.2,0.35,0.1,0,0.8,instrumental,0,modern_classical,"""{""""work_focus_low_vocal"""":0.85,""""deep_night_introspective"""":0.9,""""night_rain_humid"""":0.8}""",slow_opening,0.9,极简钢琴与深远混响，清冷而内省，如同雪夜中的独白
Awaking Hearts,Epic Soul Factory,hopeful;restrained;bittersweet,cinematic;string;piano;reverb_heavy,,0.6,0.55,0.7,0.5,0.5,0,0.75,instrumental,0,epic_orchestral,"""{""""work_focus_low_vocal"""":0.7,""""deep_night_introspective"""":0.8,""""evening_city_walk"""":0.75}""",slow_opening,0.85,史诗管弦乐，钢琴与弦乐交织，克制中带着希望与悲壮感
You Don't Own Me,Dusty Springfield,restless;urban;bittersweet,string;vocal_breath;electric_distant,,0.6,0.55,0.5,0.4,0.5,0.8,0.65,en,1,soul,"""{""""evening_city_walk"""":0.8,""""deep_night_introspective"""":0.7,""""user_requested_explore"""":0.75}""",city_to_inner_room,0.85,Dusty Springfield 的经典灵魂乐，弦乐与坚定人声交织，带有都市独立与苦涩的张力
Delibes: Coppélia,Ballet Suite - V. Ballade,warm;nostalgic;dreamy,string;cinematic;acoustic,,0.35,0.55,0.5,0.65,0.3,0,0.5,instrumental,0,classical,"""{""""morning_clear_light"""":0.8,""""afternoon_warm_idle"""":0.75,""""work_focus_low_vocal"""":0.7}""",slow_opening,0.85,芭蕾组曲中的抒情段落，弦乐与木管交织出温暖怀旧的古典叙事感
What Now,Bria Skonberg,restless;urban;bittersweet,jazz_brush;acoustic;vocal_breath;electric_distant,,0.45,0.5,0.5,0.55,0.5,0.7,0.6,en,1,jazz,"""{""""evening_city_walk"""":0.8,""""deep_night_introspective"""":0.75,""""work_focus_low_vocal"""":0.7}""",city_to_inner_room,0.85,爵士小号与人声交织，都市夜晚的躁动与苦涩，节奏轻快但情绪复杂
MILLION DOLLAR BABY,Tommy Richman,urban;restless;hopeful,soft_synth;vocal_breath;electric_distant,,0.6,0.55,0.6,0.5,0.65,0.75,0.5,en,1,alternative_rnb,"""{""""evening_city_walk"""":0.8,""""deep_night_introspective"""":0.7,""""user_requested_explore"""":0.75}""",city_to_inner_room,0.85,都市感强烈的另类R&B，合成器与人声交织出不安又充满希望的夜晚氛围
Gnossienne No. 1,Erik Satie,introspective;melancholic;restrained,piano;minimal;cinematic,,0.1,0.25,0.1,0.3,0.05,0,0.85,instrumental,0,modern_classical,"""{""""work_focus_low_vocal"""":0.9,""""deep_night_introspective"""":0.85,""""night_rain_humid"""":0.8}""",slow_opening,0.95,萨蒂的极简钢琴独奏，缓慢而内省，充满留白与孤独感
Run,Snow Patrol,melancholic;restrained;hopeful,piano;string;reverb_heavy;vocal_breath,,0.45,0.4,0.5,0.55,0.4,0.6,0.7,en,1,alternative_rock,"""{""""evening_city_walk"""":0.8,""""deep_night_introspective"""":0.75,""""work_focus_low_vocal"""":0.7}""",slow_opening,0.9,钢琴驱动的英伦摇滚，克制中带着希望，人声充满呼吸感与情感重量
"""Dolly Suite, Op. 56: I. Berceuse""",Gabriel Fauré,warm;nostalgic;restrained,piano;minimal;cinematic,,0.15,0.4,0.2,0.6,0.1,0,0.7,instrumental,0,classical,"""{""""morning_cloudy_slow"""":0.85,""""work_focus_low_vocal"""":0.8,""""deep_night_introspective"""":0.75}""",slow_opening,0.9,福雷的摇篮曲，钢琴独奏温柔而克制，充满古典的温暖与怀旧
C.Y.S.,Moon Boots,dreamy;urban;hopeful,soft_synth;ambient_pad;reverb_heavy,,0.6,0.55,0.5,0.5,0.6,0,0.4,instrumental,0,deep_house,"""{""""evening_city_walk"""":0.85,""""work_focus_low_vocal"""":0.8,""""user_requested_explore"""":0.75}""",city_to_inner_room,0.85,梦幻合成器与深远混响，营造都市夜晚的律动与希望感
PASS OUT,POOTY / 1.9.9.9,restless;urban;unresolved,electric_distant;cold_synth;reverb_heavy,,0.65,0.4,0.7,0.3,0.6,0,0.5,instrumental,0,electronic,"""{""""evening_city_walk"""":0.7,""""deep_night_introspective"""":0.65,""""night_clear_lonely"""":0.6}""",city_to_inner_room,0.8,冷调电子合成器与遥远电声，营造出都市夜晚的不安与疏离感
Like a Child,Tony Anderson,introspective;melancholic;dreamy,piano;string;cinematic;reverb_heavy,,0.25,0.35,0.3,0.45,0.15,0,0.75,instrumental,0,modern_classical,"""{""""deep_night_introspective"""":0.85,""""work_focus_low_vocal"""":0.8,""""night_rain_humid"""":0.75}""",slow_opening,0.9,钢琴与弦乐交织的现代古典作品，缓慢而内省，带有梦幻般的忧郁质感
房間(電影<超時空同居>插曲),劉瑞琦,warm;nostalgic;bittersweet,acoustic;vocal_breath;string,,0.4,0.5,0.45,0.7,0.35,0.65,0.6,zh,1,mandopop,"""{""""evening_city_walk"""":0.8,""""morning_clear_light"""":0.7,""""weekend_slow"""":0.75}""",slow_opening,0.85,木吉他与人声交织，温暖怀旧中带一丝苦涩，适合安静回忆的场景
"""City Of Stars - From """"""""La La Land"""""""" Soundtrack""",Ryan Gosling,dreamy;nostalgic;hopeful,piano;vocal_breath;acoustic,,0.35,0.5,0.4,0.6,0.3,0.6,0.65,en,1,musical_film,"""{""""evening_city_walk"""":0.85,""""night_clear_lonely"""":0.75,""""weekend_slow"""":0.7}""",slow_opening,0.9,钢琴伴奏下的轻柔男声，充满梦幻与怀旧的城市夜晚氛围
T 3.5,Carter Tutti Void,restless;detached;urban,cold_synth;electric_distant;minimal,,0.6,0.4,0.65,0.3,0.7,0,0.5,instrumental,0,industrial_techno,"""{""""evening_city_walk"""":0.7,""""deep_night_introspective"""":0.65,""""work_focus_low_vocal"""":0.6}""",city_to_inner_room,0.85,冷峻的合成器与机械节奏，营造出都市夜晚的疏离与不安感
Someday Now,Local Natives,nostalgic;hopeful;restless,acoustic;soft_synth;vocal_breath,,0.55,0.6,0.5,0.55,0.5,0.7,0.6,en,1,indie_rock,"""{""""evening_city_walk"""":0.8,""""morning_clear_light"""":0.7,""""weekend_slow"""":0.75}""",city_to_inner_room,0.85,独立摇滚的温暖声线与合成器交织，怀旧中带着不安的期待，适合城市漫步
Glass Shards,Laura Misch,dreamy;misty;restrained,soft_synth;ambient_pad;vocal_breath;reverb_heavy,,0.25,0.35,0.3,0.4,0.2,0.4,0.55,en,1,art_pop,"""{""""deep_night_introspective"""":0.85,""""night_rain_humid"""":0.8,""""work_focus_low_vocal"""":0.75}""",fade_into_inner_space,0.85,梦幻合成器与轻柔人声交织，朦胧而克制的氛围，如同玻璃碎片在夜色中闪烁
"""Rêverie, L. 68: Rêverie""",Claude Debussy,dreamy;introspective;restrained,piano;minimal;reverb_heavy,,0.15,0.4,0.2,0.45,0.1,0,0.7,instrumental,0,classical,"""{""""work_focus_low_vocal"""":0.85,""""deep_night_introspective"""":0.8,""""morning_cloudy_slow"""":0.75}""",slow_opening,0.95,德彪西的印象派钢琴独奏，梦幻而克制，充满内省与留白，能量极低
"""Eyes Locked, Hands Locked""",Red Velvet,dreamy;sensual;urban,soft_synth;vocal_breath;reverb_heavy;electric_distant,,0.45,0.5,0.5,0.55,0.5,0.7,0.5,en,1,k_pop,"""{""""evening_city_walk"""":0.8,""""deep_night_introspective"""":0.75,""""user_requested_explore"""":0.7}""",city_to_inner_room,0.85,梦幻合成器与细腻人声交织，营造出都市夜晚的感性氛围
Shape Of You (MAKJ Remix),MAKJ,restless;urban;hopeful,soft_synth;electric_distant;cold_synth,,0.7,0.6,0.7,0.4,0.8,0.6,0.4,en,1,electro_house,"""{""""evening_city_walk"""":0.55,""""user_requested_explore"""":0.5,""""work_focus_low_vocal"""":0.4}""",city_to_inner_room,0.8,MAKJ的混音版，节奏强劲、合成器明亮，但能量较高且偏冷，适合都市夜晚但非深度场景
Aquele Frevo Axé,Gal Costa,warm;hopeful;clear,acoustic;jazz_brush;vocal_breath,,0.6,0.7,0.5,0.7,0.65,0.75,0.4,pt,1,brazilian_pop,"""{""""morning_clear_light"""":0.85,""""afternoon_warm_idle"""":0.8,""""weekend_slow"""":0.75}""",slow_opening,0.85,Gal Costa 温暖明亮的声线搭配巴西节奏，充满阳光与希望
Beanie,Chezile,dreamy;warm;nostalgic,soft_synth;ambient_pad;lofi_dust;vocal_breath,,0.35,0.5,0.4,0.65,0.3,0.6,0.5,en,1,lo_fi,"""{""""work_focus_low_vocal"""":0.85,""""morning_cloudy_slow"""":0.8,""""evening_city_walk"""":0.75}""",soft_focus_work,0.85,温暖慵懒的 lo-fi 氛围，软合成器与轻度失真纹理，人声轻柔带有怀旧感
In World Cell,Croatian Amor,dreamy;misty;detached,ambient_pad;field_recording;minimal;cold_synth,,0.2,0.3,0.25,0.35,0.1,0,0.6,instrumental,0,ambient,"""{""""work_focus_low_vocal"""":0.85,""""deep_night_introspective"""":0.8,""""night_rain_humid"""":0.75}""",fade_into_inner_space,0.85,Croatian Amor 的极简氛围声景，冷调合成器与田野录音交织，营造出梦幻而疏离的空间感
Your Love,Art of Fighting,melancholic;nostalgic;bittersweet,acoustic;string;vocal_breath;reverb_heavy,,0.35,0.4,0.45,0.5,0.3,0.6,0.7,en,1,indie_rock,"""{""""evening_city_walk"""":0.8,""""deep_night_introspective"""":0.75,""""night_rain_humid"""":0.7}""",afterglow_fading,0.85,木吉他与人声交织，混响营造出怀旧而忧郁的质感，如同黄昏余晖中的低语
Relief,Chris Garneau,melancholic;introspective;restrained,piano;vocal_breath;reverb_heavy;minimal,,0.2,0.3,0.25,0.35,0.15,0.6,0.75,en,1,indie_folk,"""{""""deep_night_introspective"""":0.85,""""night_rain_humid"""":0.8,""""work_focus_low_vocal"""":0.7}""",fade_into_inner_space,0.85,Chris Garneau 脆弱而克制的人声与极简钢琴，营造出内省而忧郁的氛围
Merry Christmas,Virgin House~Ryuichi Sakamoto Tribute~,introspective;melancholic;restrained,piano;cinematic;minimal,,0.1,0.3,0.15,0.4,0.1,0,0.85,instrumental,0,modern_classical,"""{""""work_focus_low_vocal"""":0.9,""""deep_night_introspective"""":0.85,""""night_rain_humid"""":0.8}""",slow_opening,0.95,致敬坂本龍一的钢琴独奏，极简而克制，充满内省与留白，与原始版本风格一致
Piano Sunstrokes (Outro),Bill Pritchard,introspective;melancholic;restrained,piano;minimal;reverb_heavy,,0.15,0.3,0.2,0.35,0.1,0,0.7,instrumental,0,modern_classical,"""{""""work_focus_low_vocal"""":0.85,""""deep_night_introspective"""":0.8,""""night_rain_humid"""":0.75}""",afterglow_fading,0.9,钢琴独奏的结尾曲，缓慢而内省，混响营造出空旷的忧郁感
Companion,The Pirate Ship Quintet,warm;nostalgic;bittersweet,acoustic;string;jazz_brush;vocal_breath,,0.35,0.5,0.4,0.7,0.3,0,0.6,instrumental,0,jazz,"""{""""work_focus_low_vocal"""":0.85,""""afternoon_warm_idle"""":0.8,""""evening_city_walk"""":0.75}""",soft_focus_work,0.85,温暖的爵士五重奏，木吉他、弦乐与刷鼓营造怀旧而略带苦涩的质感
Perfect Circles,Carlos Cipa,introspective;melancholic;restrained,piano;minimal;cinematic,,0.2,0.3,0.2,0.35,0.1,0,0.8,instrumental,0,modern_classical,"""{""""work_focus_low_vocal"""":0.9,""""deep_night_introspective"""":0.85,""""night_rain_humid"""":0.8}""",slow_opening,0.9,Carlos Cipa 的极简钢琴作品，缓慢而内省，带有克制的情感重量和电影般的留白质感
Иногда тишина - убийственный звук,Слезы смешны,introspective;melancholic;restrained,piano;reverb_heavy;minimal;vocal_breath,,0.25,0.3,0.35,0.3,0.2,0.5,0.8,ru,1,art_pop,"""{""""deep_night_introspective"""":0.85,""""night_rain_humid"""":0.8,""""work_focus_low_vocal"""":0.75}""",fade_into_inner_space,0.85,俄语艺术流行，钢琴与深远混响营造内省而克制的氛围，人声脆弱如低语
Sinners of the World,Oliver Cherer,melancholic;introspective;restrained,piano;ambient_pad;reverb_heavy;minimal,,0.25,0.3,0.35,0.4,0.2,0,0.75,instrumental,0,ambient,"""{""""deep_night_introspective"""":0.85,""""night_rain_humid"""":0.8,""""work_focus_low_vocal"""":0.75}""",fade_into_inner_space,0.85,极简钢琴与氛围垫音，混响深沉，营造内省而克制的忧郁氛围
Octavio,Y La Bamba,dreamy;melancholic;unresolved,acoustic;vocal_breath;string;reverb_heavy,,0.35,0.4,0.45,0.5,0.3,0.6,0.7,en,1,indie_folk,"""{""""deep_night_introspective"""":0.85,""""night_rain_humid"""":0.75,""""work_focus_low_vocal"""":0.7}""",fade_into_inner_space,0.85,梦幻而忧郁的独立民谣，人声与弦乐交织，带有未解的悬置感
Dvorak : Song To The Moon (Rusalka),Ophélie Gaillard,melancholic;dreamy;nostalgic,string;cinematic;vocal_breath,,0.25,0.35,0.4,0.45,0.15,0.6,0.8,en,1,classical,"""{""""deep_night_introspective"""":0.85,""""night_clear_lonely"""":0.8,""""work_focus_low_vocal"""":0.7}""",afterglow_fading,0.9,德沃夏克歌剧咏叹调，大提琴与人声交织，充满忧郁与梦幻的古典抒情
"""Serse, HWV 40: Ombra mai fù""",George Frideric Handel,introspective;restrained;warm,string;cinematic;minimal,,0.15,0.4,0.3,0.6,0.1,0,0.75,instrumental,0,baroque,"""{""""work_focus_low_vocal"""":0.85,""""deep_night_introspective"""":0.8,""""morning_cloudy_slow"""":0.75}""",slow_opening,0.9,巴洛克咏叹调，弦乐缓慢铺展，温暖而内省，充满古典的克制与庄严
Ca$ino,Baby Keem,urban;restless;bittersweet,soft_synth;electric_distant;vocal_breath,,0.6,0.5,0.65,0.4,0.7,0.8,0.55,en,1,hip_hop,"""{""""evening_city_walk"""":0.8,""""deep_night_introspective"""":0.7,""""user_requested_explore"""":0.75}""",city_to_inner_room,0.85,都市感强烈的嘻哈，合成器与电子音色营造出不安与怀旧交织的氛围
Backstroke,Vanishing Twin,dreamy;restless;unresolved,soft_synth;ambient_pad;reverb_heavy;electric_distant,,0.4,0.45,0.5,0.4,0.45,0.3,0.55,en,1,art_pop,"""{""""evening_city_walk"""":0.8,""""deep_night_introspective"""":0.75,""""work_focus_low_vocal"""":0.7}""",city_to_inner_room,0.85,梦幻合成器与深远混响交织，人声若隐若现，营造出都市夜晚中不安而悬而未决的氛围
Poinciana,Ahmad Jamal,warm;clear;restrained,piano;jazz_brush;acoustic;minimal,,0.3,0.6,0.35,0.7,0.3,0,0.4,instrumental,0,jazz,"""{""""work_focus_low_vocal"""":0.85,""""afternoon_warm_idle"""":0.8,""""morning_clear_light"""":0.75}""",soft_focus_work,0.9,Ahmad Jamal 的经典爵士钢琴三重奏，清脆的钢琴与刷鼓营造温暖而克制的氛围
ode to rahsaan,Berlioz,warm;dreamy;clear,soft_synth;ambient_pad;lofi_dust;jazz_brush,,0.3,0.5,0.4,0.65,0.3,0,0.45,instrumental,0,jazz,"""{""""work_focus_low_vocal"""":0.85,""""morning_cloudy_slow"""":0.8,""""afternoon_warm_idle"""":0.75}""",soft_focus_work,0.85,温暖的爵士氛围，软合成器与刷镲交织，带有 lo-fi 质感的梦幻清晰感
Very Very Very,I.O.I,hopeful;warm;clear,soft_synth;vocal_breath;acoustic,,0.65,0.7,0.55,0.6,0.6,0.8,0.4,ko,1,k_pop,"""{""""morning_clear_light"""":0.7,""""weekend_slow"""":0.65,""""evening_city_walk"""":0.6}""",slow_opening,0.85,明亮活泼的K-pop舞曲，轻快节奏与甜美声线传递温暖希望
Black Moon Rising,Black Pumas,urban;restless;hopeful,electric_distant;soft_synth;vocal_breath,,0.55,0.5,0.55,0.5,0.6,0.7,0.55,en,1,psychedelic_soul,"""{""""evening_city_walk"""":0.85,""""deep_night_introspective"""":0.8,""""user_requested_explore"""":0.75}""",city_to_inner_room,0.85,复古灵魂与迷幻摇滚融合，城市夜晚的律动与希望感
Drive,Oh Wonder,nostalgic;urban;hopeful,soft_synth;vocal_breath;reverb_heavy,,0.45,0.5,0.5,0.55,0.45,0.7,0.55,en,1,indie_pop,"""{""""evening_city_walk"""":0.85,""""deep_night_introspective"""":0.8,""""work_focus_low_vocal"""":0.7}""",city_to_inner_room,0.85,轻柔的合成器与呼吸感人声，营造出都市夜晚的怀旧与希望交织的氛围
Down By The Salley Gardens,藤田恵美,nostalgic;warm;melancholic,acoustic;vocal_breath;string;piano,,0.25,0.45,0.35,0.65,0.2,0.6,0.7,en,1,folk,"""{""""morning_cloudy_slow"""":0.85,""""evening_city_walk"""":0.8,""""weekend_slow"""":0.75}""",slow_opening,0.9,藤田恵美温柔的人声搭配木吉他与弦乐，演绎经典民谣，怀旧而略带忧伤
How Long Will I Love You,Ellie Goulding,warm;nostalgic;hopeful,acoustic;vocal_breath;string,,0.4,0.55,0.4,0.7,0.35,0.7,0.6,en,1,indie_pop,"""{""""morning_clear_light"""":0.8,""""afternoon_warm_idle"""":0.75,""""weekend_slow"""":0.7}""",slow_opening,0.85,Ellie Goulding 温暖声线搭配木吉他与弦乐，营造出怀旧而充满希望的抒情氛围
Jeux Interdits : Romance D'amour,Soundtrack,nostalgic;melancholic;restrained,acoustic;minimal;cinematic,,0.2,0.4,0.2,0.5,0.15,0,0.7,instrumental,0,classical_guitar,"""{""""morning_cloudy_slow"""":0.85,""""deep_night_introspective"""":0.8,""""work_focus_low_vocal"""":0.75}""",slow_opening,0.9,经典吉他独奏，旋律怀旧而克制，音色温暖但情感沉重
Gladiators Ready,Teeth Of The Sea,restless;urban;unresolved,electric_distant;cold_synth;reverb_heavy,,0.7,0.4,0.75,0.3,0.65,0,0.6,instrumental,0,industrial_rock,"""{""""evening_city_walk"""":0.7,""""deep_night_introspective"""":0.65,""""work_focus_low_vocal"""":0.6}""",city_to_inner_room,0.85,冷峻的电子合成器与失真音色，充满都市紧张感和未解决的躁动，能量较高但缺乏温暖
Shenandoah,Pan-American,introspective;melancholic;restrained,ambient_pad;minimal;field_recording;reverb_heavy,,0.15,0.25,0.2,0.35,0.1,0,0.7,instrumental,0,ambient,"""{""""work_focus_low_vocal"""":0.85,""""deep_night_introspective"""":0.8,""""night_rain_humid"""":0.75}""",fade_into_inner_space,0.9,极简氛围声景，环境垫音与田野录音交织，缓慢而内省，如同在空旷空间中逐渐消融
Heidi Theme,Federale,nostalgic;melancholic;dreamy,string;cinematic;acoustic;field_recording,,0.35,0.4,0.5,0.55,0.3,0,0.7,instrumental,0,cinematic_folk,"""{""""morning_cloudy_slow"""":0.8,""""evening_city_walk"""":0.75,""""deep_night_introspective"""":0.7}""",slow_opening,0.85,弦乐与木吉他交织的怀旧电影感配乐，带有田园般的梦幻与淡淡忧伤
《云中加冕·序章》2.0纯享,江上青山JasonYama,introspective;dreamy;restrained,piano;ambient_pad;minimal;cinematic,,0.2,0.35,0.25,0.4,0.15,0,0.7,instrumental,0,ambient,"""{""""deep_night_introspective"""":0.85,""""work_focus_low_vocal"""":0.8,""""morning_cloudy_slow"""":0.75}""",slow_opening,0.85,钢琴与氛围垫交织的序章，内省而梦幻，能量低且克制，适合深度聆听与工作背景
Portrait of Astrid (A Nocturne),Gill Landry,melancholic;lonely;restrained,piano;string;reverb_heavy;minimal,,0.2,0.3,0.25,0.35,0.15,0,0.8,instrumental,0,modern_classical,"""{""""deep_night_introspective"""":0.9,""""night_rain_humid"""":0.85,""""work_focus_low_vocal"""":0.8}""",afterglow_fading,0.9,标题为夜曲，钢琴与弦乐交织，缓慢而克制，充满孤独与内省的情绪
The Apl Song,The Black Eyed Peas,nostalgic;melancholic;hopeful,acoustic;string;vocal_breath,,0.4,0.45,0.4,0.55,0.3,0.7,0.65,en,1,pop,"""{""""evening_city_walk"""":0.8,""""deep_night_introspective"""":0.75,""""weekend_slow"""":0.7}""",slow_opening,0.85,木吉他与人声主导的怀旧抒情曲，带有淡淡的忧伤与希望，能量中等偏低
Kaleidoscope,Hiromi,restless;clear;bittersweet,piano;acoustic;cinematic;minimal,,0.55,0.65,0.5,0.45,0.6,0,0.6,instrumental,0,jazz,"""{""""work_focus_low_vocal"""":0.8,""""evening_city_walk"""":0.75,""""afternoon_warm_idle"""":0.7}""",city_to_inner_room,0.85,Hiromi 的钢琴独奏，清晰而略带不安的旋律线条，能量中等偏上，具有爵士即兴的明快与复杂情感
Never Be Like You,Flume,restless;urban;bittersweet,soft_synth;cold_synth;vocal_breath;electric_distant,,0.6,0.45,0.55,0.35,0.65,0.7,0.65,en,1,electronic,"""{""""evening_city_walk"""":0.85,""""deep_night_introspective"""":0.8,""""user_requested_explore"""":0.75}""",city_to_inner_room,0.9,Flume 标志性的电子节拍与冷调合成器，搭配脆弱人声，营造出都市夜晚的躁动与苦涩
Piano Concerto in One Movement: II. Adagio cantabile,Florence Beatrice Price,introspective;melancholic;restrained,piano;string;cinematic;minimal,,0.15,0.3,0.2,0.45,0.1,0,0.8,instrumental,0,modern_classical,"""{""""work_focus_low_vocal"""":0.85,""""deep_night_introspective"""":0.8,""""night_rain_humid"""":0.75}""",slow_opening,0.9,柔板乐章，钢琴与弦乐交织，内省而克制，充满古典的深沉情感
Celebration,Kool & The Gang,hopeful;warm;clear,acoustic;jazz_brush;string;vocal_breath,,0.7,0.7,0.6,0.7,0.7,0.7,0.5,en,1,funk,"""{""""morning_clear_light"""":0.8,""""afternoon_warm_idle"""":0.7,""""weekend_slow"""":0.75}""",slow_opening,0.85,经典放克派对歌曲，明亮欢快的节奏与温暖人声，充满庆祝氛围
The Night Is Still Young,Nicki Minaj,urban;restless;hopeful,soft_synth;vocal_breath;electric_distant,,0.6,0.55,0.6,0.5,0.65,0.8,0.4,en,1,pop_rap,"""{""""evening_city_walk"""":0.8,""""night_clear_lonely"""":0.7,""""user_requested_explore"""":0.75}""",city_to_inner_room,0.85,Nicki Minaj 的流行说唱，合成器驱动，带有都市夜晚的躁动与期待
Pale Blue Heart,Michael Malarkey,melancholic;nostalgic;bittersweet,acoustic;vocal_breath;string;reverb_heavy,,0.35,0.4,0.45,0.5,0.3,0.6,0.7,en,1,indie_folk,"""{""""evening_city_walk"""":0.8,""""deep_night_introspective"""":0.75,""""night_rain_humid"""":0.7}""",afterglow_fading,0.85,木吉他与人声交织，混响营造出怀旧而忧郁的民谣氛围，情感细腻
给自己的歌 - Live,李宗盛,introspective;melancholic;bittersweet,acoustic;vocal_breath;string,,0.4,0.35,0.5,0.55,0.3,0.75,0.85,zh,1,mandopop,"""{""""deep_night_introspective"""":0.9,""""night_rain_humid"""":0.8,""""evening_city_walk"""":0.75}""",late_night_descent,0.9,李宗盛沧桑的现场演绎，木吉他与人声交织，充满内省与岁月沉淀的苦涩回味
忘了,Any安伟,nostalgic;melancholic;restrained,piano;reverb_heavy;vocal_breath,,0.35,0.4,0.4,0.5,0.3,0.6,0.7,zh,1,mandopop,"""{""""evening_city_walk"""":0.8,""""deep_night_introspective"""":0.75,""""night_rain_humid"""":0.7}""",afterglow_fading,0.85,钢琴与混响人声交织，怀旧而克制的抒情，适合夜晚独处场景
Black Friday Blues,Sam Loveridge,melancholic;lonely;restrained,acoustic;piano;vocal_breath,,0.25,0.3,0.35,0.4,0.2,0.6,0.7,en,1,folk_blues,"""{""""deep_night_introspective"""":0.8,""""night_rain_humid"""":0.75,""""work_focus_low_vocal"""":0.7}""",slow_opening,0.85,原声吉他与人声的忧郁蓝调，低沉而克制，适合深夜内省场景
Waka Waka (This Time for Africa) [The Official 2010 FIFA World Cup (TM) Song] (feat. Freshlyground),Shakira,hopeful;warm;restless,acoustic;jazz_brush;vocal_breath,,0.75,0.8,0.7,0.7,0.8,0.85,0.5,en,1,latin_pop,"""{""""morning_clear_light"""":0.8,""""afternoon_warm_idle"""":0.75,""""weekend_slow"""":0.7}""",slow_opening,0.85,Shakira 的非洲节奏流行，充满希望与活力，但能量高于锚点，明快温暖
"""盛夏派对 x """"Sunset""""""",Scorpion,warm;nostalgic;hopeful,soft_synth;acoustic;vocal_breath,,0.55,0.6,0.5,0.7,0.5,0.6,0.5,en,1,pop,"""{""""evening_city_walk"""":0.8,""""afternoon_warm_idle"""":0.75,""""weekend_slow"""":0.7}""",afterglow_fading,0.8,温暖的流行曲风，结合柔和合成器和原声元素，营造出怀旧而充满希望的日落氛围
The Machine,Maria Usbeck,dreamy;urban;restless,soft_synth;electric_distant;reverb_heavy,,0.45,0.5,0.5,0.4,0.5,0.6,0.5,en,1,indie_electronic,"""{""""evening_city_walk"""":0.8,""""deep_night_introspective"""":0.75,""""work_focus_low_vocal"""":0.7}""",city_to_inner_room,0.85,梦幻合成器与疏离人声交织，都市夜晚的躁动与内省
Island of Doom,Agnes Obel,melancholic;introspective;restrained,piano;string;reverb_heavy;minimal,,0.25,0.3,0.35,0.4,0.2,0.4,0.8,en,1,art_pop,"""{""""deep_night_introspective"""":0.9,""""night_rain_humid"""":0.85,""""work_focus_low_vocal"""":0.8}""",fade_into_inner_space,0.9,Agnes Obel 标志性的钢琴与弦乐交织，人声空灵而克制，营造出深沉内省的忧郁氛围
The A Team,Ed Sheeran,melancholic;bittersweet;restrained,acoustic;vocal_breath;minimal,,0.35,0.4,0.35,0.5,0.3,0.7,0.75,en,1,acoustic_pop,"""{""""evening_city_walk"""":0.8,""""deep_night_introspective"""":0.75,""""work_focus_low_vocal"""":0.7}""",slow_opening,0.9,Ed Sheeran 的民谣吉他叙事，克制而悲伤地描绘社会边缘人物的故事
川の流れのように,邓丽君,nostalgic;warm;bittersweet,string;vocal_breath;acoustic,,0.4,0.55,0.45,0.7,0.35,0.75,0.7,ja,1,enka_pop,"""{""""evening_city_walk"""":0.8,""""afternoon_warm_idle"""":0.75,""""weekend_slow"""":0.7}""",slow_opening,0.9,邓丽君温润的声线与弦乐交织，如河水般流淌的怀旧与温暖
That's The Way Love Goes,Janet Jackson,sensual;warm;urban,soft_synth;vocal_breath;electric_distant,,0.55,0.5,0.55,0.6,0.6,0.75,0.45,en,1,r&b,"""{""""evening_city_walk"""":0.85,""""deep_night_introspective"""":0.75,""""user_requested_explore"""":0.7}""",city_to_inner_room,0.9,Janet Jackson 标志性的性感低语与温暖合成器，营造出都市夜晚的慵懒氛围
Don't Hold the Wall,Justin Timberlake,urban;restless;sensual,soft_synth;electric_distant;vocal_breath,,0.65,0.55,0.6,0.5,0.7,0.75,0.45,en,1,pop,"""{""""evening_city_walk"""":0.8,""""user_requested_explore"""":0.7,""""deep_night_introspective"""":0.6}""",city_to_inner_room,0.85,Justin Timberlake 的都市流行风格，合成器与律动感突出，带有不安与性感的情绪
Desafinado,小野麗莎,warm;clear;sensual,acoustic;jazz_brush;vocal_breath;string,,0.35,0.6,0.4,0.7,0.4,0.6,0.4,pt,1,bossa_nova,"""{""""morning_clear_light"""":0.85,""""afternoon_warm_idle"""":0.8,""""evening_city_walk"""":0.75}""",soft_focus_work,0.9,小野麗莎的Bossa Nova经典，温暖柔和的吉他与人声，明亮而富有律动感
Lullaby - 2010 Remaster,The Cure,dreamy;melancholic;restrained,soft_synth;acoustic;reverb_heavy;vocal_breath,,0.35,0.4,0.45,0.5,0.3,0.6,0.7,en,1,post_punk,"""{""""deep_night_introspective"""":0.85,""""night_clear_lonely"""":0.8,""""evening_city_walk"""":0.75}""",fade_into_inner_space,0.9,The Cure 的经典之作，梦幻的合成器与低沉人声交织，带有忧郁与克制的夜晚氛围
Back To Black,Amy Winehouse,melancholic;bittersweet;nostalgic,jazz_brush;vocal_breath;string;acoustic,,0.45,0.35,0.55,0.4,0.5,0.8,0.75,en,1,soul,"""{""""evening_city_walk"""":0.85,""""deep_night_introspective"""":0.8,""""night_rain_humid"""":0.75}""",city_to_inner_room,0.9,Amy Winehouse 标志性的灵魂嗓音搭配爵士鼓刷与弦乐，营造出怀旧而苦涩的都市夜晚氛围
黒猫,小島麻由美,nostalgic;urban;bittersweet,acoustic;jazz_brush;vocal_breath;electric_distant,,0.35,0.45,0.4,0.5,0.3,0.6,0.6,ja,1,jazz,"""{""""evening_city_walk"""":0.8,""""night_clear_lonely"""":0.75,""""deep_night_introspective"""":0.7}""",city_to_inner_room,0.85,小島麻由美的慵懒声线与爵士吉他、刷镲交织，营造出都市夜晚的怀旧与淡淡苦涩
Making Memories Of Us,Keith Urban,warm;nostalgic;hopeful,acoustic;string;vocal_breath,,0.45,0.6,0.5,0.7,0.4,0.65,0.55,en,1,country,"""{""""morning_clear_light"""":0.8,""""afternoon_warm_idle"""":0.75,""""weekend_slow"""":0.7}""",slow_opening,0.85,Keith Urban 的温暖乡村声线与木吉他、弦乐编排，营造怀旧而充满希望的温馨氛围
Blackest Skies,Hydrogen Sea,melancholic;introspective;lonely,ambient_pad;cold_synth;reverb_heavy;minimal,,0.2,0.2,0.3,0.25,0.1,0,0.8,instrumental,0,ambient,"""{""""deep_night_introspective"""":0.9,""""night_rain_humid"""":0.85,""""work_focus_low_vocal"""":0.75}""",fade_into_inner_space,0.9,冷调氛围铺底，极简而空旷，营造出深邃的孤独与内省感
Goldenboy Is Sleeping,Sin Fang,dreamy;melancholic;restrained,ambient_pad;soft_synth;reverb_heavy;vocal_breath,,0.25,0.35,0.3,0.4,0.2,0.4,0.6,en,1,dream_pop,"""{""""deep_night_introspective"""":0.85,""""night_clear_lonely"""":0.8,""""work_focus_low_vocal"""":0.7}""",fade_into_inner_space,0.85,梦幻流行风格，空灵合成器与轻柔人声营造出朦胧而略带忧郁的睡眠氛围
玫瑰星云 Holy,Lexie Liu,dreamy;urban;bittersweet,soft_synth;cold_synth;vocal_breath;reverb_heavy,,0.45,0.5,0.55,0.4,0.5,0.75,0.6,zh,1,art_pop,"""{""""evening_city_walk"""":0.85,""""deep_night_introspective"""":0.8,""""night_clear_lonely"""":0.75}""",city_to_inner_room,0.85,Lexie Liu 的梦幻声线搭配冷调合成器与重混响，营造出都市夜晚的疏离与甜美交织的质感
Gloria,Mats Eilertsen Trio,introspective;restrained;melancholic,piano;acoustic;minimal;jazz_brush,,0.25,0.35,0.3,0.45,0.2,0,0.7,instrumental,0,jazz,"""{""""work_focus_low_vocal"""":0.85,""""deep_night_introspective"""":0.8,""""night_rain_humid"""":0.75}""",slow_opening,0.85,北欧爵士三重奏，钢琴与鼓刷营造出内省而克制的氛围，能量偏低但情感深沉
Melody - Live,陶喆,warm;nostalgic;bittersweet,acoustic;vocal_breath;string;piano,,0.4,0.5,0.45,0.7,0.3,0.75,0.7,zh,1,mandopop,"""{""""evening_city_walk"""":0.8,""""weekend_slow"""":0.75,""""night_rain_humid"""":0.7}""",slow_opening,0.85,陶喆现场版抒情，温暖声线与钢琴弦乐交织，怀旧而略带苦涩
952,Ólafur Arnalds,introspective;melancholic;restrained,piano;minimal;cinematic;reverb_heavy,,0.15,0.3,0.2,0.35,0.1,0,0.8,instrumental,0,modern_classical,"""{""""work_focus_low_vocal"""":0.85,""""deep_night_introspective"""":0.9,""""night_rain_humid"""":0.8}""",slow_opening,0.9,Ólafur Arnalds 标志性的极简钢琴与深远混响，营造出克制而内省的氛围
Neuntöter,Dominik Eulberg,restless;unresolved;misty,ambient_pad;field_recording;minimal;cold_synth,,0.25,0.3,0.35,0.3,0.2,0,0.6,instrumental,0,ambient_techno,"""{""""work_focus_low_vocal"""":0.8,""""deep_night_introspective"""":0.75,""""night_rain_humid"""":0.7}""",fade_into_inner_space,0.85,冷调氛围与田野录音交织，不安而朦胧的电子声景，能量低但暗流涌动
Jord,Alexi Tuomarila,introspective;melancholic;restrained,piano;minimal;ambient_pad,,0.15,0.3,0.2,0.35,0.1,0,0.8,instrumental,0,modern_classical,"""{""""work_focus_low_vocal"""":0.9,""""deep_night_introspective"""":0.85,""""night_rain_humid"""":0.8}""",slow_opening,0.9,极简钢琴与冷调氛围，缓慢内省，充满北欧式的克制与忧郁
Fresh Out The Shower,Penthouse Penthouse,sensual;warm;dreamy,soft_synth;vocal_breath;reverb_heavy;electric_distant,,0.4,0.5,0.45,0.7,0.4,0.6,0.5,en,1,dream_pop,"""{""""evening_city_walk"""":0.8,""""deep_night_introspective"""":0.75,""""weekend_slow"""":0.7}""",city_to_inner_room,0.85,梦幻合成器与轻柔人声交织，营造温暖、感性且略带迷离的氛围
Unseen Forces and How to Use Them,Boduf Songs,introspective;melancholic;restrained,minimal;field_recording;reverb_heavy;acoustic,,0.2,0.25,0.3,0.35,0.15,0,0.75,instrumental,0,dark_ambient,"""{""""deep_night_introspective"""":0.85,""""night_rain_humid"""":0.8,""""work_focus_low_vocal"""":0.7}""",fade_into_inner_space,0.85,极简原声吉他搭配田野录音与厚重混响，营造内省而克制的阴暗氛围
Runaway,Kanye West / Pusha T,restless;urban;unresolved,cold_synth;electric_distant;vocal_breath,,0.6,0.45,0.55,0.3,0.5,0.7,0.65,en,1,hip_hop,"""{""""evening_city_walk"""":0.8,""""deep_night_introspective"""":0.75,""""user_requested_explore"""":0.7}""",city_to_inner_room,0.85,冷调合成器与Kanye的自省式说唱，营造出都市夜晚的躁动与未解情绪
海枯石烂,Olivia Ong,warm;nostalgic;hopeful,acoustic;vocal_breath;string,,0.4,0.55,0.45,0.65,0.35,0.65,0.6,zh,1,mandopop,"""{""""evening_city_walk"""":0.8,""""weekend_slow"""":0.75,""""morning_clear_light"""":0.7}""",slow_opening,0.85,Olivia Ong温暖柔和的声线搭配木吉他弦乐，营造出怀旧而充满希望的抒情氛围
Sleeper,trentemøller,introspective;melancholic;restrained,cold_synth;ambient_pad;minimal;reverb_heavy,,0.25,0.3,0.35,0.3,0.2,0,0.7,instrumental,0,electronic,"""{""""deep_night_introspective"""":0.85,""""night_rain_humid"""":0.8,""""work_focus_low_vocal"""":0.75}""",fade_into_inner_space,0.85,冷调合成器与空旷混响营造出内省而克制的氛围，适合深夜独处
The Evening Redness in the West,Beat Circus,melancholic;restrained;bittersweet,cinematic;string;piano;field_recording,,0.25,0.3,0.4,0.35,0.2,0,0.75,instrumental,0,dark_cabaret,"""{""""deep_night_introspective"""":0.85,""""night_rain_humid"""":0.8,""""evening_city_walk"""":0.7}""",afterglow_fading,0.85,弦乐与钢琴交织的悲怆氛围，带有西部黄昏的苍凉感，如同落日余晖般缓慢消逝
Cheek to Cheek,Ella Fitzgerald,warm;clear;hopeful,acoustic;jazz_brush;vocal_breath;string,,0.4,0.65,0.4,0.7,0.45,0.75,0.35,en,1,jazz,"""{""""morning_clear_light"""":0.85,""""afternoon_warm_idle"""":0.8,""""weekend_slow"""":0.75}""",slow_opening,0.9,Ella Fitzgerald 的经典爵士标准曲，温暖声线与摇摆节奏带来明亮愉悦的质感
Movement,Hozier,introspective;melancholic;restrained,piano;string;reverb_heavy;vocal_breath,,0.3,0.35,0.4,0.45,0.25,0.6,0.75,en,1,art_rock,"""{""""deep_night_introspective"""":0.85,""""night_rain_humid"""":0.8,""""work_focus_low_vocal"""":0.7}""",fade_into_inner_space,0.85,Hozier 的钢琴与弦乐编排，人声充满内省与克制，情感沉重但能量较低
Things You Said,Cody Fry / Abby Cates,melancholic;bittersweet;nostalgic,string;piano;vocal_breath;cinematic,,0.4,0.35,0.5,0.55,0.3,0.7,0.75,en,1,orchestral_pop,"""{""""evening_city_walk"""":0.8,""""deep_night_introspective"""":0.85,""""night_rain_humid"""":0.75}""",afterglow_fading,0.9,弦乐与钢琴交织的抒情编曲，人声充满脆弱感，营造出怀旧而苦涩的忧郁氛围
Boss Bitch,Doja Cat,urban;restless;clear,soft_synth;electric_distant;vocal_breath,,0.7,0.6,0.65,0.4,0.7,0.85,0.3,en,1,pop_rap,"""{""""evening_city_walk"""":0.7,""""user_requested_explore"""":0.65,""""morning_clear_light"""":0.55}""",city_to_inner_room,0.85,Doja Cat 自信的都市说唱，能量较高，节奏感强，但情感重量较轻，适合城市漫步或探索场景
ID; Peace B,BoA,urban;hopeful;restless,soft_synth;electric_distant;vocal_breath,,0.6,0.65,0.55,0.5,0.6,0.75,0.45,en,1,k_pop,"""{""""evening_city_walk"""":0.7,""""work_focus_low_vocal"""":0.55,""""user_requested_explore"""":0.65}""",city_to_inner_room,0.85,BoA 早期 K-pop 作品，合成器驱动的都市感节奏，人声充满活力但略带不安
Winter Born,Niklas Paschburg,introspective;melancholic;restrained,piano;ambient_pad;minimal;cinematic,,0.2,0.3,0.25,0.35,0.15,0,0.75,instrumental,0,modern_classical,"""{""""work_focus_low_vocal"""":0.85,""""deep_night_introspective"""":0.8,""""night_rain_humid"""":0.75}""",slow_opening,0.9,极简钢琴与氛围铺垫，寒冷而内省的冬日声景，能量低但情感厚重
Love!,焦迈奇,warm;hopeful;nostalgic,acoustic;vocal_breath;soft_synth,,0.45,0.6,0.4,0.7,0.4,0.6,0.5,zh,1,mandopop,"""{""""morning_clear_light"""":0.8,""""afternoon_warm_idle"""":0.75,""""weekend_slow"""":0.7}""",slow_opening,0.85,焦迈奇温暖声线搭配木吉他，轻快而怀旧的流行情歌，充满阳光感
Maui Wowie,Kid Cudi,dreamy;urban;hopeful,soft_synth;ambient_pad;lofi_dust;vocal_breath,,0.4,0.5,0.45,0.55,0.4,0.6,0.5,en,1,hip_hop,"""{""""evening_city_walk"""":0.8,""""deep_night_introspective"""":0.75,""""work_focus_low_vocal"""":0.7}""",city_to_inner_room,0.85,Kid Cudi 的梦幻说唱，软合成器和 lo-fi 质感营造出都市夜晚的迷幻与希望
Over the Love,Florence + The Machine,melancholic;bittersweet;hopeful,cinematic;string;vocal_breath;reverb_heavy,,0.6,0.45,0.65,0.5,0.4,0.85,0.75,en,1,art_pop,"""{""""evening_city_walk"""":0.8,""""deep_night_introspective"""":0.75,""""night_clear_lonely"""":0.7}""",city_to_inner_room,0.85,Florence Welch 的磅礴人声与弦乐编排，在悲怆中透出希望，适合都市夜晚的沉思
給你看,佛跳牆,restless;urban;unresolved,electric_distant;reverb_heavy;soft_synth,,0.6,0.45,0.65,0.4,0.55,0.7,0.6,zh,1,alternative_rock,"""{""""evening_city_walk"""":0.8,""""deep_night_introspective"""":0.75,""""night_clear_lonely"""":0.7}""",city_to_inner_room,0.85,佛跳墙的摇滚基底与戴佩妮的张力人声，营造出都市不安与未解的情绪
ICY,ITZY,restless;urban;clear,soft_synth;cold_synth;electric_distant,,0.7,0.7,0.7,0.3,0.8,0.8,0.4,ko,1,k_pop,"""{""""evening_city_walk"""":0.7,""""user_requested_explore"""":0.65,""""work_focus_low_vocal"""":0.5}""",city_to_inner_room,0.85,K-pop 舞曲，冷感合成器与强烈节奏，能量较高但情感重量较轻
ハーフムーン・セレナーデ,河合奈保子,nostalgic;bittersweet;dreamy,piano;string;soft_synth;vocal_breath,,0.35,0.5,0.4,0.55,0.3,0.6,0.65,ja,1,j_pop,"""{""""evening_city_walk"""":0.8,""""night_clear_lonely"""":0.75,""""deep_night_introspective"""":0.7}""",slow_opening,0.85,80年代日本流行经典，钢琴与弦乐交织，河合奈保子温柔声线带来怀旧与梦幻的夜晚氛围
A Room with a View,Tiger Lou,introspective;melancholic;restrained,piano;reverb_heavy;vocal_breath;minimal,,0.25,0.3,0.35,0.4,0.2,0.5,0.75,en,1,indie_rock,"""{""""deep_night_introspective"""":0.85,""""work_focus_low_vocal"""":0.8,""""night_rain_humid"""":0.75}""",fade_into_inner_space,0.85,钢琴主导的独立摇滚，人声带有混响和呼吸感，整体克制而内省，适合深夜独处场景
Summer Light,雷雨心,warm;hopeful;clear,acoustic;soft_synth;vocal_breath,,0.4,0.6,0.4,0.7,0.35,0.6,0.5,zh,1,mandopop,"""{""""morning_clear_light"""":0.85,""""afternoon_warm_idle"""":0.8,""""weekend_slow"""":0.75}""",slow_opening,0.85,温暖明亮的声线与木吉他、软合成器交织，营造出夏日清晨的清澈与希望感
I'm The One,渡辺善太郎,warm;nostalgic;hopeful,acoustic;soft_synth;vocal_breath,,0.45,0.55,0.4,0.65,0.4,0.7,0.55,en,1,j_pop,"""{""""morning_clear_light"""":0.8,""""afternoon_warm_idle"""":0.75,""""evening_city_walk"""":0.7}""",slow_opening,0.85,温暖的人声与木吉他、软合成器交织，怀旧中带着希望，适合午后或傍晚的放松场景
Magic,WIM,dreamy;warm;nostalgic,soft_synth;ambient_pad;reverb_heavy,,0.35,0.5,0.4,0.6,0.3,0,0.5,instrumental,0,ambient,"""{""""work_focus_low_vocal"""":0.85,""""evening_city_walk"""":0.8,""""morning_cloudy_slow"""":0.75}""",soft_focus_work,0.85,梦幻温暖的氛围电子，软合成器与混响营造出怀旧而宁静的声景
你的行李,謝震廷,melancholic;nostalgic;bittersweet,acoustic;string;vocal_breath,,0.35,0.4,0.45,0.55,0.3,0.65,0.7,zh,1,mandopop,"""{""""evening_city_walk"""":0.8,""""night_rain_humid"""":0.75,""""deep_night_introspective"""":0.7}""",slow_opening,0.85,木吉他与弦乐交织，谢震廷的声线带着怀旧与不舍，情感细腻而克制
I Want Your Love,Lady Gaga,warm;hopeful;sensual,soft_synth;vocal_breath;electric_distant,,0.6,0.7,0.55,0.65,0.6,0.8,0.5,en,1,pop,"""{""""evening_city_walk"""":0.8,""""weekend_slow"""":0.7,""""user_requested_explore"""":0.75}""",city_to_inner_room,0.85,Lady Gaga 的温暖声线与软合成器编排，充满希望和感性，适合都市夜晚漫步
Almost Lover,A Fine Frenzy,melancholic;bittersweet;nostalgic,piano;string;vocal_breath;reverb_heavy,,0.3,0.35,0.4,0.45,0.25,0.7,0.8,en,1,indie_pop,"""{""""deep_night_introspective"""":0.85,""""night_rain_humid"""":0.8,""""evening_city_walk"""":0.75}""",afterglow_fading,0.9,钢琴与弦乐交织，脆弱人声诉说未果之恋，充满怀旧与苦涩的抒情质感
Ombelico,Hania Rani,introspective;melancholic;restrained,piano;minimal;cinematic,,0.15,0.3,0.2,0.35,0.1,0,0.8,instrumental,0,modern_classical,"""{""""work_focus_low_vocal"""":0.9,""""deep_night_introspective"""":0.85,""""night_rain_humid"""":0.8}""",slow_opening,0.9,Hania Rani 的钢琴独奏，极简而内省，带有冷冽的忧郁与留白空间
The Night,HONNE,urban;nostalgic;melancholic,soft_synth;reverb_heavy;vocal_breath;electric_distant,,0.4,0.45,0.5,0.5,0.4,0.6,0.6,en,1,electropop,"""{""""evening_city_walk"""":0.85,""""deep_night_introspective"""":0.8,""""night_clear_lonely"""":0.75}""",city_to_inner_room,0.85,软合成器与深远混响营造都市夜晚的怀旧与忧郁，人声轻柔带有呼吸感
This Life,Josef Salvat,melancholic;restrained;bittersweet,piano;vocal_breath;string;reverb_heavy,,0.35,0.4,0.45,0.5,0.3,0.6,0.7,en,1,art_pop,"""{""""deep_night_introspective"""":0.85,""""night_rain_humid"""":0.8,""""evening_city_walk"""":0.75}""",fade_into_inner_space,0.85,钢琴与弦乐铺垫，人声脆弱而克制，充满忧郁与未尽的苦涩感
Solar II,Anja Lechner,introspective;melancholic;restrained,piano;string;cinematic;minimal,,0.15,0.3,0.2,0.35,0.1,0,0.8,instrumental,0,modern_classical,"""{""""work_focus_low_vocal"""":0.9,""""deep_night_introspective"""":0.85,""""night_rain_humid"""":0.8}""",slow_opening,0.9,大提琴与钢琴的极简对话，缓慢而内省，充满古典的克制与忧伤
Teenage Fantasy (Glen Check Remix),Gibbz,urban;restless;nostalgic,soft_synth;electric_distant;reverb_heavy;cold_synth,,0.6,0.5,0.55,0.4,0.6,0.6,0.5,en,1,synthpop,"""{""""evening_city_walk"""":0.8,""""deep_night_introspective"""":0.75,""""user_requested_explore"""":0.7}""",city_to_inner_room,0.85,合成器驱动的 remix，带有都市夜晚的躁动与怀旧感，人声在混响中若隐若现
Proxy War,Andrew Bird,restless;unresolved;melancholic,acoustic;string;vocal_breath;electric_distant,,0.4,0.45,0.5,0.4,0.35,0.6,0.7,en,1,indie_folk,"""{""""evening_city_walk"""":0.75,""""deep_night_introspective"""":0.7,""""work_focus_low_vocal"""":0.65}""",city_to_inner_room,0.85,Andrew Bird 标志性的小提琴与口哨，搭配不安的歌词，营造出都市内省的忧郁氛围
Crown,Jay Som,dreamy;restless;unresolved,soft_synth;electric_distant;reverb_heavy;vocal_breath,,0.5,0.5,0.55,0.5,0.5,0.6,0.6,en,1,indie_rock,"""{""""evening_city_walk"""":0.8,""""deep_night_introspective"""":0.75,""""work_focus_low_vocal"""":0.7}""",city_to_inner_room,0.85,梦幻吉他与人声交织，带有不安与未决的情绪，适合城市夜晚漫步
I Don't Do Drugs (feat. Ariana Grande),Doja Cat,urban;restless;sensual,soft_synth;vocal_breath;electric_distant,,0.65,0.55,0.6,0.5,0.7,0.85,0.4,en,1,pop,"""{""""evening_city_walk"""":0.8,""""deep_night_introspective"""":0.7,""""user_requested_explore"""":0.75}""",city_to_inner_room,0.85,都市流行风格，合成器与双人声交织，节奏感强但情感偏轻，适合夜晚城市漫步
等妳拥有勇气,柯泯薰,introspective;restrained;hopeful,acoustic;vocal_breath;minimal,,0.3,0.4,0.35,0.55,0.2,0.6,0.65,zh,1,singer_songwriter,"""{""""work_focus_low_vocal"""":0.8,""""deep_night_introspective"""":0.75,""""morning_cloudy_slow"""":0.7}""",slow_opening,0.85,柯泯薰的轻声吟唱与简约木吉他，内省中带着一丝希望，能量较低但情感细腻
Weaver - Edit,GLOK,urban;restless;dreamy,soft_synth;electric_distant;reverb_heavy;ambient_pad,,0.55,0.5,0.55,0.4,0.6,0,0.5,instrumental,0,electronic,"""{""""evening_city_walk"""":0.85,""""deep_night_introspective"""":0.8,""""work_focus_low_vocal"""":0.75}""",city_to_inner_room,0.85,电子合成器驱动的都市感器乐曲，节奏律动适中，带有梦幻与不安的张力
純真な心（piano solo ver.）,中島ノブユキ,introspective;melancholic;restrained,piano;minimal;cinematic,,0.15,0.3,0.2,0.35,0.1,0,0.8,instrumental,0,modern_classical,"""{""""work_focus_low_vocal"""":0.85,""""deep_night_introspective"""":0.9,""""night_rain_humid"""":0.75}""",slow_opening,0.9,钢琴独奏版本，旋律简洁而克制，充满内省与淡淡的忧伤，适合安静独处场景
I Love You Mr Snowball,chestnut bakery,warm;dreamy;nostalgic,ambient_pad;lofi_dust;soft_synth;field_recording,,0.25,0.4,0.3,0.7,0.2,0,0.35,instrumental,0,lo_fi,"""{""""work_focus_low_vocal"""":0.85,""""morning_cloudy_slow"""":0.8,""""afternoon_warm_idle"""":0.75}""",soft_focus_work,0.85,温暖的 lo-fi 氛围，软合成器与轻度失真纹理营造出怀旧而梦幻的质感
Weekend,太妍,warm;nostalgic;hopeful,soft_synth;vocal_breath;acoustic,,0.45,0.55,0.5,0.65,0.4,0.75,0.55,ko,1,k_pop,"""{""""weekend_slow"""":0.9,""""morning_clear_light"""":0.8,""""afternoon_warm_idle"""":0.75}""",soft_focus_work,0.85,太妍温暖的人声搭配软合成器和木吉他，营造出周末慵懒而充满希望的清新氛围
South Street Exit - Live At The University Of Illinois/1963,Eric Dolphy,restless;unresolved;melancholic,acoustic;jazz_brush;electric_distant;cinematic,,0.55,0.5,0.6,0.4,0.6,0,0.7,instrumental,0,jazz,"""{""""deep_night_introspective"""":0.8,""""evening_city_walk"""":0.7,""""work_focus_low_vocal"""":0.65}""",city_to_inner_room,0.85,Eric Dolphy 的现场自由爵士，急促的管乐与鼓刷交织，充满未解决的张力与都市夜晚的躁动
I'm Not The Only One,Sam Smith,bittersweet;melancholic;nostalgic,piano;string;vocal_breath;cinematic,,0.45,0.4,0.5,0.5,0.35,0.75,0.7,en,1,pop,"""{""""evening_city_walk"""":0.8,""""deep_night_introspective"""":0.75,""""night_rain_humid"""":0.7}""",slow_opening,0.9,钢琴与弦乐铺底，Sam Smith 深情嗓音传递苦涩与怀旧，能量中等偏弱，适合夜晚独处场景
SKYLN,Andrea,dreamy;misty;restrained,ambient_pad;soft_synth;minimal,,0.2,0.35,0.25,0.4,0.1,0,0.6,instrumental,0,ambient,"""{""""work_focus_low_vocal"""":0.85,""""deep_night_introspective"""":0.8,""""morning_cloudy_slow"""":0.75}""",soft_focus_work,0.85,氛围电子作品，软合成器与极简编排营造出朦胧而克制的梦幻感
On social media,Pet Shop Boys,urban;restless;detached,cold_synth;electric_distant;soft_synth,,0.6,0.5,0.55,0.35,0.6,0.7,0.4,en,1,synthpop,"""{""""evening_city_walk"""":0.8,""""work_focus_low_vocal"""":0.7,""""user_requested_explore"""":0.65}""",city_to_inner_room,0.85,Pet Shop Boys 标志性的冷调合成器与都市节奏，表达社交媒体时代的疏离与不安
Tides,Itamar Erez,introspective;melancholic;restrained,piano;acoustic;minimal,,0.2,0.35,0.25,0.45,0.15,0,0.7,instrumental,0,modern_classical,"""{""""work_focus_low_vocal"""":0.85,""""deep_night_introspective"""":0.8,""""morning_cloudy_slow"""":0.75}""",slow_opening,0.85,钢琴与木吉他交织的极简器乐，内省而克制，如同潮汐般缓慢流动
UNTOUCHABLE,EVERGLOW,restless;urban;bittersweet,soft_synth;electric_distant;reverb_heavy,,0.65,0.5,0.6,0.4,0.7,0.8,0.55,en,1,k_pop,"""{""""evening_city_walk"""":0.8,""""deep_night_introspective"""":0.7,""""user_requested_explore"""":0.65}""",city_to_inner_room,0.85,K-pop 曲目，合成器与重混响营造都市夜晚的躁动与疏离感
Freaks (Extended Mix),Timmy Trumpet,restless;urban;hopeful,electric_distant;soft_synth;reverb_heavy,,0.7,0.6,0.7,0.4,0.8,0,0.3,instrumental,0,electronic,"""{""""evening_city_walk"""":0.85,""""user_requested_explore"""":0.8,""""night_clear_lonely"""":0.7}""",city_to_inner_room,0.85,高能量电子舞曲，节奏强劲，合成器音色明亮但带有都市感，适合夜晚城市场景
Angels Of Rain,Trisomie 21,melancholic;dreamy;urban,cold_synth;reverb_heavy;electric_distant,,0.35,0.3,0.4,0.3,0.3,0,0.7,instrumental,0,coldwave,"""{""""night_rain_humid"""":0.85,""""evening_city_walk"""":0.8,""""deep_night_introspective"""":0.75}""",rain_on_glass,0.85,冷合成器与深远混响营造出都市雨夜的忧郁与梦幻氛围
Dreamweaver: 2. Dreamsong,Ola Gjeilo,dreamy;introspective;restrained,piano;string;ambient_pad;cinematic,,0.2,0.4,0.3,0.5,0.15,0,0.7,instrumental,0,modern_classical,"""{""""deep_night_introspective"""":0.85,""""work_focus_low_vocal"""":0.8,""""morning_cloudy_slow"""":0.75}""",slow_opening,0.9,钢琴与弦乐交织的梦幻氛围，缓慢而内省，如同梦境中的低语
Alright in the End,Kalyn Fay,warm;hopeful;nostalgic,acoustic;vocal_breath;string,,0.4,0.55,0.45,0.65,0.35,0.6,0.55,en,1,folk,"""{""""morning_clear_light"""":0.8,""""afternoon_warm_idle"""":0.75,""""weekend_slow"""":0.7}""",gentle_recovery,0.85,温暖的民谣风格，木吉他与人声交织，充满怀旧与希望感
淡雪,梅林茂,melancholic;restrained;bittersweet,piano;string;minimal;reverb_heavy,,0.2,0.3,0.25,0.35,0.1,0,0.8,instrumental,0,modern_classical,"""{""""deep_night_introspective"""":0.9,""""night_rain_humid"""":0.85,""""work_focus_low_vocal"""":0.8}""",afterglow_fading,0.9,梅林茂标志性的钢琴与弦乐编排，克制而哀伤，如同淡雪般易逝的悲美
Ludwig van Beethoven: Sonata for Violin and Piano No.5 in F,Ultimate Violin Classics: The Essential Masterpieces,restrained;clear;melancholic,piano;string;minimal;cinematic,,0.25,0.5,0.3,0.4,0.2,0,0.6,instrumental,0,classical,"""{""""work_focus_low_vocal"""":0.8,""""morning_clear_light"""":0.75,""""deep_night_introspective"""":0.7}""",slow_opening,0.85,古典小提琴与钢琴奏鸣曲，清晰而克制，带有内省的忧郁感
Calme plat,Antoine Karacostas,restrained;misty;melancholic,piano;minimal;reverb_heavy,,0.15,0.3,0.2,0.35,0.1,0,0.7,instrumental,0,modern_classical,"""{""""work_focus_low_vocal"""":0.85,""""deep_night_introspective"""":0.8,""""night_rain_humid"""":0.75}""",afterglow_fading,0.9,极简钢琴独奏，缓慢而克制，混响营造出朦胧、静谧的海洋感
你的眼神,蔡琴,warm;nostalgic;bittersweet,vocal_breath;string;piano,,0.35,0.5,0.4,0.7,0.3,0.75,0.65,zh,1,mandopop,"""{""""evening_city_walk"""":0.8,""""weekend_slow"""":0.75,""""night_rain_humid"""":0.7}""",slow_opening,0.9,蔡琴醇厚温暖的人声搭配弦乐与钢琴，怀旧中带一丝淡淡的苦涩
詠愛,Faye 詹雯婷,warm;nostalgic;hopeful,acoustic;string;vocal_breath;reverb_heavy,,0.45,0.55,0.5,0.7,0.4,0.7,0.65,zh,1,mandopop,"""{""""evening_city_walk"""":0.8,""""morning_clear_light"""":0.75,""""weekend_slow"""":0.7}""",slow_opening,0.85,Faye 詹雯婷温暖而富有穿透力的声线，搭配木吉他与弦乐，营造出怀旧与希望交织的抒情氛围
Change in C,PJ Harvey,restless;unresolved;melancholic,piano;reverb_heavy;vocal_breath,,0.35,0.3,0.4,0.35,0.3,0.6,0.75,en,1,art_rock,"""{""""deep_night_introspective"""":0.85,""""night_rain_humid"""":0.8,""""work_focus_low_vocal"""":0.7}""",fade_into_inner_space,0.9,PJ Harvey 的钢琴驱动，不安与悬而未决的情绪，混响厚重，人声脆弱而有力
Waiting On the World to Change,John Mayer,hopeful;nostalgic;urban,acoustic;electric_distant;vocal_breath,,0.45,0.55,0.5,0.6,0.5,0.7,0.5,en,1,pop_rock,"""{""""evening_city_walk"""":0.8,""""morning_clear_light"""":0.7,""""work_focus_low_vocal"""":0.65}""",slow_opening,0.85,John Mayer 的温暖声线与木吉他，带有都市感的怀旧与希望，能量中等偏下
Hurts Me Too,Faye Webster,melancholic;bittersweet;restrained,acoustic;vocal_breath;string;reverb_heavy,,0.35,0.4,0.4,0.5,0.3,0.6,0.7,en,1,indie_folk,"""{""""evening_city_walk"""":0.8,""""deep_night_introspective"""":0.75,""""night_rain_humid"""":0.7}""",afterglow_fading,0.85,Faye Webster 的慵懒声线与木吉他、弦乐交织，克制而苦涩的怀旧情绪，适合黄昏或夜晚的独处场景
蘇州夜曲,おおたか静流,nostalgic;melancholic;dreamy,piano;string;vocal_breath;cinematic,,0.25,0.35,0.3,0.5,0.2,0.6,0.7,ja,1,jazz,"""{""""evening_city_walk"""":0.8,""""night_clear_lonely"""":0.75,""""deep_night_introspective"""":0.7}""",afterglow_fading,0.85,昭和怀旧曲调，钢琴与弦乐交织，人声轻柔如梦，带有淡淡的忧伤与温暖
跟你住,孙盛希,warm;nostalgic;hopeful,acoustic;vocal_breath;string;piano,,0.4,0.55,0.45,0.7,0.35,0.65,0.6,zh,1,mandopop,"""{""""morning_clear_light"""":0.8,""""afternoon_warm_idle"""":0.75,""""weekend_slow"""":0.7}""",slow_opening,0.85,孙盛希温暖声线搭配木吉他、钢琴与弦乐，营造怀旧而充满希望的居家氛围
It Bitches,Sexyy Red,restless;urban;unresolved,electric_distant;cold_synth;vocal_breath,generic_radio_pop;overly_cheerful,0.7,0.4,0.6,0.2,0.8,0.9,0.3,en,1,hip_hop,"""{""""evening_city_walk"""":0.5,""""night_clear_lonely"""":0.4,""""user_requested_explore"""":0.5}""",city_to_inner_room,0.8,高能量嘻哈，粗粝的电子音色和强烈人声，带有都市不安感，但温暖度低，负面标签限制场景分数
VOY A LLeVARTE PA PR,Bad Bunny,urban;restless;sensual,soft_synth;electric_distant;reverb_heavy,,0.65,0.55,0.6,0.5,0.7,0.8,0.4,es,1,latin_trap,"""{""""evening_city_walk"""":0.85,""""user_requested_explore"""":0.8,""""night_clear_lonely"""":0.7}""",city_to_inner_room,0.85,Bad Bunny 的拉丁陷阱风格，节奏感强，都市夜晚的躁动与性感
Tributaries,Kinbrae,introspective;misty;melancholic,ambient_pad;field_recording;minimal;reverb_heavy,,0.2,0.3,0.25,0.4,0.15,0,0.7,instrumental,0,ambient,"""{""""work_focus_low_vocal"""":0.85,""""deep_night_introspective"""":0.8,""""night_rain_humid"""":0.75}""",fade_into_inner_space,0.85,氛围声景作品，以环境音垫和田野录音构建内省而朦胧的听觉空间
Faded (Instrumental),Alan Walker,melancholic;dreamy;restrained,soft_synth;ambient_pad;reverb_heavy;electric_distant,,0.35,0.4,0.45,0.3,0.35,0,0.65,instrumental,0,electronic,"""{""""deep_night_introspective"""":0.85,""""evening_city_walk"""":0.8,""""work_focus_low_vocal"""":0.75}""",fade_into_inner_space,0.85,器乐版，合成器铺底与深远混响营造出忧郁而梦幻的电子氛围
Sinan and His Never Ending War Against the Bureaucracy Robots,Shalosh,restless;unresolved;melancholic,piano;electric_distant;cinematic;minimal,,0.4,0.35,0.5,0.3,0.45,0,0.7,instrumental,0,modern_jazz,"""{""""deep_night_introspective"""":0.8,""""work_focus_low_vocal"""":0.75,""""night_rain_humid"""":0.7}""",city_to_inner_room,0.85,钢琴驱动的现代爵士，不规则的节奏与冷调电声营造出对抗官僚的焦躁与悬而未决感
Stand by Your Gun,George Ezra,warm;hopeful;restrained,acoustic;vocal_breath;string,,0.45,0.6,0.5,0.7,0.4,0.7,0.6,en,1,folk_pop,"""{""""morning_clear_light"""":0.8,""""afternoon_warm_idle"""":0.75,""""evening_city_walk"""":0.7}""",slow_opening,0.85,George Ezra 温暖厚实的嗓音搭配木吉他与人声气息，传递出坚定而充满希望的质感
Day 1 ◑,HONNE,warm;nostalgic;hopeful,soft_synth;lofi_dust;vocal_breath,,0.4,0.5,0.4,0.65,0.4,0.6,0.55,en,1,electropop,"""{""""morning_clear_light"""":0.8,""""evening_city_walk"""":0.75,""""weekend_slow"""":0.7}""",slow_opening,0.85,HONNE 标志性的温暖电子流行，柔和合成器与轻快节奏带来怀旧与希望交织的质感
Blackbird Fantasy,Bria Skonberg,warm;clear;hopeful,acoustic;jazz_brush;vocal_breath,,0.4,0.65,0.35,0.7,0.4,0.6,0.45,en,1,jazz,"""{""""morning_clear_light"""":0.85,""""afternoon_warm_idle"""":0.8,""""weekend_slow"""":0.75}""",soft_focus_work,0.85,Bria Skonberg 的爵士小号与人声，温暖明亮，带有即兴的轻松感
Feels Like Coming Home,Jetta,warm;hopeful;nostalgic,acoustic;vocal_breath;string;soft_synth,,0.4,0.55,0.45,0.7,0.35,0.65,0.6,en,1,indie_pop,"""{""""morning_clear_light"""":0.85,""""evening_city_walk"""":0.8,""""weekend_slow"""":0.75}""",gentle_recovery,0.85,温暖的声线与木吉他营造出归家的希望与怀旧感，柔和合成器增添梦幻质感
あなただけ見つめてる,大黒摩季,nostalgic;hopeful;warm,acoustic;vocal_breath;string;electric_distant,,0.55,0.6,0.5,0.65,0.5,0.75,0.6,ja,1,j_pop,"""{""""evening_city_walk"""":0.8,""""weekend_slow"""":0.7,""""morning_clear_light"""":0.65}""",slow_opening,0.85,大黑摩季充满力量感的声线搭配怀旧旋律，温暖而充满希望，适合都市漫步场景
边走边唱,房祖名,urban;restless;hopeful,acoustic;soft_synth;vocal_breath,,0.45,0.55,0.4,0.5,0.5,0.6,0.5,zh,1,mandopop,"""{""""evening_city_walk"""":0.8,""""work_focus_low_vocal"""":0.7,""""weekend_slow"""":0.65}""",city_to_inner_room,0.8,轻快的木吉他节奏与城市感歌词，传递出略带不安但充满希望的漫步情绪
Point Of No Return,Sleep Dealer,melancholic;introspective;restrained,piano;ambient_pad;reverb_heavy;minimal,,0.2,0.3,0.25,0.35,0.15,0,0.8,instrumental,0,post_rock,"""{""""deep_night_introspective"""":0.9,""""night_rain_humid"""":0.85,""""work_focus_low_vocal"""":0.8}""",fade_into_inner_space,0.9,缓慢的钢琴与氛围铺底，混响厚重，营造出内省而忧郁的声景
French Kissing,Sarah Connor,sensual;warm;urban,soft_synth;vocal_breath;electric_distant,,0.55,0.5,0.55,0.6,0.5,0.75,0.5,en,1,pop,"""{""""evening_city_walk"""":0.8,""""night_clear_lonely"""":0.7,""""user_requested_explore"""":0.65}""",city_to_inner_room,0.85,Sarah Connor 的性感声线搭配软合成器，营造出都市夜晚的温暖与感性氛围
Arrival of the Birds,The Cinematic Orchestra,introspective;hopeful;bittersweet,piano;string;cinematic;minimal,,0.25,0.4,0.3,0.5,0.15,0,0.75,instrumental,0,modern_classical,"""{""""morning_clear_light"""":0.85,""""deep_night_introspective"""":0.8,""""work_focus_low_vocal"""":0.75}""",slow_opening,0.9,钢琴与弦乐交织的极简主义配乐，缓慢展开，充满内省与希望
TG Theme,Time Grove,introspective;melancholic;restrained,piano;minimal;reverb_heavy,,0.15,0.25,0.2,0.35,0.1,0,0.75,instrumental,0,modern_classical,"""{""""work_focus_low_vocal"""":0.85,""""deep_night_introspective"""":0.8,""""night_rain_humid"""":0.75}""",slow_opening,0.85,极简钢琴主题，缓慢而内省，混响营造出空旷的孤独感
李香兰,张学友,nostalgic;melancholic;bittersweet,string;piano;vocal_breath;cinematic,,0.35,0.4,0.5,0.55,0.3,0.7,0.75,zh,1,mandopop,"""{""""evening_city_walk"""":0.8,""""night_rain_humid"""":0.85,""""deep_night_introspective"""":0.75}""",slow_opening,0.9,张学友深情演绎的经典抒情，弦乐与钢琴交织出浓郁的怀旧与凄美
Luv (Sic),Shing02,nostalgic;urban;hopeful,lofi_dust;soft_synth;vocal_breath,,0.4,0.5,0.45,0.55,0.5,0.7,0.6,en,1,jazz_hop,"""{""""evening_city_walk"""":0.85,""""deep_night_introspective"""":0.8,""""work_focus_low_vocal"""":0.7}""",city_to_inner_room,0.9,Shing02 的流畅说唱与 lofi 爵士节拍交织，怀旧而充满都市感的希望
Wait And See,Charles Webster,warm;hopeful;restrained,soft_synth;ambient_pad;minimal,,0.35,0.5,0.4,0.65,0.3,0,0.5,instrumental,0,deep_house,"""{""""work_focus_low_vocal"""":0.85,""""morning_cloudy_slow"""":0.8,""""evening_city_walk"""":0.75}""",soft_focus_work,0.85,温暖而克制的深浩室氛围，软合成器与氛围垫音营造出希望与内敛并存的质感
What About the 37º?,Methyl Ethel,restless;unresolved;urban,soft_synth;electric_distant;reverb_heavy,,0.55,0.5,0.55,0.4,0.5,0.6,0.6,en,1,art_pop,"""{""""evening_city_walk"""":0.8,""""deep_night_introspective"""":0.7,""""user_requested_explore"""":0.65}""",city_to_inner_room,0.85,合成器驱动的艺术流行，带有不安的都市感和未解决的悬疑情绪
I AM,IVE,clear;hopeful;urban,soft_synth;cold_synth;vocal_breath,,0.65,0.7,0.6,0.5,0.6,0.8,0.5,ko,1,k_pop,"""{""""morning_clear_light"""":0.7,""""evening_city_walk"""":0.75,""""user_requested_explore"""":0.65}""",slow_opening,0.85,IVE 的自信宣言，明亮合成器与清晰人声传递都市希望感
一步成詩,王诗安,nostalgic;warm;bittersweet,piano;string;vocal_breath;cinematic,,0.45,0.5,0.5,0.6,0.35,0.7,0.65,zh,1,mandopop,"""{""""evening_city_walk"""":0.8,""""weekend_slow"""":0.75,""""night_rain_humid"""":0.7}""",slow_opening,0.85,王诗安温润的声线与钢琴弦乐交织，营造出怀旧而略带苦涩的抒情氛围
DJ Got Us Fallin' In Love (feat. Pitbull & Hyper Crush) - HyperCrush Remix,USHER,urban;restless;hopeful,soft_synth;electric_distant;reverb_heavy,,0.7,0.65,0.7,0.5,0.8,0.75,0.4,en,1,electro_house,"""{""""evening_city_walk"""":0.85,""""user_requested_explore"""":0.8,""""weekend_slow"""":0.7}""",city_to_inner_room,0.85,高能量电子舞曲混音，强劲节奏与都市感，适合夜晚出行或派对场景
SEPTEMBER RAIN,松下誠,urban;nostalgic;warm,soft_synth;electric_distant;reverb_heavy,,0.4,0.5,0.45,0.55,0.4,0,0.5,instrumental,0,city_pop,"""{""""evening_city_walk"""":0.85,""""night_clear_lonely"""":0.8,""""work_focus_low_vocal"""":0.7}""",city_to_inner_room,0.85,松下誠的经典城市流行器乐，柔和的合成器与深远混响营造出都市夜晚的怀旧与温暖
Love Street,Claude Fontaine,dreamy;warm;nostalgic,acoustic;soft_synth;vocal_breath;reverb_heavy,,0.35,0.5,0.4,0.65,0.3,0.6,0.5,en,1,dream_pop,"""{""""evening_city_walk"""":0.85,""""afternoon_warm_idle"""":0.8,""""weekend_slow"""":0.75}""",city_to_inner_room,0.85,梦幻的声线与温暖的木吉他、合成器交织，营造怀旧而慵懒的午后氛围
最後まで楽しもう,吾妻光良,warm;hopeful;nostalgic,acoustic;jazz_brush;soft_synth;vocal_breath,,0.4,0.55,0.45,0.7,0.4,0.6,0.5,ja,1,jazz_pop,"""{""""morning_clear_light"""":0.8,""""afternoon_warm_idle"""":0.75,""""weekend_slow"""":0.7}""",soft_focus_work,0.85,温暖的爵士流行风格，木吉他、爵士刷和柔和合成器营造出怀旧而充满希望的午后氛围
Downtown,Gliss,urban;restless;melancholic,electric_distant;reverb_heavy;cold_synth,,0.45,0.4,0.5,0.35,0.5,0,0.6,instrumental,0,shoegaze,"""{""""evening_city_walk"""":0.85,""""deep_night_introspective"""":0.8,""""night_rain_humid"""":0.75}""",city_to_inner_room,0.85,冷调合成器与深远混响营造出都市夜晚的疏离与不安
Hit Refresh,Vol. 2,hopeful;clear;restless,soft_synth;ambient_pad;electric_distant,,0.55,0.6,0.5,0.5,0.5,0,0.4,instrumental,0,electronic,"""{""""work_focus_low_vocal"""":0.85,""""morning_clear_light"""":0.8,""""evening_city_walk"""":0.75}""",soft_focus_work,0.85,明亮而略带不安的电子氛围，软合成器与遥远电音交织，适合专注或城市漫步
"""Organ Sonata No. 4, BWV 528: II. Andante [Adagio] (Transcr. by August Stradal)""",Johann Sebastian Bach,introspective;restrained;melancholic,piano;cinematic;minimal,,0.15,0.3,0.2,0.35,0.1,0,0.8,instrumental,0,baroque,"""{""""work_focus_low_vocal"""":0.9,""""deep_night_introspective"""":0.85,""""morning_cloudy_slow"""":0.75}""",slow_opening,0.95,巴赫管风琴奏鸣曲改编为钢琴，缓慢而庄严的旋律充满内省与克制
Not Shy - English Ver.,ITZY,restless;urban;hopeful,soft_synth;electric_distant;vocal_breath,,0.65,0.6,0.6,0.4,0.7,0.8,0.4,en,1,k_pop,"""{""""evening_city_walk"""":0.7,""""user_requested_explore"""":0.65,""""work_focus_low_vocal"""":0.5}""",city_to_inner_room,0.8,ITZY 的英文版主打歌，充满活力的合成器与自信的人声，都市感强烈但能量偏高
Mercurial World,Magdalena Bay,dreamy;restless;urban,soft_synth;cold_synth;reverb_heavy,,0.6,0.55,0.6,0.4,0.65,0.7,0.5,en,1,synthpop,"""{""""evening_city_walk"""":0.85,""""deep_night_introspective"""":0.75,""""user_requested_explore"""":0.7}""",city_to_inner_room,0.85,梦幻合成器与冷调电子节拍交织，人声漂浮在都市感的重混响中，略带不安的律动
Last Dance,Dua Lipa,urban;restless;hopeful,soft_synth;cold_synth;electric_distant,,0.65,0.6,0.65,0.4,0.7,0.8,0.5,en,1,dance_pop,"""{""""evening_city_walk"""":0.8,""""user_requested_explore"""":0.7,""""night_clear_lonely"""":0.65}""",city_to_inner_room,0.85,Dua Lipa 的流行舞曲，冷调合成器与强劲节奏营造出都市夜晚的律动与期待
时光正好,郁可唯,warm;nostalgic;hopeful,acoustic;string;vocal_breath,,0.4,0.55,0.45,0.65,0.35,0.65,0.6,zh,1,mandopop,"""{""""evening_city_walk"""":0.8,""""morning_clear_light"""":0.7,""""weekend_slow"""":0.75}""",slow_opening,0.85,郁可唯温暖声线搭配木吉他弦乐，怀旧中带着希望，适合午后或傍晚的舒缓场景
Ascension,Ed Harcourt,introspective;melancholic;restrained,piano;string;reverb_heavy;vocal_breath,,0.3,0.35,0.4,0.45,0.2,0.5,0.75,en,1,art_pop,"""{""""deep_night_introspective"""":0.85,""""night_rain_humid"""":0.8,""""work_focus_low_vocal"""":0.75}""",fade_into_inner_space,0.85,钢琴与弦乐交织，人声带着呼吸感与混响，营造内省而克制的忧郁氛围
寂寞寂寞不好,曹格,melancholic;lonely;restless,piano;string;vocal_breath,,0.4,0.35,0.5,0.4,0.3,0.7,0.75,zh,1,mandopop,"""{""""deep_night_introspective"""":0.85,""""night_rain_humid"""":0.8,""""evening_city_walk"""":0.7}""",slow_opening,0.85,曹格深情演绎的抒情歌曲，钢琴与弦乐铺垫出孤独与不安的情绪
Speak To Me,Housewives,restless;unresolved;urban,electric_distant;cold_synth;reverb_heavy,,0.6,0.4,0.55,0.3,0.5,0,0.6,instrumental,0,post_punk,"""{""""evening_city_walk"""":0.8,""""deep_night_introspective"""":0.75,""""work_focus_low_vocal"""":0.7}""",city_to_inner_room,0.85,冷调合成器与遥远电吉他，营造都市不安与悬而未决的氛围
To My Soul,Jerry Folk,introspective;melancholic;dreamy,ambient_pad;soft_synth;minimal;reverb_heavy,,0.25,0.35,0.3,0.45,0.2,0,0.7,instrumental,0,ambient_electronic,"""{""""deep_night_introspective"""":0.85,""""night_clear_lonely"""":0.8,""""work_focus_low_vocal"""":0.75}""",fade_into_inner_space,0.85,氛围电子作品，柔和合成器与深远混响营造内省、梦幻的孤独感
如果我是一首歌,岑宁儿,warm;nostalgic;bittersweet,acoustic;vocal_breath;string;piano,,0.4,0.55,0.45,0.7,0.3,0.7,0.65,zh,1,mandopop,"""{""""evening_city_walk"""":0.8,""""weekend_slow"""":0.75,""""morning_clear_light"""":0.7}""",slow_opening,0.9,岑宁儿温暖细腻的声线搭配木吉他与弦乐，营造出怀旧而略带苦涩的抒情氛围
Ravel:Piano Concerto in G major: 2. Adagio assai,Martha Argerich,introspective;melancholic;restrained,piano;string;cinematic;minimal,,0.15,0.35,0.25,0.4,0.1,0,0.8,instrumental,0,classical,"""{""""deep_night_introspective"""":0.9,""""work_focus_low_vocal"""":0.85,""""night_rain_humid"""":0.8}""",slow_opening,0.95,拉威尔G大调钢琴协奏曲第二乐章，慢板钢琴与弦乐交织，旋律悠长而内省，充满古典的克制与忧伤
December Night,黄小桢,lonely;nostalgic;warm,acoustic;vocal_breath;minimal,,0.25,0.4,0.3,0.55,0.2,0.6,0.65,zh,1,singer_songwriter,"""{""""deep_night_introspective"""":0.85,""""night_clear_lonely"""":0.8,""""work_focus_low_vocal"""":0.7}""",late_night_descent,0.85,黄小桢的轻柔吉他弹唱，带着冬夜的孤独与怀旧，温暖而克制
The Sequel (Original Mix),Tita Lau,restless;urban;unresolved,soft_synth;electric_distant;reverb_heavy,,0.65,0.5,0.6,0.4,0.7,0,0.5,instrumental,0,electronic,"""{""""evening_city_walk"""":0.8,""""deep_night_introspective"""":0.7,""""user_requested_explore"""":0.7}""",city_to_inner_room,0.8,电子舞曲原版混音，合成器驱动，节奏感强，适合都市夜晚场景
Little Boat (O Barquinho),Johnny Alf,warm;clear;hopeful,acoustic;jazz_brush;soft_synth,,0.35,0.65,0.4,0.7,0.4,0,0.35,instrumental,0,bossa_nova,"""{""""morning_clear_light"""":0.85,""""afternoon_warm_idle"""":0.8,""""work_focus_low_vocal"""":0.75}""",soft_focus_work,0.9,经典 bossa nova 器乐，木吉他与爵士刷的轻盈组合，明亮温暖如午后阳光
Paris,je t'aime,dreamy;warm;nostalgic,soft_synth;ambient_pad;reverb_heavy;vocal_breath,,0.35,0.5,0.4,0.6,0.3,0.6,0.55,en,1,dream_pop,"""{""""evening_city_walk"""":0.85,""""deep_night_introspective"""":0.8,""""night_clear_lonely"""":0.75}""",city_to_inner_room,0.85,梦幻合成器与轻柔人声交织，营造出温暖怀旧的都市夜晚氛围
4 Walls,f(x),urban;dreamy;clear,soft_synth;cold_synth;vocal_breath,,0.6,0.55,0.6,0.4,0.6,0.7,0.4,ko,1,k_pop,"""{""""evening_city_walk"""":0.85,""""deep_night_introspective"""":0.7,""""user_requested_explore"""":0.75}""",city_to_inner_room,0.85,冷调合成器与都市感节拍，人声清晰但带有梦幻距离感，适合夜晚城市漫步
permanent yesterday,吉田靖,nostalgic;melancholic;restrained,piano;reverb_heavy;minimal,,0.25,0.3,0.35,0.4,0.2,0,0.7,instrumental,0,modern_classical,"""{""""deep_night_introspective"""":0.85,""""night_rain_humid"""":0.8,""""work_focus_low_vocal"""":0.75}""",afterglow_fading,0.85,钢琴主导的极简主义作品，混响厚重，情绪克制而怀旧，适合深夜内省场景
Jardín Soñador,Alfredo Rodriguez,dreamy;warm;sensual,piano;acoustic;jazz_brush;soft_synth,,0.35,0.6,0.4,0.7,0.3,0,0.5,instrumental,0,jazz,"""{""""morning_clear_light"""":0.8,""""afternoon_warm_idle"""":0.85,""""evening_city_walk"""":0.75}""",soft_focus_work,0.85,钢琴与爵士刷奏的温暖融合，带有梦幻与感官性的拉丁爵士质感
Browning,Mike Patton,restless;unresolved;melancholic,piano;reverb_heavy;vocal_breath;cinematic,,0.3,0.25,0.4,0.3,0.2,0.6,0.8,en,1,art_rock,"""{""""deep_night_introspective"""":0.85,""""night_rain_humid"""":0.8,""""work_focus_low_vocal"""":0.7}""",fade_into_inner_space,0.85,Mike Patton 标志性的实验性人声与不安的钢琴，营造出悬而未决、内省而忧郁的氛围
Black Is the Graceful Veil,Nicola Conte / Kim Sanders,sensual;dreamy;bittersweet,jazz_brush;acoustic;vocal_breath;soft_synth,,0.35,0.5,0.4,0.6,0.35,0.6,0.55,en,1,jazz,"""{""""evening_city_walk"""":0.85,""""afternoon_warm_idle"""":0.75,""""deep_night_introspective"""":0.7}""",city_to_inner_room,0.85,Nicola Conte 的爵士编排搭配 Kim Sanders 的性感声线，营造出优雅而略带忧郁的都市夜晚氛围
Earn Your Heaven,The Yawpers,restless;melancholic;unresolved,acoustic;electric_distant;vocal_breath,,0.6,0.45,0.55,0.4,0.5,0.7,0.65,en,1,alternative_rock,"""{""""evening_city_walk"""":0.7,""""deep_night_introspective"""":0.65,""""night_rain_humid"""":0.6}""",city_to_inner_room,0.85,不安的吉他与人声，带着未解的忧郁和都市感，能量中等偏上
Pill,Mister Lies,introspective;melancholic;restrained,piano;ambient_pad;minimal;reverb_heavy,,0.2,0.25,0.3,0.35,0.15,0,0.75,instrumental,0,ambient,"""{""""deep_night_introspective"""":0.85,""""night_rain_humid"""":0.8,""""work_focus_low_vocal"""":0.75}""",fade_into_inner_space,0.85,极简钢琴与氛围铺垫，空旷混响营造内省而克制的孤独感
Green Grass of Tunnel,múm,dreamy;misty;detached,ambient_pad;field_recording;minimal,,0.2,0.35,0.3,0.5,0.15,0,0.5,instrumental,0,ambient,"""{""""night_clear_lonely"""":0.9,""""morning_cloudy_slow"""":0.85,""""work_focus_low_vocal"""":0.75}""",soft_focus_work,0.9,冰岛氛围电子，朦胧声景如同透过隧道看草地
Messdiener,Burnt Friedman,restrained;detached;melancholic,minimal;cold_synth;ambient_pad;reverb_heavy,,0.2,0.25,0.2,0.3,0.1,0,0.7,instrumental,0,electronic,"""{""""deep_night_introspective"""":0.85,""""night_clear_lonely"""":0.8,""""work_focus_low_vocal"""":0.75}""",afterglow_fading,0.85,极简冷调电子，稀疏的合成器与深远混响营造出克制而疏离的氛围
Down Boy,Yeah Yeah Yeahs,restless;urban;melancholic,electric_distant;reverb_heavy;vocal_breath,,0.6,0.4,0.6,0.35,0.55,0.7,0.65,en,1,indie_rock,"""{""""evening_city_walk"""":0.8,""""deep_night_introspective"""":0.75,""""night_clear_lonely"""":0.7}""",city_to_inner_room,0.85,Yeah Yeah Yeahs 的另类摇滚，电吉他失真与 Karen O 的声线交织出都市夜晚的躁动与疏离
百人想歌,綺羅,nostalgic;warm;melancholic,acoustic;string;vocal_breath;cinematic,,0.35,0.45,0.4,0.6,0.3,0.6,0.7,ja,1,j_pop,"""{""""evening_city_walk"""":0.8,""""deep_night_introspective"""":0.75,""""work_focus_low_vocal"""":0.7}""",slow_opening,0.85,綺羅的温暖人声与弦乐交织，怀旧中带着淡淡的忧伤，适合安静聆听
Welcome Hotel,Allison Miller,warm;nostalgic;bittersweet,acoustic;jazz_brush;string;vocal_breath,,0.35,0.5,0.4,0.65,0.3,0,0.6,instrumental,0,jazz,"""{""""work_focus_low_vocal"""":0.85,""""afternoon_warm_idle"""":0.8,""""evening_city_walk"""":0.75}""",soft_focus_work,0.85,温暖的爵士器乐，木吉他、刷镲与弦乐交织，怀旧而略带感伤
Little Threads,POLIÇA,introspective;restrained;bittersweet,vocal_breath;soft_synth;minimal;reverb_heavy,,0.35,0.4,0.4,0.45,0.3,0.7,0.65,en,1,art_pop,"""{""""deep_night_introspective"""":0.85,""""night_rain_humid"""":0.75,""""work_focus_low_vocal"""":0.7}""",fade_into_inner_space,0.85,人声气息感强，合成器铺底极简，整体克制而内省，带一丝苦甜
Amsterdam,Gregory Alan Isakov,introspective;melancholic;restrained,acoustic;string;vocal_breath;field_recording,,0.25,0.35,0.3,0.5,0.2,0.6,0.75,en,1,indie_folk,"""{""""morning_cloudy_slow"""":0.85,""""deep_night_introspective"""":0.8,""""night_rain_humid"""":0.75}""",rain_on_glass,0.9,Gregory Alan Isakov 的民谣叙事，木吉他与人声交织，带有田野录音的自然质感，情绪内敛而深沉
Bad Romance - Radio Edit,Lady Gaga,restless;urban;unresolved,cold_synth;electric_distant;reverb_heavy,,0.85,0.7,0.8,0.3,0.9,0.9,0.6,en,1,electropop,"""{""""evening_city_walk"""":0.55,""""deep_night_introspective"""":0.5,""""user_requested_explore"""":0.6}""",city_to_inner_room,0.85,高能量电子流行，冷合成器与强烈节奏驱动，充满都市不安与张力
The Howl,Temples,restless;urban;dreamy,soft_synth;reverb_heavy;electric_distant;cold_synth,,0.55,0.5,0.6,0.4,0.6,0.5,0.5,en,1,psychedelic_pop,"""{""""evening_city_walk"""":0.8,""""deep_night_introspective"""":0.75,""""user_requested_explore"""":0.7}""",city_to_inner_room,0.85,迷幻流行风格，合成器与混响营造出都市夜晚的躁动与梦幻感
Instantané,Paradis,dreamy;urban;nostalgic,soft_synth;cold_synth;reverb_heavy;electric_distant,,0.4,0.45,0.5,0.4,0.45,0,0.5,instrumental,0,synthpop,"""{""""evening_city_walk"""":0.85,""""deep_night_introspective"""":0.8,""""night_clear_lonely"""":0.75}""",city_to_inner_room,0.85,法式合成器流行，冷调梦幻的都市夜晚声景
Andante Cantabile,Brian Crain,introspective;melancholic;restrained,piano;cinematic;minimal,,0.15,0.3,0.2,0.45,0.1,0,0.8,instrumental,0,modern_classical,"""{""""work_focus_low_vocal"""":0.85,""""deep_night_introspective"""":0.8,""""night_rain_humid"""":0.75}""",slow_opening,0.9,钢琴独奏，缓慢而富有歌唱性，内省且克制，带有淡淡的忧伤
Straight to Hell,Hollerado,restless;urban;bittersweet,electric_distant;acoustic;reverb_heavy,,0.6,0.5,0.55,0.4,0.6,0.7,0.65,en,1,indie_rock,"""{""""evening_city_walk"""":0.8,""""night_clear_lonely"""":0.75,""""user_requested_explore"""":0.7}""",city_to_inner_room,0.85,中速独立摇滚，电吉他失真与人声交织，带有都市漂泊的躁动与苦涩
New Dandy,Montevideo,urban;restless;bittersweet,electric_distant;soft_synth;reverb_heavy,,0.55,0.5,0.55,0.4,0.6,0,0.5,instrumental,0,synthpop,"""{""""evening_city_walk"""":0.8,""""deep_night_introspective"""":0.75,""""work_focus_low_vocal"""":0.7}""",city_to_inner_room,0.85,电子合成器驱动的都市感器乐，略带不安与怀旧，适合夜晚城市漫步
我等到花兒也謝了,張學友,melancholic;nostalgic;bittersweet,piano;string;vocal_breath,,0.4,0.4,0.5,0.5,0.3,0.7,0.75,zh,1,mandopop,"""{""""evening_city_walk"""":0.8,""""night_rain_humid"""":0.75,""""deep_night_introspective"""":0.7}""",slow_opening,0.9,张学友深情的嗓音与钢琴弦乐编排，传递出等待中的忧伤与怀旧
白色羽毛,芮恩,melancholic;lonely;nostalgic,piano;string;vocal_breath;reverb_heavy,,0.3,0.35,0.4,0.45,0.2,0.6,0.7,zh,1,mandopop,"""{""""night_clear_lonely"""":0.85,""""deep_night_introspective"""":0.8,""""evening_city_walk"""":0.75}""",slow_opening,0.85,钢琴与弦乐交织，人声轻柔带呼吸感，营造出孤独而怀旧的抒情氛围
Oceanside,Lainey Lou,warm;nostalgic;dreamy,acoustic;vocal_breath;soft_synth;reverb_heavy,,0.35,0.5,0.4,0.65,0.3,0.6,0.55,en,1,indie_folk,"""{""""morning_clear_light"""":0.8,""""afternoon_warm_idle"""":0.75,""""evening_city_walk"""":0.7}""",soft_focus_work,0.85,温暖的木吉他与人声，混响营造出怀旧而梦幻的海边氛围
ざくろ,北園みなみ,dreamy;nostalgic;bittersweet,piano;string;vocal_breath;reverb_heavy,,0.35,0.4,0.4,0.55,0.3,0.6,0.65,ja,1,j_pop,"""{""""evening_city_walk"""":0.8,""""deep_night_introspective"""":0.75,""""night_rain_humid"""":0.7}""",slow_opening,0.85,钢琴与弦乐交织，人声轻柔带呼吸感，营造出梦幻而略带怀旧的氛围
good 4 u,Olivia Rodrigo,restless;urban;bittersweet,electric_distant;vocal_breath;soft_synth,,0.7,0.6,0.7,0.4,0.7,0.8,0.6,en,1,pop_rock,"""{""""evening_city_walk"""":0.7,""""work_focus_low_vocal"""":0.5,""""user_requested_explore"""":0.6}""",city_to_inner_room,0.85,高能量流行摇滚，Olivia Rodrigo 的声线充满不安与苦涩，适合都市夜晚的宣泄
Imperfect Time,The Melodic,introspective;melancholic;bittersweet,piano;string;reverb_heavy;vocal_breath,,0.35,0.4,0.45,0.5,0.3,0.6,0.7,en,1,art_pop,"""{""""deep_night_introspective"""":0.85,""""night_rain_humid"""":0.8,""""work_focus_low_vocal"""":0.75}""",fade_into_inner_space,0.85,钢琴与弦乐交织，人声带有呼吸感，营造出内省而略带苦涩的怀旧氛围
The Four Horsemen,Aphrodite's Child,restless;unresolved;melancholic,cold_synth;electric_distant;cinematic,,0.6,0.4,0.7,0.3,0.6,0.5,0.75,en,1,progressive_rock,"""{""""deep_night_introspective"""":0.8,""""night_rain_humid"""":0.7,""""work_focus_low_vocal"""":0.6}""",city_to_inner_room,0.85,前卫摇滚经典，冷调合成器与不安的人声交织，充满未解决的紧张感与末世氛围
BLUE BLUE (蓝蓝),TINY7 / 科福KOV,melancholic;nostalgic;dreamy,soft_synth;reverb_heavy;vocal_breath;ambient_pad,,0.35,0.4,0.45,0.5,0.3,0.6,0.65,zh,1,dream_pop,"""{""""evening_city_walk"""":0.8,""""night_clear_lonely"""":0.75,""""deep_night_introspective"""":0.7}""",city_to_inner_room,0.85,梦幻合成器与混响人声营造出忧郁怀旧的氛围，适合夜晚独处场景
trip -うちへかえろ-,阿部芙蓉美,nostalgic;warm;bittersweet,acoustic;vocal_breath;string;piano,,0.35,0.5,0.4,0.65,0.3,0.6,0.7,ja,1,j_pop,"""{""""evening_city_walk"""":0.8,""""night_clear_lonely"""":0.75,""""weekend_slow"""":0.7}""",slow_opening,0.85,阿部芙蓉美温暖而略带沙哑的声线，搭配木吉他与弦乐，营造出怀旧而温柔的归家氛围
Debris,Tangents,introspective;melancholic;restrained,ambient_pad;field_recording;minimal;cinematic,,0.2,0.3,0.35,0.4,0.15,0,0.7,instrumental,0,ambient,"""{""""work_focus_low_vocal"""":0.85,""""deep_night_introspective"""":0.8,""""night_rain_humid"""":0.75}""",fade_into_inner_space,0.85,氛围声景与田野录音交织，内省而克制，如同碎片在空间中缓慢沉降
有无 (片尾曲),林生祥,melancholic;restrained;nostalgic,acoustic;string;minimal,,0.25,0.3,0.35,0.5,0.2,0.4,0.75,zh,1,folk,"""{""""deep_night_introspective"""":0.85,""""night_rain_humid"""":0.8,""""work_focus_low_vocal"""":0.7}""",afterglow_fading,0.9,林生祥的客家民谣，木吉他与弦乐交织，克制而深沉的怀旧与哀愁
In A Perfect World,Marcelina Gawron,dreamy;nostalgic;bittersweet,piano;string;vocal_breath;reverb_heavy,,0.35,0.4,0.4,0.5,0.3,0.6,0.7,en,1,art_pop,"""{""""evening_city_walk"""":0.8,""""deep_night_introspective"""":0.85,""""night_rain_humid"""":0.75}""",fade_into_inner_space,0.85,钢琴与弦乐交织，人声空灵带有混响，营造梦幻而怀旧的氛围，略带忧伤
Paper Clouds,Nicola Conte / Chiara Civello,dreamy;warm;nostalgic,acoustic;jazz_brush;vocal_breath;string,,0.35,0.55,0.4,0.7,0.3,0.6,0.5,en,1,jazz,"""{""""morning_clear_light"""":0.8,""""afternoon_warm_idle"""":0.75,""""evening_city_walk"""":0.7}""",soft_focus_work,0.85,尼龙弦吉他、爵士刷和温暖人声营造出梦幻而怀旧的午后氛围
ルール,古内東子,introspective;restrained;bittersweet,piano;soft_synth;vocal_breath,,0.35,0.4,0.45,0.5,0.3,0.6,0.65,ja,1,j_pop,"""{""""evening_city_walk"""":0.8,""""deep_night_introspective"""":0.75,""""work_focus_low_vocal"""":0.7}""",city_to_inner_room,0.85,古内東子细腻的钢琴与合成器编曲，配合克制的人声，营造出内省而略带苦涩的都市夜晚氛围
Liar,Camila Cabello,restless;urban;bittersweet,soft_synth;vocal_breath;electric_distant,,0.6,0.55,0.6,0.45,0.6,0.8,0.5,en,1,pop,"""{""""evening_city_walk"""":0.8,""""deep_night_introspective"""":0.7,""""user_requested_explore"""":0.65}""",city_to_inner_room,0.85,流行曲风，中高能量，人声突出，带有都市感和情感张力
ATAXIA_B2,Rian Treanor,restless;urban;unresolved,cold_synth;electric_distant;minimal,,0.65,0.4,0.55,0.2,0.7,0,0.3,instrumental,0,electronic,"""{""""evening_city_walk"""":0.7,""""work_focus_low_vocal"""":0.6,""""user_requested_explore"""":0.8}""",city_to_inner_room,0.85,冷调电子节拍，不规则的律动与城市感，带有实验性的不安定
We Don't Have To Take Our Clothes Off,Ella Eyre,warm;hopeful;nostalgic,soft_synth;vocal_breath;acoustic,,0.55,0.6,0.5,0.65,0.5,0.75,0.5,en,1,pop,"""{""""evening_city_walk"""":0.8,""""weekend_slow"""":0.7,""""morning_clear_light"""":0.65}""",slow_opening,0.85,温暖的人声与软合成器营造怀旧而充满希望的氛围，能量适中
The Things You Saw,Cold Weather Company,introspective;melancholic;bittersweet,acoustic;string;vocal_breath;reverb_heavy,,0.35,0.4,0.4,0.55,0.25,0.6,0.7,en,1,indie_folk,"""{""""deep_night_introspective"""":0.85,""""evening_city_walk"""":0.75,""""work_focus_low_vocal"""":0.7}""",fade_into_inner_space,0.85,木吉他与人声交织，混响营造出内省而略带忧伤的民谣氛围
南方仁のテーマ,髙見優,introspective;melancholic;restrained,piano;string;cinematic;minimal,,0.2,0.3,0.25,0.35,0.15,0,0.75,instrumental,0,soundtrack,"""{""""work_focus_low_vocal"""":0.85,""""deep_night_introspective"""":0.8,""""night_rain_humid"""":0.75}""",slow_opening,0.9,日剧配乐，钢琴与弦乐交织，内省而克制，充满历史感的沉重与孤独
Thin Air,Lapalux,dreamy;misty;restrained,ambient_pad;soft_synth;lofi_dust;field_recording,,0.25,0.35,0.4,0.45,0.2,0,0.55,instrumental,0,ambient_electronic,"""{""""work_focus_low_vocal"""":0.85,""""deep_night_introspective"""":0.8,""""morning_cloudy_slow"""":0.75}""",soft_focus_work,0.85,朦胧的氛围电子，软合成器与现场录音交织，克制而梦幻
死在旋转公寓,发光曲线,restless;urban;melancholic,electric_distant;cold_synth;reverb_heavy;grainy,,0.45,0.3,0.55,0.25,0.5,0.4,0.7,zh,1,post_punk,"""{""""evening_city_walk"""":0.8,""""deep_night_introspective"""":0.75,""""night_rain_humid"""":0.7}""",city_to_inner_room,0.85,冷调合成器与失真吉他营造出都市夜晚的躁动与疏离感，人声克制而内省
Happy,Pharrell Williams,hopeful;warm;clear,soft_synth;acoustic;vocal_breath,,0.7,0.8,0.6,0.7,0.75,0.8,0.3,en,1,pop,"""{""""morning_clear_light"""":0.85,""""afternoon_warm_idle"""":0.8,""""weekend_slow"""":0.75}""",slow_opening,0.85,明亮欢快的流行曲，充满希望和温暖，能量较高但情感重量较轻
韩江花月夜,sususu,dreamy;nostalgic;bittersweet,piano;string;soft_synth;reverb_heavy,,0.25,0.4,0.35,0.55,0.2,0,0.7,instrumental,0,ambient,"""{""""night_clear_lonely"""":0.85,""""deep_night_introspective"""":0.8,""""evening_city_walk"""":0.75}""",afterglow_fading,0.85,钢琴与弦乐交织的梦幻氛围，带有怀旧与淡淡的忧伤，适合夜晚独处
Tobacco Road (feat. Susanne Sundfør),Mercury Rev,melancholic;dreamy;bittersweet,string;ambient_pad;vocal_breath;reverb_heavy,,0.4,0.4,0.5,0.5,0.3,0.6,0.7,en,1,dream_pop,"""{""""evening_city_walk"""":0.8,""""deep_night_introspective"""":0.85,""""night_rain_humid"""":0.75}""",city_to_inner_room,0.85,梦幻流行风格，弦乐与氛围垫交织，Susanne Sundfør 的人声空灵而忧郁，营造出怀旧与伤感交织的夜晚氛围
Kudzu,Dommengang,restrained;melancholic;bittersweet,acoustic;electric_distant;reverb_heavy;grainy,,0.35,0.4,0.45,0.5,0.3,0.4,0.65,en,1,indie_rock,"""{""""evening_city_walk"""":0.8,""""deep_night_introspective"""":0.75,""""night_rain_humid"""":0.7}""",city_to_inner_room,0.85,克制而忧郁的独立摇滚，失真吉他与混响营造出城市夜晚的疏离感
夢醒了 (Remastered),那英,nostalgic;bittersweet;melancholic,acoustic;string;vocal_breath,,0.35,0.4,0.45,0.5,0.3,0.75,0.7,zh,1,mandopop,"""{""""evening_city_walk"""":0.8,""""night_rain_humid"""":0.75,""""deep_night_introspective"""":0.7}""",slow_opening,0.85,那英深情嗓音搭配木吉他与弦乐，怀旧而略带苦涩的抒情质感
Breakthrough,Tony Anderson,introspective;hopeful;restrained,piano;cinematic;string;ambient_pad,,0.35,0.5,0.4,0.55,0.3,0,0.7,instrumental,0,modern_classical,"""{""""work_focus_low_vocal"""":0.85,""""deep_night_introspective"""":0.8,""""morning_clear_light"""":0.75}""",slow_opening,0.85,钢琴与弦乐交织的现代古典作品，内省中带着克制的希望与上升感
Doja,Central Cee,urban;restless;clear,electric_distant;soft_synth;vocal_breath,,0.65,0.55,0.6,0.4,0.7,0.8,0.45,en,1,uk_drill,"""{""""evening_city_walk"""":0.8,""""user_requested_explore"""":0.7,""""night_clear_lonely"""":0.65}""",city_to_inner_room,0.85,Central Cee 的 UK Drill 风格，节奏感强，城市气息浓厚，人声清晰有力，带有自信与不安的混合情绪
黑天鹅,曾轶可,introspective;melancholic;restrained,piano;string;vocal_breath;minimal,,0.25,0.3,0.35,0.4,0.2,0.6,0.75,zh,1,art_pop,"""{""""deep_night_introspective"""":0.85,""""night_clear_lonely"""":0.8,""""work_focus_low_vocal"""":0.7}""",fade_into_inner_space,0.85,曾轶可独特的脆弱声线搭配极简钢琴与弦乐，营造出内省而克制的忧郁氛围
Glory Me,FRANKIIE,dreamy;warm;hopeful,soft_synth;vocal_breath;reverb_heavy,,0.4,0.55,0.45,0.6,0.35,0.7,0.5,en,1,dream_pop,"""{""""morning_clear_light"""":0.8,""""evening_city_walk"""":0.75,""""weekend_slow"""":0.7}""",soft_focus_work,0.85,梦幻合成器与轻柔人声交织，温暖而充满希望的质感，适合清晨或悠闲时刻
We Are One,Kelly Sweet,warm;hopeful;nostalgic,piano;string;vocal_breath;soft_synth,,0.45,0.6,0.5,0.7,0.35,0.75,0.65,en,1,pop,"""{""""morning_clear_light"""":0.8,""""evening_city_walk"""":0.75,""""weekend_slow"""":0.7}""",slow_opening,0.85,Kelly Sweet温暖的人声搭配钢琴与弦乐，营造出怀旧而充满希望的抒情氛围
Indie On Loud,flora cash,restless;urban;bittersweet,electric_distant;reverb_heavy;soft_synth,,0.6,0.5,0.55,0.4,0.6,0.7,0.65,en,1,indie_rock,"""{""""evening_city_walk"""":0.8,""""deep_night_introspective"""":0.75,""""user_requested_explore"""":0.7}""",city_to_inner_room,0.85,独立摇滚风格，电吉他混响与人声交织，带有都市不安与苦涩的律动感
SNEAKERS,ITZY,restless;urban;hopeful,soft_synth;electric_distant;vocal_breath,,0.7,0.65,0.7,0.5,0.75,0.85,0.4,en,1,k_pop,"""{""""evening_city_walk"""":0.75,""""user_requested_explore"""":0.7,""""morning_clear_light"""":0.65}""",city_to_inner_room,0.85,ITZY 的活力舞曲，合成器与强烈节奏带来都市感与自信能量
Gone not around any longer,SISTAR19,urban;restless;bittersweet,soft_synth;electric_distant;vocal_breath,,0.55,0.5,0.55,0.45,0.5,0.75,0.6,ko,1,k_pop,"""{""""evening_city_walk"""":0.8,""""deep_night_introspective"""":0.7,""""user_requested_explore"""":0.65}""",city_to_inner_room,0.85,K-pop 舞曲，合成器与鼓点驱动，带有都市夜晚的躁动与不舍情绪
You Spin Me Round (Like a Record),Dead Or Alive,restless;urban;hopeful,soft_synth;cold_synth;electric_distant,,0.8,0.7,0.7,0.4,0.85,0.8,0.3,en,1,synthpop,"""{""""evening_city_walk"""":0.85,""""user_requested_explore"""":0.7,""""night_clear_lonely"""":0.6}""",city_to_inner_room,0.85,高能量合成器流行，强劲节拍和重复旋律带来都市躁动与活力
Last Dayz,Onyx,restless;urban;melancholic,electric_distant;cold_synth;grainy,,0.65,0.4,0.7,0.3,0.7,0.8,0.6,en,1,hip_hop,"""{""""evening_city_walk"""":0.8,""""deep_night_introspective"""":0.7,""""night_clear_lonely"""":0.65}""",city_to_inner_room,0.85,硬核说唱，粗糙的节拍和冷峻的合成器营造出都市不安与疏离感
Camillas Sang,Espen Berg Trio,introspective;restrained;melancholic,piano;acoustic;minimal;cinematic,,0.25,0.35,0.3,0.45,0.2,0,0.7,instrumental,0,jazz,"""{""""work_focus_low_vocal"""":0.85,""""deep_night_introspective"""":0.8,""""night_rain_humid"""":0.75}""",slow_opening,0.85,北欧爵士三重奏，钢琴主导的极简编排，内省而克制，带有淡淡的忧郁质感
egg of dreams,橋本まゆみ,dreamy;misty;nostalgic,ambient_pad;soft_synth;reverb_heavy;minimal,,0.2,0.35,0.25,0.4,0.15,0,0.6,instrumental,0,ambient,"""{""""morning_cloudy_slow"""":0.85,""""deep_night_introspective"""":0.8,""""work_focus_low_vocal"""":0.75}""",soft_focus_work,0.85,梦幻氛围电子，柔和合成器与深远混响营造朦胧怀旧的声景
Paralysed,Nilüfer Yanya,restless;melancholic;unresolved,electric_distant;reverb_heavy;vocal_breath,,0.4,0.35,0.5,0.3,0.45,0.6,0.7,en,1,indie_rock,"""{""""deep_night_introspective"""":0.8,""""night_rain_humid"""":0.75,""""work_focus_low_vocal"""":0.7}""",fade_into_inner_space,0.85,失真的电吉他与沉重混响，配合不安的人声，营造出悬而未决的忧郁氛围
Main Titles,Marco Beltrami,restrained;melancholic;unresolved,string;cinematic;minimal,,0.2,0.3,0.25,0.35,0.1,0,0.75,instrumental,0,film_score,"""{""""work_focus_low_vocal"""":0.85,""""deep_night_introspective"""":0.8,""""night_rain_humid"""":0.75}""",slow_opening,0.9,电影配乐风格的弦乐主题，克制而充满未解决的张力，适合内省场景
Talek,Time Grove,dreamy;misty;restrained,ambient_pad;minimal;field_recording,,0.2,0.35,0.25,0.4,0.15,0,0.5,instrumental,0,ambient,"""{""""work_focus_low_vocal"""":0.85,""""morning_cloudy_slow"""":0.8,""""deep_night_introspective"""":0.75}""",soft_focus_work,0.85,氛围电子作品，朦胧的合成器铺底与田野录音元素营造出梦幻而克制的声景
Initiation II,Wonder Why (Radio Edit) - Sophye Soliveau,introspective;melancholic;restrained,piano;string;minimal;reverb_heavy,,0.15,0.3,0.2,0.35,0.1,0,0.8,instrumental,0,modern_classical,"""{""""work_focus_low_vocal"""":0.85,""""deep_night_introspective"""":0.9,""""night_rain_humid"""":0.8}""",slow_opening,0.85,极简钢琴与弦乐交织，混响深远，营造内省而克制的氛围
星星月亮,曾轶可,dreamy;nostalgic;bittersweet,acoustic;vocal_breath;reverb_heavy;minimal,,0.35,0.45,0.3,0.5,0.25,0.6,0.65,zh,1,indie_folk,"""{""""night_clear_lonely"""":0.85,""""deep_night_introspective"""":0.8,""""evening_city_walk"""":0.7}""",slow_opening,0.85,曾轶可独特的轻声唱腔搭配简约木吉他，营造出梦幻而略带苦涩的怀旧氛围
Jazz Suite No. 2: IV. Waltz I,Dmitri Shostakovich,warm;nostalgic;restrained,string;cinematic;acoustic,,0.35,0.55,0.5,0.7,0.4,0,0.5,instrumental,0,classical,"""{""""morning_clear_light"""":0.8,""""afternoon_warm_idle"""":0.75,""""evening_city_walk"""":0.7}""",slow_opening,0.85,肖斯塔科维奇的经典圆舞曲，弦乐温暖而怀旧，节奏舒缓优雅
望江亭,王诗安,nostalgic;warm;bittersweet,piano;string;vocal_breath;acoustic,,0.4,0.5,0.45,0.6,0.35,0.7,0.65,zh,1,mandopop,"""{""""evening_city_walk"""":0.8,""""weekend_slow"""":0.75,""""night_rain_humid"""":0.7}""",slow_opening,0.85,王诗安温暖声线搭配钢琴与弦乐，怀旧中带一丝苦涩，适合安静时段聆听
Actors,Self Esteem,restless;urban;bittersweet,soft_synth;vocal_breath;electric_distant,,0.55,0.5,0.6,0.4,0.5,0.7,0.6,en,1,art_pop,"""{""""evening_city_walk"""":0.8,""""deep_night_introspective"""":0.75,""""work_focus_low_vocal"""":0.7}""",city_to_inner_room,0.85,都市感艺术流行，合成器与有力人声交织，带有不安与苦涩的反思
Down With the Clique,Solange,urban;restrained;bittersweet,soft_synth;electric_distant;vocal_breath,,0.4,0.45,0.5,0.4,0.45,0.7,0.6,en,1,r&b,"""{""""evening_city_walk"""":0.8,""""deep_night_introspective"""":0.75,""""work_focus_low_vocal"""":0.7}""",city_to_inner_room,0.85,Solange 的克制声线搭配冷调合成器，都市感中带着疏离与苦涩
九頭身日奈 Nine Head Hinano,9m88,urban;sensual;restless,soft_synth;electric_distant;vocal_breath;jazz_brush,,0.55,0.6,0.5,0.55,0.6,0.7,0.45,zh,1,jazz_pop,"""{""""evening_city_walk"""":0.85,""""work_focus_low_vocal"""":0.7,""""user_requested_explore"""":0.75}""",city_to_inner_room,0.85,9m88 慵懒性感的声线搭配爵士鼓刷与合成器，都市感与律动并存
I Can't Take You Seriously,Woman's Hour,introspective;restrained;melancholic,soft_synth;reverb_heavy;vocal_breath;minimal,,0.3,0.35,0.4,0.4,0.25,0.6,0.7,en,1,dream_pop,"""{""""deep_night_introspective"""":0.85,""""night_rain_humid"""":0.8,""""work_focus_low_vocal"""":0.7}""",fade_into_inner_space,0.85,梦幻流行风格，软合成器与深远混响营造内省而克制的氛围，人声轻柔但存在感适中
央吉玛,央吉玛,dreamy;misty;restrained,ambient_pad;vocal_breath;field_recording;minimal,,0.25,0.35,0.3,0.5,0.15,0.6,0.6,zh,1,world_music,"""{""""morning_cloudy_slow"""":0.85,""""deep_night_introspective"""":0.8,""""night_rain_humid"""":0.75}""",fade_into_inner_space,0.85,央吉玛空灵的人声与氛围铺底，融合藏地元素，营造出朦胧而内省的梦境感
Pull Up the People,M.I.A.,restless;urban;unresolved,electric_distant;cold_synth;grainy,,0.8,0.7,0.75,0.3,0.85,0.9,0.6,en,1,electro_pop,"""{""""evening_city_walk"""":0.55,""""user_requested_explore"""":0.5,""""night_clear_lonely"""":0.45}""",city_to_inner_room,0.85,高能量电子流行，粗糙的合成器与M.I.A.尖锐的人声营造出都市不安与躁动感
Moving Pulse,Meat Beat Manifesto,restless;urban;unresolved,electric_distant;cold_synth;grainy;reverb_heavy,,0.7,0.4,0.7,0.3,0.8,0,0.6,instrumental,0,industrial_electronic,"""{""""evening_city_walk"""":0.8,""""deep_night_introspective"""":0.7,""""user_requested_explore"""":0.75}""",city_to_inner_room,0.85,工业电子节拍驱动，冷合成器与颗粒感音色营造出都市不安与未解决的张力
Citybed,Laura Misch,dreamy;urban;restrained,soft_synth;ambient_pad;vocal_breath;field_recording,,0.3,0.45,0.35,0.55,0.3,0.5,0.5,en,1,art_pop,"""{""""evening_city_walk"""":0.85,""""deep_night_introspective"""":0.8,""""work_focus_low_vocal"""":0.75}""",city_to_inner_room,0.85,梦幻都市氛围，软合成器与人声交织，克制而富有层次感
Newspaper Gown,Damien Jurado,melancholic;introspective;lonely,acoustic;vocal_breath;minimal,,0.25,0.3,0.3,0.4,0.2,0.6,0.75,en,1,singer_songwriter,"""{""""deep_night_introspective"""":0.85,""""night_rain_humid"""":0.8,""""work_focus_low_vocal"""":0.75}""",slow_opening,0.85,Damien Jurado 的民谣叙事，木吉他与人声交织出孤独内省的氛围
"""Ivory Joe Hunter, Little Walter""",Pan-American,introspective;melancholic;restrained,ambient_pad;field_recording;minimal;reverb_heavy,,0.15,0.25,0.2,0.3,0.1,0,0.7,instrumental,0,ambient,"""{""""deep_night_introspective"""":0.85,""""night_rain_humid"""":0.8,""""work_focus_low_vocal"""":0.75}""",fade_into_inner_space,0.85,极简氛围声景，环境录音与深远混响营造出克制而内省的孤独感
伴,黄小琥,warm;nostalgic;bittersweet,piano;vocal_breath;string,,0.4,0.5,0.45,0.7,0.35,0.7,0.65,zh,1,mandopop,"""{""""evening_city_walk"""":0.8,""""weekend_slow"""":0.75,""""night_rain_humid"""":0.7}""",slow_opening,0.85,黄小琥沙哑温暖的声线搭配钢琴与弦乐，传递出怀旧与略带苦涩的温情
Bigger In Texas,Megan Thee Stallion,restless;urban;hopeful,electric_distant;soft_synth,,0.8,0.7,0.75,0.5,0.85,0.9,0.4,en,1,hip_hop,"""{""""evening_city_walk"""":0.55,""""user_requested_explore"""":0.5,""""night_clear_lonely"""":0.4}""",city_to_inner_room,0.85,高能量嘻哈，强劲节奏与自信人声，充满都市活力与野心
黑暗之光,雷光夏,nostalgic;dreamy;melancholic,piano;string;vocal_breath;field_recording,,0.25,0.35,0.3,0.55,0.2,0.5,0.7,zh,1,art_pop,"""{""""deep_night_introspective"""":0.85,""""night_rain_humid"""":0.8,""""evening_city_walk"""":0.75}""",fade_into_inner_space,0.9,雷光夏轻柔的人声与钢琴弦乐交织，带有环境录音的怀旧与梦幻感，适合深夜内省
You Misread Me,Portland,introspective;melancholic;restrained,piano;reverb_heavy;vocal_breath;minimal,,0.25,0.3,0.35,0.4,0.2,0.6,0.75,en,1,indie_folk,"""{""""deep_night_introspective"""":0.85,""""night_rain_humid"""":0.8,""""work_focus_low_vocal"""":0.75}""",fade_into_inner_space,0.85,钢琴与脆弱人声交织，混响厚重，充满内省与克制的忧郁情绪
Silhouette,Aquilo,melancholic;dreamy;nostalgic,piano;soft_synth;reverb_heavy;vocal_breath,,0.3,0.35,0.4,0.45,0.25,0.6,0.7,en,1,indie_pop,"""{""""deep_night_introspective"""":0.85,""""night_rain_humid"""":0.8,""""evening_city_walk"""":0.75}""",fade_into_inner_space,0.85,Aquilo 的梦幻流行风格，钢琴与软合成器交织，人声带着呼吸感，营造出忧郁而怀旧的氛围
618 - Kölsch Mix,Gui Boratto,urban;restless;clear,soft_synth;cold_synth;electric_distant;minimal,,0.6,0.5,0.55,0.35,0.65,0,0.3,instrumental,0,techno,"""{""""evening_city_walk"""":0.85,""""work_focus_low_vocal"""":0.75,""""user_requested_explore"""":0.7}""",city_to_inner_room,0.85,Kölsch混音版，冷调合成器与稳定律动，都市感强烈但情感克制
Sweet Home Alabama,Lynyrd Skynyrd,warm;nostalgic;hopeful,acoustic;electric_distant;vocal_breath,,0.7,0.75,0.65,0.7,0.65,0.8,0.5,en,1,southern_rock,"""{""""morning_clear_light"""":0.7,""""afternoon_warm_idle"""":0.75,""""weekend_slow"""":0.8}""",slow_opening,0.85,经典南方摇滚，温暖的吉他与人声带来怀旧与希望感，能量较高但不过激
Sorekara Epilogue I,Kokuhaku - 梅林茂,introspective;melancholic;restrained,piano;string;cinematic;minimal,,0.15,0.25,0.2,0.35,0.1,0,0.8,instrumental,0,modern_classical,"""{""""work_focus_low_vocal"""":0.9,""""deep_night_introspective"""":0.85,""""night_rain_humid"""":0.8}""",afterglow_fading,0.9,钢琴与弦乐交织的极简配乐，缓慢而克制，充满内省与哀愁
"""Waltz No. 9 in A-Flat Major, Op. 69 No. 1 """"""""Farewell""""""""""",Frédéric Chopin,melancholic;nostalgic;restrained,piano;minimal;cinematic,,0.2,0.4,0.3,0.5,0.3,0,0.8,instrumental,0,classical,"""{""""deep_night_introspective"""":0.85,""""work_focus_low_vocal"""":0.8,""""night_rain_humid"""":0.75}""",slow_opening,0.95,肖邦的告别圆舞曲，钢琴独奏，旋律哀婉而克制，充满怀旧与内省的情感重量
Over the World,Kirk the Flirt,dreamy;urban;restless,soft_synth;reverb_heavy;electric_distant,,0.45,0.5,0.5,0.45,0.5,0,0.5,instrumental,0,synthwave,"""{""""evening_city_walk"""":0.85,""""deep_night_introspective"""":0.8,""""work_focus_low_vocal"""":0.75}""",city_to_inner_room,0.85,梦幻合成器与深远混响营造出都市夜晚的流动感，略带不安的节奏驱动
All The Way Home,WIM,nostalgic;warm;bittersweet,acoustic;string;vocal_breath,,0.4,0.5,0.4,0.6,0.3,0.6,0.65,en,1,indie_folk,"""{""""evening_city_walk"""":0.8,""""weekend_slow"""":0.75,""""morning_clear_light"""":0.7}""",slow_opening,0.85,温暖的木吉他与人声，怀旧中带一丝苦涩，适合安静时刻
Two Strangers,Anna Tivel,melancholic;lonely;restrained,acoustic;vocal_breath;string;minimal,,0.25,0.3,0.3,0.4,0.2,0.6,0.75,en,1,folk,"""{""""deep_night_introspective"""":0.85,""""night_clear_lonely"""":0.8,""""work_focus_low_vocal"""":0.7}""",fade_into_inner_space,0.9,民谣叙事，木吉他与人声克制而忧郁，描绘孤独与疏离感
玫瑰星云 Holy,刘柏辛Lexie,dreamy;urban;bittersweet,soft_synth;cold_synth;vocal_breath;reverb_heavy,,0.55,0.5,0.6,0.4,0.5,0.7,0.6,zh,1,art_pop,"""{""""evening_city_walk"""":0.85,""""deep_night_introspective"""":0.8,""""night_clear_lonely"""":0.75}""",city_to_inner_room,0.85,刘柏辛的电子流行融合梦幻合成器与人声，都市感中带有一丝苦涩与内省
你不是真正的快樂 - Live,五月天,melancholic;bittersweet;restrained,acoustic;vocal_breath;string;cinematic,,0.45,0.4,0.5,0.55,0.35,0.75,0.8,zh,1,mandopop,"""{""""evening_city_walk"""":0.8,""""deep_night_introspective"""":0.75,""""night_rain_humid"""":0.7}""",slow_opening,0.85,五月天现场版，木吉他与人声交织，充满克制中的悲伤与未释放的情感
Far,SZA,introspective;melancholic;restless,soft_synth;reverb_heavy;vocal_breath;electric_distant,,0.35,0.4,0.5,0.45,0.3,0.75,0.7,en,1,r&b,"""{""""deep_night_introspective"""":0.85,""""night_rain_humid"""":0.8,""""evening_city_walk"""":0.75}""",fade_into_inner_space,0.85,SZA 脆弱而内省的人声搭配软合成器和深远混响，营造出疏离而忧郁的夜晚氛围
Bright Horses,Nick Cave & The Bad Seeds,melancholic;introspective;bittersweet,piano;string;vocal_breath;cinematic,,0.25,0.3,0.4,0.45,0.2,0.6,0.85,en,1,art_rock,"""{""""deep_night_introspective"""":0.85,""""night_rain_humid"""":0.8,""""work_focus_low_vocal"""":0.7}""",fade_into_inner_space,0.9,Nick Cave 低沉叙事性人声与钢琴弦乐交织，充满内省与悲怆的怀旧感
Perfect Night (Holiday Remix),LE SSERAFIM,hopeful;warm;urban,soft_synth;lofi_dust;vocal_breath,,0.55,0.6,0.5,0.6,0.5,0.7,0.4,en,1,k_pop,"""{""""evening_city_walk"""":0.8,""""weekend_slow"""":0.75,""""user_requested_explore"""":0.7}""",city_to_inner_room,0.85,Holiday Remix 版本以温暖合成器和轻快节奏营造出都市夜晚的节日氛围，人声清晰而富有希望感
JEALOUSY (feat. Cardi B),Offset,restless;urban;bittersweet,soft_synth;electric_distant;vocal_breath,,0.7,0.6,0.7,0.4,0.7,0.8,0.6,en,1,hip_hop,"""{""""evening_city_walk"""":0.7,""""deep_night_introspective"""":0.6,""""user_requested_explore"""":0.65}""",city_to_inner_room,0.8,Offset 的 trap 节拍与 Cardi B 的强势人声，都市感强烈但带有不安与嫉妒情绪
Angeline,Kishi Bashi,dreamy;nostalgic;hopeful,string;soft_synth;vocal_breath;acoustic,,0.4,0.55,0.45,0.6,0.35,0.6,0.55,en,1,indie_folk,"""{""""morning_clear_light"""":0.8,""""evening_city_walk"""":0.75,""""weekend_slow"""":0.7}""",slow_opening,0.85,Kishi Bashi 的弦乐与假声交织，营造出梦幻而怀旧的温暖氛围，能量适中
Flew a Little Bullfinch Through the Window,red kite,dreamy;misty;detached,ambient_pad;field_recording;minimal;soft_synth,,0.2,0.35,0.25,0.45,0.15,0,0.5,instrumental,0,ambient,"""{""""morning_cloudy_slow"""":0.85,""""work_focus_low_vocal"""":0.8,""""night_clear_lonely"""":0.75}""",soft_focus_work,0.85,轻柔氛围声景，田野录音与软合成器交织，朦胧而疏离
"""Symphony No. 3 in A Minor, Op. 56, MWV N 18 """"""""Schottische"""""""": II. Scherzo. Vivace non troppo - Remastered 2024""",Felix Mendelssohn,restless;clear;hopeful,string;cinematic;acoustic,,0.7,0.75,0.65,0.5,0.8,0,0.4,instrumental,0,classical,"""{""""morning_clear_light"""":0.8,""""afternoon_warm_idle"""":0.7,""""work_focus_low_vocal"""":0.6}""",slow_opening,0.85,门德尔松的谐谑曲，弦乐与木管交织，活泼而明亮，充满古典的清晰与律动
Repetition,Adam Baldych,restrained;melancholic;unresolved,string;minimal;cinematic;reverb_heavy,,0.25,0.3,0.35,0.4,0.2,0,0.75,instrumental,0,modern_classical,"""{""""work_focus_low_vocal"""":0.85,""""deep_night_introspective"""":0.8,""""night_rain_humid"""":0.75}""",afterglow_fading,0.85,弦乐重复乐句营造克制而忧郁的氛围，极简编排与深远混响强化内省感
陪伴,黄雅诗,warm;nostalgic;restrained,piano;string;acoustic,,0.3,0.5,0.4,0.7,0.3,0,0.6,instrumental,0,new_age,"""{""""morning_clear_light"""":0.8,""""afternoon_warm_idle"""":0.75,""""weekend_slow"""":0.7}""",slow_opening,0.85,钢琴与弦乐交织的温暖旋律，怀旧而克制，适合安静陪伴的场景
LA･LA･LA LOVE SONG,久保田利伸,warm;urban;hopeful,soft_synth;jazz_brush;vocal_breath,,0.55,0.6,0.5,0.7,0.6,0.75,0.5,ja,1,j_pop,"""{""""evening_city_walk"""":0.85,""""afternoon_warm_idle"""":0.8,""""weekend_slow"""":0.75}""",city_to_inner_room,0.9,久保田利伸的R&B风格，温暖人声与爵士鼓刷营造出都市感与希望氛围
LONG TIME NO SEE -KR Ver.-,iKON,nostalgic;urban;hopeful,soft_synth;vocal_breath;electric_distant,,0.55,0.5,0.55,0.5,0.5,0.75,0.5,ja,1,k_pop,"""{""""evening_city_walk"""":0.8,""""deep_night_introspective"""":0.7,""""user_requested_explore"""":0.65}""",city_to_inner_room,0.85,iKON的韩语版歌曲，合成器与节奏驱动，带有怀旧与都市感的能量，人声突出
What the Water Gave Me,Florence + The Machine,melancholic;dreamy;bittersweet,string;ambient_pad;vocal_breath;cinematic,,0.4,0.35,0.55,0.4,0.3,0.7,0.75,en,1,art_pop,"""{""""deep_night_introspective"""":0.85,""""night_rain_humid"""":0.8,""""evening_city_walk"""":0.75}""",fade_into_inner_space,0.9,Florence Welch 的磅礴人声与弦乐交织，营造出忧郁而梦幻的水意象氛围
Scream Whole,Methyl Ethel,restless;urban;unresolved,cold_synth;electric_distant;reverb_heavy,,0.6,0.4,0.55,0.3,0.65,0.5,0.6,en,1,art_rock,"""{""""evening_city_walk"""":0.8,""""deep_night_introspective"""":0.75,""""user_requested_explore"""":0.7}""",city_to_inner_room,0.85,冷调合成器与不安的人声交织，都市夜晚的躁动与未解情绪
Bothering,Bayonne,restless;unresolved;melancholic,soft_synth;electric_distant;minimal,,0.45,0.4,0.5,0.35,0.5,0,0.6,instrumental,0,electronic,"""{""""work_focus_low_vocal"""":0.8,""""deep_night_introspective"""":0.75,""""evening_city_walk"""":0.7}""",city_to_inner_room,0.85,电子合成器驱动的器乐作品，带有不安与未解决的紧张感，适合都市夜晚或专注场景
Soldier,跳房子,restless;urban;melancholic,electric_distant;cold_synth;reverb_heavy,,0.55,0.35,0.6,0.3,0.5,0.7,0.7,zh,1,indie_rock,"""{""""evening_city_walk"""":0.8,""""deep_night_introspective"""":0.75,""""night_rain_humid"""":0.7}""",city_to_inner_room,0.85,跳房子的中文独立摇滚，冷调合成器与遥远电吉他营造出都市不安与忧郁氛围
Dreamland,14？,dreamy;misty;restrained,ambient_pad;soft_synth;minimal;reverb_heavy,,0.25,0.3,0.25,0.45,0.15,0,0.5,instrumental,0,ambient,"""{""""work_focus_low_vocal"""":0.85,""""morning_cloudy_slow"""":0.8,""""deep_night_introspective"""":0.75}""",soft_focus_work,0.85,氛围电子作品，软合成器与混响营造出朦胧梦幻的声景，适合低干扰工作或清晨慢节奏
You Should Be Dancing,Bee Gees,restless;urban;hopeful,soft_synth;electric_distant;jazz_brush,,0.8,0.7,0.65,0.55,0.85,0.75,0.3,en,1,disco,"""{""""evening_city_walk"""":0.8,""""weekend_slow"""":0.7,""""user_requested_explore"""":0.75}""",city_to_inner_room,0.85,Bee Gees 经典迪斯科，高能量节奏与假声人声带来都市舞池的欢快律动
Sequoia Sketch,Martin Rude & Jakob Skøtt Duo,introspective;restrained;melancholic,acoustic;minimal;field_recording,,0.2,0.35,0.25,0.45,0.15,0,0.7,instrumental,0,folk_jazz,"""{""""work_focus_low_vocal"""":0.85,""""morning_cloudy_slow"""":0.75,""""deep_night_introspective"""":0.8}""",slow_opening,0.85,原声吉他主导的极简器乐，带有田野录音的自然质感，内省而克制
Sainz de la Maza: Rondeña,Regino Sáinz de la Maza,introspective;restrained;nostalgic,acoustic;minimal;cinematic,,0.2,0.4,0.25,0.5,0.15,0,0.7,instrumental,0,classical_guitar,"""{""""morning_cloudy_slow"""":0.85,""""deep_night_introspective"""":0.8,""""work_focus_low_vocal"""":0.75}""",slow_opening,0.9,古典吉他独奏，音色温暖而克制，带有西班牙民谣的怀旧与内省气质
All I See,Kylie Minogue / MIMS,dreamy;urban;clear,soft_synth;cold_synth;vocal_breath;reverb_heavy,,0.55,0.6,0.55,0.5,0.5,0.75,0.45,en,1,synthpop,"""{""""evening_city_walk"""":0.85,""""deep_night_introspective"""":0.75,""""user_requested_explore"""":0.7}""",city_to_inner_room,0.85,合成器驱动的都市感流行曲，人声清晰带有混响，梦幻而明快
It Will Never Be The Same,Agoria,melancholic;bittersweet;restrained,ambient_pad;soft_synth;reverb_heavy;minimal,,0.25,0.3,0.35,0.4,0.2,0,0.75,instrumental,0,ambient_techno,"""{""""deep_night_introspective"""":0.85,""""night_rain_humid"""":0.8,""""work_focus_low_vocal"""":0.75}""",fade_into_inner_space,0.85,氛围电子作品，缓慢铺展的合成器与深远混响营造出克制而忧郁的声景
Nova Lee,Tiger Lou,introspective;restrained;melancholic,piano;reverb_heavy;vocal_breath;minimal,,0.25,0.3,0.35,0.4,0.2,0.5,0.75,en,1,indie_rock,"""{""""deep_night_introspective"""":0.85,""""night_rain_humid"""":0.8,""""work_focus_low_vocal"""":0.7}""",fade_into_inner_space,0.85,Tiger Lou 的脆弱人声与回响钢琴营造出内省而克制的忧郁氛围
Nonstop,OH MY GIRL,restless;urban;hopeful,soft_synth;electric_distant;vocal_breath,,0.65,0.6,0.55,0.5,0.6,0.75,0.45,ko,1,k_pop,"""{""""evening_city_walk"""":0.7,""""work_focus_low_vocal"""":0.5,""""user_requested_explore"""":0.65}""",city_to_inner_room,0.8,K-pop 舞曲，合成器驱动，节奏明快但带有都市感，人声突出，能量中等偏高
The Refuge of Your Arms,Gill Landry,warm;nostalgic;bittersweet,acoustic;string;vocal_breath,,0.35,0.5,0.4,0.7,0.3,0.6,0.65,en,1,folk,"""{""""evening_city_walk"""":0.8,""""deep_night_introspective"""":0.75,""""weekend_slow"""":0.7}""",slow_opening,0.85,温暖的木吉他与弦乐编排，Gill Landry 低沉嗓音带来怀旧而略带苦涩的拥抱感
浪流連,茄子蛋,nostalgic;urban;bittersweet,acoustic;electric_distant;vocal_breath,,0.55,0.5,0.55,0.6,0.5,0.7,0.65,zh,1,taiwanese_rock,"""{""""evening_city_walk"""":0.85,""""night_clear_lonely"""":0.8,""""deep_night_introspective"""":0.75}""",city_to_inner_room,0.85,台语摇滚，沧桑声线与电吉他交织出都市浪子的怀旧与无奈
Electrocution,Automatic,restless;urban;detached,cold_synth;electric_distant;reverb_heavy,,0.6,0.4,0.55,0.3,0.65,0.5,0.5,en,1,post_punk,"""{""""evening_city_walk"""":0.8,""""deep_night_introspective"""":0.7,""""user_requested_explore"""":0.65}""",city_to_inner_room,0.85,冷峻的合成器与疏离的人声，充满都市不安与机械律动感
小さな恋のうた,Mongol800,warm;hopeful;nostalgic,acoustic;vocal_breath;electric_distant,,0.6,0.65,0.55,0.7,0.6,0.75,0.55,ja,1,j_rock,"""{""""morning_clear_light"""":0.8,""""evening_city_walk"""":0.75,""""weekend_slow"""":0.7}""",slow_opening,0.85,冲绳摇滚乐队Mongol800的经典情歌，温暖的人声与吉他带来怀旧与希望感，能量中等偏高
Most Likely,Dess Dior,urban;restless;hopeful,soft_synth;vocal_breath;electric_distant,,0.6,0.5,0.55,0.45,0.6,0.7,0.5,en,1,r&b,"""{""""evening_city_walk"""":0.8,""""deep_night_introspective"""":0.7,""""user_requested_explore"""":0.75}""",city_to_inner_room,0.85,都市R&B风格，软合成器与人声交织，带有不安与期待的情绪，适合城市夜晚场景
Night Of The Jackal,Cabaret Voltaire,restless;urban;detached,cold_synth;electric_distant;reverb_heavy,,0.6,0.4,0.65,0.3,0.6,0,0.5,instrumental,0,industrial,"""{""""evening_city_walk"""":0.7,""""deep_night_introspective"""":0.65,""""night_clear_lonely"""":0.6}""",city_to_inner_room,0.85,冷峻的合成器与工业节奏，疏离而躁动的都市夜晚声景
"""Breakdown - From """"""""A Brokedown Melody"""""""" Soundtrack""",Jack Johnson,warm;nostalgic;restrained,acoustic;vocal_breath;minimal,,0.3,0.5,0.3,0.7,0.25,0.6,0.55,en,1,acoustic_rock,"""{""""morning_clear_light"""":0.8,""""afternoon_warm_idle"""":0.75,""""weekend_slow"""":0.7}""",slow_opening,0.85,Jack Johnson 的温暖木吉他弹唱，克制而怀旧，适合悠闲的早晨或午后
Stack,Hector Plimmer,restrained;urban;clear,minimal;soft_synth;electric_distant;lofi_dust,,0.35,0.45,0.4,0.5,0.3,0,0.45,instrumental,0,electronic,"""{""""work_focus_low_vocal"""":0.85,""""evening_city_walk"""":0.8,""""deep_night_introspective"""":0.75}""",soft_focus_work,0.85,极简电子节拍与冷调合成器，克制而清晰的都市氛围
Melody,玉置浩二,nostalgic;warm;bittersweet,piano;string;vocal_breath,,0.4,0.5,0.45,0.7,0.3,0.7,0.75,ja,1,j_pop,"""{""""evening_city_walk"""":0.8,""""night_rain_humid"""":0.75,""""deep_night_introspective"""":0.7}""",slow_opening,0.9,玉置浩二温暖而略带沙哑的嗓音，配合钢琴与弦乐，营造出怀旧而略带苦涩的抒情氛围
Magnetic,Aaron Young,urban;restless;bittersweet,soft_synth;electric_distant;reverb_heavy,,0.55,0.5,0.55,0.4,0.5,0.7,0.6,en,1,alternative_rnb,"""{""""evening_city_walk"""":0.8,""""deep_night_introspective"""":0.75,""""work_focus_low_vocal"""":0.7}""",city_to_inner_room,0.85,都市感电子R&B，合成器与混响营造出不安而怀旧的氛围
Cold Chrome Hearts,Gum Takes Tooth,restless;urban;unresolved,electric_distant;cold_synth;reverb_heavy,,0.7,0.4,0.75,0.2,0.65,0.3,0.6,en,1,industrial_rock,"""{""""evening_city_walk"""":0.7,""""deep_night_introspective"""":0.65,""""user_requested_explore"""":0.6}""",city_to_inner_room,0.8,冷峻的工业摇滚，电子失真与城市不安感交织，能量较高但情绪未解
私はあなたの夢を見る,haircuts for men,dreamy;nostalgic;melancholic,soft_synth;lofi_dust;reverb_heavy;vocal_breath,,0.25,0.35,0.3,0.5,0.2,0.3,0.6,ja,1,vaporwave,"""{""""deep_night_introspective"""":0.85,""""night_clear_lonely"""":0.8,""""work_focus_low_vocal"""":0.7}""",fade_into_inner_space,0.85,梦幻的 vaporwave 风格，软合成器与低保真质感交织，怀旧而略带忧郁的人声如同梦境中的低语
Princess Of China  (Live),Coldplay,melancholic;bittersweet;nostalgic,piano;string;vocal_breath;cinematic,,0.45,0.5,0.55,0.5,0.4,0.7,0.65,en,1,alternative_rock,"""{""""evening_city_walk"""":0.8,""""deep_night_introspective"""":0.75,""""work_focus_low_vocal"""":0.7}""",slow_opening,0.85,Coldplay 现场演绎，钢琴与弦乐交织，人声充满怀旧与苦涩的抒情质感
flower,makegumi,dreamy;misty;restrained,ambient_pad;soft_synth;minimal,,0.25,0.35,0.3,0.45,0.2,0,0.5,instrumental,0,ambient,"""{""""morning_cloudy_slow"""":0.85,""""work_focus_low_vocal"""":0.8,""""deep_night_introspective"""":0.75}""",soft_focus_work,0.85,朦胧的氛围声景，软合成器与极简编排营造出梦幻而克制的质感
Mood (Remix),24kGoldn / Justin Bieber / J. Balvin / iann dior,urban;restless;hopeful,soft_synth;vocal_breath;electric_distant,,0.65,0.55,0.6,0.5,0.7,0.8,0.5,en,1,pop_rap,"""{""""evening_city_walk"""":0.8,""""user_requested_explore"""":0.75,""""weekend_slow"""":0.7}""",city_to_inner_room,0.85,流行说唱混音，节奏明快但带都市感，人声层次丰富，能量中等偏上
Offworld Memory 3,Special Request,introspective;melancholic;restrained,minimal;cold_synth;ambient_pad,,0.2,0.3,0.25,0.3,0.15,0,0.7,instrumental,0,ambient_techno,"""{""""deep_night_introspective"""":0.85,""""night_clear_lonely"""":0.8,""""work_focus_low_vocal"""":0.75}""",fade_into_inner_space,0.85,冷调合成器与极简氛围，营造内省而疏离的太空感
"""The Hebrides, Op. 26 (Fingal's Cave)""",Felix Mendelssohn,restrained;melancholic;bittersweet,string;cinematic;minimal,,0.35,0.4,0.5,0.3,0.25,0,0.7,instrumental,0,classical,"""{""""morning_cloudy_slow"""":0.8,""""deep_night_introspective"""":0.75,""""work_focus_low_vocal"""":0.7}""",slow_opening,0.9,门德尔松的序曲，弦乐与木管交织出苏格兰赫布里底群岛的苍凉与壮美，情绪克制而略带忧郁
Prelude 3,Bruce Brubaker,introspective;restrained;melancholic,piano;minimal;reverb_heavy,,0.1,0.25,0.1,0.3,0.05,0,0.8,instrumental,0,modern_classical,"""{""""work_focus_low_vocal"""":0.9,""""deep_night_introspective"""":0.85,""""night_rain_humid"""":0.8}""",slow_opening,0.9,极简钢琴独奏，缓慢而空旷，充满内省与克制的忧郁
Crystal Skies,VXLLAIN / Igres / Enxk,dreamy;misty;restrained,ambient_pad;soft_synth;reverb_heavy;minimal,,0.25,0.35,0.3,0.4,0.2,0,0.5,instrumental,0,ambient,"""{""""work_focus_low_vocal"""":0.85,""""deep_night_introspective"""":0.8,""""morning_cloudy_slow"""":0.75}""",soft_focus_work,0.85,氛围电子作品，软合成器与深远混响营造出梦幻而克制的声景，适合专注或内省场景
さらい屋五葉,MOKA☆,dreamy;nostalgic;restrained,acoustic;string;soft_synth;minimal,,0.25,0.4,0.3,0.55,0.2,0,0.6,instrumental,0,ambient_folk,"""{""""morning_cloudy_slow"""":0.85,""""work_focus_low_vocal"""":0.8,""""evening_city_walk"""":0.75}""",soft_focus_work,0.85,轻柔的木吉他与弦乐交织，带有日式怀旧氛围，克制而梦幻
I Miss You (Remix),白天不亮,nostalgic;warm;dreamy,soft_synth;lofi_dust;ambient_pad;vocal_breath,,0.35,0.45,0.4,0.6,0.3,0.5,0.55,zh,1,lo_fi,"""{""""evening_city_walk"""":0.8,""""work_focus_low_vocal"""":0.75,""""night_clear_lonely"""":0.7}""",rain_on_glass,0.85,温暖的 lo-fi 氛围，软合成器与轻度失真纹理，怀旧而梦幻的人声点缀
Out of This Place II,All at Once,dreamy;restrained;nostalgic,ambient_pad;soft_synth;minimal;reverb_heavy,,0.25,0.4,0.3,0.5,0.2,0,0.6,instrumental,0,ambient,"""{""""work_focus_low_vocal"""":0.85,""""deep_night_introspective"""":0.8,""""morning_cloudy_slow"""":0.75}""",soft_focus_work,0.85,氛围电子作品，软合成器与深远混响营造出克制而怀旧的梦幻声景
Future Metal,BABYMETAL,restless;urban;unresolved,electric_distant;cold_synth;cinematic,,0.85,0.7,0.9,0.2,0.8,0.6,0.5,ja,1,metal,"""{""""evening_city_walk"""":0.5,""""deep_night_introspective"""":0.4,""""user_requested_explore"""":0.6}""",city_to_inner_room,0.85,高速金属节奏与电子元素结合，能量充沛但带有都市疏离感
MATTERS,ionnalee,introspective;melancholic;restrained,cold_synth;vocal_breath;minimal,,0.35,0.3,0.4,0.3,0.25,0.6,0.7,en,1,art_pop,"""{""""deep_night_introspective"""":0.85,""""night_rain_humid"""":0.75,""""work_focus_low_vocal"""":0.7}""",fade_into_inner_space,0.85,冷调合成器与脆弱人声交织，内省而克制，营造深夜沉思氛围
"""Violin Concerto in D Major, Op. 61: I. Allegro ma non troppo (Cadenza: Kreisler)""",Ludwig van Beethoven,restrained;hopeful;clear,string;cinematic;minimal,,0.45,0.6,0.5,0.55,0.4,0,0.7,instrumental,0,classical,"""{""""morning_clear_light"""":0.8,""""work_focus_low_vocal"""":0.75,""""afternoon_warm_idle"""":0.7}""",slow_opening,0.9,贝多芬小提琴协奏曲第一乐章，弦乐主导的古典作品，明亮而克制，充满希望与清晰感
It's All Coming Out,Temples,restless;urban;hopeful,soft_synth;electric_distant;reverb_heavy,,0.6,0.55,0.55,0.4,0.6,0.5,0.5,en,1,psychedelic_rock,"""{""""evening_city_walk"""":0.8,""""user_requested_explore"""":0.75,""""work_focus_low_vocal"""":0.65}""",city_to_inner_room,0.85,迷幻摇滚风格，合成器与混响营造出都市躁动与探索感
Eratik,Calibre,restless;urban;melancholic,soft_synth;electric_distant;reverb_heavy,,0.55,0.45,0.6,0.4,0.6,0,0.5,instrumental,0,drum_and_bass,"""{""""evening_city_walk"""":0.85,""""deep_night_introspective"""":0.75,""""work_focus_low_vocal"""":0.7}""",city_to_inner_room,0.85,Calibre 标志性的深沉鼓打贝斯，电子音色与混响营造出都市夜晚的躁动与忧郁
Two Oceans,Black Swan Lane,introspective;melancholic;restrained,ambient_pad;reverb_heavy;electric_distant;minimal,,0.25,0.3,0.35,0.4,0.2,0,0.7,instrumental,0,ambient,"""{""""deep_night_introspective"""":0.85,""""night_rain_humid"""":0.8,""""work_focus_low_vocal"""":0.75}""",fade_into_inner_space,0.85,氛围铺底与深远混响营造出内省而克制的空间感，如同两片海洋的静谧交汇
心乱如麻 (Live),卫兰,restless;melancholic;unresolved,piano;vocal_breath;string;cinematic,,0.45,0.35,0.5,0.4,0.4,0.75,0.7,zh,1,mandopop,"""{""""deep_night_introspective"""":0.8,""""night_rain_humid"""":0.75,""""evening_city_walk"""":0.7}""",slow_opening,0.85,卫兰现场版以钢琴和弦乐为主，人声充满不安与未解的纠结，能量中等偏低，适合深夜内省场景
Heol,Yann Tiersen,introspective;melancholic;restrained,piano;minimal;cinematic,,0.2,0.3,0.2,0.35,0.1,0,0.8,instrumental,0,modern_classical,"""{""""work_focus_low_vocal"""":0.85,""""deep_night_introspective"""":0.8,""""night_rain_humid"""":0.75}""",slow_opening,0.9,Yann Tiersen 标志性的极简钢琴，缓慢而内省，带有淡淡的忧郁与克制
走马,陈粒,introspective;melancholic;bittersweet,acoustic;vocal_breath;reverb_heavy,,0.35,0.4,0.4,0.5,0.3,0.7,0.65,zh,1,indie_folk,"""{""""deep_night_introspective"""":0.85,""""night_rain_humid"""":0.75,""""work_focus_low_vocal"""":0.7}""",slow_opening,0.85,陈粒独特的声线搭配木吉他，内省而略带苦涩的独立民谣质感
雷克雅未克,麥浚龍,melancholic;nostalgic;bittersweet,piano;string;reverb_heavy;vocal_breath,,0.35,0.4,0.45,0.5,0.3,0.6,0.75,zh,1,cantopop,"""{""""evening_city_walk"""":0.8,""""deep_night_introspective"""":0.85,""""night_rain_humid"""":0.75}""",city_to_inner_room,0.85,麥浚龍的冷冽聲線搭配鋼琴與弦樂，營造出冰島首都的孤寂與懷舊氛圍
The Median,Head Down,introspective;restrained;melancholic,piano;minimal;reverb_heavy,,0.2,0.3,0.25,0.35,0.15,0,0.7,instrumental,0,modern_classical,"""{""""work_focus_low_vocal"""":0.85,""""deep_night_introspective"""":0.8,""""night_rain_humid"""":0.75}""",slow_opening,0.85,极简钢琴与深远混响，克制而内省，适合专注或深夜聆听
Lost in Thoughts,ElyonBeats,dreamy;introspective;melancholic,ambient_pad;lofi_dust;soft_synth;minimal,,0.25,0.35,0.3,0.45,0.2,0,0.6,instrumental,0,lo_fi,"""{""""work_focus_low_vocal"""":0.85,""""deep_night_introspective"""":0.8,""""morning_cloudy_slow"""":0.75}""",soft_focus_work,0.85,lo-fi 氛围作品，软合成器与轻度失真营造出梦幻内省的情绪，适合低能量专注或深夜沉思
Crazy Little Thing Called Love - Remastered 2011,Queen,warm;hopeful;clear,acoustic;jazz_brush;vocal_breath,,0.6,0.7,0.5,0.7,0.6,0.7,0.4,en,1,rockabilly,"""{""""morning_clear_light"""":0.8,""""afternoon_warm_idle"""":0.75,""""weekend_slow"""":0.7}""",slow_opening,0.85,Queen 的摇滚风格融合了摇滚与乡村元素，节奏明快，人声充满活力，带来温暖与希望的感觉
The Self,Rich Aucoin,introspective;hopeful;restrained,piano;soft_synth;vocal_breath;cinematic,,0.35,0.5,0.4,0.55,0.3,0.6,0.65,en,1,indie_pop,"""{""""deep_night_introspective"""":0.85,""""work_focus_low_vocal"""":0.8,""""morning_cloudy_slow"""":0.7}""",slow_opening,0.85,钢琴与柔和合成器铺底，人声克制而充满内省，带有希望感但不过度明亮
Natural Flow,Bindu,warm;dreamy;clear,soft_synth;ambient_pad;lofi_dust,,0.3,0.5,0.35,0.6,0.25,0,0.4,instrumental,0,lo_fi,"""{""""work_focus_low_vocal"""":0.9,""""morning_cloudy_slow"""":0.85,""""afternoon_warm_idle"""":0.8}""",soft_focus_work,0.85,温暖的 lo-fi 氛围，软合成器与轻度失真纹理营造出自然流动的梦幻感
Table for Two,Abel Korzeniowski,introspective;melancholic;restrained,piano;string;cinematic;minimal,,0.2,0.3,0.25,0.4,0.15,0,0.8,instrumental,0,modern_classical,"""{""""work_focus_low_vocal"""":0.85,""""deep_night_introspective"""":0.8,""""night_rain_humid"""":0.75}""",slow_opening,0.9,钢琴与弦乐交织，克制而内省，充满电影感的孤独与沉思
Interplanetary Migration (feat. Mr Ekow),seed.,dreamy;urban;hopeful,soft_synth;ambient_pad;lofi_dust;vocal_breath,,0.4,0.5,0.4,0.55,0.35,0.3,0.5,en,1,lo_fi,"""{""""evening_city_walk"""":0.8,""""work_focus_low_vocal"""":0.75,""""deep_night_introspective"""":0.7}""",city_to_inner_room,0.85,lo-fi 氛围电子，软合成器与轻度失真营造出都市梦幻感，人声低吟增添内省气质
Down,Mat Kearney,introspective;melancholic;restrained,piano;acoustic;vocal_breath,,0.35,0.4,0.4,0.5,0.3,0.6,0.7,en,1,singer_songwriter,"""{""""work_focus_low_vocal"""":0.8,""""deep_night_introspective"""":0.75,""""night_rain_humid"""":0.7}""",slow_opening,0.85,钢琴与木吉他驱动的抒情曲，人声内省而克制，带有淡淡的忧郁与温暖
Kitsch,IVE,urban;restless;clear,soft_synth;cold_synth;electric_distant,,0.7,0.6,0.7,0.4,0.7,0.8,0.4,ko,1,k_pop,"""{""""evening_city_walk"""":0.7,""""user_requested_explore"""":0.65,""""work_focus_low_vocal"""":0.5}""",city_to_inner_room,0.85,IVE的Kitsch以冷感合成器和强烈节奏驱动，充满都市自信与不安分的能量
繁华背后,林海,introspective;melancholic;restrained,piano;string;cinematic;minimal,,0.2,0.3,0.25,0.35,0.15,0,0.8,instrumental,0,modern_classical,"""{""""deep_night_introspective"""":0.9,""""night_rain_humid"""":0.85,""""work_focus_low_vocal"""":0.8}""",afterglow_fading,0.9,林海的钢琴与弦乐交织，内敛而忧伤，如同繁华落尽后的孤独沉思
Be Be Your Love,Rachael Yamagata,warm;bittersweet;nostalgic,piano;vocal_breath;string;acoustic,,0.4,0.5,0.45,0.7,0.35,0.75,0.65,en,1,singer_songwriter,"""{""""evening_city_walk"""":0.8,""""morning_cloudy_slow"""":0.7,""""weekend_slow"""":0.75}""",slow_opening,0.85,Rachael Yamagata 温暖而略带沙哑的嗓音，钢琴与弦乐交织出怀旧又苦涩的抒情氛围
Over The Love,Soundtrack,nostalgic;melancholic;hopeful,string;cinematic;vocal_breath;piano,,0.5,0.5,0.6,0.55,0.4,0.7,0.7,en,1,soundtrack,"""{""""evening_city_walk"""":0.8,""""deep_night_introspective"""":0.75,""""morning_cloudy_slow"""":0.7}""",slow_opening,0.85,电影原声风格，弦乐与钢琴交织，人声充满怀旧与希望感，能量中等
Lonely,Shannon Noll,melancholic;lonely;bittersweet,acoustic;string;vocal_breath,,0.4,0.35,0.5,0.45,0.3,0.7,0.75,en,1,pop_rock,"""{""""evening_city_walk"""":0.8,""""deep_night_introspective"""":0.75,""""night_rain_humid"""":0.7}""",slow_opening,0.85,Shannon Noll 的嗓音带着沙哑的伤感，木吉他与弦乐交织出孤独而苦涩的怀旧情绪
戀我癖 Feat. Jolin Tsai 蔡依林,陈星翰 / 蔡依林,urban;restless;bittersweet,soft_synth;cold_synth;electric_distant;vocal_breath,,0.6,0.5,0.65,0.4,0.6,0.75,0.55,zh,1,electropop,"""{""""evening_city_walk"""":0.8,""""deep_night_introspective"""":0.7,""""user_requested_explore"""":0.65}""",city_to_inner_room,0.85,电子流行曲风，冷调合成器与蔡依林的人声交织，带有都市的躁动与苦涩
月牙湾,F.I.R.,nostalgic;dreamy;bittersweet,acoustic;string;vocal_breath;cinematic,,0.45,0.55,0.5,0.6,0.4,0.7,0.65,zh,1,mandopop,"""{""""evening_city_walk"""":0.8,""""night_clear_lonely"""":0.75,""""weekend_slow"""":0.7}""",slow_opening,0.85,F.I.R. 的经典华语流行，木吉他、弦乐与 Faye 空灵声线交织出怀旧而梦幻的沙漠意象
“The Soong sisters”main title,喜多郎,introspective;melancholic;restrained,string;cinematic;minimal;ambient_pad,,0.2,0.35,0.3,0.4,0.1,0,0.8,instrumental,0,new_age,"""{""""work_focus_low_vocal"""":0.85,""""deep_night_introspective"""":0.8,""""morning_cloudy_slow"""":0.75}""",slow_opening,0.9,喜多郎标志性的弦乐与氛围铺底，电影配乐式的内省与克制，能量极低但情感厚重
The End of the World,Skeeter Davis,melancholic;nostalgic;bittersweet,acoustic;string;vocal_breath,,0.3,0.35,0.4,0.45,0.2,0.6,0.75,en,1,country_pop,"""{""""deep_night_introspective"""":0.85,""""night_rain_humid"""":0.8,""""evening_city_walk"""":0.75}""",afterglow_fading,0.9,经典乡村流行，Skeeter Davis 清澈而哀伤的声线搭配弦乐，营造出世界末日的怀旧与苦涩
Hrs and Hrs,Muni Long,sensual;warm;dreamy,soft_synth;vocal_breath;reverb_heavy,,0.4,0.5,0.45,0.65,0.4,0.8,0.6,en,1,contemporary_r&b,"""{""""evening_city_walk"""":0.8,""""deep_night_introspective"""":0.75,""""user_requested_explore"""":0.7}""",city_to_inner_room,0.85,Muni Long 的性感声线与软合成器营造出温暖梦幻的 R&B 氛围，适合夜晚私密场景
"""Five Variants of """"""""Dives and Lazarus""""""""""",Ralph Vaughan Williams,introspective;melancholic;restrained,string;cinematic;minimal,,0.2,0.35,0.3,0.5,0.15,0,0.75,instrumental,0,classical,"""{""""work_focus_low_vocal"""":0.85,""""deep_night_introspective"""":0.8,""""morning_cloudy_slow"""":0.75}""",slow_opening,0.9,英国民谣主题变奏，弦乐织体内敛而深沉，带有怀旧与克制的情绪
EARFQUAKE,"""Tyler, The Creator""",restless;urban;bittersweet,soft_synth;vocal_breath;electric_distant;reverb_heavy,,0.6,0.55,0.65,0.5,0.7,0.8,0.6,en,1,alternative_r&b,"""{""""evening_city_walk"""":0.85,""""deep_night_introspective"""":0.8,""""user_requested_explore"""":0.75}""",city_to_inner_room,0.85,Tyler 的脆弱人声与软合成器交织，都市感中带着不安与苦涩的甜蜜
Simple Gifts,Pierson-Young Project,warm;hopeful;clear,acoustic;string;jazz_brush,,0.35,0.6,0.4,0.7,0.3,0,0.45,instrumental,0,jazz,"""{""""morning_clear_light"""":0.85,""""afternoon_warm_idle"""":0.8,""""work_focus_low_vocal"""":0.75}""",soft_focus_work,0.85,温暖的木吉他、弦乐与爵士刷鼓，营造明亮而宁静的器乐氛围
CRAZY,LE SSERAFIM,restless;urban;bittersweet,soft_synth;electric_distant;vocal_breath,,0.65,0.55,0.65,0.45,0.7,0.8,0.55,en,1,k_pop,"""{""""evening_city_walk"""":0.8,""""deep_night_introspective"""":0.7,""""user_requested_explore"""":0.75}""",city_to_inner_room,0.85,K-pop 舞曲，合成器与鼓点驱动，充满都市躁动与不羁感
light & dark (lee coombs club remix),Lee Coombs,restless;urban;unresolved,cold_synth;electric_distant;reverb_heavy,,0.7,0.4,0.7,0.3,0.8,0,0.5,instrumental,0,electronic,"""{""""evening_city_walk"""":0.8,""""deep_night_introspective"""":0.7,""""user_requested_explore"""":0.75}""",city_to_inner_room,0.85,Lee Coombs 的俱乐部混音版，冷合成器与强劲律动营造出都市夜晚的不安与张力
魔神の笛のテーマ <オリジナル・ヴァージョン>,西浦智仁,restrained;melancholic;unresolved,piano;minimal;reverb_heavy;cinematic,,0.2,0.25,0.2,0.3,0.1,0,0.8,instrumental,0,modern_classical,"""{""""deep_night_introspective"""":0.85,""""night_rain_humid"""":0.8,""""work_focus_low_vocal"""":0.75}""",slow_opening,0.9,钢琴独奏，缓慢而克制，充满悬而未决的忧郁与内省，如同魔神笛声的孤独回响
Nothing Like Us,Justin Bieber,melancholic;lonely;bittersweet,piano;vocal_breath;string,,0.35,0.3,0.4,0.35,0.25,0.75,0.8,en,1,pop,"""{""""deep_night_introspective"""":0.85,""""night_rain_humid"""":0.8,""""work_focus_low_vocal"""":0.7}""",slow_opening,0.85,钢琴主导的抒情流行，Justin Bieber 脆弱人声传递出分手后的孤独与苦涩
筝鸣(Zither Flow),RADI8 / JuggShots_RADI8 / Reggie Yang,introspective;dreamy;restrained,piano;ambient_pad;cinematic;minimal,,0.25,0.35,0.3,0.4,0.2,0,0.7,instrumental,0,ambient,"""{""""work_focus_low_vocal"""":0.85,""""deep_night_introspective"""":0.8,""""night_rain_humid"""":0.75}""",slow_opening,0.85,以古筝音色为基底，结合氛围电子元素，营造出内省而梦幻的宁静空间
Teardrop: Adage,Andrew Holdsworth,melancholic;introspective;restrained,piano;cinematic;string;minimal,,0.15,0.25,0.2,0.35,0.1,0,0.8,instrumental,0,modern_classical,"""{""""work_focus_low_vocal"""":0.85,""""deep_night_introspective"""":0.8,""""night_rain_humid"""":0.75}""",slow_opening,0.9,缓慢的钢琴与弦乐交织，充满克制与内省的悲伤，能量极低
Good Bye Baby,miss A,nostalgic;bittersweet;restrained,soft_synth;vocal_breath;electric_distant,,0.45,0.5,0.5,0.55,0.4,0.7,0.6,ko,1,k_pop,"""{""""evening_city_walk"""":0.8,""""deep_night_introspective"""":0.75,""""night_clear_lonely"""":0.7}""",city_to_inner_room,0.85,miss A 的告别曲，合成器与细腻人声交织，怀旧中带着克制的伤感
Male Tears,Physical Therapy,urban;restless;melancholic,cold_synth;electric_distant;reverb_heavy,,0.6,0.35,0.55,0.3,0.5,0,0.65,instrumental,0,electronic,"""{""""evening_city_walk"""":0.8,""""deep_night_introspective"""":0.75,""""night_clear_lonely"""":0.7}""",city_to_inner_room,0.85,冷调合成器与深远混响，营造出都市夜晚的躁动与疏离感
Jellyfish Acid,Lake Haze,dreamy;misty;restless,ambient_pad;soft_synth;lofi_dust;field_recording,,0.25,0.35,0.3,0.4,0.2,0,0.45,instrumental,0,ambient,"""{""""work_focus_low_vocal"""":0.85,""""morning_cloudy_slow"""":0.8,""""deep_night_introspective"""":0.75}""",soft_focus_work,0.85,迷幻氛围电子，软合成器与现场录音营造出朦胧而略带不安的梦境感
"""Kinderszenen, Op. 15: VII. Träumerei""",Robert Schumann,introspective;dreamy;nostalgic,piano;minimal;cinematic,,0.15,0.4,0.2,0.5,0.1,0,0.75,instrumental,0,classical,"""{""""work_focus_low_vocal"""":0.9,""""deep_night_introspective"""":0.85,""""morning_cloudy_slow"""":0.8}""",slow_opening,0.95,舒曼钢琴独奏，柔和而内省，如梦境般怀旧，能量极低但情感厚重
"""Maniac - From """"""""Flashdance""""""""""",Michael Sembello,restless;urban;hopeful,soft_synth;electric_distant;reverb_heavy,,0.7,0.65,0.6,0.5,0.7,0.7,0.5,en,1,synthpop,"""{""""evening_city_walk"""":0.8,""""work_focus_low_vocal"""":0.6,""""user_requested_explore"""":0.7}""",city_to_inner_room,0.85,80年代合成器流行经典，强劲节拍与高能量人声，充满都市躁动与希望感
Trust Me With This (Mama),Pamungkas,warm;nostalgic;hopeful,acoustic;vocal_breath;string;soft_synth,,0.45,0.55,0.5,0.7,0.4,0.75,0.65,en,1,indie_pop,"""{""""morning_clear_light"""":0.8,""""afternoon_warm_idle"""":0.75,""""weekend_slow"""":0.7}""",slow_opening,0.85,温暖的木吉他与人声，怀旧中带着希望，适合悠闲的午后或清晨
Ride,HYBS,warm;dreamy;urban,soft_synth;acoustic;vocal_breath,,0.45,0.55,0.4,0.65,0.5,0.6,0.45,en,1,indie_pop,"""{""""evening_city_walk"""":0.85,""""afternoon_warm_idle"""":0.8,""""weekend_slow"""":0.75}""",city_to_inner_room,0.85,温暖慵懒的独立流行，软合成器与木吉他交织，适合城市漫步或午后闲适时光
Blackout,Bria Skonberg,restless;urban;bittersweet,jazz_brush;acoustic;vocal_breath;electric_distant,,0.45,0.5,0.5,0.55,0.5,0.6,0.6,en,1,jazz,"""{""""evening_city_walk"""":0.8,""""night_clear_lonely"""":0.75,""""work_focus_low_vocal"""":0.7}""",city_to_inner_room,0.85,爵士小号与人声交织，带有都市夜晚的躁动与怀旧感
Hidden Flows,City of the Lost,introspective;melancholic;restrained,ambient_pad;minimal;reverb_heavy;cold_synth,,0.2,0.3,0.25,0.3,0.15,0,0.7,instrumental,0,ambient,"""{""""deep_night_introspective"""":0.85,""""night_rain_humid"""":0.8,""""work_focus_low_vocal"""":0.75}""",fade_into_inner_space,0.85,冷调氛围合成器与深远混响，营造内省而克制的沉浸声景
過敏,楊丞琳,melancholic;bittersweet;nostalgic,piano;string;vocal_breath,,0.4,0.45,0.5,0.55,0.35,0.7,0.65,zh,1,mandopop,"""{""""evening_city_walk"""":0.8,""""night_clear_lonely"""":0.75,""""weekend_slow"""":0.7}""",slow_opening,0.85,杨丞琳的抒情流行，钢琴与弦乐交织，表达失恋后的苦涩与怀念，能量中等偏低
新造的人,鄭宜農,hopeful;warm;clear,acoustic;vocal_breath;string,,0.45,0.6,0.4,0.7,0.35,0.7,0.55,zh,1,indie_folk,"""{""""morning_clear_light"""":0.8,""""afternoon_warm_idle"""":0.75,""""weekend_slow"""":0.7}""",slow_opening,0.85,溫暖的木吉他與人聲，充滿希望與清晰的質感，適合清晨或午後的寧靜時光
年輪（電視劇《花千骨》插曲）,張碧晨,nostalgic;melancholic;bittersweet,piano;string;vocal_breath,,0.4,0.45,0.5,0.55,0.3,0.7,0.75,zh,1,mandopop,"""{""""evening_city_walk"""":0.8,""""night_rain_humid"""":0.75,""""deep_night_introspective"""":0.7}""",slow_opening,0.85,古风抒情，钢琴与弦乐铺垫，张碧晨的声线充满怀旧与淡淡的哀愁
Manha de Carnaval,Antônio Carlos Jobim,warm;nostalgic;bittersweet,acoustic;string;jazz_brush,,0.3,0.6,0.4,0.7,0.3,0,0.6,instrumental,0,bossa_nova,"""{""""morning_clear_light"""":0.85,""""afternoon_warm_idle"""":0.8,""""evening_city_walk"""":0.75}""",slow_opening,0.9,Jobim 的经典 bossa nova，尼龙弦吉他搭配弦乐与爵士刷，温暖怀旧中带一丝惆怅
（笑）,太一,introspective;melancholic;restrained,piano;minimal;reverb_heavy,,0.25,0.3,0.3,0.35,0.2,0.6,0.75,zh,1,art_pop,"""{""""deep_night_introspective"""":0.85,""""night_rain_humid"""":0.8,""""work_focus_low_vocal"""":0.7}""",fade_into_inner_space,0.85,太一的声线带着内敛的忧郁，钢琴与混响营造出克制而深邃的氛围
I Want Your Love,Chic Orchestra,warm;hopeful;sensual,soft_synth;string;jazz_brush;vocal_breath,,0.6,0.7,0.55,0.7,0.65,0.75,0.5,en,1,disco,"""{""""evening_city_walk"""":0.85,""""weekend_slow"""":0.8,""""user_requested_explore"""":0.75}""",city_to_inner_room,0.85,Chic Orchestra 的经典迪斯科，温暖弦乐与律动节奏交织，充满希望与性感氛围
嫉妒,陳綺貞,introspective;restrained;bittersweet,acoustic;vocal_breath;string,,0.35,0.4,0.4,0.5,0.3,0.65,0.7,zh,1,singer_songwriter,"""{""""deep_night_introspective"""":0.85,""""evening_city_walk"""":0.75,""""work_focus_low_vocal"""":0.7}""",slow_opening,0.85,陳綺貞的民谣风格，木吉他与人声交织，内省而略带苦涩的情感表达
Concerto pour deux voix,Saint-Preux,dreamy;melancholic;restrained,vocal_breath;string;cinematic;minimal,,0.25,0.4,0.35,0.5,0.2,0.85,0.7,instrumental,1,new_age,"""{""""deep_night_introspective"""":0.85,""""night_clear_lonely"""":0.8,""""work_focus_low_vocal"""":0.7}""",fade_into_inner_space,0.9,无词人声与弦乐交织，空灵而克制，带有梦幻与忧郁的古典氛围
"""Approaching the Beast (From """"Fire of Love""""/Score)""",Nicolas Godin,restrained;melancholic;unresolved,piano;cinematic;minimal;reverb_heavy,,0.2,0.3,0.25,0.35,0.15,0,0.8,instrumental,0,modern_classical,"""{""""work_focus_low_vocal"""":0.85,""""deep_night_introspective"""":0.8,""""night_rain_humid"""":0.75}""",slow_opening,0.9,电影配乐风格，克制而悬疑的钢琴与深远混响，营造未解决的紧张感
Being Here (So Confusing),The Shadow Project,introspective;restrained;unresolved,piano;reverb_heavy;minimal;ambient_pad,,0.25,0.3,0.35,0.4,0.2,0,0.7,instrumental,0,ambient,"""{""""deep_night_introspective"""":0.85,""""work_focus_low_vocal"""":0.8,""""night_rain_humid"""":0.75}""",fade_into_inner_space,0.85,极简钢琴与深远混响，营造内省而悬而未决的氛围，适合深夜独处或专注工作
What If,Five For Fighting,introspective;melancholic;hopeful,piano;string;vocal_breath,,0.35,0.4,0.4,0.5,0.3,0.6,0.7,en,1,piano_rock,"""{""""deep_night_introspective"""":0.85,""""evening_city_walk"""":0.75,""""work_focus_low_vocal"""":0.7}""",slow_opening,0.85,钢琴驱动的抒情摇滚，内省而略带忧伤的歌词与温暖的人声交织，营造出希望与怀旧并存的氛围
"""Piano Concerto No. 5 in E-Flat Major, Op. 73 """"""""Emperor"""""""": II. Adagio un poco mosso - Live at Konzerthaus Berlin / 2018""",Ludwig van Beethoven,introspective;restrained;melancholic,piano;string;cinematic;minimal,,0.15,0.35,0.25,0.45,0.1,0,0.8,instrumental,0,classical,"""{""""deep_night_introspective"""":0.9,""""work_focus_low_vocal"""":0.85,""""night_rain_humid"""":0.8}""",slow_opening,0.95,贝多芬第五钢琴协奏曲的慢板乐章，钢琴与弦乐交织，缓慢而内省，充满古典的克制与深沉情感
"""Violin Concerto No. 1 in G minor, Op. 26: 1. Vorspiel (Allegro moderato)""",Max Bruch,restrained;melancholic;unresolved,string;cinematic;minimal,,0.4,0.4,0.5,0.35,0.3,0,0.7,instrumental,0,classical,"""{""""work_focus_low_vocal"""":0.8,""""deep_night_introspective"""":0.7,""""night_rain_humid"""":0.65}""",slow_opening,0.85,布鲁赫G小调小提琴协奏曲开篇，弦乐主导，情感克制而略带忧郁，能量中等偏弱
Walk Across The Water,The Black Keys,restless;urban;bittersweet,electric_distant;reverb_heavy;grainy,,0.6,0.45,0.55,0.4,0.5,0.6,0.65,en,1,blues_rock,"""{""""evening_city_walk"""":0.8,""""deep_night_introspective"""":0.7,""""user_requested_explore"""":0.65}""",city_to_inner_room,0.85,粗粝的吉他音色与低沉人声，带有都市不安与苦涩的蓝调摇滚质感
Everyone Sang,The Unthanks,nostalgic;bittersweet;hopeful,acoustic;string;vocal_breath;cinematic,,0.4,0.5,0.45,0.6,0.3,0.7,0.65,en,1,folk,"""{""""evening_city_walk"""":0.8,""""morning_cloudy_slow"""":0.75,""""weekend_slow"""":0.7}""",slow_opening,0.85,The Unthanks 的民谣演绎，木吉他与人声交织，怀旧中带着一丝苦涩与希望
恋におちたら,Crystal Kay,warm;hopeful;bittersweet,piano;string;vocal_breath;soft_synth,,0.45,0.55,0.5,0.65,0.4,0.7,0.6,ja,1,j_pop,"""{""""evening_city_walk"""":0.8,""""weekend_slow"""":0.75,""""morning_clear_light"""":0.7}""",slow_opening,0.85,Crystal Kay 温暖而略带沙哑的声线，钢琴与弦乐交织出怀旧与希望并存的日式抒情
Afterglow,Flores,warm;nostalgic;hopeful,acoustic;vocal_breath;string;soft_synth,,0.4,0.55,0.45,0.7,0.35,0.6,0.55,en,1,indie_folk,"""{""""evening_city_walk"""":0.8,""""morning_clear_light"""":0.7,""""weekend_slow"""":0.75}""",afterglow_fading,0.85,温暖的原声吉他与人声，怀旧中带着希望，适合黄昏或清晨的柔和氛围
21 Guns,Green Day,restless;melancholic;bittersweet,acoustic;electric_distant;cinematic,,0.6,0.45,0.55,0.4,0.5,0.7,0.75,en,1,alternative_rock,"""{""""evening_city_walk"""":0.7,""""deep_night_introspective"""":0.75,""""night_clear_lonely"""":0.65}""",city_to_inner_room,0.85,Green Day 的另类摇滚，原声吉他开场后加入电声，充满不安与怀旧的矛盾情绪
The Distance Speaks,Daycast,introspective;melancholic;restrained,piano;reverb_heavy;minimal,,0.2,0.3,0.25,0.35,0.15,0,0.75,instrumental,0,modern_classical,"""{""""deep_night_introspective"""":0.9,""""work_focus_low_vocal"""":0.85,""""night_rain_humid"""":0.8}""",afterglow_fading,0.9,极简钢琴与深远混响，营造出内省而克制的孤独氛围
Francisca,John Turville,introspective;melancholic;restrained,piano;minimal;cinematic,,0.15,0.3,0.2,0.35,0.1,0,0.75,instrumental,0,modern_classical,"""{""""work_focus_low_vocal"""":0.85,""""deep_night_introspective"""":0.8,""""night_rain_humid"""":0.75}""",slow_opening,0.9,钢琴独奏，缓慢而内省，带有古典的克制与忧郁
Animal Estate (feat. Yorgia Karidi),Jay Glass Dubs,detached;restrained;urban,cold_synth;reverb_heavy;minimal;field_recording,,0.25,0.3,0.35,0.2,0.2,0.3,0.6,en,1,experimental_dub,"""{""""deep_night_introspective"""":0.85,""""night_rain_humid"""":0.8,""""work_focus_low_vocal"""":0.7}""",fade_into_inner_space,0.85,冷调合成器与稀疏人声，带有实验性 dub 的疏离感和城市氛围
If You're Over Me,Olly Alexander (Years & Years),urban;restless;hopeful,soft_synth;cold_synth;vocal_breath,,0.6,0.55,0.6,0.45,0.65,0.75,0.5,en,1,synthpop,"""{""""evening_city_walk"""":0.8,""""deep_night_introspective"""":0.7,""""user_requested_explore"""":0.65}""",city_to_inner_room,0.85,合成器驱动的流行曲，节奏明快但带有都市疏离感，人声突出
Stranger Under My Skin,陈奕迅,introspective;melancholic;restrained,piano;string;vocal_breath,,0.35,0.4,0.45,0.5,0.3,0.65,0.75,zh,1,mandopop,"""{""""deep_night_introspective"""":0.85,""""night_rain_humid"""":0.8,""""evening_city_walk"""":0.75}""",slow_opening,0.9,陈奕迅内敛的声线搭配钢琴与弦乐，营造出克制而深沉的自我审视氛围
Tie In,Recondite,detached;restrained;melancholic,minimal;cold_synth;ambient_pad,,0.2,0.25,0.2,0.2,0.1,0,0.7,instrumental,0,techno,"""{""""work_focus_low_vocal"""":0.85,""""deep_night_introspective"""":0.8,""""night_rain_humid"""":0.75}""",afterglow_fading,0.9,极简冷调电子，重复的合成器纹理营造出克制而疏离的深夜氛围
Sober Life,GALI,introspective;restrained;urban,soft_synth;lofi_dust;vocal_breath;electric_distant,,0.4,0.4,0.5,0.45,0.45,0.6,0.6,zh,1,hip_hop,"""{""""evening_city_walk"""":0.8,""""deep_night_introspective"""":0.75,""""work_focus_low_vocal"""":0.7}""",city_to_inner_room,0.85,GALI 的克制说唱搭配软合成器与 lo-fi 质感，营造出都市内省氛围
少一点天分,孙盛希,nostalgic;bittersweet;restrained,piano;vocal_breath;string,,0.4,0.45,0.4,0.55,0.35,0.7,0.7,zh,1,mandopop,"""{""""evening_city_walk"""":0.8,""""weekend_slow"""":0.7,""""night_rain_humid"""":0.75}""",slow_opening,0.85,孙盛希细腻的声线搭配钢琴和弦乐，营造出克制而怀旧的抒情氛围，略带苦涩的遗憾感
Exit Scott (interlude),Solange,introspective;restrained;melancholic,minimal;ambient_pad;vocal_breath,,0.2,0.3,0.25,0.35,0.15,0.4,0.7,en,1,art_pop,"""{""""deep_night_introspective"""":0.85,""""work_focus_low_vocal"""":0.8,""""night_rain_humid"""":0.75}""",fade_into_inner_space,0.85,极简的间奏曲，Solange 的轻声吟唱与氛围铺垫营造出内省而克制的情绪空间
SMARTPHONE,YENA,urban;restless;hopeful,soft_synth;electric_distant;vocal_breath,,0.6,0.65,0.55,0.5,0.6,0.75,0.45,ko,1,k_pop,"""{""""evening_city_walk"""":0.8,""""user_requested_explore"""":0.75,""""work_focus_low_vocal"""":0.65}""",city_to_inner_room,0.85,K-pop 曲目，合成器与节奏驱动，带有都市感和不安中的希望
T 3.6,Carter Tutti Void,restless;detached;urban,cold_synth;electric_distant;minimal,,0.6,0.4,0.7,0.2,0.65,0,0.5,instrumental,0,industrial_techno,"""{""""evening_city_walk"""":0.8,""""deep_night_introspective"""":0.7,""""work_focus_low_vocal"""":0.6}""",city_to_inner_room,0.85,冷调合成器与机械节奏，营造都市夜晚的疏离与不安感
潮騒,遠TONE音,nostalgic;warm;melancholic,acoustic;string;field_recording;reverb_heavy,,0.25,0.4,0.35,0.6,0.2,0,0.7,instrumental,0,ambient,"""{""""evening_city_walk"""":0.85,""""night_rain_humid"""":0.8,""""deep_night_introspective"""":0.75}""",rain_on_glass,0.85,原声吉他与弦乐交织，海浪般的田野录音营造出怀旧而温暖的氛围
Mercier,Death and Vanilla,dreamy;misty;restrained,ambient_pad;cold_synth;reverb_heavy;minimal,,0.25,0.3,0.35,0.3,0.2,0,0.6,instrumental,0,dream_pop,"""{""""deep_night_introspective"""":0.85,""""night_rain_humid"""":0.8,""""work_focus_low_vocal"""":0.75}""",fade_into_inner_space,0.85,冷调合成器与深远混响营造出梦幻而克制的氛围，如同在迷雾中漂浮
Ocean (Special Edition),阿克江Akin,dreamy;warm;nostalgic,soft_synth;vocal_breath;reverb_heavy;ambient_pad,,0.35,0.5,0.4,0.6,0.3,0.7,0.55,zh,1,alternative_rnb,"""{""""evening_city_walk"""":0.8,""""deep_night_introspective"""":0.75,""""night_clear_lonely"""":0.7}""",city_to_inner_room,0.85,阿克江Akin的迷幻声线搭配软合成器和氛围铺底，营造出温暖怀旧的都市夜晚氛围
青春 (MOOV Live 2013),陈珊妮,nostalgic;bittersweet;restrained,acoustic;vocal_breath;minimal,,0.35,0.4,0.35,0.5,0.3,0.6,0.7,zh,1,indie_pop,"""{""""evening_city_walk"""":0.8,""""deep_night_introspective"""":0.75,""""work_focus_low_vocal"""":0.7}""",slow_opening,0.85,陈珊妮现场演绎的青春主题，木吉他与人声交织，克制中带着怀旧与苦涩
Feel My Rhythm,Red Velvet,dreamy;nostalgic;hopeful,soft_synth;string;vocal_breath,,0.6,0.7,0.55,0.6,0.65,0.75,0.5,ko,1,k_pop,"""{""""morning_clear_light"""":0.7,""""evening_city_walk"""":0.75,""""weekend_slow"""":0.65}""",slow_opening,0.85,梦幻的合成器与弦乐交织，Red Velvet 的人声带来怀旧而充满希望的 K-pop 质感
變成陌生人,王心凌,melancholic;bittersweet;restrained,piano;string;vocal_breath,,0.35,0.4,0.45,0.5,0.3,0.7,0.75,zh,1,mandopop,"""{""""evening_city_walk"""":0.8,""""deep_night_introspective"""":0.75,""""night_rain_humid"""":0.7}""",slow_opening,0.85,钢琴与弦乐铺垫的抒情慢歌，王心凌克制的人声传递出分手后的苦涩与内敛
Lip Service,Róisín Murphy,urban;restless;sensual,soft_synth;cold_synth;vocal_breath;electric_distant,,0.6,0.55,0.65,0.4,0.65,0.75,0.5,en,1,art_pop,"""{""""evening_city_walk"""":0.85,""""deep_night_introspective"""":0.75,""""user_requested_explore"""":0.7}""",city_to_inner_room,0.85,都市感电子流行，冷合成器与性感人声交织，节奏驱动但带有内省张力
向阳花,谢天笑,restless;melancholic;bittersweet,acoustic;electric_distant;reverb_heavy,,0.6,0.4,0.65,0.5,0.55,0.7,0.75,zh,1,chinese_rock,"""{""""evening_city_walk"""":0.7,""""deep_night_introspective"""":0.75,""""night_rain_humid"""":0.65}""",city_to_inner_room,0.85,谢天笑标志性的中国摇滚，木吉他扫弦与失真电吉他交织，充满不安与苦涩的张力
Eagle Birds,The Black Keys,restless;urban;unresolved,electric_distant;grainy;reverb_heavy,,0.7,0.6,0.65,0.55,0.7,0.6,0.5,en,1,garage_rock,"""{""""evening_city_walk"""":0.75,""""user_requested_explore"""":0.7,""""night_clear_lonely"""":0.65}""",city_to_inner_room,0.85,粗粝的吉他失真与鼓点驱动，充满都市躁动与未解的能量
Plant Memory,Huerta,introspective;melancholic;restrained,piano;minimal;ambient_pad,,0.15,0.3,0.2,0.35,0.1,0,0.75,instrumental,0,modern_classical,"""{""""work_focus_low_vocal"""":0.85,""""deep_night_introspective"""":0.8,""""night_rain_humid"""":0.75}""",slow_opening,0.9,极简钢琴与氛围铺垫，内省而克制，如同植物记忆般静谧
Attimo,Andrea,introspective;melancholic;restrained,piano;minimal;reverb_heavy,,0.15,0.3,0.2,0.35,0.1,0,0.8,instrumental,0,modern_classical,"""{""""work_focus_low_vocal"""":0.85,""""deep_night_introspective"""":0.9,""""night_rain_humid"""":0.75}""",slow_opening,0.9,极简钢琴独奏，缓慢而空旷，充满内省与克制的情感重量
Lose Control (feat. Ciara & Fat Man Scoop),Missy Elliott,restless;urban;hopeful,electric_distant;soft_synth;vocal_breath,mainstream_anthem;generic_radio_pop,0.8,0.7,0.75,0.5,0.85,0.9,0.4,en,1,hip_hop,"""{""""evening_city_walk"""":0.55,""""user_requested_explore"""":0.5,""""work_focus_low_vocal"""":0.3}""",city_to_inner_room,0.8,高能量嘻哈舞曲，强劲节奏和人声主导，都市感强烈但略显主流
Scooch,K. Michelle,urban;restless;bittersweet,soft_synth;vocal_breath;electric_distant,,0.55,0.5,0.55,0.5,0.5,0.75,0.6,en,1,r&b,"""{""""evening_city_walk"""":0.8,""""deep_night_introspective"""":0.75,""""user_requested_explore"""":0.7}""",city_to_inner_room,0.85,K. Michelle 的 R&B 风格，合成器与人声交织，带有都市不安与怀旧感
Light It Up - Remix,Major Lazer,restless;urban;hopeful,electric_distant;soft_synth;reverb_heavy,,0.7,0.6,0.65,0.5,0.75,0.8,0.4,en,1,electronic_dance,"""{""""evening_city_walk"""":0.85,""""user_requested_explore"""":0.8,""""weekend_slow"""":0.7}""",city_to_inner_room,0.85,高能量电子舞曲，重低音和合成器营造出都市夜晚的躁动与期待
Then Comes The Night,Mats Eilertsen,introspective;melancholic;restrained,piano;string;minimal;ambient_pad,,0.2,0.3,0.25,0.4,0.15,0,0.75,instrumental,0,modern_classical,"""{""""deep_night_introspective"""":0.85,""""night_rain_humid"""":0.8,""""work_focus_low_vocal"""":0.75}""",afterglow_fading,0.9,极简钢琴与弦乐交织，冷调氛围铺底，营造出内省而克制的夜晚情绪
Filthy Freaks (Radio Edit),BONES UK,restless;urban;unresolved,electric_distant;cold_synth;reverb_heavy,,0.7,0.4,0.7,0.3,0.65,0.8,0.6,en,1,alternative_rock,"""{""""evening_city_walk"""":0.6,""""deep_night_introspective"""":0.55,""""user_requested_explore"""":0.5}""",city_to_inner_room,0.8,充满不安与都市感的电子摇滚，冷合成器与失真人声营造出未解决的紧张氛围
You're Somebody Else,flora cash,melancholic;introspective;restrained,acoustic;string;vocal_breath;reverb_heavy,,0.35,0.4,0.45,0.5,0.3,0.6,0.75,en,1,indie_folk,"""{""""deep_night_introspective"""":0.85,""""night_rain_humid"""":0.8,""""work_focus_low_vocal"""":0.7}""",fade_into_inner_space,0.9,木吉他与人声交织，混响深远，营造出内省而忧郁的夜晚氛围
You Are the Light - Edit,Hot Since 82,urban;hopeful;restless,soft_synth;reverb_heavy;electric_distant,,0.65,0.55,0.6,0.5,0.7,0,0.45,instrumental,0,deep_house,"""{""""evening_city_walk"""":0.85,""""deep_night_introspective"""":0.75,""""user_requested_explore"""":0.7}""",city_to_inner_room,0.85,深浩室风格，合成器与混响营造都市律动感，能量中等偏高，适合夜晚城市漫步
Introduction And Rondo Capriccioso,Violin for Anne Rice,restrained;melancholic;bittersweet,string;cinematic;minimal,,0.25,0.4,0.35,0.3,0.2,0,0.7,instrumental,0,classical,"""{""""work_focus_low_vocal"""":0.8,""""deep_night_introspective"""":0.75,""""night_rain_humid"""":0.7}""",slow_opening,0.85,小提琴主导的古典作品，旋律克制而略带忧郁，适合内省场景
Grand Piano,Emil Brandqvist,introspective;melancholic;restrained,piano;minimal;cinematic,,0.15,0.3,0.2,0.35,0.1,0,0.8,instrumental,0,modern_classical,"""{""""work_focus_low_vocal"""":0.9,""""deep_night_introspective"""":0.85,""""night_rain_humid"""":0.8}""",slow_opening,0.9,极简钢琴独奏，缓慢而内省，带有北欧冷冽的忧郁质感
I Need a Placebo,Emily Wells,introspective;melancholic;restrained,piano;string;vocal_breath;minimal,,0.25,0.3,0.35,0.4,0.2,0.6,0.75,en,1,art_folk,"""{""""deep_night_introspective"""":0.85,""""night_rain_humid"""":0.8,""""work_focus_low_vocal"""":0.7}""",fade_into_inner_space,0.85,Emily Wells 的脆弱人声与极简钢琴弦乐交织，营造出内省而克制的忧郁氛围
Head Over Heels,Jenevieve,dreamy;urban;warm,soft_synth;vocal_breath;lofi_dust,,0.4,0.5,0.45,0.6,0.45,0.7,0.5,en,1,r&b,"""{""""evening_city_walk"""":0.85,""""deep_night_introspective"""":0.75,""""work_focus_low_vocal"""":0.7}""",city_to_inner_room,0.85,梦幻R&B，软合成器与慵懒人声营造出都市夜晚的温暖氛围
鬼月月,魔鬼花园（李安健）,melancholic;restrained;bittersweet,piano;reverb_heavy;minimal,,0.25,0.3,0.35,0.4,0.2,0,0.75,instrumental,0,modern_classical,"""{""""deep_night_introspective"""":0.85,""""night_rain_humid"""":0.8,""""work_focus_low_vocal"""":0.75}""",fade_into_inner_space,0.85,极简钢琴与深远混响，营造克制而忧郁的氛围，适合深夜内省
Rodrigo: Concierto de Aranjuez: I. Allegro con spirito,Joaquín Rodrigo,restless;clear;hopeful,acoustic;string;cinematic,,0.7,0.7,0.6,0.5,0.65,0,0.5,instrumental,0,classical,"""{""""morning_clear_light"""":0.8,""""afternoon_warm_idle"""":0.7,""""user_requested_explore"""":0.75}""",slow_opening,0.85,西班牙吉他协奏曲，快板乐章充满活力与明亮的西班牙风情，弦乐与吉他交织出清晰的旋律线条
Valse Sentimentale,No.6: No.6(Tchaikovsky),melancholic;nostalgic;restrained,piano;string;cinematic,,0.25,0.35,0.3,0.4,0.2,0,0.75,instrumental,0,classical,"""{""""deep_night_introspective"""":0.85,""""night_rain_humid"""":0.8,""""work_focus_low_vocal"""":0.75}""",slow_opening,0.9,柴可夫斯基的伤感圆舞曲，钢琴与弦乐交织出怀旧而克制的古典情绪
Show Me How You Feel,Makoto,warm;hopeful;urban,soft_synth;acoustic;vocal_breath,,0.55,0.6,0.5,0.65,0.5,0.7,0.5,en,1,liquid_funk,"""{""""evening_city_walk"""":0.85,""""work_focus_low_vocal"""":0.75,""""weekend_slow"""":0.7}""",city_to_inner_room,0.85,温暖的合成器与木吉他交织，人声柔和充满希望，适合都市夜晚漫步
Thousand Of Darts,Yamila,restless;urban;unresolved,electric_distant;cold_synth;reverb_heavy,,0.6,0.4,0.55,0.3,0.5,0,0.6,instrumental,0,electronic,"""{""""evening_city_walk"""":0.8,""""deep_night_introspective"""":0.75,""""night_rain_humid"""":0.7}""",city_to_inner_room,0.85,冷调合成器与深远电声，营造都市夜晚的不安与未解情绪
Gioacchino Rossini: L'Orpheline du Tyrol (Ballade élégie),Cecilia Bartoli,melancholic;restrained;bittersweet,piano;vocal_breath;cinematic,,0.25,0.35,0.3,0.4,0.2,0.8,0.75,fr,1,classical,"""{""""deep_night_introspective"""":0.85,""""night_rain_humid"""":0.8,""""work_focus_low_vocal"""":0.7}""",slow_opening,0.85,罗西尼的悲歌，巴托莉的戏剧性花腔人声在钢琴伴奏下充满克制与哀愁
Raining Whilst She Sleeps,Message To Bears,introspective;melancholic;dreamy,ambient_pad;field_recording;minimal;reverb_heavy,,0.2,0.3,0.25,0.4,0.1,0,0.7,instrumental,0,ambient,"""{""""night_rain_humid"""":0.9,""""deep_night_introspective"""":0.85,""""work_focus_low_vocal"""":0.8}""",rain_on_glass,0.9,氛围声景搭配雨声采样，极简而内省，如同雨夜中的独处时刻
exile,Taylor Swift / Bon Iver,melancholic;bittersweet;introspective,piano;string;reverb_heavy;vocal_breath,,0.35,0.4,0.45,0.5,0.3,0.75,0.8,en,1,indie_folk,"""{""""deep_night_introspective"""":0.85,""""night_rain_humid"""":0.8,""""evening_city_walk"""":0.75}""",fade_into_inner_space,0.9,钢琴和弦乐铺底，男女声对唱充满疏离与遗憾，情绪沉重而内省
過完冬季,李玟,warm;nostalgic;hopeful,acoustic;string;vocal_breath,,0.45,0.55,0.45,0.7,0.35,0.65,0.6,zh,1,mandopop,"""{""""morning_clear_light"""":0.8,""""afternoon_warm_idle"""":0.75,""""weekend_slow"""":0.7}""",slow_opening,0.85,李玟温暖声线搭配木吉他弦乐，怀旧中带着冬日过后的希望感
No More Saturday Night,Little Scream,restless;urban;bittersweet,acoustic;electric_distant;vocal_breath,,0.45,0.4,0.5,0.5,0.5,0.6,0.6,en,1,indie_folk,"""{""""evening_city_walk"""":0.8,""""weekend_slow"""":0.75,""""night_clear_lonely"""":0.7}""",city_to_inner_room,0.85,木吉他与人声交织，带有都市夜晚的躁动与怀旧感
Jazzshh...,John Law,dreamy;misty;restrained,piano;ambient_pad;minimal;reverb_heavy,,0.2,0.35,0.25,0.45,0.15,0,0.6,instrumental,0,ambient_jazz,"""{""""work_focus_low_vocal"""":0.85,""""deep_night_introspective"""":0.8,""""night_rain_humid"""":0.75}""",soft_focus_work,0.85,钢琴与氛围垫音交织，混响厚重，营造出梦幻而克制的爵士氛围
As The Little Things Go,The Appleseed Cast,melancholic;introspective;restrained,electric_distant;reverb_heavy;minimal,,0.25,0.3,0.35,0.3,0.2,0,0.7,instrumental,0,post_rock,"""{""""deep_night_introspective"""":0.85,""""night_rain_humid"""":0.8,""""work_focus_low_vocal"""":0.75}""",fade_into_inner_space,0.85,后摇滚器乐，远距离电吉他混响与极简编排，营造内省而忧郁的氛围
Real Tight,Methyl Ethel,restless;urban;unresolved,soft_synth;electric_distant;reverb_heavy,,0.6,0.5,0.55,0.4,0.6,0.7,0.5,en,1,art_pop,"""{""""evening_city_walk"""":0.8,""""deep_night_introspective"""":0.7,""""user_requested_explore"""":0.75}""",city_to_inner_room,0.85,合成器驱动的都市感，人声带有不安与疏离，能量中等偏上，适合夜晚城市漫步
Ocre,Chauveau,detached;restrained;lonely,minimal;cold_synth;ambient_pad,,0.15,0.2,0.15,0.25,0.05,0,0.75,instrumental,0,modern_classical,"""{""""work_focus_low_vocal"""":0.9,""""deep_night_introspective"""":0.85,""""night_rain_humid"""":0.8}""",afterglow_fading,0.9,极简主义钢琴与冷调氛围，近乎静止的孤独感
C.C.S. Logbook,The Evpatoria Report,introspective;melancholic;restrained,piano;string;cinematic;minimal,,0.2,0.3,0.3,0.35,0.15,0,0.8,instrumental,0,post_rock,"""{""""deep_night_introspective"""":0.9,""""work_focus_low_vocal"""":0.85,""""night_rain_humid"""":0.8}""",afterglow_fading,0.9,后摇乐队作品，钢琴与弦乐交织，缓慢铺陈的悲怆与内省氛围
"""Theme (From """"""""The Sheltering Sky"""""""")""",Maksym Rzemiński,introspective;melancholic;restrained,piano;cinematic;minimal,,0.15,0.3,0.2,0.35,0.1,0,0.8,instrumental,0,modern_classical,"""{""""work_focus_low_vocal"""":0.85,""""deep_night_introspective"""":0.8,""""night_rain_humid"""":0.75}""",slow_opening,0.9,极简钢琴独奏，缓慢而内省，充满电影般的孤独与克制感
Improvisation on Sonata K. 208 (Pieranunzi)/Sonata K. 208 (Scarlatti),Enrico Pieranunzi,introspective;restrained;clear,piano;minimal;cinematic,,0.2,0.5,0.25,0.45,0.2,0,0.7,instrumental,0,jazz,"""{""""work_focus_low_vocal"""":0.85,""""deep_night_introspective"""":0.8,""""morning_cloudy_slow"""":0.75}""",slow_opening,0.9,Pieranunzi 的即兴钢琴改编，在 Scarlatti 奏鸣曲基础上注入爵士和声，清晰而克制，适合专注或内省场景
追忆,陈勋奇,nostalgic;melancholic;restrained,piano;string;cinematic,,0.25,0.3,0.35,0.4,0.15,0,0.75,instrumental,0,soundtrack,"""{""""deep_night_introspective"""":0.85,""""night_rain_humid"""":0.8,""""work_focus_low_vocal"""":0.75}""",afterglow_fading,0.9,钢琴与弦乐交织的怀旧旋律，克制而深情，适合深夜内省
Norbu (Cordes),Bruno Coulais,introspective;melancholic;restrained,string;minimal;cinematic;reverb_heavy,,0.15,0.25,0.2,0.3,0.1,0,0.8,instrumental,0,modern_classical,"""{""""deep_night_introspective"""":0.9,""""night_rain_humid"""":0.85,""""work_focus_low_vocal"""":0.8}""",afterglow_fading,0.9,弦乐与极简编排，空旷而深沉，充满内省与克制的情感重量
Requiem,H.E.R.R.,melancholic;restrained;bittersweet,piano;string;reverb_heavy;cinematic,,0.25,0.2,0.4,0.3,0.15,0,0.85,instrumental,0,modern_classical,"""{""""deep_night_introspective"""":0.85,""""night_rain_humid"""":0.8,""""work_focus_low_vocal"""":0.75}""",afterglow_fading,0.85,沉重而克制的钢琴与弦乐，混响营造出哀悼般的氛围，情感重量极高
Wheat from the Chaff,Harry Gregson-Williams,introspective;restrained;melancholic,piano;string;cinematic;minimal,,0.2,0.3,0.25,0.4,0.1,0,0.75,instrumental,0,modern_classical,"""{""""work_focus_low_vocal"""":0.85,""""deep_night_introspective"""":0.8,""""night_rain_humid"""":0.75}""",slow_opening,0.9,极简钢琴与弦乐编排，克制而内省，带有淡淡的忧伤
Oculus,Luke Howard,introspective;melancholic;restrained,piano;string;cinematic;minimal,,0.15,0.3,0.2,0.35,0.1,0,0.8,instrumental,0,modern_classical,"""{""""work_focus_low_vocal"""":0.9,""""deep_night_introspective"""":0.85,""""night_rain_humid"""":0.8}""",slow_opening,0.9,极简钢琴与弦乐交织，内省而克制，营造出静谧的忧郁氛围
Bach: Cello Suite No.1 in G major,Yo-Yo Ma Impressions,introspective;warm;clear,acoustic;string;minimal,,0.2,0.6,0.3,0.7,0.2,0,0.6,instrumental,0,classical,"""{""""morning_clear_light"""":0.85,""""work_focus_low_vocal"""":0.8,""""afternoon_warm_idle"""":0.75}""",slow_opening,0.95,巴赫大提琴无伴奏组曲，马友友的演绎温暖而清晰，内省中带着明亮
What a Wonderful World,Louis Armstrong,warm;hopeful;nostalgic,acoustic;jazz_brush;vocal_breath,,0.35,0.65,0.4,0.8,0.3,0.75,0.6,en,1,jazz,"""{""""morning_clear_light"""":0.85,""""afternoon_warm_idle"""":0.8,""""weekend_slow"""":0.75}""",slow_opening,0.95,Louis Armstrong 标志性的沙哑声线与温暖小号，传递出对世界的美好希望与怀旧感
Solstice,Luke Pickman,introspective;melancholic;restrained,piano;ambient_pad;minimal,,0.2,0.3,0.2,0.35,0.1,0,0.7,instrumental,0,modern_classical,"""{""""work_focus_low_vocal"""":0.85,""""deep_night_introspective"""":0.8,""""night_rain_humid"""":0.75}""",slow_opening,0.85,极简钢琴与氛围垫音交织，缓慢内省，带有冬日至暗时刻的冷寂感
Cry,Cigarettes After Sex,dreamy;melancholic;sensual,reverb_heavy;vocal_breath;electric_distant;soft_synth,,0.25,0.3,0.35,0.45,0.2,0.6,0.7,en,1,dream_pop,"""{""""deep_night_introspective"""":0.9,""""night_rain_humid"""":0.85,""""evening_city_walk"""":0.8}""",late_night_descent,0.9,缓慢的梦泡流行，厚重混响与低语人声营造出迷离而感性的深夜氛围
Better Than That,Erika de Casier,urban;warm;sensual,soft_synth;vocal_breath;electric_distant,,0.55,0.5,0.5,0.6,0.5,0.7,0.45,en,1,r&b,"""{""""evening_city_walk"""":0.85,""""deep_night_introspective"""":0.75,""""user_requested_explore"""":0.7}""",city_to_inner_room,0.85,Erika de Casier 的 R&B 风格，软合成器与细腻人声营造出都市夜晚的温暖与性感
England,Electric Litany,melancholic;nostalgic;restrained,piano;string;reverb_heavy;vocal_breath,,0.3,0.35,0.4,0.4,0.2,0.5,0.7,en,1,art_pop,"""{""""evening_city_walk"""":0.8,""""deep_night_introspective"""":0.85,""""night_rain_humid"""":0.75}""",fade_into_inner_space,0.85,钢琴与弦乐交织，人声带着混响的呼吸感，营造出克制而怀旧的忧郁氛围
涙そうそう,夏川りみ,nostalgic;warm;bittersweet,acoustic;string;vocal_breath,,0.35,0.5,0.4,0.7,0.3,0.65,0.75,ja,1,enka_pop,"""{""""evening_city_walk"""":0.8,""""night_clear_lonely"""":0.75,""""weekend_slow"""":0.7}""",slow_opening,0.9,夏川りみ温暖而略带沙哑的嗓音，结合冲绳民谣与流行编曲，唤起深沉的怀旧与乡愁
Sad Song (feat. Elena Coats),We The Kings,melancholic;bittersweet;nostalgic,acoustic;vocal_breath;string,,0.4,0.45,0.4,0.5,0.35,0.7,0.65,en,1,pop_punk,"""{""""evening_city_walk"""":0.7,""""night_clear_lonely"""":0.65,""""weekend_slow"""":0.6}""",slow_opening,0.85,木吉他驱动的流行朋克情歌，女声伴唱带来怀旧与苦涩交织的伤感氛围
"""I'll Be You, Be Me""",Glen Hansard,warm;hopeful;nostalgic,acoustic;vocal_breath;string,,0.4,0.55,0.45,0.7,0.35,0.65,0.6,en,1,folk_rock,"""{""""morning_clear_light"""":0.8,""""evening_city_walk"""":0.75,""""weekend_slow"""":0.7}""",slow_opening,0.85,Glen Hansard 温暖沙哑的嗓音与木吉他、弦乐交织，充满怀旧与希望的民谣质感
如燕 - Live,王儷婷,warm;nostalgic;bittersweet,acoustic;vocal_breath;string;reverb_heavy,,0.35,0.5,0.4,0.7,0.3,0.75,0.65,zh,1,mandopop,"""{""""evening_city_walk"""":0.8,""""weekend_slow"""":0.75,""""night_rain_humid"""":0.7}""",slow_opening,0.85,现场版温暖人声与弦乐交织，怀旧中带一丝苦涩，适合安静聆听
東から来た少年,久石讓,nostalgic;dreamy;restrained,piano;string;cinematic;minimal,,0.25,0.4,0.3,0.5,0.2,0,0.7,instrumental,0,modern_classical,"""{""""morning_cloudy_slow"""":0.85,""""deep_night_introspective"""":0.8,""""work_focus_low_vocal"""":0.75}""",slow_opening,0.9,久石讓标志性的钢琴与弦乐编排，旋律怀旧而梦幻，整体克制且富有电影感
寂寞寂寞就好 (Live),张惠妹,melancholic;bittersweet;restrained,vocal_breath;piano;string,,0.4,0.4,0.5,0.5,0.3,0.8,0.75,zh,1,mandopop,"""{""""deep_night_introspective"""":0.85,""""night_rain_humid"""":0.8,""""evening_city_walk"""":0.75}""",slow_opening,0.85,张惠妹现场演绎的抒情慢歌，钢琴与弦乐衬托下，人声充满克制与苦涩的释怀感
The Void,Mats Eilertsen,introspective;melancholic;restrained,piano;minimal;ambient_pad;cold_synth,,0.15,0.25,0.2,0.3,0.1,0,0.8,instrumental,0,modern_classical,"""{""""deep_night_introspective"""":0.9,""""night_rain_humid"""":0.85,""""work_focus_low_vocal"""":0.8}""",fade_into_inner_space,0.9,极简钢琴与冷调氛围铺底，空旷而内省，如同凝视虚无的寂静
Sh'Diah,Bon Iver,introspective;melancholic;misty,ambient_pad;reverb_heavy;vocal_breath;field_recording,,0.25,0.3,0.35,0.4,0.2,0.6,0.75,en,1,art_folk,"""{""""deep_night_introspective"""":0.85,""""night_rain_humid"""":0.8,""""work_focus_low_vocal"""":0.7}""",fade_into_inner_space,0.9,Bon Iver 标志性的模糊人声与氛围铺底，营造出内省而朦胧的冬日质感
Cosmic Love,Florence + The Machine,dreamy;melancholic;bittersweet,cinematic;string;reverb_heavy;vocal_breath,,0.6,0.4,0.7,0.3,0.5,0.8,0.75,en,1,art_pop,"""{""""deep_night_introspective"""":0.85,""""evening_city_walk"""":0.8,""""night_clear_lonely"""":0.75}""",city_to_inner_room,0.9,Florence Welch 的宏大嗓音与弦乐编排营造出梦幻而忧郁的宇宙感，能量中等偏高但情感沉重
Sunlight Zone,Sophie Hutchings,introspective;dreamy;restrained,piano;ambient_pad;minimal,,0.2,0.4,0.25,0.5,0.1,0,0.7,instrumental,0,modern_classical,"""{""""work_focus_low_vocal"""":0.85,""""morning_cloudy_slow"""":0.8,""""deep_night_introspective"""":0.75}""",slow_opening,0.9,钢琴与氛围垫交织，缓慢而内省，如同阳光透过云层洒落
Something to Believe,Weyes Blood,nostalgic;melancholic;hopeful,piano;string;vocal_breath;reverb_heavy,,0.4,0.45,0.5,0.55,0.35,0.7,0.75,en,1,art_pop,"""{""""deep_night_introspective"""":0.85,""""evening_city_walk"""":0.8,""""night_rain_humid"""":0.75}""",afterglow_fading,0.9,Weyes Blood 的温暖人声与钢琴弦乐交织，怀旧中带着一丝希望，适合夜晚内省
One more time,One more time,nostalgic;hopeful;bittersweet,soft_synth;reverb_heavy;vocal_breath,,0.45,0.5,0.45,0.55,0.4,0.6,0.6,en,1,synthpop,"""{""""evening_city_walk"""":0.8,""""deep_night_introspective"""":0.75,""""weekend_slow"""":0.7}""",city_to_inner_room,0.85,复古合成器与空灵人声交织，怀旧中带着希望与淡淡的苦涩，适合都市夜晚漫步
Minus Sixty One,Woodkid,melancholic;introspective;restrained,string;cinematic;minimal;cold_synth,,0.25,0.3,0.35,0.3,0.2,0,0.75,instrumental,0,modern_classical,"""{""""deep_night_introspective"""":0.85,""""night_clear_lonely"""":0.8,""""work_focus_low_vocal"""":0.75}""",afterglow_fading,0.85,弦乐与冷合成器交织，极简编排营造出寒冷孤寂的内省氛围
Solen Har Förblindat Mig,Dorena,dreamy;nostalgic;hopeful,acoustic;string;reverb_heavy;ambient_pad,,0.35,0.5,0.4,0.55,0.3,0,0.6,instrumental,0,post_rock,"""{""""morning_cloudy_slow"""":0.85,""""evening_city_walk"""":0.8,""""work_focus_low_vocal"""":0.75}""",soft_focus_work,0.85,瑞典后摇乐队，木吉他+弦乐+氛围铺底，梦幻而略带怀旧的温暖质感
彩云追月,爱戴,warm;nostalgic;clear,piano;string;vocal_breath,,0.35,0.6,0.4,0.7,0.3,0.6,0.5,zh,1,chinese_traditional_pop,"""{""""morning_clear_light"""":0.8,""""afternoon_warm_idle"""":0.75,""""evening_city_walk"""":0.7}""",slow_opening,0.85,改编自传统民乐，钢琴与弦乐交织，温暖明亮的怀旧质感，人声轻柔如云
Fortune Days,The Glitch Mob,restless;urban;hopeful,cold_synth;electric_distant;reverb_heavy,,0.7,0.6,0.7,0.3,0.8,0,0.5,instrumental,0,electronic,"""{""""evening_city_walk"""":0.8,""""user_requested_explore"""":0.75,""""work_focus_low_vocal"""":0.7}""",city_to_inner_room,0.85,高能量电子乐，冷合成器与重混响营造出都市不安与探索感
Gondry&Cold November,Choitree,melancholic;lonely;nostalgic,piano;string;reverb_heavy;vocal_breath,,0.25,0.3,0.35,0.4,0.2,0.5,0.75,en,1,indie_folk,"""{""""deep_night_introspective"""":0.85,""""night_rain_humid"""":0.8,""""work_focus_low_vocal"""":0.7}""",rain_on_glass,0.85,钢琴与弦乐交织，混响厚重，人声轻柔而疏离，营造出寒冷十一月的怀旧与孤独感
Another Kind Of Revolution,Elena Setién,introspective;melancholic;restrained,piano;string;reverb_heavy;vocal_breath,,0.25,0.3,0.35,0.4,0.2,0.5,0.75,en,1,art_folk,"""{""""deep_night_introspective"""":0.85,""""night_rain_humid"""":0.8,""""work_focus_low_vocal"""":0.75}""",fade_into_inner_space,0.85,钢琴与弦乐铺垫的民谣，人声轻柔而克制，充满内省与忧郁的质感
Expression 2,Saint-Preux,melancholic;restrained;nostalgic,piano;string;cinematic;reverb_heavy,,0.2,0.3,0.35,0.4,0.15,0,0.8,instrumental,0,modern_classical,"""{""""work_focus_low_vocal"""":0.85,""""deep_night_introspective"""":0.8,""""night_rain_humid"""":0.75}""",slow_opening,0.9,钢琴与弦乐交织的古典小品，旋律哀婉克制，充满怀旧与内省
Rohan,Doudou Ndiaye Rose / Men Ha Tan Bagad,restless;urban;hopeful,acoustic;field_recording;cinematic,,0.65,0.6,0.7,0.5,0.75,0,0.5,instrumental,0,world_music,"""{""""evening_city_walk"""":0.8,""""morning_clear_light"""":0.7,""""user_requested_explore"""":0.75}""",city_to_inner_room,0.85,非洲鼓乐与布列塔尼风笛融合，充满律动与都市感，但保持克制
僕らのつづき,じょん,nostalgic;warm;bittersweet,piano;string;vocal_breath;acoustic,,0.4,0.5,0.45,0.6,0.35,0.65,0.7,ja,1,j_pop,"""{""""evening_city_walk"""":0.8,""""weekend_slow"""":0.75,""""night_rain_humid"""":0.7}""",slow_opening,0.85,温暖钢琴与弦乐伴奏，じょん的柔和声线带来怀旧与淡淡的感伤，日式抒情风格
Cope,Wy,restless;melancholic;unresolved,electric_distant;reverb_heavy;vocal_breath,,0.4,0.3,0.5,0.35,0.4,0.6,0.7,en,1,indie_rock,"""{""""deep_night_introspective"""":0.8,""""night_rain_humid"""":0.75,""""work_focus_low_vocal"""":0.7}""",fade_into_inner_space,0.85,电吉他远距离音色与厚重混响，人声带着呼吸感，营造出不安与未解的情绪氛围
悪魔和的誓い,住友紀人,melancholic;restrained;bittersweet,piano;string;cinematic;minimal,,0.25,0.3,0.35,0.4,0.2,0,0.75,instrumental,0,modern_classical,"""{""""work_focus_low_vocal"""":0.85,""""deep_night_introspective"""":0.8,""""night_rain_humid"""":0.75}""",slow_opening,0.85,钢琴与弦乐交织的器乐作品，情绪克制而略带忧郁，适合内省场景
Push On,Carla dal Forno,introspective;melancholic;restrained,cold_synth;reverb_heavy;minimal;vocal_breath,,0.25,0.3,0.35,0.3,0.2,0.4,0.7,en,1,darkwave,"""{""""deep_night_introspective"""":0.85,""""night_clear_lonely"""":0.8,""""work_focus_low_vocal"""":0.7}""",late_night_descent,0.85,冷调合成器与深远混响，人声疏离克制，营造出内省而忧郁的暗潮氛围
Blazed,IAMNOBODI,warm;dreamy;urban,soft_synth;lofi_dust;ambient_pad,,0.4,0.5,0.45,0.6,0.4,0,0.45,instrumental,0,lo_fi,"""{""""work_focus_low_vocal"""":0.85,""""evening_city_walk"""":0.8,""""afternoon_warm_idle"""":0.75}""",soft_focus_work,0.85,温暖的 lo-fi 氛围，软合成器与轻度失真纹理，适合专注或闲适场景
Ostbjorka Brudlat,Jonathan Hultén,introspective;melancholic;dreamy,acoustic;string;reverb_heavy;minimal,,0.25,0.35,0.3,0.5,0.2,0,0.7,instrumental,0,folk,"""{""""morning_cloudy_slow"""":0.85,""""deep_night_introspective"""":0.8,""""night_rain_humid"""":0.75}""",slow_opening,0.85,原声吉他+弦乐与深远混响，营造出内省而梦幻的北欧民谣氛围
Blue Dragon(piano&guitarver),澤野弘之,melancholic;restrained;nostalgic,piano;acoustic;cinematic,,0.25,0.35,0.3,0.45,0.2,0,0.7,instrumental,0,modern_classical,"""{""""deep_night_introspective"""":0.85,""""night_rain_humid"""":0.8,""""work_focus_low_vocal"""":0.75}""",slow_opening,0.9,钢琴与木吉他交织的器乐版本，旋律克制而怀旧，带有泽野弘之标志性的电影感
Shape Of You (Galantis Remix),Galantis,restless;urban;hopeful,soft_synth;cold_synth;electric_distant,,0.7,0.65,0.7,0.4,0.8,0.6,0.3,en,1,electronic_dance,"""{""""evening_city_walk"""":0.5,""""user_requested_explore"""":0.5,""""work_focus_low_vocal"""":0.3}""",city_to_inner_room,0.8,高能量电子舞曲混音，节奏强劲，适合都市夜晚但情感较浅，因有负面标签限制场景分数
Fragile,Wantigga,dreamy;warm;nostalgic,soft_synth;ambient_pad;lofi_dust;vocal_breath,,0.35,0.5,0.4,0.6,0.3,0.5,0.55,en,1,lo_fi,"""{""""work_focus_low_vocal"""":0.85,""""evening_city_walk"""":0.8,""""morning_cloudy_slow"""":0.75}""",soft_focus_work,0.85,温暖梦幻的 lo-fi 氛围，软合成器与轻度失真纹理，人声轻柔，适合专注或漫步
Old Desires,Perfect Son,introspective;melancholic;restrained,piano;reverb_heavy;minimal,,0.25,0.3,0.3,0.35,0.2,0.4,0.75,en,1,art_pop,"""{""""deep_night_introspective"""":0.85,""""night_rain_humid"""":0.8,""""work_focus_low_vocal"""":0.75}""",fade_into_inner_space,0.85,克制而内省的钢琴与人声，混响厚重，情绪沉重但能量低，适合深夜独处
Floated By,Peter Cat Recording Co.,dreamy;nostalgic;warm,soft_synth;ambient_pad;vocal_breath;electric_distant,,0.4,0.5,0.4,0.6,0.35,0.6,0.55,en,1,indie_pop,"""{""""evening_city_walk"""":0.8,""""deep_night_introspective"""":0.75,""""work_focus_low_vocal"""":0.7}""",city_to_inner_room,0.85,梦幻合成器与温暖人声交织，带有怀旧感的都市夜晚氛围
Quit (feat. Ariana Grande),Cashmere Cat,dreamy;sensual;bittersweet,soft_synth;vocal_breath;reverb_heavy;electric_distant,,0.4,0.5,0.5,0.55,0.45,0.75,0.6,en,1,electropop,"""{""""evening_city_walk"""":0.8,""""deep_night_introspective"""":0.75,""""night_clear_lonely"""":0.7}""",city_to_inner_room,0.85,软合成器与Ariana Grande空灵人声交织，梦幻而略带苦涩的电子流行
Black Karma,Hail the Ghost,melancholic;introspective;restrained,piano;reverb_heavy;minimal;cinematic,,0.25,0.3,0.35,0.3,0.2,0.4,0.75,en,1,art_rock,"""{""""deep_night_introspective"""":0.85,""""night_rain_humid"""":0.8,""""work_focus_low_vocal"""":0.7}""",fade_into_inner_space,0.85,钢琴与深远混响营造出克制而内省的氛围，人声低沉，情感沉重
Close,Ed Carlsen,introspective;melancholic;restrained,piano;string;minimal;reverb_heavy,,0.2,0.3,0.25,0.4,0.15,0,0.8,instrumental,0,modern_classical,"""{""""work_focus_low_vocal"""":0.85,""""deep_night_introspective"""":0.9,""""night_rain_humid"""":0.8}""",slow_opening,0.9,极简钢琴与弦乐交织，缓慢而克制，营造内省与忧郁的氛围
Lon Lon,Angélique Kidjo,warm;hopeful;clear,acoustic;vocal_breath;jazz_brush,,0.45,0.6,0.4,0.7,0.4,0.7,0.5,en,1,world_jazz,"""{""""morning_clear_light"""":0.8,""""afternoon_warm_idle"""":0.75,""""weekend_slow"""":0.7}""",soft_focus_work,0.85,温暖的非洲爵士风格，人声充满希望与明亮感，节奏轻柔如晨光
This Is Real,Charles Webster,warm;hopeful;nostalgic,soft_synth;ambient_pad;vocal_breath,,0.4,0.55,0.45,0.7,0.4,0.6,0.55,en,1,deep_house,"""{""""evening_city_walk"""":0.8,""""morning_clear_light"""":0.75,""""work_focus_low_vocal"""":0.7}""",city_to_inner_room,0.85,温暖深沉的电子节拍与柔和的人声，营造出怀旧而充满希望的都市氛围
Radio Mammalia,Jarmo Saari Republic,restless;urban;unresolved,electric_distant;cold_synth;grainy;field_recording,,0.6,0.4,0.65,0.3,0.55,0,0.6,instrumental,0,experimental_jazz,"""{""""evening_city_walk"""":0.7,""""deep_night_introspective"""":0.65,""""user_requested_explore"""":0.6}""",city_to_inner_room,0.8,电子化爵士，冷调合成器与田野录音交织，都市不安感强烈
Opening,Philip Glass,introspective;restrained;melancholic,piano;minimal;cinematic,,0.15,0.3,0.2,0.35,0.1,0,0.8,instrumental,0,modern_classical,"""{""""work_focus_low_vocal"""":0.9,""""deep_night_introspective"""":0.85,""""night_rain_humid"""":0.8}""",slow_opening,0.95,极简主义钢琴重复音型，缓慢而克制，充满内省与留白，与坂本龍一风格类似但更冷峻
Forbidden Colours,David Sylvian,melancholic;introspective;bittersweet,piano;string;reverb_heavy;vocal_breath,,0.25,0.3,0.35,0.4,0.15,0.6,0.8,en,1,art_pop,"""{""""deep_night_introspective"""":0.9,""""night_rain_humid"""":0.85,""""work_focus_low_vocal"""":0.75}""",fade_into_inner_space,0.9,坂本龍一的钢琴与David Sylvian低沉人声交织，充满内省与哀愁的经典之作
Oblivion,Lapalux,dreamy;misty;detached,ambient_pad;soft_synth;field_recording;lofi_dust,,0.25,0.35,0.4,0.45,0.2,0,0.55,instrumental,0,ambient,"""{""""work_focus_low_vocal"""":0.85,""""deep_night_introspective"""":0.8,""""night_rain_humid"""":0.75}""",fade_into_inner_space,0.85,朦胧的氛围电子，软合成器与田野录音交织，营造出梦幻而疏离的声景
Suddenly,Copeland,melancholic;nostalgic;bittersweet,piano;string;vocal_breath;reverb_heavy,,0.35,0.4,0.45,0.5,0.3,0.6,0.7,en,1,indie_rock,"""{""""deep_night_introspective"""":0.85,""""night_rain_humid"""":0.8,""""evening_city_walk"""":0.75}""",fade_into_inner_space,0.85,钢琴和弦乐铺底，脆弱人声与厚重混响营造出怀旧而苦涩的深夜氛围
"""Michail Glinka: Nocturne f-Moll""""La séparation""",Alexei Lubimov,melancholic;introspective;restrained,piano;minimal;cinematic,,0.15,0.3,0.2,0.35,0.1,0,0.8,instrumental,0,classical,"""{""""deep_night_introspective"""":0.85,""""night_rain_humid"""":0.8,""""work_focus_low_vocal"""":0.75}""",afterglow_fading,0.9,格林卡夜曲的钢琴独奏，旋律哀婉而克制，充满分离的忧伤与内省
Ashes to Ashes,Jenny Hval,introspective;unresolved;melancholic,ambient_pad;vocal_breath;field_recording;minimal,,0.25,0.3,0.35,0.3,0.2,0.6,0.75,en,1,experimental,"""{""""deep_night_introspective"""":0.85,""""night_rain_humid"""":0.8,""""work_focus_low_vocal"""":0.7}""",fade_into_inner_space,0.85,Jenny Hval 的实验性人声与氛围声景交织，充满内省与未解的情绪张力
Please Let Me Go,Charlie Collins,melancholic;lonely;restrained,acoustic;vocal_breath;minimal,,0.25,0.3,0.25,0.35,0.2,0.6,0.75,en,1,indie_folk,"""{""""deep_night_introspective"""":0.85,""""night_rain_humid"""":0.8,""""work_focus_low_vocal"""":0.7}""",fade_into_inner_space,0.85,简约的民谣编配，脆弱的人声传递出孤独与克制的悲伤
Feel The Love,Prins Thomas,warm;hopeful;urban,soft_synth;ambient_pad;electric_distant,,0.55,0.6,0.5,0.65,0.6,0,0.4,instrumental,0,nu_disco,"""{""""evening_city_walk"""":0.85,""""afternoon_warm_idle"""":0.8,""""user_requested_explore"""":0.75}""",city_to_inner_room,0.85,温暖的合成器与律动感，营造出都市夜晚的乐观氛围
Drowned Sea,Plaid,misty;detached;restless,ambient_pad;cold_synth;minimal;field_recording,,0.25,0.3,0.35,0.3,0.2,0,0.6,instrumental,0,electronic,"""{""""deep_night_introspective"""":0.85,""""night_rain_humid"""":0.8,""""work_focus_low_vocal"""":0.75}""",fade_into_inner_space,0.85,冷调合成器与氛围铺底，夹杂田野录音，营造出迷离而疏离的电子声景
Taro,Alt-J,melancholic;dreamy;restrained,ambient_pad;cinematic;vocal_breath;minimal,,0.3,0.35,0.4,0.4,0.25,0.5,0.75,en,1,indie_folk,"""{""""deep_night_introspective"""":0.85,""""night_rain_humid"""":0.8,""""work_focus_low_vocal"""":0.7}""",fade_into_inner_space,0.85,Alt-J 标志性的低语人声与氛围铺底，克制而忧郁，充满内省与画面感
"""Meryton Townhall - From """"""""Pride & Prejudice"""""""" Soundtrack""",Dario Marianelli,warm;nostalgic;hopeful,piano;string;acoustic;cinematic,,0.4,0.6,0.5,0.7,0.4,0,0.5,instrumental,0,classical_film_score,"""{""""morning_clear_light"""":0.85,""""afternoon_warm_idle"""":0.8,""""weekend_slow"""":0.75}""",slow_opening,0.9,钢琴与弦乐交织的古典电影配乐，温暖而充满怀旧感的舞会场景
Stabat Mater (Piano suite),Stabat Mater,introspective;melancholic;restrained,piano;minimal;cinematic,,0.15,0.3,0.2,0.35,0.1,0,0.85,instrumental,0,modern_classical,"""{""""work_focus_low_vocal"""":0.85,""""deep_night_introspective"""":0.9,""""night_rain_humid"""":0.8}""",slow_opening,0.9,钢琴组曲，极简而庄重，充满内省与克制的悲悯感
breathe in... breathe out,林憶蓮,introspective;restrained;melancholic,piano;ambient_pad;vocal_breath;minimal,,0.25,0.35,0.3,0.45,0.2,0.6,0.7,zh,1,art_pop,"""{""""deep_night_introspective"""":0.85,""""night_rain_humid"""":0.8,""""work_focus_low_vocal"""":0.75}""",fade_into_inner_space,0.85,林憶蓮的呼吸式演绎，钢琴与氛围垫底，内省而克制，适合深夜独处
Liberi Fatali,植松伸夫 / 浜口史郎,melancholic;restless;bittersweet,cinematic;string;cold_synth;vocal_breath,,0.7,0.4,0.8,0.3,0.6,0.5,0.85,la,1,orchestral,"""{""""deep_night_introspective"""":0.8,""""night_clear_lonely"""":0.7,""""evening_city_walk"""":0.6}""",fade_into_inner_space,0.85,宏大的管弦乐与拉丁语合唱，充满史诗般的悲壮与不安，能量较高但情感沉重
"""Symphony No. 5 in E-Flat Major, Op. 82: III. Allegro molto – Misterioso – Un pochettino largamente – Largamente assai""",Jean Sibelius,restless;unresolved;melancholic,string;cinematic;minimal,,0.7,0.4,0.8,0.3,0.6,0,0.8,instrumental,0,classical,"""{""""deep_night_introspective"""":0.8,""""night_clear_lonely"""":0.7,""""work_focus_low_vocal"""":0.6}""",late_night_descent,0.85,西贝柳斯第五交响曲终乐章，弦乐主导的紧张与神秘感，能量较高但情感沉重
"""Tchaikovsky: Swan Lake, Op. 20, Act 2: No. 10, Scene. Moderato""",Pyotr Ilyich Tchaikovsky,melancholic;restrained;bittersweet,string;cinematic;minimal,,0.3,0.4,0.5,0.45,0.25,0,0.8,instrumental,0,classical,"""{""""deep_night_introspective"""":0.85,""""night_rain_humid"""":0.8,""""work_focus_low_vocal"""":0.75}""",slow_opening,0.9,柴可夫斯基的天鹅湖经典段落，弦乐织体深沉而克制，充满忧郁与怀旧的叙事感
Float On,Modest Mouse,hopeful;warm;restless,acoustic;electric_distant;vocal_breath,,0.6,0.65,0.5,0.6,0.55,0.6,0.4,en,1,indie_rock,"""{""""morning_clear_light"""":0.8,""""evening_city_walk"""":0.75,""""weekend_slow"""":0.7}""",gentle_recovery,0.85,乐观的独立摇滚，温暖的吉他与人声传递希望与轻松感，能量略高于中等
綠袖子,最好的時光三重奏,nostalgic;melancholic;warm,acoustic;string;piano;minimal,,0.25,0.4,0.3,0.6,0.2,0,0.7,instrumental,0,classical_crossover,"""{""""morning_cloudy_slow"""":0.85,""""afternoon_warm_idle"""":0.8,""""deep_night_introspective"""":0.75}""",afterglow_fading,0.9,经典民谣旋律的器乐三重奏改编，木吉他、钢琴与弦乐交织出怀旧而温暖的氛围
アルタルフ～nejimaki musica～,eufonius,dreamy;nostalgic;hopeful,soft_synth;vocal_breath;string;reverb_heavy,,0.45,0.6,0.5,0.55,0.4,0.7,0.6,ja,1,j_pop,"""{""""morning_clear_light"""":0.8,""""evening_city_walk"""":0.75,""""weekend_slow"""":0.7}""",slow_opening,0.85,eufonius 标志性的梦幻声线与合成器弦乐交织，怀旧中带着希望，能量中等偏柔
Moments in Time,Timecop1983,nostalgic;dreamy;urban,soft_synth;cold_synth;reverb_heavy;electric_distant,,0.4,0.45,0.5,0.4,0.4,0,0.5,instrumental,0,synthwave,"""{""""evening_city_walk"""":0.85,""""deep_night_introspective"""":0.8,""""work_focus_low_vocal"""":0.75}""",city_to_inner_room,0.85,复古合成器与深远混响营造出怀旧而梦幻的都市夜景氛围
Counting Spooks - The Blanck Mass recording,Editors,restless;unresolved;melancholic,cold_synth;electric_distant;reverb_heavy;grainy,,0.6,0.35,0.7,0.3,0.55,0.5,0.7,en,1,post_punk_revival,"""{""""evening_city_walk"""":0.8,""""deep_night_introspective"""":0.75,""""night_rain_humid"""":0.7}""",city_to_inner_room,0.85,冷峻合成器与遥远电吉他营造不安与悬而未决的都市夜晚氛围
Cloud Atlas End Title,Tom Tykwer,introspective;melancholic;hopeful,piano;string;cinematic;minimal,,0.25,0.4,0.35,0.5,0.15,0,0.8,instrumental,0,modern_classical,"""{""""deep_night_introspective"""":0.85,""""work_focus_low_vocal"""":0.8,""""night_rain_humid"""":0.75}""",afterglow_fading,0.9,钢琴与弦乐交织的宏大而内省配乐，缓慢推进中带着希望与忧伤
东京餐馆里的  China Girl,艾敬,nostalgic;urban;bittersweet,acoustic;soft_synth;vocal_breath,,0.4,0.5,0.45,0.55,0.35,0.6,0.65,zh,1,folk_pop,"""{""""evening_city_walk"""":0.8,""""night_clear_lonely"""":0.7,""""work_focus_low_vocal"""":0.65}""",city_to_inner_room,0.85,艾敬的民谣流行风格，木吉他与人声交织，带有东京都市感的怀旧与淡淡忧伤
Room Of Angel,Melissa Williamson,melancholic;introspective;lonely,piano;string;reverb_heavy;vocal_breath,,0.2,0.2,0.3,0.3,0.1,0.6,0.9,en,1,dark_ambient,"""{""""deep_night_introspective"""":0.9,""""night_rain_humid"""":0.85,""""work_focus_low_vocal"""":0.7}""",fade_into_inner_space,0.9,缓慢的钢琴与弦乐，沉重混响中的人声充满悲伤与内省，营造出孤寂的黑暗氛围
Bloodlines,Hot Since 82,urban;restless;bittersweet,soft_synth;cold_synth;reverb_heavy;electric_distant,,0.6,0.45,0.65,0.4,0.7,0,0.55,instrumental,0,deep_house,"""{""""evening_city_walk"""":0.85,""""deep_night_introspective"""":0.8,""""work_focus_low_vocal"""":0.7}""",city_to_inner_room,0.85,深沉浩室节奏，冷合成器与混响营造都市夜晚的律动与疏离感
Lover Boy 88,88rising,urban;warm;hopeful,soft_synth;lofi_dust;vocal_breath,,0.55,0.6,0.5,0.65,0.6,0.7,0.5,zh,1,hip_hop,"""{""""evening_city_walk"""":0.85,""""weekend_slow"""":0.75,""""user_requested_explore"""":0.7}""",city_to_inner_room,0.85,都市感的中文说唱，温暖合成器与轻快节奏营造出慵懒而充满希望的夜晚氛围
The Meeting Place,やくしまるえつこ,dreamy;nostalgic;bittersweet,soft_synth;vocal_breath;reverb_heavy;electric_distant,,0.4,0.5,0.45,0.55,0.35,0.6,0.65,ja,1,art_pop,"""{""""evening_city_walk"""":0.8,""""deep_night_introspective"""":0.75,""""night_clear_lonely"""":0.7}""",city_to_inner_room,0.85,やくしまるえつこ的梦幻声线与软合成器交织，营造出怀旧而略带苦涩的都市夜晚氛围
Quiet Nights Of Quiet Stars,Queen Latifah,warm;nostalgic;sensual,jazz_brush;vocal_breath;string;acoustic,,0.3,0.5,0.4,0.7,0.25,0.6,0.5,en,1,jazz,"""{""""evening_city_walk"""":0.8,""""afternoon_warm_idle"""":0.75,""""weekend_slow"""":0.7}""",afterglow_fading,0.85,Queen Latifah 温暖醇厚的声线搭配爵士鼓刷与弦乐，营造出怀旧而感性的夜晚氛围
The Truth That You Leave,Pianoboy高至豪,introspective;melancholic;restrained,piano;cinematic;minimal,,0.15,0.3,0.2,0.35,0.1,0,0.8,instrumental,0,modern_classical,"""{""""work_focus_low_vocal"""":0.85,""""deep_night_introspective"""":0.9,""""night_rain_humid"""":0.8}""",slow_opening,0.9,钢琴独奏，旋律简洁而深情，充满内省与淡淡的忧伤
They Own This Town,flora cash,urban;restless;melancholic,electric_distant;reverb_heavy;soft_synth,,0.6,0.4,0.55,0.35,0.5,0.7,0.65,en,1,indie_pop,"""{""""evening_city_walk"""":0.8,""""deep_night_introspective"""":0.75,""""work_focus_low_vocal"""":0.65}""",city_to_inner_room,0.85,都市感强烈的独立流行，电声与人声交织出不安与怀旧的氛围
Couch Potato,Sun Kil Moon,introspective;melancholic;restrained,acoustic;vocal_breath;minimal,,0.25,0.3,0.35,0.4,0.2,0.6,0.7,en,1,singer_songwriter,"""{""""work_focus_low_vocal"""":0.8,""""deep_night_introspective"""":0.85,""""night_rain_humid"""":0.75}""",slow_opening,0.85,Mark Kozelek 低沉叙述式人声配简约木吉他，内省而克制，充满日常的忧郁与孤独感
"""Bizet: Carmen, WD 31, Act 1: Habanera. """"""""L'amour est un oiseau rebelle"""""""" (Carmen, Chœur)""",Georges Bizet,sensual;restless;unresolved,acoustic;string;vocal_breath,,0.6,0.65,0.55,0.5,0.6,0.8,0.7,fr,1,opera,"""{""""evening_city_walk"""":0.7,""""user_requested_explore"""":0.75,""""night_clear_lonely"""":0.65}""",city_to_inner_room,0.85,经典歌剧咏叹调，卡门的哈巴涅拉舞曲充满诱惑与不安，人声主导且节奏鲜明
葡萄成熟时,陈奕迅,nostalgic;bittersweet;introspective,piano;string;vocal_breath,,0.4,0.45,0.5,0.55,0.35,0.7,0.75,zh,1,mandopop,"""{""""evening_city_walk"""":0.8,""""deep_night_introspective"""":0.85,""""night_rain_humid"""":0.75}""",slow_opening,0.9,陈奕迅深沉的嗓音配合钢琴与弦乐，传递出对过往感情的怀旧与苦涩反思，情感厚重但能量中等
伤心的歌(故事口白版),周华健 / 品冠,melancholic;nostalgic;bittersweet,acoustic;vocal_breath;string,,0.3,0.35,0.4,0.5,0.2,0.8,0.75,zh,1,mandopop,"""{""""deep_night_introspective"""":0.85,""""night_rain_humid"""":0.8,""""evening_city_walk"""":0.7}""",slow_opening,0.85,周华健与品冠的口白与歌声交织，木吉他与人声营造出怀旧而伤感的抒情氛围
Paralyse,Polarheart,melancholic;restrained;lonely,piano;reverb_heavy;vocal_breath;minimal,,0.25,0.2,0.3,0.3,0.15,0.6,0.75,en,1,indie_folk,"""{""""deep_night_introspective"""":0.85,""""night_rain_humid"""":0.8,""""work_focus_low_vocal"""":0.7}""",fade_into_inner_space,0.85,脆弱的人声与极简钢琴，混响营造出克制而孤独的忧郁氛围
GLOWED UP,Anderson .Paak,warm;hopeful;urban,acoustic;soft_synth;vocal_breath;jazz_brush,,0.55,0.6,0.55,0.7,0.6,0.75,0.5,en,1,neo_soul,"""{""""morning_clear_light"""":0.8,""""afternoon_warm_idle"""":0.75,""""evening_city_walk"""":0.7}""",soft_focus_work,0.85,Anderson .Paak 温暖的声线与爵士鼓刷、木吉他交织，充满都市感的希望与律动
Lemon,Tülpa,dreamy;warm;nostalgic,soft_synth;ambient_pad;lofi_dust,,0.3,0.45,0.35,0.6,0.25,0,0.4,instrumental,0,lo_fi,"""{""""work_focus_low_vocal"""":0.85,""""morning_cloudy_slow"""":0.8,""""evening_city_walk"""":0.75}""",soft_focus_work,0.85,温暖的 lo-fi 氛围，软合成器与轻度失真营造出梦幻怀旧的质感
Goodbye Berlin,Pat Dam Smyth,nostalgic;melancholic;restrained,acoustic;vocal_breath;string;reverb_heavy,,0.35,0.4,0.35,0.5,0.3,0.6,0.65,en,1,indie_folk,"""{""""evening_city_walk"""":0.8,""""night_clear_lonely"""":0.75,""""deep_night_introspective"""":0.7}""",city_to_inner_room,0.85,木吉他与人声主导，带着怀旧与克制的伤感，适合城市夜晚的漫步与内省
Let the Bells Ring,Wild Belle,nostalgic;warm;bittersweet,acoustic;vocal_breath;string;jazz_brush,,0.4,0.5,0.45,0.6,0.35,0.6,0.55,en,1,indie_folk,"""{""""evening_city_walk"""":0.8,""""morning_cloudy_slow"""":0.75,""""weekend_slow"""":0.7}""",slow_opening,0.85,温暖的木吉他与人声，略带怀旧与苦涩的独立民谣质感
Yugen,Emapea,dreamy;introspective;warm,lofi_dust;soft_synth;ambient_pad;grainy,,0.25,0.4,0.3,0.55,0.2,0,0.5,instrumental,0,lo_fi,"""{""""work_focus_low_vocal"""":0.85,""""morning_cloudy_slow"""":0.8,""""deep_night_introspective"""":0.75}""",soft_focus_work,0.85,lo-fi 氛围器乐，温暖而梦幻的质感，适合专注或内省场景
左近のテーマ,中村由利子,introspective;melancholic;restrained,piano;string;cinematic;minimal,,0.15,0.3,0.2,0.35,0.1,0,0.8,instrumental,0,modern_classical,"""{""""work_focus_low_vocal"""":0.85,""""deep_night_introspective"""":0.8,""""night_rain_humid"""":0.75}""",slow_opening,0.9,钢琴与弦乐交织的极简旋律，内省而克制，充满日式哀愁与留白
東方萃夢想,平行世界,dreamy;nostalgic;restrained,piano;string;cinematic;reverb_heavy,,0.25,0.4,0.35,0.5,0.2,0,0.7,instrumental,0,modern_classical,"""{""""deep_night_introspective"""":0.85,""""night_rain_humid"""":0.8,""""work_focus_low_vocal"""":0.75}""",fade_into_inner_space,0.85,钢琴与弦乐交织的东方幻想风格，缓慢而内省，带有怀旧与梦幻的质感
In Time,Self Esteem,restless;urban;hopeful,soft_synth;vocal_breath;electric_distant,,0.6,0.55,0.55,0.5,0.6,0.8,0.55,en,1,art_pop,"""{""""evening_city_walk"""":0.85,""""deep_night_introspective"""":0.75,""""user_requested_explore"""":0.7}""",city_to_inner_room,0.85,都市感艺术流行，合成器与人声交织出不安中的希望
Shells (tidal pool version),Barbarossa,dreamy;misty;nostalgic,ambient_pad;field_recording;reverb_heavy;minimal,,0.25,0.35,0.3,0.5,0.2,0,0.6,instrumental,0,ambient,"""{""""morning_cloudy_slow"""":0.85,""""deep_night_introspective"""":0.8,""""work_focus_low_vocal"""":0.75}""",rain_on_glass,0.85,潮池版本，氛围垫音与田野录音交织，朦胧而怀旧的声景
Merry Christmas Mr.Lawrence,Eric Martin,introspective;melancholic;restrained,piano;cinematic;minimal,,0.1,0.3,0.15,0.4,0.1,0,0.85,instrumental,0,modern_classical,"""{""""work_focus_low_vocal"""":0.9,""""deep_night_introspective"""":0.85,""""night_rain_humid"""":0.8}""",slow_opening,0.95,极简钢琴独奏，缓慢而克制，充满内省与留白
Ordinary fool,UA / 菊地成孔,bittersweet;nostalgic;restrained,piano;jazz_brush;vocal_breath;string,,0.35,0.45,0.4,0.5,0.3,0.6,0.65,ja,1,jazz,"""{""""evening_city_walk"""":0.8,""""deep_night_introspective"""":0.75,""""work_focus_low_vocal"""":0.7}""",city_to_inner_room,0.85,UA 的慵懒声线与菊地成孔的爵士钢琴和刷弦鼓点交织，营造出略带苦涩的怀旧氛围
Make Me Wanna Die,The Pretty Reckless,restless;melancholic;unresolved,electric_distant;reverb_heavy;cinematic,,0.7,0.3,0.7,0.2,0.6,0.8,0.8,en,1,alternative_rock,"""{""""deep_night_introspective"""":0.55,""""night_rain_humid"""":0.5,""""evening_city_walk"""":0.45}""",late_night_descent,0.85,高能量摇滚，失真吉他与沉重鼓点营造不安与挣扎感，人声充满情绪张力
Luv (sic.) pt3,Nujabes / Shing02,nostalgic;dreamy;hopeful,lofi_dust;soft_synth;jazz_brush;vocal_breath,,0.45,0.5,0.5,0.6,0.5,0.6,0.6,en,1,jazz_hop,"""{""""evening_city_walk"""":0.85,""""work_focus_low_vocal"""":0.8,""""deep_night_introspective"""":0.75}""",city_to_inner_room,0.9,Nujabes标志性的lo-fi爵士鼓点与Shing02的flow，营造出怀旧而梦幻的都市夜晚氛围
Loving You,Minnie Riperton,warm;sensual;hopeful,vocal_breath;string;piano,,0.35,0.6,0.4,0.7,0.3,0.9,0.5,en,1,soul,"""{""""morning_clear_light"""":0.8,""""afternoon_warm_idle"""":0.75,""""weekend_slow"""":0.7}""",slow_opening,0.9,Minnie Riperton标志性的海豚音与温暖弦乐，营造出温柔、性感又充满希望的质感
Wrestling,Self Esteem,restless;urban;bittersweet,soft_synth;vocal_breath;electric_distant,,0.6,0.5,0.55,0.4,0.5,0.75,0.65,en,1,art_pop,"""{""""evening_city_walk"""":0.8,""""deep_night_introspective"""":0.75,""""user_requested_explore"""":0.7}""",city_to_inner_room,0.85,Self Esteem 的都市艺术流行，合成器与人声交织出不安与苦涩的张力
aLIEz,SawanoHiroyuki[nZk],restless;urban;unresolved,cold_synth;electric_distant;cinematic,,0.7,0.4,0.7,0.3,0.65,0.8,0.6,ja,1,anime_soundtrack,"""{""""evening_city_walk"""":0.7,""""deep_night_introspective"""":0.6,""""user_requested_explore"""":0.65}""",city_to_inner_room,0.85,泽野弘之标志性的冷调合成器与激烈节奏，充满都市战斗感与未解决的张力
Duvet,Niklas Paschburg,introspective;melancholic;restrained,piano;ambient_pad;minimal,,0.2,0.3,0.25,0.4,0.15,0,0.75,instrumental,0,modern_classical,"""{""""work_focus_low_vocal"""":0.85,""""deep_night_introspective"""":0.8,""""night_rain_humid"""":0.75}""",slow_opening,0.9,极简钢琴与氛围铺垫，内省而克制，如同深夜独自沉思
Tumbleweed,White Shape,lonely;restrained;melancholic,ambient_pad;minimal;field_recording;reverb_heavy,,0.15,0.25,0.2,0.3,0.1,0,0.7,instrumental,0,ambient,"""{""""deep_night_introspective"""":0.85,""""night_rain_humid"""":0.8,""""work_focus_low_vocal"""":0.75}""",fade_into_inner_space,0.85,空旷的氛围声景，稀疏的纹理与深远混响营造出孤独而克制的漂泊感
闹婚,谭盾 / 马友友,restless;unresolved;bittersweet,string;cinematic;minimal;field_recording,,0.4,0.35,0.5,0.3,0.45,0,0.7,instrumental,0,contemporary_classical,"""{""""work_focus_low_vocal"""":0.7,""""deep_night_introspective"""":0.65,""""night_rain_humid"""":0.6}""",unfamiliar_but_safe,0.85,谭盾的现代古典作品，马友友的大提琴与弦乐交织，带有不安与未解的张力，融合田野录音元素
春天里 (Live),G.E.M.邓紫棋 / 方大同,restless;hopeful;bittersweet,acoustic;vocal_breath;string,,0.6,0.55,0.55,0.6,0.5,0.75,0.7,zh,1,mandopop,"""{""""evening_city_walk"""":0.8,""""weekend_slow"""":0.7,""""morning_clear_light"""":0.65}""",slow_opening,0.85,邓紫棋与方大同的现场合作，木吉他与人声交织，充满怀旧与希望的张力
Love Like Mine (Bee's Knees Remix),Miami Horror,urban;hopeful;nostalgic,soft_synth;electric_distant;reverb_heavy,,0.6,0.55,0.55,0.5,0.6,0.6,0.45,en,1,nu_disco,"""{""""evening_city_walk"""":0.85,""""user_requested_explore"""":0.8,""""weekend_slow"""":0.7}""",city_to_inner_room,0.85,合成器驱动的 remix，带有都市感的怀旧与希望，能量中等偏高，适合夜晚漫步
Flowers,Pop Up!,warm;nostalgic;hopeful,acoustic;vocal_breath;string,,0.45,0.55,0.45,0.6,0.4,0.7,0.55,en,1,pop,"""{""""morning_clear_light"""":0.75,""""afternoon_warm_idle"""":0.7,""""weekend_slow"""":0.7}""",slow_opening,0.8,温暖的人声与木吉他、弦乐编排，营造怀旧而充满希望的流行氛围
Skinny Love,Birdy,melancholic;bittersweet;restrained,piano;vocal_breath;cinematic,,0.25,0.3,0.35,0.4,0.2,0.6,0.8,en,1,indie_folk,"""{""""deep_night_introspective"""":0.85,""""night_rain_humid"""":0.8,""""work_focus_low_vocal"""":0.7}""",fade_into_inner_space,0.9,Birdy 的钢琴弹唱版本，脆弱而克制的人声与缓慢的钢琴旋律，充满忧郁与未释怀的情感
他人の顔,武満徹,introspective;melancholic;restrained,piano;cinematic;minimal;reverb_heavy,,0.15,0.25,0.2,0.3,0.1,0,0.8,instrumental,0,modern_classical,"""{""""deep_night_introspective"""":0.9,""""work_focus_low_vocal"""":0.85,""""night_rain_humid"""":0.8}""",afterglow_fading,0.9,武満徹的钢琴作品，极简而内省，充满留白与深邃的孤独感
Wise Old Man,Leifur James,introspective;warm;nostalgic,piano;ambient_pad;reverb_heavy;minimal,,0.25,0.4,0.3,0.65,0.2,0,0.7,instrumental,0,ambient,"""{""""work_focus_low_vocal"""":0.85,""""deep_night_introspective"""":0.8,""""morning_cloudy_slow"""":0.75}""",afterglow_fading,0.85,钢琴与氛围铺底交织，温暖而内省，如同黄昏余晖中的沉思
キララ,和田薫,dreamy;nostalgic;restrained,piano;string;cinematic;minimal,,0.25,0.4,0.3,0.5,0.2,0,0.7,instrumental,0,modern_classical,"""{""""work_focus_low_vocal"""":0.85,""""deep_night_introspective"""":0.8,""""morning_cloudy_slow"""":0.75}""",slow_opening,0.9,钢琴与弦乐交织的抒情曲，梦幻而克制，带有怀旧感
It's Love,Jill Scott,warm;sensual;hopeful,acoustic;jazz_brush;vocal_breath;soft_synth,,0.45,0.6,0.5,0.7,0.5,0.8,0.6,en,1,neo_soul,"""{""""morning_clear_light"""":0.8,""""afternoon_warm_idle"""":0.85,""""weekend_slow"""":0.75}""",soft_focus_work,0.85,Jill Scott 温暖而感性的声线，配合原声乐器与爵士刷，营造出充满爱意的柔和氛围
nice try,lovelord,dreamy;warm;nostalgic,soft_synth;ambient_pad;lofi_dust;reverb_heavy,,0.35,0.45,0.4,0.6,0.3,0,0.5,instrumental,0,lo_fi,"""{""""work_focus_low_vocal"""":0.85,""""morning_cloudy_slow"""":0.8,""""evening_city_walk"""":0.75}""",soft_focus_work,0.85,温暖的 lo-fi 氛围，软合成器与混响营造梦幻怀旧感，适合低强度专注或悠闲场景
This Is Not Where We Are Supposed To Be,Epigram,unresolved;melancholic;restless,piano;reverb_heavy;electric_distant,,0.35,0.3,0.4,0.35,0.25,0,0.75,instrumental,0,modern_classical,"""{""""deep_night_introspective"""":0.85,""""night_rain_humid"""":0.8,""""work_focus_low_vocal"""":0.75}""",fade_into_inner_space,0.85,钢琴与深远混响营造悬而未决的忧郁氛围，充满内省与不安感
I Love You 3000+我想 (Live),袁娅维TIA RAY,warm;hopeful;nostalgic,vocal_breath;acoustic;string;soft_synth,,0.45,0.6,0.5,0.7,0.4,0.75,0.65,zh,1,mandopop,"""{""""evening_city_walk"""":0.8,""""weekend_slow"""":0.75,""""morning_clear_light"""":0.7}""",slow_opening,0.85,袁娅维温暖而富有感染力的现场演绎，木吉他与人声交织，充满怀旧与希望
Tiny Letters,Warmduscher,restless;urban;unresolved,electric_distant;cold_synth;reverb_heavy;grainy,,0.6,0.4,0.55,0.3,0.6,0.5,0.5,en,1,post_punk,"""{""""evening_city_walk"""":0.8,""""deep_night_introspective"""":0.7,""""user_requested_explore"""":0.75}""",city_to_inner_room,0.85,粗粝的合成器与远距离人声，营造出都市夜晚的躁动与未解情绪
エアリスのテーマ,本田 聖嗣,melancholic;nostalgic;restrained,piano;string;cinematic;minimal,,0.2,0.35,0.25,0.45,0.1,0,0.8,instrumental,0,modern_classical,"""{""""work_focus_low_vocal"""":0.85,""""deep_night_introspective"""":0.8,""""night_rain_humid"""":0.75}""",slow_opening,0.9,钢琴与弦乐交织的经典游戏主题曲，旋律哀婉而克制，充满怀旧与内省
Cause I Love You - Kyla Dawson,群星,warm;nostalgic;hopeful,acoustic;vocal_breath;string;soft_synth,,0.4,0.55,0.45,0.65,0.35,0.7,0.6,en,1,pop,"""{""""morning_clear_light"""":0.8,""""evening_city_walk"""":0.75,""""weekend_slow"""":0.7}""",slow_opening,0.85,温暖的人声与木吉他、弦乐交织，营造怀旧而充满希望的抒情氛围
Fast Car (Radio Edi),Jonas Blue,hopeful;urban;nostalgic,soft_synth;vocal_breath;electric_distant,,0.65,0.6,0.55,0.5,0.7,0.75,0.5,en,1,tropical_house,"""{""""evening_city_walk"""":0.85,""""morning_clear_light"""":0.7,""""weekend_slow"""":0.65}""",city_to_inner_room,0.85,热带浩室节奏与明亮合成器，充满都市感的希望与怀旧
Easy Breezy (Je Sais),FRANKIIE,warm;clear;hopeful,acoustic;soft_synth;vocal_breath,,0.45,0.6,0.4,0.65,0.5,0.7,0.4,en,1,indie_pop,"""{""""morning_clear_light"""":0.8,""""afternoon_warm_idle"""":0.75,""""weekend_slow"""":0.7}""",soft_focus_work,0.85,轻快的原声吉他搭配软合成器，人声温暖清晰，营造出轻松明亮的氛围
Africa's Calling,Moderator,urban;restless;nostalgic,soft_synth;electric_distant;reverb_heavy,,0.55,0.5,0.6,0.45,0.5,0,0.5,instrumental,0,electronic,"""{""""evening_city_walk"""":0.85,""""deep_night_introspective"""":0.8,""""work_focus_low_vocal"""":0.75}""",city_to_inner_room,0.85,合成器驱动的都市电子，带有疏离感和怀旧情绪，适合夜晚城市漫步
女孩儿与四重奏,丁薇,restrained;melancholic;urban,string;acoustic;vocal_breath;minimal,,0.35,0.4,0.45,0.5,0.3,0.6,0.7,zh,1,art_pop,"""{""""evening_city_walk"""":0.8,""""deep_night_introspective"""":0.75,""""work_focus_low_vocal"""":0.7}""",city_to_inner_room,0.85,丁薇的克制声线与弦乐四重奏交织，都市感中带着内敛的忧郁
秘境,松尾早人,introspective;misty;restrained,piano;string;ambient_pad;minimal,,0.15,0.3,0.2,0.35,0.1,0,0.7,instrumental,0,modern_classical,"""{""""work_focus_low_vocal"""":0.85,""""deep_night_introspective"""":0.8,""""night_rain_humid"""":0.75}""",slow_opening,0.9,钢琴与弦乐交织的极简氛围，静谧而神秘，如同探索未知秘境
邊界1999,許美靜,melancholic;lonely;bittersweet,piano;string;reverb_heavy;vocal_breath,,0.3,0.35,0.4,0.4,0.25,0.6,0.75,zh,1,mandopop,"""{""""deep_night_introspective"""":0.85,""""night_rain_humid"""":0.8,""""evening_city_walk"""":0.75}""",late_night_descent,0.9,許美靜低沉忧郁的声线搭配钢琴与弦乐，营造出世纪末的孤独与感伤氛围
"""Piano Concerto in G Major, M. 83: II. Adagio assai""",Maurice Ravel,introspective;melancholic;restrained,piano;string;cinematic;minimal,,0.15,0.3,0.2,0.35,0.1,0,0.8,instrumental,0,classical,"""{""""work_focus_low_vocal"""":0.85,""""deep_night_introspective"""":0.8,""""night_rain_humid"""":0.75}""",slow_opening,0.95,拉威尔G大调钢琴协奏曲柔板，钢琴与弦乐交织，缓慢而内省，充满古典的克制与忧郁
The Scientist,Corinne Bailey Rae,melancholic;nostalgic;warm,piano;vocal_breath;string,,0.35,0.45,0.4,0.6,0.3,0.7,0.75,en,1,soul,"""{""""evening_city_walk"""":0.8,""""night_rain_humid"""":0.75,""""deep_night_introspective"""":0.7}""",slow_opening,0.85,Corinne Bailey Rae 的温暖声线与钢琴弦乐编排，营造出怀旧而略带忧伤的抒情氛围
惦記這一些,王傑,nostalgic;melancholic;lonely,acoustic;vocal_breath;string,,0.35,0.4,0.45,0.5,0.3,0.7,0.75,zh,1,mandopop,"""{""""evening_city_walk"""":0.8,""""night_clear_lonely"""":0.75,""""deep_night_introspective"""":0.7}""",slow_opening,0.85,王傑滄桑的聲線搭配木吉他與弦樂，營造出懷舊而孤獨的抒情氛圍
Boy's a liar Pt. 2,PinkPantheress / Ice Spice,urban;restless;bittersweet,soft_synth;lofi_dust;vocal_breath,,0.6,0.5,0.55,0.4,0.65,0.75,0.5,en,1,uk_garage,"""{""""evening_city_walk"""":0.8,""""deep_night_introspective"""":0.7,""""user_requested_explore"""":0.75}""",city_to_inner_room,0.85,UK garage 节拍搭配轻快人声，都市感与不安交织，略带苦涩的甜蜜
On The Floor - Radio Edit,Jennifer Lopez,restless;urban;hopeful,soft_synth;electric_distant;reverb_heavy,,0.7,0.6,0.65,0.5,0.75,0.85,0.4,en,1,dance_pop,"""{""""evening_city_walk"""":0.55,""""user_requested_explore"""":0.5,""""weekend_slow"""":0.4}""",city_to_inner_room,0.8,高能量舞曲，节奏强劲，人声突出，适合都市夜晚的动感场景，但情绪深度较浅
Stay With Me [Darkchild Version],Sam Smith / Mary J. Blige,melancholic;bittersweet;restrained,piano;string;vocal_breath;reverb_heavy,,0.4,0.35,0.5,0.45,0.3,0.8,0.75,en,1,r&b,"""{""""deep_night_introspective"""":0.85,""""night_rain_humid"""":0.8,""""evening_city_walk"""":0.75}""",fade_into_inner_space,0.9,钢琴与弦乐铺垫，人声充满情感重量，克制而苦涩的R&B抒情
倘若,燕池,introspective;melancholic;restrained,piano;string;minimal;vocal_breath,,0.25,0.35,0.3,0.45,0.2,0.6,0.7,zh,1,folk,"""{""""deep_night_introspective"""":0.85,""""night_rain_humid"""":0.8,""""work_focus_low_vocal"""":0.75}""",afterglow_fading,0.85,燕池的嗓音克制而内省，钢琴与弦乐编织出沉静、略带忧郁的民谣氛围
Drops,FKJ / Tom Bailey,dreamy;warm;nostalgic,soft_synth;ambient_pad;lofi_dust;field_recording,,0.25,0.4,0.3,0.6,0.2,0,0.5,instrumental,0,lo_fi,"""{""""work_focus_low_vocal"""":0.85,""""morning_cloudy_slow"""":0.8,""""evening_city_walk"""":0.75}""",rain_on_glass,0.9,温暖柔和的 lo-fi 氛围，软合成器与现场录音交织，营造梦幻怀旧的静谧感
Need U,Suna,warm;dreamy;hopeful,soft_synth;ambient_pad;lofi_dust,,0.35,0.5,0.4,0.65,0.3,0,0.45,instrumental,0,lo_fi,"""{""""work_focus_low_vocal"""":0.85,""""morning_cloudy_slow"""":0.8,""""evening_city_walk"""":0.75}""",soft_focus_work,0.85,温暖的 lo-fi 氛围，软合成器与轻度失真营造出梦幻而充满希望的质感
Concerto Pour Piano En La Majeur N°23 K.488,Julie Bataille,clear;restrained;nostalgic,piano;string;cinematic;minimal,,0.25,0.6,0.35,0.5,0.2,0,0.55,instrumental,0,classical,"""{""""morning_clear_light"""":0.85,""""work_focus_low_vocal"""":0.8,""""afternoon_warm_idle"""":0.75}""",slow_opening,0.9,莫扎特钢琴协奏曲，清澈明亮的钢琴与弦乐交织，古典优雅中带一丝怀旧
Partus,sToa,melancholic;restrained;misty,piano;string;reverb_heavy;minimal,,0.2,0.3,0.25,0.35,0.1,0,0.8,instrumental,0,neoclassical_dark,"""{""""deep_night_introspective"""":0.9,""""night_rain_humid"""":0.85,""""work_focus_low_vocal"""":0.8}""",afterglow_fading,0.9,极简钢琴与弦乐交织，混响深沉，营造出忧郁而克制的暗调氛围
素敌だね,RIKKI,nostalgic;dreamy;bittersweet,piano;string;vocal_breath;cinematic,,0.35,0.5,0.4,0.55,0.2,0.7,0.75,ja,1,jpop,"""{""""evening_city_walk"""":0.8,""""deep_night_introspective"""":0.75,""""night_clear_lonely"""":0.7}""",slow_opening,0.85,《最终幻想X》主题曲，钢琴与弦乐交织，RIKKI的清澈声线带来怀旧与梦幻交织的淡淡忧伤
Mexicali,Polo & Pan,warm;dreamy;hopeful,soft_synth;acoustic;field_recording,,0.45,0.6,0.4,0.7,0.5,0,0.35,instrumental,0,electronic,"""{""""morning_clear_light"""":0.85,""""afternoon_warm_idle"""":0.8,""""evening_city_walk"""":0.75}""",soft_focus_work,0.85,温暖的电子乐，软合成器与田野录音营造出阳光明媚的度假感
Hedonic Treadmill,Barker,restless;urban;detached,cold_synth;minimal;electric_distant,,0.6,0.4,0.55,0.3,0.65,0,0.5,instrumental,0,techno,"""{""""evening_city_walk"""":0.8,""""work_focus_low_vocal"""":0.7,""""deep_night_introspective"""":0.75}""",city_to_inner_room,0.85,冷调合成器驱动的极简 techno，重复节奏与疏离感映射都市焦虑
Pin Drop,Meat Beat Manifesto,restrained;detached;melancholic,minimal;cold_synth;ambient_pad;reverb_heavy,,0.15,0.2,0.2,0.25,0.1,0,0.7,instrumental,0,ambient,"""{""""work_focus_low_vocal"""":0.85,""""deep_night_introspective"""":0.8,""""night_rain_humid"""":0.75}""",afterglow_fading,0.85,极简冷调氛围，稀疏的合成器与深远混响营造出克制而疏离的静谧感
混声合唱のための「うた」 明日ハ晴レカナ、曇リカナ,武満徹,misty;restrained;bittersweet,acoustic;cinematic;minimal;vocal_breath,,0.25,0.4,0.35,0.5,0.15,0.6,0.7,ja,1,modern_classical,"""{""""morning_cloudy_slow"""":0.85,""""deep_night_introspective"""":0.8,""""night_rain_humid"""":0.75}""",afterglow_fading,0.9,武満徹的混声合唱作品，人声如雾气般朦胧，克制而略带苦涩的抒情
Somebody That I Used To Know,Gotye,melancholic;bittersweet;restrained,acoustic;cold_synth;vocal_breath;minimal,,0.4,0.35,0.45,0.3,0.35,0.7,0.75,en,1,indie_pop,"""{""""deep_night_introspective"""":0.85,""""night_rain_humid"""":0.8,""""work_focus_low_vocal"""":0.7}""",fade_into_inner_space,0.9,极简的吉他与人声开场，冷调合成器逐渐加入，克制而苦涩的怀旧情绪
Merry Christmas Mr. Lawrence,Maksim Mrvica,introspective;melancholic;restrained,piano;cinematic;minimal,,0.1,0.3,0.15,0.4,0.1,0,0.85,instrumental,0,modern_classical,"""{""""work_focus_low_vocal"""":0.9,""""deep_night_introspective"""":0.85,""""night_rain_humid"""":0.8}""",slow_opening,0.95,极简钢琴独奏，缓慢而克制，充满内省与留白
"""The Sleeping Beauty, Op. 66, TH 13: Valse""",Pyotr Ilyich Tchaikovsky,warm;nostalgic;hopeful,string;cinematic;acoustic,,0.55,0.7,0.6,0.65,0.6,0,0.5,instrumental,0,classical,"""{""""morning_clear_light"""":0.85,""""afternoon_warm_idle"""":0.8,""""evening_city_walk"""":0.7}""",slow_opening,0.9,柴可夫斯基经典圆舞曲，弦乐与管弦乐编排带来温暖、怀旧且充满希望的明亮质感
行かないで,玉置浩二,melancholic;nostalgic;bittersweet,piano;string;vocal_breath;reverb_heavy,,0.35,0.4,0.45,0.5,0.3,0.75,0.8,ja,1,j_pop,"""{""""deep_night_introspective"""":0.85,""""night_rain_humid"""":0.8,""""evening_city_walk"""":0.75}""",slow_opening,0.9,玉置浩二深情而略带沙哑的嗓音，配合钢琴与弦乐，营造出浓郁的怀旧与哀愁氛围，能量偏低但情感厚重
Coup De Grace,The Tronosonic Experience,restless;urban;unresolved,electric_distant;reverb_heavy;cold_synth,,0.6,0.4,0.55,0.3,0.6,0,0.5,instrumental,0,electronic,"""{""""evening_city_walk"""":0.8,""""deep_night_introspective"""":0.7,""""work_focus_low_vocal"""":0.65}""",city_to_inner_room,0.8,电子器乐作品，冷合成器与深远混响营造出都市不安与未解决的氛围
Lying Together,FKJ,warm;dreamy;sensual,soft_synth;ambient_pad;electric_distant;vocal_breath,,0.3,0.45,0.4,0.7,0.3,0.3,0.5,instrumental,0,lo_fi,"""{""""work_focus_low_vocal"""":0.85,""""evening_city_walk"""":0.8,""""deep_night_introspective"""":0.75}""",rain_on_glass,0.85,FKJ 的温暖合成器与轻微人声采样，营造出慵懒亲密的氛围，适合低能量专注或夜晚漫步
Theme from Jerome (Forgotten Words),Kishi Bashi,nostalgic;melancholic;dreamy,string;piano;vocal_breath;reverb_heavy,,0.3,0.4,0.35,0.5,0.2,0.6,0.7,en,1,art_pop,"""{""""deep_night_introspective"""":0.85,""""evening_city_walk"""":0.8,""""night_rain_humid"""":0.75}""",fade_into_inner_space,0.85,Kishi Bashi 的弦乐与假声交织，营造出怀旧而梦幻的忧伤氛围，适合深夜内省
"""Alas, Alas! The Breath of Life!""",The Ascent of Everest,melancholic;introspective;restrained,ambient_pad;field_recording;minimal;reverb_heavy,,0.15,0.2,0.3,0.35,0.1,0,0.8,instrumental,0,ambient,"""{""""deep_night_introspective"""":0.9,""""night_rain_humid"""":0.85,""""work_focus_low_vocal"""":0.8}""",fade_into_inner_space,0.9,氛围声景作品，以环境垫音、田野录音和深远混响营造出内省而忧郁的静谧空间
Window,The Album Leaf,introspective;melancholic;dreamy,piano;ambient_pad;minimal;reverb_heavy,,0.2,0.3,0.25,0.4,0.15,0,0.7,instrumental,0,ambient,"""{""""work_focus_low_vocal"""":0.85,""""deep_night_introspective"""":0.8,""""night_rain_humid"""":0.75}""",rain_on_glass,0.9,极简钢琴与氛围垫音交织，空旷混响营造出内省而梦幻的声景
The Last Waltz,Soundtrack,nostalgic;melancholic;bittersweet,string;piano;cinematic;reverb_heavy,,0.35,0.4,0.5,0.55,0.3,0,0.75,instrumental,0,soundtrack,"""{""""evening_city_walk"""":0.8,""""deep_night_introspective"""":0.85,""""night_rain_humid"""":0.75}""",afterglow_fading,0.85,电影配乐风格，弦乐与钢琴交织，怀旧而略带感伤，适合夜晚沉思场景
Into Black,Blouse,dreamy;melancholic;detached,soft_synth;reverb_heavy;vocal_breath;electric_distant,,0.35,0.4,0.45,0.35,0.3,0.6,0.7,en,1,dream_pop,"""{""""deep_night_introspective"""":0.85,""""night_clear_lonely"""":0.8,""""evening_city_walk"""":0.75}""",fade_into_inner_space,0.85,梦幻流行风格，软合成器与深远混响营造出迷离、忧郁而疏离的夜晚氛围
Shall Earth No More Inspire Thee,The Unthanks,melancholic;introspective;restrained,piano;string;vocal_breath;minimal,,0.25,0.3,0.35,0.4,0.2,0.6,0.8,en,1,folk,"""{""""deep_night_introspective"""":0.85,""""night_rain_humid"""":0.8,""""work_focus_low_vocal"""":0.75}""",fade_into_inner_space,0.9,The Unthanks 的民谣演绎，钢琴与弦乐衬托下的人声充满内省与忧郁，情感沉重而克制
夕陽消失之前 Twilight Clouds,Cicada,melancholic;nostalgic;bittersweet,piano;string;cinematic;field_recording,,0.25,0.35,0.3,0.45,0.15,0,0.75,instrumental,0,modern_classical,"""{""""evening_city_walk"""":0.85,""""night_clear_lonely"""":0.8,""""deep_night_introspective"""":0.75}""",afterglow_fading,0.9,钢琴与弦乐交织的台湾后古典，黄昏意象带来淡淡的忧伤与怀旧
"""Symphony No. 104 in D Major, Hob.I:104 """"""""London"""""""": 4. Finale (Spiritoso) - Live from City Recital Hall, Sydney, 2018""",Joseph Haydn,clear;restless;hopeful,string;cinematic;acoustic,,0.65,0.7,0.6,0.5,0.7,0,0.4,instrumental,0,classical,"""{""""morning_clear_light"""":0.8,""""afternoon_warm_idle"""":0.7,""""work_focus_low_vocal"""":0.6}""",slow_opening,0.85,海顿交响乐终乐章，弦乐与管弦乐交织，明亮活泼的节奏带来清晰而充满活力的古典质感
Love Yourself,Justin Bieber,warm;nostalgic;hopeful,acoustic;vocal_breath;soft_synth,,0.4,0.55,0.45,0.6,0.4,0.7,0.5,en,1,pop,"""{""""morning_clear_light"""":0.75,""""evening_city_walk"""":0.7,""""weekend_slow"""":0.65}""",slow_opening,0.85,木吉他主导的流行曲，Justin Bieber 温暖声线传递怀旧与希望，能量中等偏低
"""Nonet in E-Flat Major, Op. 38: III. Scherzo. Vivace""",Louise Farrenc,restless;clear;hopeful,string;cinematic;acoustic,,0.7,0.75,0.7,0.5,0.8,0,0.4,instrumental,0,classical,"""{""""morning_clear_light"""":0.8,""""afternoon_warm_idle"""":0.7,""""weekend_slow"""":0.6}""",slow_opening,0.85,活泼的谐谑曲，弦乐与木管交织，明亮而充满律动，古典室内乐风格
10 Hz Alpha Thunderstorm (Extended Version),White Noise Meditation,introspective;detached;restrained,ambient_pad;field_recording;minimal;reverb_heavy,,0.15,0.2,0.3,0.3,0.05,0,0.4,instrumental,0,ambient,"""{""""work_focus_low_vocal"""":0.85,""""deep_night_introspective"""":0.8,""""night_rain_humid"""":0.9}""",rain_on_glass,0.9,白噪音与雷雨声场录音，低频Alpha波引导，极低能量与律动，适合专注或冥想场景
Love Grows (Where My Rosemary Goes),Edison Lighthouse,warm;hopeful;nostalgic,acoustic;string;vocal_breath,,0.6,0.7,0.5,0.75,0.55,0.7,0.5,en,1,bubblegum_pop,"""{""""morning_clear_light"""":0.85,""""afternoon_warm_idle"""":0.8,""""weekend_slow"""":0.75}""",slow_opening,0.85,轻快的70年代流行曲，温暖人声与弦乐编排传递出阳光般的怀旧与希望
都是夜归人,许美静,melancholic;urban;nostalgic,piano;string;vocal_breath;reverb_heavy,,0.35,0.4,0.45,0.5,0.3,0.7,0.7,zh,1,mandopop,"""{""""evening_city_walk"""":0.85,""""deep_night_introspective"""":0.8,""""night_rain_humid"""":0.75}""",city_to_inner_room,0.9,许美静清冷而温暖的人声与钢琴弦乐交织，营造出都市夜晚的孤独与怀旧感
%%(Eung Eung),Apink,urban;restless;nostalgic,soft_synth;cold_synth;vocal_breath;electric_distant,,0.6,0.55,0.6,0.45,0.65,0.75,0.5,ko,1,k_pop,"""{""""evening_city_walk"""":0.8,""""deep_night_introspective"""":0.7,""""user_requested_explore"""":0.75}""",city_to_inner_room,0.85,Apink的成熟转型之作，合成器驱动的都市感舞曲，带有一丝怀旧与不安的张力
"""Relax, Take it Easy""",MIKA,hopeful;warm;clear,soft_synth;acoustic;vocal_breath,,0.6,0.7,0.5,0.65,0.6,0.7,0.45,en,1,pop,"""{""""morning_clear_light"""":0.8,""""weekend_slow"""":0.75,""""user_requested_explore"""":0.7}""",gentle_recovery,0.85,MIKA 的轻快流行曲风，明亮合成器与温暖人声传递希望与放松感
つぎの夜へ,Yura Yura Teikoku,dreamy;nostalgic;restless,soft_synth;reverb_heavy;electric_distant;vocal_breath,,0.45,0.5,0.5,0.55,0.4,0.6,0.65,ja,1,psychedelic_rock,"""{""""evening_city_walk"""":0.8,""""deep_night_introspective"""":0.75,""""night_clear_lonely"""":0.7}""",city_to_inner_room,0.85,迷幻摇滚风格，软合成器与深远混响营造出梦幻怀旧感，人声略带不安与游离
Song for you,平原綾香,warm;nostalgic;hopeful,acoustic;string;vocal_breath;piano,,0.4,0.55,0.45,0.7,0.35,0.7,0.6,ja,1,j_pop,"""{""""morning_clear_light"""":0.8,""""evening_city_walk"""":0.75,""""weekend_slow"""":0.7}""",slow_opening,0.85,平原綾香温暖的声线搭配钢琴与弦乐，营造出怀旧而充满希望的抒情氛围
Hallucinations,dvsn,dreamy;sensual;bittersweet,soft_synth;vocal_breath;reverb_heavy,,0.45,0.4,0.5,0.5,0.4,0.7,0.6,en,1,r&b,"""{""""evening_city_walk"""":0.8,""""deep_night_introspective"""":0.75,""""night_clear_lonely"""":0.7}""",city_to_inner_room,0.85,dvsn 的 R&B 作品，软合成器与呼吸感人声营造梦幻而略带苦涩的夜晚氛围
MVSK,Kep1er,urban;restless;hopeful,soft_synth;cold_synth;vocal_breath,,0.6,0.55,0.6,0.4,0.6,0.8,0.5,ko,1,k_pop,"""{""""evening_city_walk"""":0.8,""""deep_night_introspective"""":0.7,""""user_requested_explore"""":0.75}""",city_to_inner_room,0.85,K-pop 舞曲，合成器驱动，都市感强，人声突出，能量中等偏高，带有不安与期待的情绪
We Fall,Josephine Wiggs,melancholic;restrained;introspective,acoustic;string;vocal_breath;minimal,,0.25,0.3,0.35,0.4,0.2,0.6,0.75,en,1,indie_folk,"""{""""deep_night_introspective"""":0.85,""""night_rain_humid"""":0.8,""""work_focus_low_vocal"""":0.75}""",fade_into_inner_space,0.85,木吉他与人声交织，克制而内省，带有淡淡的忧伤与脆弱感
反方向的鐘,周杰倫,nostalgic;bittersweet;dreamy,piano;string;vocal_breath;reverb_heavy,,0.4,0.45,0.5,0.55,0.35,0.7,0.65,zh,1,mandopop,"""{""""evening_city_walk"""":0.8,""""deep_night_introspective"""":0.75,""""weekend_slow"""":0.7}""",slow_opening,0.85,周杰伦早期抒情作品，钢琴与弦乐交织，怀旧与梦幻感并存，人声清晰富有情感
Shampoo,After School,urban;restless;nostalgic,soft_synth;electric_distant;vocal_breath,,0.55,0.5,0.55,0.5,0.5,0.7,0.5,ko,1,k_pop,"""{""""evening_city_walk"""":0.8,""""work_focus_low_vocal"""":0.7,""""user_requested_explore"""":0.65}""",city_to_inner_room,0.85,K-pop 舞曲，合成器与节奏驱动，带有都市怀旧感和轻微不安
如歌的行板,左旗,introspective;melancholic;restrained,piano;string;minimal;reverb_heavy,,0.2,0.3,0.25,0.4,0.1,0,0.8,instrumental,0,modern_classical,"""{""""deep_night_introspective"""":0.9,""""night_rain_humid"""":0.85,""""work_focus_low_vocal"""":0.8}""",afterglow_fading,0.9,钢琴与弦乐交织的极简古典作品，缓慢而克制，充满内省与留白，如同行板般沉静
让她降落 (Live版),单依纯,melancholic;nostalgic;bittersweet,piano;vocal_breath;string;reverb_heavy,,0.35,0.4,0.45,0.5,0.25,0.75,0.7,zh,1,mandopop,"""{""""evening_city_walk"""":0.8,""""deep_night_introspective"""":0.75,""""night_rain_humid"""":0.7}""",slow_opening,0.85,单依纯的现场演绎以钢琴和弦乐铺垫，人声充满呼吸感与情感张力，营造出怀旧而略带苦涩的抒情氛围
Cold Nites,How to Dress Well,lonely;melancholic;restrained,cold_synth;reverb_heavy;vocal_breath;minimal,,0.25,0.2,0.3,0.2,0.15,0.4,0.8,en,1,alternative_rnb,"""{""""deep_night_introspective"""":0.9,""""night_rain_humid"""":0.85,""""night_clear_lonely"""":0.8}""",late_night_descent,0.9,冷调合成器与空旷混响，脆弱人声在极简编排中透出深夜的孤独与克制
18,at17,warm;nostalgic;hopeful,acoustic;vocal_breath;string,,0.4,0.55,0.45,0.65,0.35,0.65,0.6,zh,1,mandopop,"""{""""evening_city_walk"""":0.75,""""morning_clear_light"""":0.7,""""weekend_slow"""":0.7}""",slow_opening,0.85,at17 的温暖声线与木吉他编排，带来青春怀旧与希望感
Stubborn Heart,Ratso,introspective;melancholic;restrained,piano;reverb_heavy;minimal,,0.25,0.3,0.35,0.4,0.2,0,0.75,instrumental,0,modern_classical,"""{""""deep_night_introspective"""":0.85,""""night_rain_humid"""":0.8,""""work_focus_low_vocal"""":0.75}""",afterglow_fading,0.85,极简钢琴与深远混响，克制而内省，如同夜色中凝固的情绪
"""Dawn, the Front""",Talos,introspective;misty;hopeful,ambient_pad;soft_synth;reverb_heavy;vocal_breath,,0.35,0.45,0.4,0.5,0.3,0.6,0.65,en,1,art_pop,"""{""""morning_cloudy_slow"""":0.85,""""deep_night_introspective"""":0.8,""""work_focus_low_vocal"""":0.75}""",soft_focus_work,0.85,空灵合成器与朦胧人声交织，营造内省而略带希望的清晨氛围
Promise to Send,Tanbark,dreamy;warm;nostalgic,soft_synth;ambient_pad;lofi_dust;reverb_heavy,,0.25,0.4,0.3,0.6,0.2,0,0.5,instrumental,0,lo_fi,"""{""""work_focus_low_vocal"""":0.85,""""morning_cloudy_slow"""":0.8,""""evening_city_walk"""":0.75}""",soft_focus_work,0.85,温暖的 lo-fi 氛围，软合成器与混响营造出梦幻怀旧的质感，适合专注或慢节奏场景
"""They Glow in Light, Like Coloured Glass""",Sigur Rós,dreamy;misty;introspective,ambient_pad;string;reverb_heavy;field_recording,,0.2,0.35,0.3,0.45,0.1,0.3,0.7,instrumental,0,post_rock,"""{""""morning_cloudy_slow"""":0.85,""""deep_night_introspective"""":0.8,""""night_rain_humid"""":0.75}""",fade_into_inner_space,0.9,Sigur Rós 标志性的氛围铺底与弦乐，梦幻而朦胧，如同彩色玻璃在微光中闪烁
Slow,Kylie Minogue,sensual;dreamy;restrained,soft_synth;reverb_heavy;vocal_breath,,0.4,0.5,0.45,0.55,0.35,0.7,0.5,en,1,art_pop,"""{""""evening_city_walk"""":0.8,""""deep_night_introspective"""":0.75,""""night_clear_lonely"""":0.7}""",city_to_inner_room,0.85,Kylie Minogue 的慢板流行曲，软合成器与呼吸感人声营造出梦幻而克制的氛围
CMF,Caspian,introspective;melancholic;restrained,piano;ambient_pad;cinematic;minimal,,0.25,0.3,0.35,0.4,0.15,0,0.8,instrumental,0,post_rock,"""{""""work_focus_low_vocal"""":0.85,""""deep_night_introspective"""":0.9,""""night_rain_humid"""":0.75}""",slow_opening,0.9,后摇器乐作品，钢琴与氛围铺垫交织，缓慢展开的内省与克制情绪
Merry Christmas Mr. Lawrence (Main Theme),Federica Fornabaio,introspective;melancholic;restrained,piano;minimal;cinematic,,0.1,0.3,0.15,0.4,0.1,0,0.85,instrumental,0,modern_classical,"""{""""work_focus_low_vocal"""":0.9,""""deep_night_introspective"""":0.85,""""night_rain_humid"""":0.8}""",slow_opening,0.95,极简钢琴独奏，缓慢而克制，充满内省与留白
A New Day,Paolo Re,hopeful;warm;clear,piano;string;acoustic;vocal_breath,,0.4,0.6,0.4,0.7,0.3,0.6,0.5,en,1,pop,"""{""""morning_clear_light"""":0.85,""""afternoon_warm_idle"""":0.75,""""weekend_slow"""":0.7}""",slow_opening,0.85,钢琴与弦乐铺垫，温暖人声传递希望与明亮，适合清晨或悠闲场景
Easily Charmed By Fools,The Claypool Lennon Delirium,dreamy;unresolved;restless,soft_synth;electric_distant;reverb_heavy;vocal_breath,,0.45,0.5,0.55,0.4,0.5,0.6,0.6,en,1,psychedelic_rock,"""{""""deep_night_introspective"""":0.8,""""evening_city_walk"""":0.75,""""user_requested_explore"""":0.7}""",city_to_inner_room,0.85,迷幻摇滚风格，合成器与遥远电吉他营造梦幻不安的氛围，人声带有呼吸感，能量中等偏弱
"""4 Lieder, Op. 27, TrV 170 (Version for Voice & Orchestra): No. 4, Morgen!""",Richard Strauss,warm;hopeful;nostalgic,string;vocal_breath;cinematic,,0.25,0.6,0.35,0.7,0.15,0.6,0.7,de,1,classical,"""{""""morning_clear_light"""":0.9,""""afternoon_warm_idle"""":0.75,""""deep_night_introspective"""":0.7}""",slow_opening,0.9,理查·施特劳斯艺术歌曲，弦乐与温暖人声交织，充满清晨的宁静与希望
交出邦尼 (Live),吉克隽逸,restless;urban;bittersweet,electric_distant;vocal_breath;reverb_heavy,,0.6,0.5,0.55,0.4,0.55,0.75,0.65,zh,1,mandopop,"""{""""evening_city_walk"""":0.8,""""deep_night_introspective"""":0.75,""""user_requested_explore"""":0.7}""",city_to_inner_room,0.85,现场版充满都市感的不安与苦涩，人声突出，电声质感与混响营造疏离氛围
Red Roses,Graveyard Club,melancholic;nostalgic;dreamy,soft_synth;reverb_heavy;vocal_breath;electric_distant,,0.35,0.4,0.45,0.5,0.3,0.6,0.7,en,1,dream_pop,"""{""""evening_city_walk"""":0.8,""""deep_night_introspective"""":0.85,""""night_rain_humid"""":0.75}""",city_to_inner_room,0.85,梦幻流行风格，合成器与混响人声交织，营造怀旧而忧郁的夜晚氛围
Marco Polo,城之内ミサ,dreamy;nostalgic;restrained,piano;string;reverb_heavy;minimal,,0.25,0.4,0.3,0.5,0.2,0,0.6,instrumental,0,modern_classical,"""{""""work_focus_low_vocal"""":0.85,""""deep_night_introspective"""":0.8,""""morning_cloudy_slow"""":0.75}""",slow_opening,0.85,钢琴与弦乐交织的极简旋律，带有梦幻与怀旧的克制感，适合内省场景
magnet,まらしぃ,melancholic;introspective;bittersweet,piano;cinematic;minimal;reverb_heavy,,0.25,0.35,0.3,0.4,0.15,0,0.75,instrumental,0,modern_classical,"""{""""deep_night_introspective"""":0.85,""""night_rain_humid"""":0.8,""""work_focus_low_vocal"""":0.75}""",slow_opening,0.9,まらしぃ的钢琴独奏，旋律忧郁而内省，混响营造出空旷的怀旧感
Abracadabra (Dondake Beauty Mix),Brown Eyed Girls,sensual;urban;restless,soft_synth;electric_distant;vocal_breath;cold_synth,,0.65,0.55,0.7,0.45,0.7,0.8,0.5,ko,1,k_pop,"""{""""evening_city_walk"""":0.8,""""deep_night_introspective"""":0.7,""""user_requested_explore"""":0.75}""",city_to_inner_room,0.85,性感而都市的K-pop混音，合成器与节奏驱动，带有不安定的能量
Single Life,The Rhythm Method,urban;restless;bittersweet,electric_distant;soft_synth;vocal_breath,,0.55,0.5,0.55,0.4,0.5,0.7,0.5,en,1,indie_pop,"""{""""evening_city_walk"""":0.8,""""night_clear_lonely"""":0.75,""""user_requested_explore"""":0.7}""",city_to_inner_room,0.85,都市独立流行，电子化编配与人声交织，带出不安与怀旧交织的情绪
Better Than Yours (feat. Youngboy Never Broke Again),Coi Leray,restless;urban;hopeful,soft_synth;electric_distant;vocal_breath,,0.7,0.6,0.65,0.4,0.7,0.85,0.5,en,1,hip_hop,"""{""""evening_city_walk"""":0.7,""""user_requested_explore"""":0.65,""""night_clear_lonely"""":0.55}""",city_to_inner_room,0.8,"""Urban hip-hop with restless energy, prominent vocals and distant synth textures, fitting for city night walks."""
Motownphilly,Boyz II Men,nostalgic;warm;hopeful,acoustic;vocal_breath;string,,0.6,0.65,0.55,0.7,0.6,0.8,0.5,en,1,r&b,"""{""""evening_city_walk"""":0.8,""""weekend_slow"""":0.75,""""morning_clear_light"""":0.7}""",slow_opening,0.85,经典R&B和声，温暖怀旧的人声与木吉他质感，能量适中偏高
2 Rights Make 1 Wrong,Mogwai,introspective;melancholic;restrained,electric_distant;reverb_heavy;minimal;cinematic,,0.25,0.3,0.35,0.3,0.2,0,0.75,instrumental,0,post_rock,"""{""""deep_night_introspective"""":0.85,""""night_rain_humid"""":0.8,""""work_focus_low_vocal"""":0.75}""",fade_into_inner_space,0.9,Mogwai 标志性的后摇，电吉他遥远而混响厚重，缓慢展开的内省与克制情绪
Fast train,柿原朱美,urban;restless;hopeful,soft_synth;electric_distant;reverb_heavy,,0.6,0.55,0.55,0.5,0.65,0.7,0.5,ja,1,j_pop,"""{""""evening_city_walk"""":0.85,""""user_requested_explore"""":0.8,""""morning_clear_light"""":0.7}""",city_to_inner_room,0.85,都市感J-Pop，合成器与节奏驱动，带有不安与希望交织的情绪
September,Earth,nostalgic;warm;bittersweet,acoustic;string;jazz_brush,,0.35,0.55,0.4,0.7,0.3,0,0.6,instrumental,0,jazz,"""{""""morning_clear_light"""":0.8,""""afternoon_warm_idle"""":0.85,""""evening_city_walk"""":0.75}""",soft_focus_work,0.85,温暖的爵士吉他+弦乐编排，怀旧而明亮的质感，适合午后闲适场景
Each so Deep,upsammy,dreamy;misty;detached,ambient_pad;field_recording;minimal;soft_synth,,0.2,0.35,0.3,0.45,0.15,0,0.5,instrumental,0,ambient,"""{""""work_focus_low_vocal"""":0.85,""""morning_cloudy_slow"""":0.8,""""deep_night_introspective"""":0.75}""",soft_focus_work,0.85,迷离的氛围电子，田野录音与软合成器交织，营造出朦胧而疏离的声景
Bridge Over Troubled Water,Simon & Garfunkel,warm;nostalgic;hopeful,piano;string;vocal_breath;acoustic,,0.4,0.5,0.45,0.7,0.3,0.75,0.8,en,1,folk_rock,"""{""""morning_clear_light"""":0.8,""""evening_city_walk"""":0.75,""""deep_night_introspective"""":0.7}""",slow_opening,0.9,温暖的钢琴与弦乐编排，人声充满情感重量，带来怀旧与希望的治愈感
Untitled 27,Polly Scattergood,introspective;melancholic;restrained,piano;vocal_breath;reverb_heavy;minimal,,0.25,0.3,0.35,0.4,0.2,0.6,0.75,en,1,art_pop,"""{""""deep_night_introspective"""":0.85,""""night_rain_humid"""":0.8,""""work_focus_low_vocal"""":0.7}""",fade_into_inner_space,0.85,脆弱的人声与极简钢琴交织，混响厚重，营造出内省而克制的氛围
The Human Mosaic,Will Samson,introspective;misty;melancholic,ambient_pad;field_recording;minimal;reverb_heavy,,0.2,0.3,0.25,0.4,0.1,0,0.7,instrumental,0,ambient,"""{""""work_focus_low_vocal"""":0.85,""""deep_night_introspective"""":0.8,""""morning_cloudy_slow"""":0.75}""",slow_opening,0.85,氛围声景，田野录音与混响铺底营造内省而朦胧的质感
Dog Beach,Shook Twins,dreamy;warm;nostalgic,acoustic;vocal_breath;string;field_recording,,0.35,0.5,0.4,0.7,0.3,0.6,0.5,en,1,indie_folk,"""{""""morning_clear_light"""":0.8,""""afternoon_warm_idle"""":0.75,""""weekend_slow"""":0.7}""",soft_focus_work,0.85,温暖的木吉他与人声，带有自然录音元素，营造出梦幻怀旧的氛围
Don't Speak,Woman's Hour,melancholic;restrained;bittersweet,cold_synth;vocal_breath;reverb_heavy;electric_distant,,0.35,0.3,0.4,0.35,0.3,0.6,0.7,en,1,dream_pop,"""{""""deep_night_introspective"""":0.85,""""night_rain_humid"""":0.8,""""evening_city_walk"""":0.75}""",fade_into_inner_space,0.85,冷色调合成器与空灵人声交织，克制而忧郁的梦幻流行质感
Shore,Balmorhea,introspective;melancholic;restrained,piano;string;ambient_pad;minimal,,0.2,0.3,0.25,0.4,0.15,0,0.75,instrumental,0,modern_classical,"""{""""work_focus_low_vocal"""":0.85,""""deep_night_introspective"""":0.8,""""night_rain_humid"""":0.75}""",slow_opening,0.9,极简钢琴与弦乐交织，氛围垫铺底，营造内省而克制的海岸意象
DUMB DUMB,JEON SOMI,restless;urban;clear,soft_synth;electric_distant;vocal_breath,,0.7,0.65,0.6,0.4,0.7,0.8,0.4,en,1,k_pop,"""{""""evening_city_walk"""":0.7,""""user_requested_explore"""":0.65,""""work_focus_low_vocal"""":0.5}""",city_to_inner_room,0.85,K-pop 流行曲，节奏明快、人声突出，带有都市感和清晰能量，但情感重量较轻
Make You Feel,Alina Baraz,warm;sensual;dreamy,soft_synth;vocal_breath;reverb_heavy;ambient_pad,,0.35,0.5,0.4,0.7,0.3,0.75,0.5,en,1,r&b,"""{""""evening_city_walk"""":0.85,""""deep_night_introspective"""":0.8,""""afternoon_warm_idle"""":0.75}""",city_to_inner_room,0.9,Alina Baraz 的柔滑人声与软合成器营造出温暖、性感的氛围，适合夜晚放松
Death Tapes,Gemma Ray,melancholic;introspective;restrained,piano;reverb_heavy;vocal_breath;minimal,,0.25,0.3,0.35,0.3,0.2,0.4,0.75,en,1,art_pop,"""{""""deep_night_introspective"""":0.85,""""night_rain_humid"""":0.8,""""work_focus_low_vocal"""":0.7}""",fade_into_inner_space,0.85,Gemma Ray 的脆弱人声与空旷钢琴、厚重混响交织，营造出内省而忧郁的深夜氛围
Pretender,Black Marble,urban;detached;nostalgic,cold_synth;reverb_heavy;electric_distant;soft_synth,,0.45,0.4,0.5,0.35,0.5,0.6,0.55,en,1,synthpop,"""{""""evening_city_walk"""":0.85,""""deep_night_introspective"""":0.8,""""night_clear_lonely"""":0.75}""",city_to_inner_room,0.85,冷调合成器与疏离人声，营造出都市夜晚的怀旧与孤独感
183 Times,Greg Haines,introspective;melancholic;restrained,piano;minimal;cinematic,,0.15,0.25,0.2,0.35,0.1,0,0.8,instrumental,0,modern_classical,"""{""""work_focus_low_vocal"""":0.9,""""deep_night_introspective"""":0.85,""""night_rain_humid"""":0.8}""",slow_opening,0.9,极简钢琴独奏，缓慢而克制，充满内省与留白，类似坂本龍一的能量水平
Caccini + Redemption + Ave Maria,Era,introspective;melancholic;hopeful,cinematic;string;reverb_heavy;vocal_breath,,0.4,0.4,0.55,0.5,0.25,0.6,0.75,en,1,new_age,"""{""""deep_night_introspective"""":0.85,""""night_rain_humid"""":0.75,""""work_focus_low_vocal"""":0.7}""",afterglow_fading,0.85,宏大的弦乐与空灵人声交织，融合古典与氛围，营造内省而庄严的救赎感
"""Prokofiev: Romeo and Juliet, Op. 64, Act 1: Dance of the Knights""",Sergei Prokofiev,restrained;melancholic;unresolved,string;cinematic;minimal,,0.6,0.35,0.7,0.3,0.5,0,0.8,instrumental,0,classical,"""{""""work_focus_low_vocal"""":0.7,""""deep_night_introspective"""":0.8,""""night_rain_humid"""":0.75}""",slow_opening,0.9,普罗科菲耶夫标志性的沉重弦乐与铜管，节奏有力但情绪压抑，充满戏剧张力与未解决的冲突感
Prelude: Per Aspera Ad Astra,Alnea,introspective;melancholic;restrained,piano;cinematic;minimal;string,,0.15,0.3,0.2,0.35,0.1,0,0.8,instrumental,0,modern_classical,"""{""""work_focus_low_vocal"""":0.85,""""deep_night_introspective"""":0.9,""""night_rain_humid"""":0.75}""",slow_opening,0.9,钢琴与弦乐交织的极简前奏，内省而克制，充满古典式的深沉情感
Turbulence I,Umchunga,introspective;restrained;melancholic,piano;minimal;cinematic,,0.15,0.25,0.2,0.3,0.1,0,0.8,instrumental,0,modern_classical,"""{""""work_focus_low_vocal"""":0.85,""""deep_night_introspective"""":0.9,""""night_rain_humid"""":0.8}""",slow_opening,0.9,极简钢琴独奏，缓慢而克制，充满内省与忧郁的张力
West Coast Love,Emotional Oranges,warm;nostalgic;sensual,soft_synth;vocal_breath;electric_distant,,0.45,0.5,0.5,0.6,0.5,0.7,0.55,en,1,r&b,"""{""""evening_city_walk"""":0.85,""""deep_night_introspective"""":0.75,""""weekend_slow"""":0.7}""",city_to_inner_room,0.85,温暖柔和的 R&B 曲风，软合成器与人声营造出怀旧而感性的西海岸夜晚氛围
Let It Go,Kelela,urban;restless;bittersweet,soft_synth;reverb_heavy;vocal_breath;electric_distant,,0.55,0.5,0.6,0.45,0.55,0.7,0.6,en,1,r&b,"""{""""evening_city_walk"""":0.8,""""deep_night_introspective"""":0.75,""""user_requested_explore"""":0.7}""",city_to_inner_room,0.85,Kelela 的 R&B 风格，软合成器与深远混响营造都市夜晚的躁动与苦涩
"""Morning Mood, ARV_17 - From """"""""Peer Gynt""""""""""",André Rieu,clear;hopeful;warm,string;acoustic;cinematic,,0.35,0.7,0.4,0.6,0.3,0,0.5,instrumental,0,classical,"""{""""morning_clear_light"""":0.9,""""afternoon_warm_idle"""":0.7,""""weekend_slow"""":0.65}""",slow_opening,0.9,经典管弦乐作品，明亮温暖的弦乐营造清晨的宁静与希望感
At Last I Am Free,Fire! Orchestra,introspective;melancholic;restrained,cinematic;string;reverb_heavy;ambient_pad,,0.25,0.3,0.5,0.4,0.2,0,0.75,instrumental,0,jazz,"""{""""deep_night_introspective"""":0.85,""""night_rain_humid"""":0.8,""""work_focus_low_vocal"""":0.75}""",fade_into_inner_space,0.85,大型爵士乐团编排，弦乐与混响营造出内省而克制的氛围，缓慢展开如同内心空间的消融
Sea,Swallow Me,dreamy;misty;detached,ambient_pad;field_recording;minimal;reverb_heavy,,0.2,0.3,0.25,0.4,0.1,0,0.6,instrumental,0,ambient,"""{""""work_focus_low_vocal"""":0.85,""""morning_cloudy_slow"""":0.8,""""night_clear_lonely"""":0.75}""",soft_focus_work,0.85,氛围声景，以环境音和混响营造出朦胧、梦幻的海洋意象
Sketchy Boys In The Back Of The Bus,Star Slinger,restless;urban;nostalgic,lofi_dust;soft_synth;electric_distant;grainy,,0.55,0.5,0.6,0.45,0.6,0,0.4,instrumental,0,lo_fi,"""{""""evening_city_walk"""":0.8,""""work_focus_low_vocal"""":0.7,""""user_requested_explore"""":0.65}""",city_to_inner_room,0.85,lo-fi 节拍与颗粒感音色，带有都市不安与怀旧气息，适合背景聆听
Tempus,Richard Parker,introspective;melancholic;restrained,piano;minimal;reverb_heavy,,0.2,0.3,0.2,0.35,0.1,0,0.8,instrumental,0,modern_classical,"""{""""work_focus_low_vocal"""":0.85,""""deep_night_introspective"""":0.8,""""night_rain_humid"""":0.75}""",slow_opening,0.85,极简钢琴独奏，缓慢而内省，混响营造出孤独而克制的氛围
Welcome To The Second New Era,Exilym,hopeful;dreamy;clear,soft_synth;ambient_pad;reverb_heavy,,0.4,0.6,0.4,0.55,0.35,0,0.5,instrumental,0,ambient,"""{""""morning_clear_light"""":0.85,""""work_focus_low_vocal"""":0.8,""""evening_city_walk"""":0.75}""",soft_focus_work,0.85,明亮的合成器氛围，充满希望和清晰的质感，适合专注或漫步场景
Lima Limo,Hejira,dreamy;warm;nostalgic,acoustic;soft_synth;field_recording;minimal,,0.3,0.5,0.35,0.6,0.25,0,0.45,instrumental,0,ambient_folk,"""{""""morning_cloudy_slow"""":0.85,""""afternoon_warm_idle"""":0.8,""""work_focus_low_vocal"""":0.75}""",soft_focus_work,0.85,温暖的木吉他搭配柔和合成器与田野录音，营造出梦幻而怀旧的氛围
Kestrel,Espen Berg Trio,introspective;restrained;melancholic,piano;acoustic;minimal;jazz_brush,,0.25,0.4,0.3,0.5,0.2,0,0.7,instrumental,0,jazz,"""{""""work_focus_low_vocal"""":0.85,""""deep_night_introspective"""":0.8,""""night_rain_humid"""":0.75}""",slow_opening,0.85,北欧爵士三重奏，钢琴主导的克制旋律，带有内省与忧郁的质感
Anchors,Damien Jurado,introspective;melancholic;restrained,acoustic;minimal;vocal_breath,,0.25,0.3,0.25,0.4,0.2,0.6,0.75,en,1,singer_songwriter,"""{""""deep_night_introspective"""":0.85,""""work_focus_low_vocal"""":0.8,""""night_rain_humid"""":0.75}""",slow_opening,0.85,Damien Jurado 的民谣风格，木吉他与人声克制而内省，带有淡淡的忧郁
Savage,aespa,urban;restless;unresolved,cold_synth;electric_distant;soft_synth,,0.7,0.6,0.7,0.3,0.7,0.8,0.5,en,1,k_pop,"""{""""evening_city_walk"""":0.7,""""deep_night_introspective"""":0.5,""""user_requested_explore"""":0.6}""",city_to_inner_room,0.85,冷感合成器与强烈节奏，都市不安感与未解决的情绪张力
涙そうそう,夏川里美,nostalgic;warm;bittersweet,acoustic;string;vocal_breath,,0.35,0.5,0.4,0.7,0.3,0.75,0.7,ja,1,enka_pop,"""{""""evening_city_walk"""":0.8,""""weekend_slow"""":0.75,""""night_rain_humid"""":0.7}""",slow_opening,0.9,夏川里美温暖而略带哀愁的嗓音，搭配冲绳民谣风格的吉他弦乐，唤起怀旧与感伤
Antumalal,Datach'i,misty;restrained;dreamy,ambient_pad;minimal;cold_synth;field_recording,,0.2,0.3,0.25,0.35,0.15,0,0.5,instrumental,0,ambient,"""{""""work_focus_low_vocal"""":0.85,""""deep_night_introspective"""":0.8,""""night_rain_humid"""":0.75}""",afterglow_fading,0.85,冷调氛围铺底与田野录音交织，朦胧而克制，适合低能量内省场景
You,tokyo blue weeps,melancholic;nostalgic;bittersweet,piano;string;reverb_heavy;vocal_breath,,0.25,0.3,0.35,0.4,0.2,0.5,0.75,en,1,indie_folk,"""{""""deep_night_introspective"""":0.85,""""night_rain_humid"""":0.8,""""evening_city_walk"""":0.7}""",fade_into_inner_space,0.85,钢琴与弦乐交织，人声带着呼吸感，营造出忧郁而怀旧的氛围，适合深夜内省
Hey There Delilah - Bonus Track,Plain White T's,warm;nostalgic;hopeful,acoustic;vocal_breath;minimal,,0.35,0.55,0.3,0.7,0.25,0.75,0.6,en,1,acoustic_pop,"""{""""morning_clear_light"""":0.8,""""evening_city_walk"""":0.75,""""weekend_slow"""":0.7}""",slow_opening,0.85,原声吉他伴奏的温暖情歌，人声轻柔真挚，充满怀旧与希望感
Gebrayel,Ibrahim Maalouf,introspective;restrained;melancholic,piano;string;cinematic;minimal,,0.25,0.35,0.3,0.45,0.2,0,0.7,instrumental,0,modern_classical,"""{""""work_focus_low_vocal"""":0.85,""""deep_night_introspective"""":0.8,""""night_rain_humid"""":0.75}""",slow_opening,0.85,钢琴与弦乐交织的极简编排，内省而克制，带有淡淡的忧郁
IV,Athletics,introspective;melancholic;restrained,piano;ambient_pad;minimal;reverb_heavy,,0.2,0.25,0.3,0.35,0.15,0,0.8,instrumental,0,post_rock,"""{""""deep_night_introspective"""":0.9,""""night_rain_humid"""":0.85,""""work_focus_low_vocal"""":0.8}""",fade_into_inner_space,0.9,极简钢琴与氛围铺垫，缓慢而内省，充满后摇滚式的沉静与情感重量
锦里,HOPE-T,nostalgic;warm;urban,acoustic;soft_synth;field_recording,,0.35,0.5,0.4,0.6,0.3,0,0.5,instrumental,0,ambient,"""{""""evening_city_walk"""":0.8,""""work_focus_low_vocal"""":0.75,""""afternoon_warm_idle"""":0.7}""",city_to_inner_room,0.8,以锦里为名，木吉他与软合成器交织，带有城市漫步的怀旧与温暖感
有没有 (Live),向洋Nathan Hartono,warm;nostalgic;bittersweet,acoustic;vocal_breath;string,,0.4,0.5,0.45,0.65,0.35,0.7,0.65,zh,1,mandopop,"""{""""evening_city_walk"""":0.8,""""weekend_slow"""":0.75,""""night_rain_humid"""":0.7}""",slow_opening,0.85,现场版温暖声线搭配木吉他弦乐，怀旧中带一丝苦涩，适合安静聆听
もらい泣き,藤原道山,melancholic;nostalgic;restrained,piano;string;minimal;reverb_heavy,,0.25,0.35,0.3,0.45,0.2,0,0.75,instrumental,0,modern_classical,"""{""""deep_night_introspective"""":0.85,""""night_rain_humid"""":0.8,""""work_focus_low_vocal"""":0.75}""",afterglow_fading,0.85,钢琴与弦乐交织的器乐作品，旋律哀婉而克制，充满怀旧与内省
ザナルカンドにて,植松伸夫 / 浜口史郎 / 新日本フィルハーモニー交響楽団,nostalgic;melancholic;hopeful,string;cinematic;piano,,0.25,0.45,0.5,0.55,0.15,0,0.75,instrumental,0,orchestral,"""{""""morning_cloudy_slow"""":0.8,""""deep_night_introspective"""":0.75,""""night_clear_lonely"""":0.7}""",slow_opening,0.9,植松伸夫的交响乐作品，弦乐与钢琴交织，充满怀旧与淡淡的忧伤，如同游戏中的离别场景
One night （Instrumental Version）,加賀谷玲,dreamy;melancholic;restrained,piano;string;reverb_heavy;minimal,,0.25,0.35,0.3,0.45,0.15,0,0.7,instrumental,0,modern_classical,"""{""""deep_night_introspective"""":0.85,""""night_clear_lonely"""":0.8,""""work_focus_low_vocal"""":0.75}""",afterglow_fading,0.85,钢琴与弦乐交织的器乐作品，混响营造出梦幻而克制的夜晚氛围
Distant Memories,Brasstracks,nostalgic;warm;melancholic,jazz_brush;acoustic;soft_synth;reverb_heavy,,0.35,0.45,0.4,0.6,0.3,0,0.65,instrumental,0,jazz,"""{""""work_focus_low_vocal"""":0.8,""""evening_city_walk"""":0.75,""""deep_night_introspective"""":0.7}""",afterglow_fading,0.85,爵士刷子与软合成器交织，怀旧而温暖的器乐氛围，适合内省与回忆
On Deronda Road,Elbow,introspective;melancholic;restrained,piano;string;reverb_heavy;vocal_breath,,0.25,0.3,0.35,0.4,0.2,0.5,0.7,en,1,art_rock,"""{""""deep_night_introspective"""":0.85,""""night_rain_humid"""":0.8,""""work_focus_low_vocal"""":0.75}""",fade_into_inner_space,0.85,钢琴与弦乐铺垫的克制氛围，Guy Garvey 低沉人声带有内省与忧郁质感
Toxic,Britney Spears,restless;urban;sensual,cold_synth;electric_distant;soft_synth,,0.7,0.6,0.7,0.3,0.8,0.8,0.5,en,1,pop,"""{""""evening_city_walk"""":0.8,""""user_requested_explore"""":0.7,""""night_clear_lonely"""":0.6}""",city_to_inner_room,0.85,冷感合成器与强烈节奏驱动，Britney Spears 的声线充满都市诱惑与不安
afro jazz (slowed),Фрози / 33nimb,warm;sensual;restrained,jazz_brush;acoustic;soft_synth;lofi_dust,,0.35,0.5,0.4,0.7,0.4,0,0.45,instrumental,0,jazz,"""{""""morning_cloudy_slow"""":0.8,""""afternoon_warm_idle"""":0.85,""""work_focus_low_vocal"""":0.75}""",soft_focus_work,0.85,慢速处理的 Afro-jazz 器乐，温暖的爵士刷弦与轻度 lo-fi 质感营造出慵懒而感性的氛围
赤とんぼ,宗次郎,nostalgic;melancholic;restrained,acoustic;minimal;field_recording,,0.2,0.4,0.2,0.5,0.1,0,0.7,instrumental,0,folk,"""{""""morning_cloudy_slow"""":0.85,""""night_clear_lonely"""":0.8,""""deep_night_introspective"""":0.75}""",slow_opening,0.9,宗次郎的陶笛独奏，音色质朴悠远，充满怀旧与淡淡的哀愁，节奏缓慢，适合安静内省场景
Season of the Witch,Karen Elson,melancholic;dreamy;bittersweet,acoustic;string;vocal_breath;reverb_heavy,,0.35,0.4,0.45,0.5,0.3,0.6,0.7,en,1,folk,"""{""""evening_city_walk"""":0.8,""""deep_night_introspective"""":0.75,""""night_rain_humid"""":0.7}""",afterglow_fading,0.85,Karen Elson 的民谣翻唱，木吉他与人声交织着迷幻与忧郁，如同黄昏时分的怀旧低语
流浪者,丁薇,melancholic;lonely;restless,string;piano;reverb_heavy;vocal_breath,,0.35,0.3,0.4,0.35,0.25,0.6,0.75,zh,1,art_pop,"""{""""deep_night_introspective"""":0.85,""""night_clear_lonely"""":0.8,""""evening_city_walk"""":0.7}""",fade_into_inner_space,0.85,丁薇的冷冽声线与弦乐编排，营造出漂泊者的孤寂与不安
Not the Same,Friska Viljor,melancholic;restrained;bittersweet,acoustic;piano;vocal_breath,,0.35,0.4,0.35,0.5,0.3,0.6,0.65,en,1,indie_folk,"""{""""evening_city_walk"""":0.75,""""deep_night_introspective"""":0.7,""""work_focus_low_vocal"""":0.65}""",slow_opening,0.85,木吉他与钢琴交织，人声轻柔克制，带着淡淡的忧郁与怀旧
秋天的海,苏慧伦,melancholic;nostalgic;lonely,piano;string;vocal_breath;reverb_heavy,,0.3,0.35,0.4,0.45,0.2,0.6,0.7,zh,1,mandopop,"""{""""evening_city_walk"""":0.8,""""night_clear_lonely"""":0.85,""""deep_night_introspective"""":0.75}""",slow_opening,0.85,钢琴与弦乐铺垫，苏慧伦轻柔声线带出秋日海边的孤寂与怀旧
"""Pièces de Clavecin, Livre II, 6e ordre: V. Les Baricades Mistérieuses""",François Couperin,introspective;restrained;misty,piano;minimal;reverb_heavy,,0.15,0.35,0.2,0.45,0.1,0,0.7,instrumental,0,baroque,"""{""""work_focus_low_vocal"""":0.85,""""deep_night_introspective"""":0.8,""""morning_cloudy_slow"""":0.75}""",slow_opening,0.9,巴洛克羽管键琴作品，音符稀疏而克制，带有朦胧的沉思感
Buttons,The Pussycat Dolls,urban;restless;sensual,soft_synth;vocal_breath;electric_distant,,0.7,0.6,0.65,0.5,0.75,0.85,0.4,en,1,pop,"""{""""evening_city_walk"""":0.7,""""user_requested_explore"""":0.65,""""night_clear_lonely"""":0.55}""",city_to_inner_room,0.85,流行舞曲，节奏感强、人声突出，带有都市感和挑逗性，但情感重量较轻
大河悠久,TOGI+BAO,nostalgic;warm;melancholic,string;acoustic;cinematic;piano,,0.35,0.4,0.5,0.6,0.2,0,0.7,instrumental,0,world_music,"""{""""morning_cloudy_slow"""":0.8,""""afternoon_warm_idle"""":0.75,""""deep_night_introspective"""":0.7}""",slow_opening,0.85,弦乐与木吉他交织的东方韵味，温暖怀旧中带一丝忧伤，适合缓慢沉思的场景
不还你,林忆莲,restrained;bittersweet;urban,piano;string;vocal_breath;electric_distant,,0.35,0.4,0.45,0.5,0.3,0.6,0.65,zh,1,mandopop,"""{""""evening_city_walk"""":0.8,""""night_clear_lonely"""":0.75,""""work_focus_low_vocal"""":0.7}""",city_to_inner_room,0.85,林忆莲克制而富有情感的人声，钢琴与弦乐交织，营造出都市夜晚的苦涩与内省氛围
鉱山町マインツ,Falcom Sound Team J.D.K.,restless;urban;unresolved,electric_distant;cold_synth;reverb_heavy,,0.65,0.4,0.7,0.3,0.6,0,0.5,instrumental,0,game_soundtrack,"""{""""evening_city_walk"""":0.8,""""deep_night_introspective"""":0.7,""""work_focus_low_vocal"""":0.65}""",city_to_inner_room,0.85,Falcom 游戏配乐，电子合成器驱动的都市感，节奏紧凑但带有悬疑未解的情绪
Mr.Mr.,Girls' Generation,urban;restless;hopeful,soft_synth;electric_distant;vocal_breath,,0.65,0.7,0.6,0.5,0.7,0.8,0.4,ko,1,k_pop,"""{""""evening_city_walk"""":0.7,""""work_focus_low_vocal"""":0.5,""""user_requested_explore"""":0.6}""",city_to_inner_room,0.85,K-pop 舞曲，合成器驱动，节奏明快，人声突出，带有都市感和活力
スパークル - movie ver.,RADWIMPS,nostalgic;hopeful;bittersweet,piano;string;vocal_breath;cinematic,,0.55,0.6,0.5,0.55,0.45,0.7,0.7,ja,1,j_pop,"""{""""evening_city_walk"""":0.8,""""deep_night_introspective"""":0.75,""""morning_clear_light"""":0.7}""",slow_opening,0.9,钢琴与弦乐交织，RADWIMPS 的嗓音充满怀旧与希望，带有电影配乐的宏大与细腻
渡月桥,宫阁,urban;nostalgic;bittersweet,soft_synth;electric_distant;reverb_heavy,,0.45,0.5,0.55,0.45,0.5,0,0.6,instrumental,0,electronic,"""{""""evening_city_walk"""":0.85,""""deep_night_introspective"""":0.8,""""work_focus_low_vocal"""":0.75}""",city_to_inner_room,0.85,电子合成器与深远混响营造都市夜晚的怀旧与淡淡苦涩
Represent,DJ OKAWARI,urban;hopeful;clear,soft_synth;lofi_dust;jazz_brush;ambient_pad,,0.4,0.55,0.45,0.5,0.5,0,0.4,instrumental,0,lo_fi_hip_hop,"""{""""evening_city_walk"""":0.85,""""work_focus_low_vocal"""":0.8,""""morning_cloudy_slow"""":0.75}""",city_to_inner_room,0.85,DJ OKAWARI 的轻快 lo-fi 节拍与柔和合成器，营造出都市漫步般的希望与清晰感
Let Me Love You,Justin Bieber,warm;hopeful;bittersweet,soft_synth;vocal_breath;electric_distant,,0.55,0.6,0.5,0.65,0.5,0.8,0.6,en,1,pop,"""{""""evening_city_walk"""":0.8,""""weekend_slow"""":0.75,""""user_requested_explore"""":0.7}""",city_to_inner_room,0.85,Justin Bieber 的温暖声线搭配软合成器，营造出怀旧与希望交织的流行情歌氛围
Fresh Air,Blurry Lights,dreamy;urban;clear,soft_synth;reverb_heavy;electric_distant,,0.45,0.5,0.5,0.5,0.45,0,0.5,instrumental,0,synthwave,"""{""""evening_city_walk"""":0.85,""""deep_night_introspective"""":0.8,""""work_focus_low_vocal"""":0.75}""",city_to_inner_room,0.85,梦幻合成器与深远混响营造出都市夜晚的清晰轮廓，适合漫步或内省场景
Rules of the Game,Warmduscher,restless;urban;unresolved,electric_distant;cold_synth;reverb_heavy,,0.65,0.45,0.6,0.3,0.7,0.4,0.5,en,1,post_punk,"""{""""evening_city_walk"""":0.8,""""deep_night_introspective"""":0.7,""""user_requested_explore"""":0.75}""",city_to_inner_room,0.85,冷调合成器与远距离电声，营造都市夜晚的不安与未解情绪
Portland,Travis Scott,urban;restless;melancholic,soft_synth;electric_distant;reverb_heavy,,0.6,0.45,0.65,0.4,0.6,0.75,0.55,en,1,hip_hop,"""{""""evening_city_walk"""":0.8,""""deep_night_introspective"""":0.75,""""night_clear_lonely"""":0.7}""",city_to_inner_room,0.85,Travis Scott 的都市感说唱，合成器与混响营造出不安与怀旧交织的夜晚氛围
THE HARDEST ART,Switchfoot,melancholic;introspective;bittersweet,acoustic;string;vocal_breath;cinematic,,0.4,0.35,0.5,0.45,0.3,0.7,0.75,en,1,alternative_rock,"""{""""deep_night_introspective"""":0.85,""""night_rain_humid"""":0.8,""""work_focus_low_vocal"""":0.7}""",fade_into_inner_space,0.85,木吉他与弦乐交织，主唱脆弱而真挚的声线传递出内省与苦涩的怀旧感
peace,Berlioz,warm;dreamy;clear,soft_synth;ambient_pad;lofi_dust,,0.3,0.45,0.35,0.6,0.25,0,0.4,instrumental,0,lo_fi,"""{""""work_focus_low_vocal"""":0.9,""""morning_cloudy_slow"""":0.85,""""evening_city_walk"""":0.8}""",rain_on_glass,0.9,温暖的 lo-fi 氛围，软合成器铺底与轻度失真纹理，营造出宁静、梦幻的听觉体验
Losing you-[XG VOX #6],HINATA / JURIA / CHISA,melancholic;bittersweet;restrained,piano;vocal_breath;reverb_heavy;string,,0.35,0.4,0.45,0.5,0.3,0.7,0.75,en,1,j_pop,"""{""""deep_night_introspective"""":0.85,""""night_rain_humid"""":0.8,""""evening_city_walk"""":0.75}""",fade_into_inner_space,0.85,钢琴与弦乐铺垫的抒情曲，人声充满呼吸感与混响，传递出克制而苦涩的失落情绪
Glamorous,Fergie / Ludacris,urban;restless;hopeful,electric_distant;soft_synth;vocal_breath,,0.7,0.65,0.7,0.5,0.75,0.8,0.4,en,1,pop_rap,"""{""""evening_city_walk"""":0.7,""""user_requested_explore"""":0.65,""""weekend_slow"""":0.55}""",city_to_inner_room,0.85,流行说唱风格，Fergie 的自信声线与 Ludacris 的节奏感带来都市活力与期待感
Fast Forward,JEON SOMI,urban;restless;hopeful,soft_synth;vocal_breath;electric_distant,,0.65,0.6,0.55,0.5,0.7,0.8,0.5,en,1,k_pop,"""{""""evening_city_walk"""":0.8,""""user_requested_explore"""":0.75,""""work_focus_low_vocal"""":0.65}""",city_to_inner_room,0.85,都市感强烈的K-pop曲目，合成器与节奏驱动，人声充满活力与期待
Cain,Starflyer 59,melancholic;introspective;restrained,electric_distant;reverb_heavy;soft_synth,,0.35,0.3,0.4,0.35,0.25,0.5,0.7,en,1,dream_pop,"""{""""deep_night_introspective"""":0.85,""""night_rain_humid"""":0.8,""""work_focus_low_vocal"""":0.7}""",fade_into_inner_space,0.85,模糊的吉他音色与沉重混响，营造出内省而忧郁的梦泡氛围
Don't Stop Believing,Anthem Lights,hopeful;warm;nostalgic,acoustic;vocal_breath;string,,0.6,0.65,0.55,0.7,0.5,0.75,0.6,en,1,pop_rock,"""{""""evening_city_walk"""":0.8,""""weekend_slow"""":0.75,""""morning_clear_light"""":0.7}""",slow_opening,0.85,Anthem Lights 的翻唱版本以温暖人声和原声吉他为主，传递希望与怀旧感，能量略高于原版但保持抒情基调
カンバセーション,岩崎宏美,warm;nostalgic;bittersweet,acoustic;string;vocal_breath;soft_synth,,0.4,0.5,0.45,0.7,0.35,0.7,0.6,ja,1,j_pop,"""{""""evening_city_walk"""":0.8,""""weekend_slow"""":0.75,""""morning_cloudy_slow"""":0.7}""",slow_opening,0.85,岩崎宏美的温暖声线搭配弦乐与软合成器，营造怀旧而略带苦涩的抒情氛围
Recovery Mode,The Dream Syndicate,restless;unresolved;melancholic,electric_distant;reverb_heavy;cold_synth,,0.45,0.35,0.55,0.3,0.5,0.6,0.7,en,1,alternative_rock,"""{""""deep_night_introspective"""":0.8,""""night_rain_humid"""":0.75,""""evening_city_walk"""":0.7}""",late_night_descent,0.85,电吉他遥远而混响厚重，人声带着不安与未解的情绪，适合深夜内省场景
Run My Mouth,Ra Ra Riot,restless;urban;hopeful,acoustic;soft_synth;vocal_breath,,0.55,0.6,0.5,0.5,0.6,0.7,0.5,en,1,indie_pop,"""{""""evening_city_walk"""":0.8,""""work_focus_low_vocal"""":0.7,""""user_requested_explore"""":0.75}""",city_to_inner_room,0.85,轻快的独立流行，木吉他与合成器交织，人声充满活力与都市感
No Trace,Carla dal Forno,melancholic;restrained;lonely,cold_synth;reverb_heavy;minimal;vocal_breath,,0.25,0.2,0.3,0.25,0.15,0.4,0.7,en,1,darkwave,"""{""""deep_night_introspective"""":0.85,""""night_clear_lonely"""":0.8,""""night_rain_humid"""":0.75}""",late_night_descent,0.85,冷调合成器与空旷混响，低沉人声营造出克制而孤独的暗夜氛围
Drowsy Melody,Bedtime Baby,dreamy;restrained;warm,ambient_pad;minimal;soft_synth,,0.15,0.3,0.2,0.6,0.1,0,0.35,instrumental,0,ambient,"""{""""morning_cloudy_slow"""":0.85,""""work_focus_low_vocal"""":0.8,""""deep_night_introspective"""":0.75}""",soft_focus_work,0.85,轻柔的氛围铺底，低能量、温暖且克制，适合放松或专注场景
Be Your Girl (Cavalier Remix),Teedra Moses,warm;sensual;urban,soft_synth;vocal_breath;electric_distant,,0.55,0.5,0.55,0.6,0.5,0.75,0.5,en,1,r&b,"""{""""evening_city_walk"""":0.85,""""deep_night_introspective"""":0.75,""""user_requested_explore"""":0.7}""",city_to_inner_room,0.85,温暖性感的人声搭配软合成器和都市感节奏，适合夜晚城市漫步
凡腦,路嘉欣,introspective;melancholic;restrained,piano;ambient_pad;minimal,,0.2,0.3,0.25,0.35,0.15,0.4,0.7,zh,1,art_pop,"""{""""deep_night_introspective"""":0.85,""""work_focus_low_vocal"""":0.8,""""night_rain_humid"""":0.75}""",fade_into_inner_space,0.85,钢琴与氛围铺垫，内省而克制的声线，适合深夜独处
Here's To Life,Glenn Frey,nostalgic;warm;bittersweet,acoustic;string;vocal_breath,,0.4,0.55,0.45,0.65,0.35,0.6,0.65,en,1,soft_rock,"""{""""evening_city_walk"""":0.8,""""weekend_slow"""":0.75,""""afternoon_warm_idle"""":0.7}""",slow_opening,0.85,Glenn Frey 温暖沙哑的嗓音与木吉他、弦乐交织，营造出怀旧而略带感伤的抒情氛围
Great Morning,Daveed,warm;hopeful;clear,acoustic;soft_synth;vocal_breath,,0.4,0.6,0.35,0.7,0.3,0.6,0.4,en,1,folk_pop,"""{""""morning_clear_light"""":0.9,""""morning_cloudy_slow"""":0.8,""""weekend_slow"""":0.75}""",slow_opening,0.85,温暖的木吉他与人声，明亮而充满希望的清晨氛围
Breathing,Oscar & The Wolf,dreamy;melancholic;restrained,soft_synth;reverb_heavy;vocal_breath;electric_distant,,0.35,0.4,0.45,0.5,0.3,0.6,0.65,en,1,dream_pop,"""{""""evening_city_walk"""":0.8,""""deep_night_introspective"""":0.75,""""night_clear_lonely"""":0.7}""",fade_into_inner_space,0.85,梦幻流行风格，软合成器与深远混响营造出克制而忧郁的呼吸感
Schuss im Schampus,OTTO,restless;urban;unresolved,electric_distant;cold_synth;reverb_heavy,,0.6,0.4,0.55,0.3,0.6,0.7,0.5,de,1,electronic,"""{""""evening_city_walk"""":0.8,""""deep_night_introspective"""":0.7,""""user_requested_explore"""":0.65}""",city_to_inner_room,0.8,德语人声搭配冷调合成器与混响，营造都市夜晚的不安与疏离感
Bow & Arrow,Hugo Race Fatalists,restless;melancholic;urban,electric_distant;reverb_heavy;cold_synth,,0.45,0.35,0.5,0.3,0.4,0.6,0.7,en,1,post_punk,"""{""""evening_city_walk"""":0.8,""""deep_night_introspective"""":0.75,""""night_clear_lonely"""":0.7}""",city_to_inner_room,0.85,冷峻的电吉他与人声，带有后朋克的疏离与都市不安感
Dark Crystal Day,Excentrique Noiz,restrained;melancholic;unresolved,cold_synth;reverb_heavy;electric_distant,,0.25,0.2,0.3,0.2,0.15,0,0.7,instrumental,0,ambient,"""{""""deep_night_introspective"""":0.85,""""night_rain_humid"""":0.8,""""work_focus_low_vocal"""":0.75}""",afterglow_fading,0.85,冷调合成器与深远混响营造出克制而忧郁的氛围，能量低，适合深夜内省场景
stripe,Water,dreamy;misty;restrained,ambient_pad;soft_synth;minimal;reverb_heavy,,0.2,0.3,0.25,0.4,0.15,0,0.5,instrumental,0,ambient,"""{""""work_focus_low_vocal"""":0.85,""""morning_cloudy_slow"""":0.8,""""deep_night_introspective"""":0.75}""",soft_focus_work,0.85,Water 的这首作品以柔和的氛围垫和软合成器为主，极简而深远，营造出梦幻朦胧的质感
나란놈,Jukjae,introspective;melancholic;warm,acoustic;vocal_breath;string,,0.35,0.45,0.4,0.6,0.3,0.7,0.65,ko,1,k_pop,"""{""""evening_city_walk"""":0.8,""""deep_night_introspective"""":0.75,""""work_focus_low_vocal"""":0.7}""",slow_opening,0.85,Jukjae 温暖而内省的嗓音搭配木吉他与弦乐，营造出怀旧而克制的抒情氛围
Of Course,THE9-劉雨昕,urban;restless;hopeful,soft_synth;vocal_breath;electric_distant,,0.55,0.5,0.6,0.45,0.55,0.75,0.5,zh,1,mandopop,"""{""""evening_city_walk"""":0.8,""""deep_night_introspective"""":0.7,""""user_requested_explore"""":0.65}""",city_to_inner_room,0.85,刘雨昕的都市感声线与软合成器编排，带来一种不安但充满希望的夜晚氛围
0:00:00,□□□,introspective;melancholic;restrained,piano;minimal;reverb_heavy,,0.15,0.25,0.2,0.3,0.1,0,0.8,instrumental,0,modern_classical,"""{""""deep_night_introspective"""":0.9,""""night_rain_humid"""":0.85,""""work_focus_low_vocal"""":0.8}""",afterglow_fading,0.85,极简钢琴与深远混响，营造出内省而克制的孤独氛围，能量极低
Theme of Laura,Akira Yamaoka,melancholic;restrained;unresolved,electric_distant;reverb_heavy;ambient_pad;cinematic,,0.25,0.2,0.4,0.3,0.15,0,0.8,instrumental,0,ambient,"""{""""deep_night_introspective"""":0.9,""""night_rain_humid"""":0.85,""""work_focus_low_vocal"""":0.75}""",fade_into_inner_space,0.9,寂静岭主题曲，空旷的电吉他+厚重混响，营造出压抑而悬疑的忧郁氛围
Myth,Beach House,dreamy;nostalgic;melancholic,soft_synth;reverb_heavy;vocal_breath;ambient_pad,,0.4,0.45,0.5,0.55,0.35,0.6,0.7,en,1,dream_pop,"""{""""evening_city_walk"""":0.85,""""deep_night_introspective"""":0.8,""""night_clear_lonely"""":0.75}""",fade_into_inner_space,0.9,梦幻流行经典，软合成器与混响人声交织出怀旧而忧郁的声景
风月,黄龄,sensual;bittersweet;urban,vocal_breath;soft_synth;string;electric_distant,,0.45,0.5,0.55,0.5,0.4,0.75,0.65,zh,1,mandopop,"""{""""evening_city_walk"""":0.8,""""deep_night_introspective"""":0.75,""""night_rain_humid"""":0.7}""",city_to_inner_room,0.85,黄龄慵懒妩媚的声线搭配电子合成器与弦乐，营造出都市夜晚的性感与苦涩交织的氛围
The Limp,Anat Fort Trio,introspective;restrained;melancholic,piano;acoustic;minimal,,0.25,0.35,0.3,0.4,0.2,0,0.7,instrumental,0,jazz,"""{""""work_focus_low_vocal"""":0.85,""""deep_night_introspective"""":0.8,""""night_rain_humid"""":0.75}""",slow_opening,0.85,Anat Fort 的钢琴三重奏，内省而克制的爵士质感，旋律中带着淡淡的忧郁
"""Elgar: Variations on an Original Theme, Op. 36 """"""""Enigma"""""""": Variation IX. Nimrod""",Edward Elgar,introspective;melancholic;restrained,string;cinematic;minimal,,0.2,0.3,0.4,0.5,0.1,0,0.9,instrumental,0,classical,"""{""""work_focus_low_vocal"""":0.85,""""deep_night_introspective"""":0.9,""""night_rain_humid"""":0.8}""",slow_opening,0.95,埃尔加《谜语变奏曲》第九变奏，弦乐缓慢铺展，庄严而内省，情感厚重
橄欖樹,齊豫,nostalgic;melancholic;dreamy,acoustic;string;vocal_breath;cinematic,,0.3,0.4,0.35,0.55,0.2,0.7,0.65,zh,1,folk,"""{""""morning_cloudy_slow"""":0.85,""""evening_city_walk"""":0.8,""""deep_night_introspective"""":0.75}""",slow_opening,0.9,齊豫空靈悠遠的聲線搭配木吉他與弦樂，營造出懷舊、憂鬱而夢幻的民謠氛圍
"""No Walls, No Air""",Gum Takes Tooth,restless;unresolved;melancholic,electric_distant;reverb_heavy;cold_synth;grainy,,0.65,0.35,0.7,0.3,0.6,0.4,0.75,en,1,experimental_rock,"""{""""deep_night_introspective"""":0.55,""""night_rain_humid"""":0.5,""""work_focus_low_vocal"""":0.45}""",late_night_descent,0.8,粗糙失真的电子音色与不安定的人声交织，营造出压抑而悬疑的氛围
Ennerdale,John Turville,introspective;restrained;melancholic,piano;cinematic;minimal,,0.15,0.3,0.2,0.35,0.1,0,0.75,instrumental,0,modern_classical,"""{""""work_focus_low_vocal"""":0.85,""""deep_night_introspective"""":0.8,""""night_rain_humid"""":0.75}""",slow_opening,0.9,钢琴独奏，缓慢而内省，带有克制与忧郁的质感，适合安静专注或深夜反思场景
SWTRWTHR,Alex Young,dreamy;misty;restrained,ambient_pad;soft_synth;reverb_heavy;minimal,,0.25,0.35,0.3,0.45,0.2,0,0.5,instrumental,0,ambient,"""{""""work_focus_low_vocal"""":0.85,""""morning_cloudy_slow"""":0.8,""""deep_night_introspective"""":0.75}""",soft_focus_work,0.85,梦幻氛围电子，软合成器与深远混响营造出朦胧而克制的声景
VA5641 - Mixed,Kölsch,restless;urban;unresolved,cold_synth;electric_distant;reverb_heavy,,0.65,0.4,0.6,0.3,0.7,0,0.5,instrumental,0,techno,"""{""""evening_city_walk"""":0.8,""""deep_night_introspective"""":0.75,""""night_clear_lonely"""":0.7}""",city_to_inner_room,0.85,冷调合成器与深远混响驱动的 techno 曲目，节奏感强但情绪悬而未决，适合都市夜晚场景
Tuesday,Bella Boo,dreamy;urban;clear,soft_synth;ambient_pad;lofi_dust;electric_distant,,0.4,0.5,0.4,0.55,0.4,0,0.45,instrumental,0,lo_fi,"""{""""work_focus_low_vocal"""":0.85,""""evening_city_walk"""":0.8,""""morning_cloudy_slow"""":0.75}""",city_to_inner_room,0.85,梦幻的 lo-fi 氛围，软合成器与轻度失真纹理营造出都市感的清晰与温暖
VI,Nkisi,restless;urban;unresolved,cold_synth;electric_distant;minimal;reverb_heavy,,0.6,0.35,0.7,0.2,0.65,0,0.6,instrumental,0,electronic,"""{""""evening_city_walk"""":0.8,""""deep_night_introspective"""":0.75,""""night_rain_humid"""":0.7}""",city_to_inner_room,0.85,冷调合成器与稀疏节奏，营造都市夜晚的不安与悬而未决感
Papa Nine Zero Delta United,Cabaret Voltaire,restless;urban;detached,cold_synth;electric_distant;reverb_heavy;field_recording,,0.6,0.35,0.7,0.3,0.6,0.3,0.5,en,1,industrial,"""{""""evening_city_walk"""":0.7,""""deep_night_introspective"""":0.65,""""work_focus_low_vocal"""":0.55}""",city_to_inner_room,0.85,冷调合成器与工业感声景，疏离的都市氛围，人声低沉模糊
1000の言葉,松枝賀子,melancholic;nostalgic;bittersweet,piano;string;vocal_breath;cinematic,,0.4,0.45,0.5,0.55,0.3,0.7,0.75,ja,1,j_pop,"""{""""evening_city_walk"""":0.8,""""deep_night_introspective"""":0.75,""""night_rain_humid"""":0.7}""",slow_opening,0.85,钢琴与弦乐交织的抒情曲，人声充满怀旧与哀愁，情感深沉但不过度
Smoke Gets in Your Eyes,The Platters,nostalgic;melancholic;warm,vocal_breath;string;jazz_brush,,0.35,0.5,0.4,0.7,0.3,0.8,0.75,en,1,doo_wop,"""{""""evening_city_walk"""":0.85,""""deep_night_introspective"""":0.8,""""night_rain_humid"""":0.75}""",slow_opening,0.9,经典 doo-wop 情歌，温暖怀旧的男声与弦乐编排，情感深沉而克制
命運,家家,melancholic;bittersweet;restrained,piano;string;vocal_breath,,0.4,0.4,0.5,0.5,0.3,0.7,0.75,zh,1,mandopop,"""{""""evening_city_walk"""":0.8,""""night_rain_humid"""":0.75,""""deep_night_introspective"""":0.7}""",slow_opening,0.85,家家深情的嗓音配合钢琴与弦乐，营造出克制而苦涩的怀旧氛围，能量中等偏低
山水,关淑怡,misty;dreamy;nostalgic,ambient_pad;reverb_heavy;vocal_breath;string,,0.35,0.4,0.4,0.5,0.25,0.6,0.65,zh,1,art_pop,"""{""""morning_cloudy_slow"""":0.8,""""evening_city_walk"""":0.75,""""deep_night_introspective"""":0.7}""",rain_on_glass,0.85,关淑怡空灵缥缈的声线搭配氛围铺底与弦乐，营造出山水画般的朦胧与怀旧感
171101 (Instrumental),Chace,introspective;melancholic;restrained,piano;minimal;reverb_heavy,,0.2,0.3,0.2,0.35,0.1,0,0.8,instrumental,0,modern_classical,"""{""""deep_night_introspective"""":0.9,""""night_rain_humid"""":0.85,""""work_focus_low_vocal"""":0.8}""",slow_opening,0.9,极简钢琴独奏，缓慢而空旷的混响，内省且克制的情感
Arcularius - Burke,Dommengang,restless;urban;melancholic,electric_distant;reverb_heavy;grainy,,0.6,0.4,0.55,0.35,0.5,0.3,0.65,en,1,psychedelic_rock,"""{""""evening_city_walk"""":0.8,""""deep_night_introspective"""":0.75,""""night_rain_humid"""":0.7}""",city_to_inner_room,0.85,失真电吉他与深远混响营造出都市夜晚的躁动与忧郁，人声低沉模糊
Opus 44,Dustin O'Halloran,introspective;melancholic;restrained,piano;minimal;cinematic,,0.15,0.3,0.2,0.35,0.1,0,0.8,instrumental,0,modern_classical,"""{""""work_focus_low_vocal"""":0.9,""""deep_night_introspective"""":0.85,""""night_rain_humid"""":0.8}""",slow_opening,0.9,极简钢琴独奏，缓慢而内省，充满静谧的忧伤与留白
雨爱,杨丞琳,nostalgic;melancholic;bittersweet,piano;string;vocal_breath;reverb_heavy,,0.4,0.45,0.5,0.55,0.35,0.7,0.65,zh,1,mandopop,"""{""""evening_city_walk"""":0.8,""""night_rain_humid"""":0.85,""""deep_night_introspective"""":0.7}""",rain_on_glass,0.85,钢琴与弦乐铺底，杨丞琳的声线带着怀旧与淡淡的忧伤，适合雨夜聆听
Come,Jain,warm;dreamy;hopeful,soft_synth;acoustic;vocal_breath,,0.45,0.6,0.4,0.65,0.5,0.7,0.5,en,1,art_pop,"""{""""morning_clear_light"""":0.8,""""afternoon_warm_idle"""":0.75,""""evening_city_walk"""":0.7}""",slow_opening,0.85,Jain 的温暖声线搭配柔和合成器和木吉他，营造出梦幻而充满希望的轻快氛围
Johann Sebastian Bach: Goldberg Variations,J.S. Bach: Variations Goldberg,introspective;restrained;clear,piano;minimal;cinematic,,0.25,0.5,0.3,0.4,0.3,0,0.6,instrumental,0,baroque,"""{""""work_focus_low_vocal"""":0.85,""""deep_night_introspective"""":0.8,""""morning_clear_light"""":0.75}""",slow_opening,0.9,巴洛克键盘作品，结构清晰而内省，钢琴独奏带来克制与沉思的质感
misty rain(烟雨),Hea2t,misty;melancholic;introspective,ambient_pad;field_recording;piano;reverb_heavy,,0.2,0.3,0.35,0.4,0.15,0,0.7,instrumental,0,ambient,"""{""""night_rain_humid"""":0.9,""""deep_night_introspective"""":0.85,""""work_focus_low_vocal"""":0.8}""",rain_on_glass,0.9,烟雨般的氛围声景，钢琴与田野录音交织，朦胧而内省
我是如此愛你 - 獨唱版,侯湘婷,nostalgic;warm;bittersweet,acoustic;vocal_breath;string,,0.35,0.45,0.4,0.6,0.3,0.7,0.65,zh,1,mandopop,"""{""""evening_city_walk"""":0.8,""""weekend_slow"""":0.75,""""night_rain_humid"""":0.7}""",slow_opening,0.85,侯湘婷温柔声线搭配木吉他与弦乐，怀旧而温暖的抒情曲，略带苦涩
DX7,Dabeull,warm;nostalgic;urban,soft_synth;cold_synth;electric_distant,,0.45,0.5,0.5,0.6,0.5,0,0.45,instrumental,0,synthwave,"""{""""evening_city_walk"""":0.85,""""work_focus_low_vocal"""":0.8,""""deep_night_introspective"""":0.75}""",city_to_inner_room,0.85,复古合成器音色，温暖而怀旧的都市氛围，适合夜晚漫步或专注工作
Echoes,Chandeen,dreamy;melancholic;nostalgic,ambient_pad;soft_synth;vocal_breath;reverb_heavy,,0.25,0.35,0.3,0.45,0.2,0.4,0.7,en,1,dream_pop,"""{""""deep_night_introspective"""":0.85,""""night_rain_humid"""":0.8,""""evening_city_walk"""":0.75}""",fade_into_inner_space,0.85,梦幻流行风格，空灵人声与氛围合成器交织，营造出迷离而怀旧的夜晚氛围
心酸的浪漫 - Live,那英,melancholic;bittersweet;nostalgic,piano;string;vocal_breath;acoustic,,0.4,0.45,0.5,0.55,0.3,0.75,0.75,zh,1,mandopop,"""{""""evening_city_walk"""":0.8,""""night_clear_lonely"""":0.75,""""deep_night_introspective"""":0.7}""",slow_opening,0.85,那英充满张力的现场演绎，钢琴与弦乐交织出心酸而怀旧的抒情氛围
Put Me Down,Aquilo,melancholic;restrained;bittersweet,piano;reverb_heavy;vocal_breath;ambient_pad,,0.25,0.3,0.35,0.4,0.2,0.6,0.75,en,1,indie_pop,"""{""""deep_night_introspective"""":0.85,""""night_rain_humid"""":0.8,""""work_focus_low_vocal"""":0.7}""",fade_into_inner_space,0.9,Aquilo 的忧郁人声与钢琴、混响交织，克制而苦涩，适合深夜内省
宝贝,安溥,warm;nostalgic;hopeful,acoustic;vocal_breath;string,,0.35,0.55,0.4,0.7,0.3,0.65,0.55,zh,1,singer_songwriter,"""{""""morning_clear_light"""":0.8,""""afternoon_warm_idle"""":0.75,""""weekend_slow"""":0.7}""",slow_opening,0.85,安溥温柔的木吉他弹唱，温暖怀旧，像午后阳光下的轻声呢喃
첫 사랑니 (Rum Pum Pum Pum),f(x),urban;restless;bittersweet,soft_synth;electric_distant;vocal_breath,,0.6,0.55,0.6,0.5,0.6,0.75,0.5,ko,1,k_pop,"""{""""evening_city_walk"""":0.7,""""user_requested_explore"""":0.65,""""night_clear_lonely"""":0.6}""",city_to_inner_room,0.85,f(x) 的电子流行曲风，合成器与节奏感营造出都市的躁动与怀旧，人声突出但情感略带苦涩
Copacabana,T-SQUARE,restless;urban;hopeful,electric_distant;soft_synth;jazz_brush,,0.65,0.7,0.6,0.55,0.7,0,0.4,instrumental,0,jazz_fusion,"""{""""evening_city_walk"""":0.85,""""work_focus_low_vocal"""":0.7,""""user_requested_explore"""":0.75}""",city_to_inner_room,0.85,T-SQUARE 标志性的融合爵士，电声乐器与轻快节奏营造出都市律动感
Kiss Kiss Kiss,BENI,sensual;warm;urban,soft_synth;vocal_breath;electric_distant,,0.6,0.55,0.55,0.6,0.6,0.75,0.5,en,1,r&b,"""{""""evening_city_walk"""":0.8,""""deep_night_introspective"""":0.7,""""user_requested_explore"""":0.65}""",city_to_inner_room,0.85,BENI 的 R&B 曲风，性感温暖的声线与都市感合成器，营造出夜晚的亲密氛围
Escape from Lando,J Majik,restless;urban;melancholic,electric_distant;cold_synth;reverb_heavy,,0.6,0.4,0.7,0.3,0.7,0,0.6,instrumental,0,drum_and_bass,"""{""""evening_city_walk"""":0.8,""""deep_night_introspective"""":0.7,""""night_clear_lonely"""":0.65}""",city_to_inner_room,0.85,J Majik 的鼓打贝斯作品，急促的节奏与冷调合成器营造出都市夜晚的躁动与疏离感
玉簪记·琴挑·懒画眉,新乐府,introspective;restrained;dreamy,piano;ambient_pad;cinematic;minimal,,0.2,0.35,0.25,0.4,0.1,0,0.7,instrumental,0,ambient,"""{""""deep_night_introspective"""":0.85,""""work_focus_low_vocal"""":0.8,""""night_rain_humid"""":0.75}""",slow_opening,0.85,昆曲元素与现代氛围融合，钢琴与铺底音色营造出内敛、梦幻的静谧感
Closer - Tokyo Remix,The Chainsmokers,urban;restless;nostalgic,soft_synth;electric_distant;reverb_heavy,,0.6,0.5,0.55,0.45,0.6,0.7,0.5,en,1,electropop,"""{""""evening_city_walk"""":0.8,""""deep_night_introspective"""":0.7,""""user_requested_explore"""":0.75}""",city_to_inner_room,0.85,Tokyo Remix 版本以合成器与混响营造都市夜晚的怀旧与不安，能量中等偏上，适合城市漫步场景
ATAXIA_C2,Rian Treanor,restless;unresolved;urban,cold_synth;electric_distant;minimal,,0.65,0.55,0.6,0.3,0.7,0,0.5,instrumental,0,electronic,"""{""""evening_city_walk"""":0.75,""""work_focus_low_vocal"""":0.7,""""user_requested_explore"""":0.65}""",city_to_inner_room,0.85,冷调电子，不规则的节奏与合成器纹理，充满都市的不安与未解决感
Clap Your Hands (Addal Edit),Addal / Whilk & Misky,dreamy;urban;hopeful,soft_synth;reverb_heavy;electric_distant;vocal_breath,,0.45,0.5,0.5,0.55,0.5,0.6,0.5,en,1,indie_electronic,"""{""""evening_city_walk"""":0.85,""""deep_night_introspective"""":0.8,""""user_requested_explore"""":0.75}""",city_to_inner_room,0.85,梦幻合成器与深远混响营造都市夜晚的朦胧感，人声轻柔带有希望气息
被遗忘的时光,蔡琴,nostalgic;melancholic;warm,vocal_breath;string;piano;acoustic,,0.25,0.4,0.35,0.7,0.2,0.85,0.75,zh,1,mandopop,"""{""""deep_night_introspective"""":0.85,""""evening_city_walk"""":0.8,""""night_rain_humid"""":0.75}""",afterglow_fading,0.9,蔡琴低沉温暖的声线搭配弦乐与钢琴，营造出怀旧而略带忧伤的静谧氛围
Angels,The xx,dreamy;introspective;restrained,soft_synth;minimal;reverb_heavy;vocal_breath,,0.3,0.4,0.35,0.5,0.25,0.6,0.65,en,1,indie_pop,"""{""""deep_night_introspective"""":0.85,""""evening_city_walk"""":0.8,""""work_focus_low_vocal"""":0.7}""",fade_into_inner_space,0.9,The xx 标志性的极简合成器与轻柔人声，营造出梦幻而内敛的夜晚氛围
Good Morning Tokyo,Sendecki & Spiegel,warm;clear;hopeful,piano;acoustic;field_recording,,0.3,0.6,0.3,0.7,0.25,0,0.4,instrumental,0,jazz,"""{""""morning_clear_light"""":0.85,""""morning_cloudy_slow"""":0.8,""""afternoon_warm_idle"""":0.7}""",soft_focus_work,0.85,明亮的钢琴与木吉他交织，伴随环境录音，营造出清晨东京的温暖与希望感
Involuntary Prophet,The Shanghai Restoration Project,urban;nostalgic;restless,soft_synth;electric_distant;reverb_heavy;lofi_dust,,0.4,0.45,0.5,0.4,0.35,0,0.6,instrumental,0,electronic,"""{""""evening_city_walk"""":0.85,""""deep_night_introspective"""":0.8,""""work_focus_low_vocal"""":0.75}""",city_to_inner_room,0.85,上海复兴计划标志性的电子音色，融合都市怀旧与不安的律动，适合夜晚城市漫步
Marco Polo,Missa Johnouchi & the Li-Hua Ensemble,nostalgic;warm;clear,string;acoustic;cinematic,,0.35,0.55,0.4,0.6,0.3,0,0.5,instrumental,0,world,"""{""""morning_clear_light"""":0.8,""""afternoon_warm_idle"""":0.75,""""evening_city_walk"""":0.7}""",soft_focus_work,0.85,东方弦乐与民乐合奏，温暖清晰，带有怀旧与宁静的旅行感
Piano Song,Meiko,warm;nostalgic;hopeful,piano;vocal_breath;acoustic,,0.35,0.5,0.4,0.6,0.3,0.6,0.55,en,1,indie_pop,"""{""""morning_clear_light"""":0.8,""""afternoon_warm_idle"""":0.75,""""weekend_slow"""":0.7}""",slow_opening,0.85,钢琴主导的独立流行，温暖的人声与怀旧旋律营造出柔和希望的氛围
One more time,ジャズで聴く山崎将義作品集,warm;nostalgic;bittersweet,jazz_brush;acoustic;string;piano,,0.35,0.5,0.4,0.7,0.3,0,0.6,instrumental,0,jazz,"""{""""morning_clear_light"""":0.8,""""afternoon_warm_idle"""":0.85,""""evening_city_walk"""":0.75}""",soft_focus_work,0.85,爵士改编版，温暖的钢琴与弦乐交织，怀旧而略带感伤
Wake Up!,Bethany Curve,dreamy;melancholic;restrained,ambient_pad;reverb_heavy;electric_distant;vocal_breath,,0.25,0.3,0.35,0.4,0.2,0.4,0.7,en,1,dream_pop,"""{""""deep_night_introspective"""":0.85,""""night_rain_humid"""":0.8,""""work_focus_low_vocal"""":0.75}""",fade_into_inner_space,0.85,梦幻流行风格，厚重混响与遥远电吉他营造出朦胧、内省的氛围，人声如呼吸般轻柔
Empire,Hejira,restrained;melancholic;unresolved,piano;string;reverb_heavy;minimal,,0.25,0.3,0.35,0.4,0.2,0,0.75,instrumental,0,modern_classical,"""{""""deep_night_introspective"""":0.85,""""night_rain_humid"""":0.8,""""work_focus_low_vocal"""":0.75}""",afterglow_fading,0.85,钢琴与弦乐交织，混响厚重，营造出克制而忧郁的古典氛围
我可以忘记你 (Live),张碧晨,melancholic;bittersweet;restrained,piano;vocal_breath;string;reverb_heavy,,0.35,0.4,0.45,0.5,0.3,0.75,0.8,zh,1,mandopop,"""{""""deep_night_introspective"""":0.85,""""night_rain_humid"""":0.8,""""evening_city_walk"""":0.75}""",slow_opening,0.85,张碧晨现场演绎的抒情歌曲，钢琴与弦乐铺垫，人声充满克制与苦涩的怀旧感
Maria,HWASA,sensual;urban;restless,soft_synth;vocal_breath;electric_distant,,0.6,0.55,0.6,0.5,0.65,0.85,0.5,ko,1,k_pop,"""{""""evening_city_walk"""":0.8,""""deep_night_introspective"""":0.7,""""user_requested_explore"""":0.75}""",city_to_inner_room,0.85,华莎的性感声线与都市感编曲，合成器与人声交织出不安而迷人的夜晚氛围
O Ephraim,Brad Mehldau,introspective;melancholic;restrained,piano;cinematic;minimal,,0.2,0.3,0.2,0.35,0.1,0,0.8,instrumental,0,modern_classical,"""{""""work_focus_low_vocal"""":0.85,""""deep_night_introspective"""":0.9,""""night_rain_humid"""":0.8}""",slow_opening,0.9,Brad Mehldau 的钢琴独奏，内省而克制，缓慢的旋律线条带有淡淡的忧郁
Take Me Out,Franz Ferdinand,restless;urban;unresolved,electric_distant;cold_synth;reverb_heavy,,0.7,0.6,0.7,0.3,0.8,0.6,0.5,en,1,indie_rock,"""{""""evening_city_walk"""":0.8,""""user_requested_explore"""":0.7,""""night_clear_lonely"""":0.6}""",city_to_inner_room,0.85,急促的吉他节奏与冷调合成器，充满都市不安与躁动能量
右衛門佐のテーマ,村松崇継,introspective;melancholic;restrained,piano;string;cinematic;minimal,,0.15,0.3,0.2,0.35,0.1,0,0.8,instrumental,0,modern_classical,"""{""""work_focus_low_vocal"""":0.85,""""deep_night_introspective"""":0.8,""""night_rain_humid"""":0.75}""",slow_opening,0.9,钢琴与弦乐交织的古典配乐，内敛而沉重，充满历史感的孤独与克制
Horse,flawed mangoes,dreamy;nostalgic;bittersweet,soft_synth;lofi_dust;reverb_heavy;ambient_pad,,0.35,0.4,0.4,0.55,0.3,0,0.6,instrumental,0,lo_fi,"""{""""work_focus_low_vocal"""":0.85,""""morning_cloudy_slow"""":0.8,""""evening_city_walk"""":0.75}""",soft_focus_work,0.85,lo-fi 氛围，软合成器与轻度失真纹理营造梦幻怀旧感，适合低强度工作或悠闲时刻
Bikini,Nick León / Erika de Casier,sensual;urban;clear,soft_synth;cold_synth;vocal_breath,,0.55,0.6,0.5,0.45,0.6,0.7,0.4,en,1,electronic_pop,"""{""""evening_city_walk"""":0.85,""""user_requested_explore"""":0.8,""""afternoon_warm_idle"""":0.7}""",city_to_inner_room,0.85,冷感合成器与性感人声交织，都市夜晚的清晰律动
Sunrise Over Malaspina,Segue,dreamy;warm;hopeful,ambient_pad;soft_synth;field_recording;minimal,,0.25,0.6,0.3,0.7,0.2,0,0.45,instrumental,0,ambient,"""{""""morning_clear_light"""":0.9,""""morning_cloudy_slow"""":0.85,""""work_focus_low_vocal"""":0.8}""",soft_focus_work,0.85,柔和的氛围铺底与自然录音，营造出清晨阳光初现的温暖与梦幻感
Pump It,Black Eyed Peas,restless;urban;hopeful,electric_distant;cold_synth,,0.85,0.7,0.8,0.3,0.9,0.8,0.3,en,1,hip_hop,"""{""""evening_city_walk"""":0.5,""""user_requested_explore"""":0.5,""""night_clear_lonely"""":0.4}""",city_to_inner_room,0.8,高能量嘻哈，强劲节奏和电子音色带来都市躁动感，但情感较浅
Garden Of Elysian,Local Natives,dreamy;nostalgic;hopeful,acoustic;soft_synth;vocal_breath;reverb_heavy,,0.4,0.55,0.45,0.6,0.4,0.6,0.55,en,1,indie_folk,"""{""""morning_clear_light"""":0.8,""""evening_city_walk"""":0.75,""""weekend_slow"""":0.7}""",slow_opening,0.85,轻柔的吉他与人声，混响营造梦幻怀旧感，温暖而充满希望
Sorry,艾福杰尼,urban;restless;bittersweet,soft_synth;lofi_dust;vocal_breath,,0.55,0.5,0.6,0.45,0.6,0.7,0.6,zh,1,hip_hop,"""{""""evening_city_walk"""":0.8,""""deep_night_introspective"""":0.7,""""work_focus_low_vocal"""":0.6}""",city_to_inner_room,0.85,艾福杰尼的都市说唱，带有不安与苦涩的质感，软合成器和人声呼吸感营造出夜晚城市氛围
Hold On,Tony Anderson,introspective;melancholic;hopeful,piano;string;cinematic;reverb_heavy,,0.25,0.35,0.4,0.5,0.2,0,0.75,instrumental,0,modern_classical,"""{""""deep_night_introspective"""":0.85,""""work_focus_low_vocal"""":0.8,""""night_rain_humid"""":0.75}""",slow_opening,0.9,钢琴与弦乐交织，缓慢铺陈的现代古典作品，内省中带着一丝希望
Prelude 4,Bruce Brubaker,introspective;restrained;melancholic,piano;minimal;reverb_heavy,,0.12,0.25,0.2,0.3,0.08,0,0.8,instrumental,0,modern_classical,"""{""""work_focus_low_vocal"""":0.9,""""deep_night_introspective"""":0.85,""""night_rain_humid"""":0.8}""",slow_opening,0.9,极简钢琴独奏，缓慢而克制，充满内省与留白，类似坂本龍一的能量水平
Together For Tomorrow,Kondor,hopeful;warm;nostalgic,piano;string;soft_synth;reverb_heavy,,0.35,0.5,0.4,0.65,0.3,0,0.6,instrumental,0,ambient,"""{""""morning_clear_light"""":0.8,""""afternoon_warm_idle"""":0.75,""""work_focus_low_vocal"""":0.7}""",slow_opening,0.85,钢琴与弦乐交织，温暖而怀旧的氛围，带有希望的色彩
Hands Around My Throat,Death in Vegas,restless;unresolved;melancholic,cold_synth;reverb_heavy;electric_distant;grainy,,0.6,0.3,0.7,0.2,0.5,0.4,0.8,en,1,trip_hop,"""{""""deep_night_introspective"""":0.85,""""night_rain_humid"""":0.8,""""evening_city_walk"""":0.7}""",late_night_descent,0.85,冷调合成器与厚重混响营造不安与悬疑氛围，人声低沉疏离，能量中等偏强但情绪沉重
Revenge (Extended Mix),Tontario,restless;urban;unresolved,soft_synth;cold_synth;reverb_heavy;electric_distant,,0.6,0.4,0.55,0.35,0.6,0,0.5,instrumental,0,synthwave,"""{""""evening_city_walk"""":0.85,""""deep_night_introspective"""":0.8,""""user_requested_explore"""":0.75}""",city_to_inner_room,0.85,Extended Mix 版本以冷调合成器和深远混响营造都市夜晚的躁动与悬而未决感
傷不起,郁可唯,urban;restless;bittersweet,acoustic;vocal_breath;string,,0.55,0.5,0.55,0.5,0.5,0.7,0.6,zh,1,mandopop,"""{""""evening_city_walk"""":0.8,""""work_focus_low_vocal"""":0.7,""""weekend_slow"""":0.65}""",city_to_inner_room,0.85,都市情感流行，郁可唯的声线带着无奈与不安，木吉他与人声交织出略带苦涩的怀旧感
Summer,Hania Rani,introspective;melancholic;restrained,piano;minimal;cinematic,,0.25,0.4,0.3,0.45,0.2,0,0.7,instrumental,0,modern_classical,"""{""""work_focus_low_vocal"""":0.85,""""deep_night_introspective"""":0.8,""""morning_cloudy_slow"""":0.75}""",slow_opening,0.9,极简钢琴独奏，克制而内省，带有淡淡的忧郁与留白感
Windmills of Your Mind,Alexander Claffy,introspective;melancholic;nostalgic,acoustic;jazz_brush;vocal_breath;string,,0.3,0.4,0.35,0.55,0.25,0.6,0.7,en,1,jazz,"""{""""evening_city_walk"""":0.8,""""deep_night_introspective"""":0.75,""""work_focus_low_vocal"""":0.7}""",slow_opening,0.85,爵士标准曲的温柔演绎，木吉他、刷镲与人声交织出怀旧而内省的氛围
平清盛テーマ曲,吉松隆,restrained;melancholic;bittersweet,string;cinematic;minimal,,0.25,0.3,0.35,0.4,0.15,0,0.75,instrumental,0,modern_classical,"""{""""deep_night_introspective"""":0.85,""""night_rain_humid"""":0.8,""""work_focus_low_vocal"""":0.75}""",afterglow_fading,0.85,弦乐主导的古典配乐，克制而悲凉，带有历史剧的沉重与余韵
SkyHigh,FreeTEMPO,dreamy;urban;clear,soft_synth;ambient_pad;electric_distant,,0.4,0.55,0.45,0.5,0.4,0,0.45,instrumental,0,electronica,"""{""""evening_city_walk"""":0.85,""""work_focus_low_vocal"""":0.8,""""deep_night_introspective"""":0.75}""",city_to_inner_room,0.85,梦幻合成器与都市感节奏，清晰而轻盈的电子氛围
歡沁,林海,clear;warm;hopeful,piano;acoustic;string;cinematic,,0.4,0.7,0.5,0.65,0.5,0,0.3,instrumental,0,new_age,"""{""""morning_clear_light"""":0.85,""""afternoon_warm_idle"""":0.8,""""weekend_slow"""":0.75}""",soft_focus_work,0.85,林海的钢琴与弦乐交织，明亮欢快的旋律带来温暖与希望感
Body Sun,RY X,introspective;melancholic;restrained,piano;reverb_heavy;vocal_breath;ambient_pad,,0.2,0.3,0.25,0.4,0.15,0.5,0.7,en,1,ambient_folk,"""{""""deep_night_introspective"""":0.85,""""night_rain_humid"""":0.8,""""work_focus_low_vocal"""":0.75}""",fade_into_inner_space,0.9,RY X 低沉人声与空旷钢琴、氛围铺垫交织，营造内省而克制的深夜情绪
Stereo Lights,Art of Fighting,dreamy;nostalgic;restrained,soft_synth;reverb_heavy;electric_distant;vocal_breath,,0.35,0.4,0.45,0.5,0.3,0.6,0.65,en,1,dream_pop,"""{""""evening_city_walk"""":0.8,""""deep_night_introspective"""":0.75,""""work_focus_low_vocal"""":0.7}""",city_to_inner_room,0.85,梦幻流行风格，软合成器与深远混响营造出怀旧而克制的都市夜晚氛围
真夜中のドア/Stay With Me <Original club mix>,V.A.,nostalgic;urban;warm,soft_synth;electric_distant;jazz_brush,,0.6,0.55,0.55,0.6,0.6,0.7,0.55,ja,1,city_pop,"""{""""evening_city_walk"""":0.85,""""night_clear_lonely"""":0.8,""""user_requested_explore"""":0.75}""",city_to_inner_room,0.85,经典日本城市流行，温暖的合成器与爵士鼓刷营造出怀旧而都市的夜晚氛围
(Lay Your Head On My) Pillow,Tony! Toni! Toné!,warm;sensual;hopeful,soft_synth;acoustic;vocal_breath,,0.45,0.55,0.5,0.7,0.5,0.75,0.5,en,1,r&b,"""{""""evening_city_walk"""":0.8,""""afternoon_warm_idle"""":0.75,""""weekend_slow"""":0.7}""",slow_opening,0.85,温暖柔和的R&B情歌，软合成器与木吉他交织，人声充满亲密感与希望
Saturn,Sleeping at Last,introspective;melancholic;hopeful,piano;string;cinematic;reverb_heavy,,0.25,0.35,0.3,0.45,0.15,0.4,0.75,en,1,indie_pop,"""{""""deep_night_introspective"""":0.9,""""night_clear_lonely"""":0.85,""""work_focus_low_vocal"""":0.75}""",fade_into_inner_space,0.9,钢琴与弦乐交织，人声轻柔而内省，营造出孤独中带着希望的宇宙感
Herman's Habit,Justin Hurwitz,restless;urban;unresolved,jazz_brush;acoustic;electric_distant;minimal,,0.4,0.5,0.45,0.55,0.5,0,0.45,instrumental,0,jazz,"""{""""evening_city_walk"""":0.8,""""work_focus_low_vocal"""":0.75,""""night_clear_lonely"""":0.7}""",city_to_inner_room,0.85,爵士鼓刷与木吉他交织，带有都市夜晚的躁动与未解情绪
Ultralight Beam,Kanye West / Chance the Rapper / Kirk Franklin / The-Dream / Kelly Price,hopeful;warm;introspective,acoustic;vocal_breath;string;ambient_pad,,0.55,0.6,0.5,0.7,0.4,0.8,0.75,en,1,hip_hop,"""{""""morning_clear_light"""":0.8,""""deep_night_introspective"""":0.75,""""work_focus_low_vocal"""":0.7}""",gentle_recovery,0.85,福音采样与合唱人声交织，Kanye 与 Chance 的歌词充满信仰与希望，温暖而内省
Sweetest Pie,Megan Thee Stallion,urban;restless;hopeful,soft_synth;vocal_breath;electric_distant,,0.7,0.65,0.7,0.55,0.75,0.85,0.5,en,1,hip_hop,"""{""""evening_city_walk"""":0.7,""""user_requested_explore"""":0.65,""""work_focus_low_vocal"""":0.5}""",city_to_inner_room,0.8,Megan Thee Stallion 的自信说唱，节奏强劲，都市感与活力并存，但能量较高，适合非专注场景
FAKE LOVE (Japanese version) (Remix),防弹少年团,restless;urban;bittersweet,soft_synth;cold_synth;electric_distant;vocal_breath,edm_drop;idol_polished,0.65,0.5,0.7,0.4,0.6,0.8,0.6,ja,1,k_pop,"""{""""evening_city_walk"""":0.55,""""deep_night_introspective"""":0.5,""""user_requested_explore"""":0.5}""",city_to_inner_room,0.85,日文版混音保留原曲的都市不安感，合成器与电子元素增强能量，但人声处理略显偶像化
Blue September,trentemøller,melancholic;introspective;restrained,cold_synth;ambient_pad;reverb_heavy;electric_distant,,0.25,0.3,0.35,0.3,0.2,0,0.7,instrumental,0,electronic,"""{""""deep_night_introspective"""":0.85,""""night_rain_humid"""":0.8,""""work_focus_low_vocal"""":0.75}""",fade_into_inner_space,0.9,冷调合成器与深远混响营造出忧郁而内省的氛围，能量低且克制
はちみつ,Brian the Sun,warm;nostalgic;hopeful,acoustic;vocal_breath;string;soft_synth,,0.45,0.55,0.5,0.65,0.4,0.6,0.55,ja,1,j_pop,"""{""""morning_clear_light"""":0.8,""""afternoon_warm_idle"""":0.75,""""weekend_slow"""":0.7}""",slow_opening,0.85,温暖的日系流行，木吉他与人声交织，怀旧而充满希望
RAIN,世界末日,melancholic;nostalgic;bittersweet,piano;string;vocal_breath;reverb_heavy,,0.35,0.4,0.45,0.5,0.3,0.6,0.7,ja,1,j_pop,"""{""""night_rain_humid"""":0.85,""""evening_city_walk"""":0.8,""""deep_night_introspective"""":0.75}""",rain_on_glass,0.85,钢琴与弦乐交织，人声空灵，营造出雨夜中怀旧而略带忧伤的氛围
Theme from Papillon,Jerry Goldsmith,introspective;melancholic;restrained,piano;string;cinematic;minimal,,0.15,0.3,0.2,0.35,0.1,0,0.8,instrumental,0,film_score,"""{""""work_focus_low_vocal"""":0.85,""""deep_night_introspective"""":0.8,""""night_rain_humid"""":0.75}""",slow_opening,0.9,电影配乐，钢琴与弦乐交织，缓慢而内省，带有克制的情感重量
Elegy for Tramway,The Waves,melancholic;introspective;restrained,piano;string;reverb_heavy;minimal,,0.2,0.25,0.3,0.35,0.1,0,0.8,instrumental,0,modern_classical,"""{""""deep_night_introspective"""":0.9,""""night_rain_humid"""":0.85,""""work_focus_low_vocal"""":0.8}""",afterglow_fading,0.9,钢琴与弦乐交织的挽歌，缓慢而克制，充满内省与哀愁，如同电车轨道上的余晖
Plastic Box,JADE,restrained;melancholic;urban,soft_synth;electric_distant;reverb_heavy,,0.35,0.4,0.45,0.35,0.3,0,0.6,instrumental,0,synthpop,"""{""""evening_city_walk"""":0.8,""""deep_night_introspective"""":0.75,""""work_focus_low_vocal"""":0.7}""",city_to_inner_room,0.85,合成器主导的都市氛围，克制而略带忧郁，适合夜晚独处
藍色Monday,衛蘭,melancholic;urban;nostalgic,soft_synth;reverb_heavy;vocal_breath;electric_distant,,0.4,0.35,0.5,0.4,0.4,0.7,0.7,zh,1,mandopop,"""{""""evening_city_walk"""":0.8,""""deep_night_introspective"""":0.75,""""night_rain_humid"""":0.7}""",city_to_inner_room,0.85,衛蘭的聲線帶著都市憂鬱，合成器與混響營造出懷舊而疏離的氛圍
Arcane Rambler,The Budos Band,restless;urban;unresolved,electric_distant;jazz_brush;cinematic,,0.6,0.55,0.6,0.5,0.65,0,0.5,instrumental,0,jazz,"""{""""evening_city_walk"""":0.8,""""work_focus_low_vocal"""":0.7,""""deep_night_introspective"""":0.65}""",city_to_inner_room,0.85,器乐爵士融合，电吉他远距音色与鼓刷节奏营造都市不安与未解感
S'il suffisait d'aimer,Céline Dion,warm;nostalgic;bittersweet,piano;string;vocal_breath;cinematic,,0.4,0.5,0.5,0.6,0.3,0.8,0.7,fr,1,chanson,"""{""""evening_city_walk"""":0.8,""""weekend_slow"""":0.75,""""night_rain_humid"""":0.7}""",slow_opening,0.85,Céline Dion 的温暖声线搭配钢琴与弦乐，营造出怀旧而略带苦涩的抒情氛围
California,Drinker,nostalgic;warm;bittersweet,acoustic;vocal_breath;string,,0.4,0.5,0.45,0.6,0.35,0.6,0.65,en,1,indie_folk,"""{""""evening_city_walk"""":0.8,""""morning_clear_light"""":0.7,""""weekend_slow"""":0.7}""",slow_opening,0.85,温暖的木吉他与人声，怀旧而略带苦涩的加州印象
Bullets Are Such Small Things,L'elan Vital,melancholic;introspective;bittersweet,piano;string;reverb_heavy;vocal_breath,,0.25,0.3,0.35,0.4,0.2,0.5,0.75,en,1,art_pop,"""{""""deep_night_introspective"""":0.85,""""night_rain_humid"""":0.8,""""work_focus_low_vocal"""":0.7}""",fade_into_inner_space,0.85,钢琴与弦乐交织，人声轻柔而疏离，营造出内省而忧伤的氛围
Piano Concerto No.20 in D minor,Mozart: Piano Concerto in D Minor,introspective;melancholic;restrained,piano;string;cinematic;minimal,,0.2,0.3,0.4,0.35,0.15,0,0.8,instrumental,0,classical,"""{""""work_focus_low_vocal"""":0.85,""""deep_night_introspective"""":0.8,""""night_rain_humid"""":0.75}""",slow_opening,0.9,莫扎特d小调钢琴协奏曲，古典时期作品，钢琴与弦乐交织，内省而克制，带有忧郁气质
十二幻梦曲 (Piano Arranged Version),梁邦彦,dreamy;nostalgic;bittersweet,piano;cinematic;string;minimal,,0.2,0.4,0.3,0.5,0.15,0,0.7,instrumental,0,modern_classical,"""{""""deep_night_introspective"""":0.85,""""morning_cloudy_slow"""":0.8,""""work_focus_low_vocal"""":0.75}""",slow_opening,0.9,钢琴与弦乐交织的梦幻旋律，带有怀旧与淡淡的忧伤，适合内省场景
End Credits Suite,Nicholas Britell,introspective;melancholic;restrained,piano;string;cinematic;minimal,,0.2,0.3,0.25,0.35,0.1,0,0.8,instrumental,0,film_score,"""{""""work_focus_low_vocal"""":0.9,""""deep_night_introspective"""":0.85,""""night_rain_humid"""":0.8}""",afterglow_fading,0.9,电影配乐风格的钢琴与弦乐，克制而内省，带有淡淡的忧伤与余晖感
Unbreakable,Janet Jackson,urban;restless;hopeful,soft_synth;electric_distant;vocal_breath,,0.55,0.5,0.55,0.45,0.6,0.75,0.5,en,1,r&b,"""{""""evening_city_walk"""":0.8,""""work_focus_low_vocal"""":0.7,""""user_requested_explore"""":0.75}""",city_to_inner_room,0.85,Janet Jackson 的 R&B 作品，都市感十足，合成器与人声交织出坚韧而略带不安的情绪
Hit&Run,Greyson Chance,restless;urban;bittersweet,soft_synth;electric_distant;vocal_breath,,0.6,0.5,0.55,0.4,0.6,0.75,0.65,en,1,pop,"""{""""evening_city_walk"""":0.8,""""deep_night_introspective"""":0.7,""""user_requested_explore"""":0.65}""",city_to_inner_room,0.85,都市感流行，电子合成器与不安的人声交织，略带苦涩的节奏驱动
That Girl,LkiD,urban;restless;nostalgic,soft_synth;electric_distant;reverb_heavy,,0.55,0.5,0.55,0.45,0.5,0.7,0.5,en,1,synthpop,"""{""""evening_city_walk"""":0.8,""""deep_night_introspective"""":0.75,""""user_requested_explore"""":0.7}""",city_to_inner_room,0.85,都市感合成器流行，人声略带疏离，节奏驱动下透出怀旧与不安
"""City Of Stars (From """"La La Land"""" Soundtrack)""",Ryan Gosling / Emma Stone,dreamy;nostalgic;warm,piano;vocal_breath;soft_synth,,0.35,0.5,0.4,0.7,0.3,0.6,0.65,en,1,soundtrack,"""{""""evening_city_walk"""":0.85,""""night_clear_lonely"""":0.8,""""weekend_slow"""":0.75}""",slow_opening,0.9,钢琴与轻柔对唱，梦幻而怀旧，温暖的城市夜晚氛围
最長的電影,周杰倫,melancholic;nostalgic;bittersweet,piano;string;vocal_breath,,0.4,0.4,0.5,0.5,0.3,0.7,0.75,zh,1,mandopop,"""{""""evening_city_walk"""":0.8,""""deep_night_introspective"""":0.75,""""night_rain_humid"""":0.7}""",slow_opening,0.9,周杰伦的抒情钢琴 ballad，弦乐铺垫与略带沙哑的人声传递出怀旧与苦涩交织的情感
Unravel Together,Vieo Abiungo,introspective;melancholic;restrained,piano;minimal;reverb_heavy,,0.2,0.3,0.25,0.35,0.15,0,0.8,instrumental,0,modern_classical,"""{""""deep_night_introspective"""":0.9,""""work_focus_low_vocal"""":0.85,""""night_rain_humid"""":0.8}""",slow_opening,0.85,极简钢琴与深远混响，营造内省而克制的孤独氛围
You Say You Love Me - Demo,The Wolfgang Press,restrained;melancholic;unresolved,piano;reverb_heavy;vocal_breath;minimal,,0.25,0.3,0.35,0.4,0.2,0.5,0.7,en,1,art_rock,"""{""""deep_night_introspective"""":0.85,""""night_rain_humid"""":0.75,""""work_focus_low_vocal"""":0.7}""",fade_into_inner_space,0.85,Demo 版本以钢琴和混响人声为主，克制而忧郁，带有未完成感的情绪重量
Beautiful Is Boring,BONES UK,restless;urban;bittersweet,electric_distant;cold_synth;vocal_breath,,0.6,0.4,0.55,0.3,0.6,0.7,0.65,en,1,alternative_rock,"""{""""evening_city_walk"""":0.8,""""deep_night_introspective"""":0.75,""""user_requested_explore"""":0.7}""",city_to_inner_room,0.85,冷调电吉他与人声交织，都市不安与苦涩的张力，能量中等偏上
Try,Colbie Caillat,warm;hopeful;nostalgic,acoustic;vocal_breath;soft_synth,,0.45,0.6,0.4,0.7,0.4,0.7,0.55,en,1,pop,"""{""""morning_clear_light"""":0.8,""""afternoon_warm_idle"""":0.75,""""weekend_slow"""":0.7}""",soft_focus_work,0.85,温暖的木吉他与人声，传递鼓励与怀旧，能量中等偏柔和
24시간이 모자라,宣美,urban;restless;nostalgic,soft_synth;cold_synth;vocal_breath;electric_distant,,0.55,0.5,0.6,0.4,0.6,0.7,0.5,ko,1,k_pop,"""{""""evening_city_walk"""":0.8,""""deep_night_introspective"""":0.7,""""user_requested_explore"""":0.65}""",city_to_inner_room,0.85,宣美的都市感流行曲，合成器与冷调人声交织，带有怀旧与不安的律动
茜雲,遠音,nostalgic;melancholic;warm,acoustic;string;vocal_breath;reverb_heavy,,0.3,0.4,0.35,0.6,0.25,0.6,0.7,ja,1,jpop,"""{""""evening_city_walk"""":0.8,""""night_clear_lonely"""":0.75,""""weekend_slow"""":0.7}""",afterglow_fading,0.85,日本民谣风格，木吉他与弦乐交织，人声轻柔，充满怀旧与温暖的黄昏感
Temporary Weakness,Siskiyou,introspective;melancholic;restrained,acoustic;vocal_breath;minimal,,0.25,0.3,0.3,0.4,0.2,0.5,0.7,en,1,indie_folk,"""{""""deep_night_introspective"""":0.85,""""night_rain_humid"""":0.75,""""work_focus_low_vocal"""":0.7}""",fade_into_inner_space,0.85,木吉他与人声的克制编排，内省而略带忧郁，适合深夜独处
Get Out,卫诗,restless;urban;melancholic,soft_synth;electric_distant;vocal_breath,,0.55,0.4,0.55,0.35,0.5,0.7,0.65,zh,1,mandopop,"""{""""evening_city_walk"""":0.8,""""deep_night_introspective"""":0.75,""""night_clear_lonely"""":0.7}""",city_to_inner_room,0.85,卫诗的声线带着都市感的忧郁与不安，合成器与电子音色营造出夜晚的疏离氛围
Real,MAJIK,warm;nostalgic;hopeful,acoustic;soft_synth;vocal_breath,,0.4,0.55,0.45,0.65,0.35,0.6,0.55,en,1,indie_pop,"""{""""morning_clear_light"""":0.8,""""afternoon_warm_idle"""":0.75,""""evening_city_walk"""":0.7}""",soft_focus_work,0.85,温暖的原声吉他搭配柔和合成器，人声轻柔，营造怀旧而充满希望的独立流行氛围
Cry Me A Blizzard,Nathan Fake,restless;detached;urban,cold_synth;reverb_heavy;electric_distant,,0.6,0.4,0.55,0.3,0.6,0,0.5,instrumental,0,techno,"""{""""evening_city_walk"""":0.8,""""deep_night_introspective"""":0.75,""""work_focus_low_vocal"""":0.7}""",city_to_inner_room,0.85,冷调合成器与深远混响，驱动性节奏营造出都市夜晚的疏离与不安
Me and My Guitar,Tep No,warm;nostalgic;hopeful,acoustic;soft_synth;vocal_breath,,0.4,0.55,0.4,0.65,0.35,0.6,0.5,en,1,indie_pop,"""{""""morning_clear_light"""":0.8,""""afternoon_warm_idle"""":0.75,""""weekend_slow"""":0.7}""",slow_opening,0.85,温暖的木吉他与人声，带有怀旧与希望的 indie pop 质感，能量中等偏低
The **** Smoker's Dream,Hugh Laurie,warm;nostalgic;bittersweet,acoustic;jazz_brush;vocal_breath,,0.35,0.5,0.4,0.7,0.3,0.6,0.6,en,1,jazz,"""{""""afternoon_warm_idle"""":0.85,""""evening_city_walk"""":0.8,""""weekend_slow"""":0.75}""",afterglow_fading,0.85,Hugh Laurie 的沙哑声线搭配爵士吉他与刷镲，温暖怀旧中带一丝苦涩
刀马旦,李玟 / 周杰伦,urban;restless;hopeful,acoustic;electric_distant;vocal_breath,,0.65,0.7,0.6,0.55,0.7,0.8,0.45,zh,1,mandopop,"""{""""evening_city_walk"""":0.8,""""user_requested_explore"""":0.75,""""afternoon_warm_idle"""":0.7}""",city_to_inner_room,0.85,中西融合的流行曲风，节奏明快，人声充满活力，带有都市感和探索情绪
桜色舞うころ (Album Mix),中島美嘉,nostalgic;melancholic;warm,piano;string;vocal_breath,,0.35,0.5,0.45,0.6,0.3,0.7,0.65,ja,1,j_pop,"""{""""morning_cloudy_slow"""":0.8,""""evening_city_walk"""":0.75,""""night_rain_humid"""":0.7}""",slow_opening,0.85,中島美嘉的温暖声线搭配钢琴与弦乐，营造出樱花飘落的怀旧与淡淡忧伤
Siesta Freestyle,Lewis OfMan,dreamy;urban;warm,soft_synth;reverb_heavy;electric_distant;lofi_dust,,0.45,0.5,0.5,0.6,0.5,0,0.4,instrumental,0,synthpop,"""{""""evening_city_walk"""":0.85,""""afternoon_warm_idle"""":0.8,""""work_focus_low_vocal"""":0.75}""",city_to_inner_room,0.85,梦幻合成器与温暖低保真质感，营造出慵懒都市午后的氛围
On The Radio,Du Blonde,nostalgic;urban;restless,electric_distant;reverb_heavy;vocal_breath,,0.55,0.5,0.55,0.4,0.5,0.7,0.6,en,1,indie_rock,"""{""""evening_city_walk"""":0.8,""""deep_night_introspective"""":0.75,""""user_requested_explore"""":0.7}""",city_to_inner_room,0.85,带有复古质感的独立摇滚，电吉他混响与人声交织出都市怀旧与不安的情绪
クリスマスソング,back number,warm;nostalgic;bittersweet,acoustic;string;vocal_breath,,0.45,0.55,0.5,0.7,0.4,0.7,0.65,ja,1,j_pop,"""{""""evening_city_walk"""":0.8,""""night_clear_lonely"""":0.75,""""weekend_slow"""":0.7}""",slow_opening,0.85,温暖的木吉他与人声，怀旧而略带苦涩的冬日抒情
Getting Late,Floetry,warm;sensual;nostalgic,soft_synth;vocal_breath;jazz_brush,,0.4,0.5,0.5,0.7,0.4,0.7,0.6,en,1,neo_soul,"""{""""evening_city_walk"""":0.8,""""deep_night_introspective"""":0.75,""""weekend_slow"""":0.7}""",city_to_inner_room,0.85,温暖的 neo-soul 人声与软合成器，营造出慵懒而感性的夜晚氛围
我要你,任素汐,warm;nostalgic;bittersweet,acoustic;vocal_breath;string,,0.35,0.5,0.4,0.7,0.3,0.75,0.65,zh,1,mandopop,"""{""""evening_city_walk"""":0.8,""""weekend_slow"""":0.75,""""night_rain_humid"""":0.7}""",slow_opening,0.85,任素汐温暖而略带沙哑的声线，木吉他伴奏，怀旧中带着淡淡的苦涩与甜蜜
The Moon,Stephan Micus,introspective;melancholic;restrained,piano;minimal;field_recording;ambient_pad,,0.15,0.25,0.2,0.35,0.1,0,0.8,instrumental,0,world_ambient,"""{""""deep_night_introspective"""":0.9,""""night_clear_lonely"""":0.85,""""work_focus_low_vocal"""":0.75}""",slow_opening,0.9,极简钢琴与田野录音交织，营造出孤寂而内省的月夜氛围
Save it for Another,Hejira,introspective;melancholic;restrained,acoustic;vocal_breath;minimal,,0.25,0.3,0.25,0.4,0.2,0.5,0.7,en,1,singer_songwriter,"""{""""work_focus_low_vocal"""":0.85,""""deep_night_introspective"""":0.8,""""night_rain_humid"""":0.75}""",slow_opening,0.85,Hejira 的民谣风格，木吉他与人声交织，内省而克制，适合安静专注或深夜聆听
英雄的黎明,横山菁児,melancholic;nostalgic;restrained,string;cinematic;piano,,0.25,0.35,0.4,0.3,0.2,0,0.8,instrumental,0,orchestral,"""{""""deep_night_introspective"""":0.85,""""night_rain_humid"""":0.8,""""work_focus_low_vocal"""":0.75}""",slow_opening,0.9,宏大的管弦乐编排，弦乐与钢琴交织，充满悲壮与怀旧的历史感
Good Spring Co LTD,舒淇,dreamy;misty;restrained,ambient_pad;soft_synth;reverb_heavy;minimal,,0.25,0.35,0.3,0.45,0.2,0,0.55,instrumental,0,ambient,"""{""""morning_cloudy_slow"""":0.85,""""work_focus_low_vocal"""":0.8,""""night_clear_lonely"""":0.75}""",soft_focus_work,0.85,舒淇的声线在氛围铺底中呈现朦胧梦幻的质感，低能量、克制而内敛
Short Sell,Vieo Abiungo,restless;urban;unresolved,electric_distant;cold_synth;reverb_heavy;minimal,,0.4,0.35,0.5,0.3,0.45,0,0.6,instrumental,0,electronic,"""{""""evening_city_walk"""":0.8,""""deep_night_introspective"""":0.75,""""work_focus_low_vocal"""":0.7}""",city_to_inner_room,0.85,冷调电子合成器与深远混响，营造出都市不安与悬而未决的氛围
素描,黃韻玲,nostalgic;warm;melancholic,piano;acoustic;string;vocal_breath,,0.35,0.5,0.4,0.6,0.3,0.6,0.65,zh,1,mandopop,"""{""""evening_city_walk"""":0.8,""""morning_cloudy_slow"""":0.75,""""weekend_slow"""":0.7}""",slow_opening,0.85,黃韻玲的鋼琴與溫暖聲線，搭配弦樂與木吉他，營造懷舊而略帶憂傷的抒情氛圍
不和リン,青葉市子,dreamy;melancholic;introspective,acoustic;vocal_breath;minimal;field_recording,,0.25,0.35,0.3,0.45,0.2,0.6,0.7,ja,1,folk,"""{""""deep_night_introspective"""":0.85,""""morning_cloudy_slow"""":0.8,""""night_rain_humid"""":0.75}""",fade_into_inner_space,0.9,青葉市子的空灵声线与简约吉他，营造出梦幻而略带忧郁的内省氛围
"""Symphonic Variations on an African Air, Op. 63""",Samuel Coleridge-Taylor,restrained;hopeful;nostalgic,string;cinematic;acoustic,,0.4,0.55,0.5,0.5,0.35,0,0.6,instrumental,0,classical,"""{""""morning_clear_light"""":0.8,""""afternoon_warm_idle"""":0.75,""""work_focus_low_vocal"""":0.7}""",slow_opening,0.85,管弦乐变奏曲，以非洲主题为基础，旋律温暖而克制，带有怀旧与希望感
Air,Cinématique,dreamy;misty;restrained,ambient_pad;soft_synth;minimal,,0.2,0.35,0.25,0.4,0.15,0,0.5,instrumental,0,ambient,"""{""""work_focus_low_vocal"""":0.85,""""morning_cloudy_slow"""":0.8,""""deep_night_introspective"""":0.75}""",soft_focus_work,0.85,轻柔的氛围电子，软合成器铺底，朦胧而克制，适合专注或沉思场景
置身事外,mAjorHon,detached;restrained;lonely,minimal;cold_synth;ambient_pad;reverb_heavy,,0.2,0.25,0.2,0.3,0.15,0,0.7,instrumental,0,ambient,"""{""""work_focus_low_vocal"""":0.85,""""deep_night_introspective"""":0.8,""""night_rain_humid"""":0.75}""",fade_into_inner_space,0.85,冷调合成器与空旷混响营造出疏离克制的氛围，如同置身事外的孤独感
游乐场,ZHI16,dreamy;nostalgic;warm,soft_synth;ambient_pad;lofi_dust;grainy,,0.3,0.45,0.35,0.6,0.25,0,0.5,instrumental,0,lo_fi,"""{""""work_focus_low_vocal"""":0.85,""""morning_cloudy_slow"""":0.8,""""evening_city_walk"""":0.75}""",soft_focus_work,0.85,软合成器与氛围铺垫，颗粒感 lo-fi 纹理营造梦幻怀旧的温暖氛围，适合低能量专注或悠闲场景
FUK SUMN,¥$,restless;urban;unresolved,electric_distant;cold_synth;reverb_heavy,,0.7,0.4,0.75,0.3,0.65,0.8,0.6,en,1,hip_hop,"""{""""evening_city_walk"""":0.55,""""deep_night_introspective"""":0.5,""""user_requested_explore"""":0.6}""",city_to_inner_room,0.8,充满不安与都市感的嘻哈作品，冷合成器与深远电声营造出未解决的紧张氛围
EGO-HOLIC戀我癖,陳星翰 Starr Chen,restless;urban;unresolved,cold_synth;electric_distant;reverb_heavy,,0.7,0.4,0.7,0.3,0.65,0.6,0.6,zh,1,electronic,"""{""""evening_city_walk"""":0.8,""""deep_night_introspective"""":0.7,""""user_requested_explore"""":0.75}""",city_to_inner_room,0.85,冷调合成器与都市感节奏，配合不安定的人声，营造出城市夜晚的躁动与未解情绪
A Wishful Way,跳房子,dreamy;melancholic;bittersweet,soft_synth;reverb_heavy;vocal_breath;electric_distant,,0.3,0.35,0.4,0.45,0.25,0.6,0.7,zh,1,dream_pop,"""{""""deep_night_introspective"""":0.85,""""night_clear_lonely"""":0.8,""""evening_city_walk"""":0.75}""",fade_into_inner_space,0.85,梦幻流行风格，软合成器与深远混响营造出迷离、怀旧而略带忧郁的氛围
是什么让我遇见这样的你,白安,introspective;melancholic;dreamy,piano;vocal_breath;reverb_heavy;minimal,,0.35,0.4,0.35,0.5,0.3,0.7,0.7,zh,1,mandopop,"""{""""deep_night_introspective"""":0.85,""""night_rain_humid"""":0.8,""""work_focus_low_vocal"""":0.75}""",fade_into_inner_space,0.9,白安独特的声线搭配钢琴与混响，营造出内省而梦幻的氛围，能量适中偏低
Fracanapa,Javier Girotto,warm;clear;hopeful,acoustic;jazz_brush;string,,0.35,0.6,0.45,0.7,0.4,0,0.45,instrumental,0,jazz,"""{""""morning_clear_light"""":0.8,""""afternoon_warm_idle"""":0.75,""""work_focus_low_vocal"""":0.7}""",soft_focus_work,0.85,温暖的爵士器乐，木管与弦乐交织，明亮而放松的质感
Haydn Piano Concerto in D,Shostakovich: Piano Concerto No. 1,clear;restrained;hopeful,piano;string;cinematic,,0.35,0.6,0.4,0.5,0.3,0,0.5,instrumental,0,classical,"""{""""morning_clear_light"""":0.8,""""work_focus_low_vocal"""":0.75,""""afternoon_warm_idle"""":0.7}""",slow_opening,0.85,古典钢琴协奏曲，明亮清晰的旋律线条与弦乐协奏，克制而充满希望
above the flood,Library Tapes,introspective;melancholic;restrained,piano;minimal;ambient_pad,,0.15,0.25,0.2,0.35,0.1,0,0.8,instrumental,0,modern_classical,"""{""""work_focus_low_vocal"""":0.9,""""deep_night_introspective"""":0.85,""""night_rain_humid"""":0.8}""",slow_opening,0.9,极简钢琴与氛围铺垫，缓慢而克制，充满内省与忧郁的质感
Not Lonely,Richard Hawley,warm;nostalgic;bittersweet,acoustic;string;vocal_breath;reverb_heavy,,0.35,0.5,0.4,0.7,0.3,0.6,0.65,en,1,singer_songwriter,"""{""""evening_city_walk"""":0.8,""""weekend_slow"""":0.75,""""deep_night_introspective"""":0.7}""",slow_opening,0.85,Richard Hawley 温暖低沉的嗓音与弦乐编排，营造出怀旧而略带苦涩的抒情氛围
勿忘草,ZIZZ STUDIO,melancholic;nostalgic;bittersweet,piano;string;reverb_heavy;vocal_breath,,0.35,0.4,0.45,0.5,0.3,0.6,0.7,ja,1,j_pop,"""{""""evening_city_walk"""":0.8,""""deep_night_introspective"""":0.75,""""night_rain_humid"""":0.7}""",slow_opening,0.85,钢琴与弦乐交织，人声带有呼吸感，营造出怀旧而略带忧伤的日式抒情氛围
L'aube sur la mer de Bismarck,Ozymandias,misty;melancholic;restrained,ambient_pad;field_recording;minimal;reverb_heavy,,0.15,0.25,0.2,0.35,0.1,0,0.7,instrumental,0,ambient,"""{""""morning_cloudy_slow"""":0.85,""""night_rain_humid"""":0.8,""""deep_night_introspective"""":0.75}""",afterglow_fading,0.85,氛围声景结合田野录音，朦胧而克制，如同海面晨雾中的孤寂
In My Name,Hayden Thorpe,introspective;melancholic;restrained,piano;reverb_heavy;vocal_breath;minimal,,0.25,0.3,0.25,0.35,0.15,0.6,0.75,en,1,art_pop,"""{""""deep_night_introspective"""":0.85,""""night_rain_humid"""":0.8,""""work_focus_low_vocal"""":0.75}""",fade_into_inner_space,0.85,Hayden Thorpe 的脆弱人声与极简钢琴，充满内省与克制的情感重量
NHK大河ドラマ「平清盛」テーマ曲,吉松隆,restrained;melancholic;introspective,string;cinematic;minimal,,0.2,0.3,0.35,0.4,0.15,0,0.8,instrumental,0,modern_classical,"""{""""deep_night_introspective"""":0.85,""""work_focus_low_vocal"""":0.8,""""night_rain_humid"""":0.75}""",slow_opening,0.9,吉松隆的管弦乐主题曲，弦乐与电影感交织，克制而深沉，充满历史内省
Make It Right (feat. Lauv),BTS,hopeful;warm;urban,soft_synth;vocal_breath;electric_distant,,0.55,0.6,0.5,0.6,0.5,0.75,0.5,en,1,k_pop,"""{""""evening_city_walk"""":0.8,""""morning_clear_light"""":0.7,""""user_requested_explore"""":0.75}""",city_to_inner_room,0.85,BTS 与 Lauv 合作的流行曲，温暖合成器与人声带来都市感与希望情绪
I Kissed A Girl,Katy Perry,restless;urban;hopeful,soft_synth;electric_distant;vocal_breath,,0.7,0.75,0.65,0.55,0.7,0.8,0.3,en,1,pop,"""{""""evening_city_walk"""":0.5,""""user_requested_explore"""":0.5,""""weekend_slow"""":0.4}""",city_to_inner_room,0.8,流行舞曲，能量较高，明亮活泼，但情感深度较浅
Waiting for Tonight,Jennifer Lopez,hopeful;restless;urban,soft_synth;electric_distant;reverb_heavy,,0.7,0.65,0.6,0.5,0.7,0.8,0.4,en,1,dance_pop,"""{""""evening_city_walk"""":0.8,""""user_requested_explore"""":0.75,""""weekend_slow"""":0.7}""",city_to_inner_room,0.85,高能量舞曲流行，合成器与节奏驱动，充满期待与都市感
R,Idft,introspective;melancholic;restrained,piano;minimal;reverb_heavy,,0.2,0.3,0.2,0.35,0.1,0,0.75,instrumental,0,modern_classical,"""{""""work_focus_low_vocal"""":0.85,""""deep_night_introspective"""":0.8,""""night_rain_humid"""":0.75}""",slow_opening,0.85,极简钢琴独奏，缓慢而内省，混响营造出孤独而克制的氛围
My Jinji,落日飛車 Sunset Rollercoaster,dreamy;nostalgic;warm,soft_synth;acoustic;vocal_breath;reverb_heavy,,0.35,0.5,0.4,0.65,0.3,0.6,0.55,en,1,dream_pop,"""{""""evening_city_walk"""":0.85,""""deep_night_introspective"""":0.8,""""weekend_slow"""":0.75}""",city_to_inner_room,0.9,落日飛車标志性的梦幻声场，软合成器与温暖人声交织，怀旧而松弛的都市夜晚氛围
What We've Left Behind,Paul Tynan,introspective;melancholic;restrained,piano;string;cinematic;minimal,,0.2,0.3,0.25,0.35,0.15,0,0.8,instrumental,0,modern_classical,"""{""""work_focus_low_vocal"""":0.85,""""deep_night_introspective"""":0.8,""""night_rain_humid"""":0.75}""",afterglow_fading,0.85,钢琴与弦乐交织的极简编排，营造内省而克制的怀旧氛围
If You're Over Me,Years & Years,urban;restless;bittersweet,soft_synth;cold_synth;vocal_breath;electric_distant,,0.6,0.55,0.6,0.4,0.65,0.75,0.5,en,1,synthpop,"""{""""evening_city_walk"""":0.8,""""deep_night_introspective"""":0.7,""""user_requested_explore"""":0.75}""",city_to_inner_room,0.85,合成器驱动的流行曲，节奏明快但人声带着苦涩，适合都市夜晚的漫步
Utility,Barker,restrained;detached;unresolved,minimal;cold_synth;ambient_pad,,0.2,0.3,0.25,0.2,0.15,0,0.6,instrumental,0,ambient_techno,"""{""""work_focus_low_vocal"""":0.85,""""deep_night_introspective"""":0.8,""""night_rain_humid"""":0.75}""",afterglow_fading,0.85,极简冷调电子，重复的合成器纹理营造出克制而悬置的氛围
Outro Lugar,Toco,warm;nostalgic;bittersweet,acoustic;jazz_brush;string;vocal_breath,,0.35,0.55,0.4,0.7,0.3,0.6,0.5,pt,1,bossa_nova,"""{""""afternoon_warm_idle"""":0.85,""""evening_city_walk"""":0.8,""""morning_clear_light"""":0.7}""",soft_focus_work,0.85,温暖的巴西波萨诺瓦，尼龙弦吉他与人声交织出怀旧而略带忧伤的午后氛围
Enjoy the Silence,Depeche Mode,urban;restrained;bittersweet,cold_synth;soft_synth;reverb_heavy;electric_distant,,0.55,0.5,0.6,0.4,0.55,0.7,0.6,en,1,synthpop,"""{""""evening_city_walk"""":0.85,""""deep_night_introspective"""":0.8,""""work_focus_low_vocal"""":0.7}""",city_to_inner_room,0.9,冷调合成器与克制的人声，都市感与内省交织的经典 synthpop
Vessels,Shook Twins,dreamy;introspective;bittersweet,acoustic;vocal_breath;reverb_heavy;minimal,,0.3,0.4,0.35,0.5,0.2,0.6,0.65,en,1,indie_folk,"""{""""deep_night_introspective"""":0.85,""""morning_cloudy_slow"""":0.75,""""work_focus_low_vocal"""":0.7}""",fade_into_inner_space,0.85,木吉他与人声交织，混响营造出梦幻而内省的氛围，略带苦涩的温暖
ART (feat. Latto),Nemzzz,urban;restless;clear,soft_synth;electric_distant;vocal_breath,,0.6,0.55,0.65,0.4,0.7,0.8,0.5,en,1,uk_hip_hop,"""{""""evening_city_walk"""":0.8,""""user_requested_explore"""":0.75,""""work_focus_low_vocal"""":0.7}""",city_to_inner_room,0.85,都市感强烈的 UK 说唱，合成器与清晰人声交织，节奏驱动但保持冷静
Wild Time,Weyes Blood,nostalgic;dreamy;bittersweet,soft_synth;string;vocal_breath;reverb_heavy,,0.35,0.4,0.45,0.55,0.3,0.7,0.75,en,1,art_pop,"""{""""evening_city_walk"""":0.85,""""deep_night_introspective"""":0.8,""""night_clear_lonely"""":0.75}""",afterglow_fading,0.9,Weyes Blood 的复古合成器与弦乐交织，人声空灵而怀旧，营造出黄昏般的梦幻与淡淡忧伤
Teenage Dream,Katy Perry,hopeful;warm;nostalgic,soft_synth;vocal_breath;acoustic,,0.65,0.7,0.6,0.6,0.55,0.8,0.5,en,1,pop,"""{""""morning_clear_light"""":0.8,""""afternoon_warm_idle"""":0.75,""""weekend_slow"""":0.7}""",slow_opening,0.85,流行歌曲，温暖怀旧的人声与合成器，能量中等偏高，适合轻松场景
Fawn,Good Fuck,dreamy;sensual;restrained,soft_synth;reverb_heavy;electric_distant;vocal_breath,,0.35,0.4,0.4,0.5,0.3,0.4,0.5,en,1,dream_pop,"""{""""evening_city_walk"""":0.8,""""deep_night_introspective"""":0.75,""""work_focus_low_vocal"""":0.7}""",city_to_inner_room,0.85,梦幻合成器与深远混响，人声轻柔克制，营造出朦胧而感性的氛围
"""Hungarian Dance No. 5 in G Minor, WoO 1, No. 5""",Johannes Brahms,restless;unresolved;melancholic,string;cinematic;acoustic,,0.7,0.6,0.7,0.4,0.8,0,0.6,instrumental,0,classical,"""{""""evening_city_walk"""":0.7,""""work_focus_low_vocal"""":0.5,""""night_clear_lonely"""":0.6}""",city_to_inner_room,0.85,勃拉姆斯匈牙利舞曲第五号，弦乐与管弦乐编排，节奏急促而充满不安的张力，能量较高但带有忧郁底色
My Childhood,ElyonBeats,nostalgic;introspective;melancholic,piano;lofi_dust;minimal,,0.2,0.3,0.25,0.5,0.15,0,0.7,instrumental,0,lo_fi,"""{""""work_focus_low_vocal"""":0.85,""""deep_night_introspective"""":0.8,""""morning_cloudy_slow"""":0.75}""",slow_opening,0.85,怀旧感的 lo-fi 钢琴曲，带有轻微失真和极简编排，营造内省而略带忧伤的氛围
Golden hour,JVKE,warm;nostalgic;hopeful,piano;soft_synth;vocal_breath;string,,0.55,0.65,0.5,0.7,0.5,0.75,0.6,en,1,art_pop,"""{""""evening_city_walk"""":0.85,""""morning_clear_light"""":0.8,""""afternoon_warm_idle"""":0.75}""",slow_opening,0.9,钢琴与合成器交织，温暖怀旧的人声营造出黄昏般的金色氛围
No Pole,Don Toliver,urban;restless;sensual,soft_synth;electric_distant;vocal_breath,,0.65,0.5,0.6,0.45,0.7,0.8,0.5,en,1,hip_hop,"""{""""evening_city_walk"""":0.8,""""deep_night_introspective"""":0.7,""""user_requested_explore"""":0.75}""",city_to_inner_room,0.85,Don Toliver 的慵懒声线搭配软合成器与都市感节奏，营造出不安而性感的夜晚氛围
In Ruins,The Burning Paris,melancholic;restrained;bittersweet,piano;string;reverb_heavy;vocal_breath,,0.25,0.3,0.4,0.35,0.2,0.5,0.8,en,1,indie_folk,"""{""""deep_night_introspective"""":0.85,""""night_rain_humid"""":0.8,""""work_focus_low_vocal"""":0.7}""",fade_into_inner_space,0.85,钢琴与弦乐交织，人声脆弱而克制，营造出废墟般的忧郁与内省氛围
Matching Scars,Ratso,melancholic;introspective;bittersweet,piano;reverb_heavy;vocal_breath;minimal,,0.25,0.3,0.35,0.4,0.2,0.6,0.75,en,1,indie_folk,"""{""""deep_night_introspective"""":0.85,""""night_rain_humid"""":0.8,""""work_focus_low_vocal"""":0.7}""",fade_into_inner_space,0.85,钢琴与混响人声交织，低沉而内省，带有伤痕感的忧郁与苦涩
Evelina,Alexander Claffy,warm;clear;nostalgic,acoustic;jazz_brush;string,,0.35,0.55,0.4,0.7,0.35,0,0.45,instrumental,0,jazz,"""{""""work_focus_low_vocal"""":0.85,""""afternoon_warm_idle"""":0.8,""""morning_clear_light"""":0.75}""",soft_focus_work,0.85,温暖的爵士三重奏，尼龙弦吉他与刷鼓营造出明亮而怀旧的氛围
I Love You 3000 II,88rising / Stephanie Poetri / 王嘉尔,warm;nostalgic;hopeful,acoustic;vocal_breath;soft_synth;string,,0.4,0.55,0.45,0.7,0.35,0.75,0.55,en,1,pop,"""{""""evening_city_walk"""":0.8,""""weekend_slow"""":0.75,""""morning_clear_light"""":0.7}""",slow_opening,0.85,温暖声线与木吉他交织，怀旧又充满希望的流行情歌
その銃口は、正義を支配する,菅野祐悟,restrained;melancholic;unresolved,piano;string;cinematic;minimal,,0.25,0.3,0.35,0.3,0.2,0,0.75,instrumental,0,cinematic_orchestral,"""{""""deep_night_introspective"""":0.85,""""night_rain_humid"""":0.8,""""work_focus_low_vocal"""":0.75}""",slow_opening,0.85,菅野祐悟的配乐风格，钢琴与弦乐交织出克制而沉重的氛围，带有悬而未决的紧张感
Bring You Back,Beacon,introspective;melancholic;restrained,soft_synth;reverb_heavy;minimal;vocal_breath,,0.35,0.35,0.4,0.4,0.3,0.6,0.7,en,1,electronic,"""{""""deep_night_introspective"""":0.85,""""night_rain_humid"""":0.8,""""work_focus_low_vocal"""":0.75}""",fade_into_inner_space,0.85,低能量电子氛围，软合成器与深远混响营造内省而克制的夜晚情绪
Planet Hearth,Calibre,dreamy;warm;nostalgic,soft_synth;ambient_pad;lofi_dust;reverb_heavy,,0.35,0.5,0.4,0.65,0.3,0,0.5,instrumental,0,drum_and_bass,"""{""""work_focus_low_vocal"""":0.85,""""evening_city_walk"""":0.8,""""deep_night_introspective"""":0.75}""",soft_focus_work,0.85,Calibre 标志性的温暖合成器与氛围铺垫，营造出梦幻而怀旧的电子声景，节奏舒缓但带有律动感
Stuff (feat. Travis Scott),Lil Baby,restless;urban;unresolved,electric_distant;soft_synth;reverb_heavy,,0.65,0.5,0.7,0.4,0.7,0.8,0.55,en,1,trap,"""{""""evening_city_walk"""":0.8,""""deep_night_introspective"""":0.7,""""user_requested_explore"""":0.75}""",city_to_inner_room,0.85,Trap 节奏驱动，Travis Scott 和 Lil Baby 的声线带来都市不安与未解决的张力
Wrong Side,Anteros,restless;urban;bittersweet,soft_synth;electric_distant;vocal_breath,,0.55,0.45,0.55,0.4,0.5,0.7,0.6,en,1,indie_pop,"""{""""evening_city_walk"""":0.8,""""deep_night_introspective"""":0.75,""""user_requested_explore"""":0.7}""",city_to_inner_room,0.85,合成器驱动的独立流行，略带不安的都市感与怀旧情绪
きらり,Fujii Kaze,warm;hopeful;clear,soft_synth;acoustic;vocal_breath,,0.55,0.65,0.5,0.7,0.5,0.7,0.5,ja,1,j_pop,"""{""""morning_clear_light"""":0.85,""""afternoon_warm_idle"""":0.8,""""evening_city_walk"""":0.75}""",slow_opening,0.9,Fujii Kaze 温暖清亮的嗓音搭配软合成器和木吉他，充满阳光般的希望与明朗
Chega de Saudade,Rosa Passos,warm;nostalgic;bittersweet,acoustic;jazz_brush;vocal_breath,,0.35,0.55,0.4,0.7,0.3,0.6,0.5,pt,1,bossa_nova,"""{""""morning_clear_light"""":0.8,""""afternoon_warm_idle"""":0.85,""""evening_city_walk"""":0.7}""",slow_opening,0.9,Rosa Passos 的温暖声线搭配轻柔的爵士刷子和原声吉他，经典的 bossa nova 怀旧与甜蜜忧伤
宿命,西皮士,melancholic;bittersweet;restrained,piano;string;reverb_heavy;cinematic,,0.35,0.4,0.5,0.45,0.3,0,0.75,instrumental,0,modern_classical,"""{""""deep_night_introspective"""":0.85,""""night_rain_humid"""":0.8,""""work_focus_low_vocal"""":0.75}""",afterglow_fading,0.85,钢琴与弦乐交织，混响厚重，营造出克制而宿命感的悲凉氛围
Everything is romantic featuring caroline polachek,Charli xcx / Caroline Polachek,dreamy;sensual;restless,soft_synth;vocal_breath;reverb_heavy;electric_distant,,0.55,0.5,0.6,0.5,0.55,0.75,0.55,en,1,art_pop,"""{""""evening_city_walk"""":0.8,""""deep_night_introspective"""":0.75,""""user_requested_explore"""":0.7}""",city_to_inner_room,0.85,梦幻合成器与人声交织，Caroline Polachek 的声线带来感性而略带不安的都市氛围
好了,黄淑惠,introspective;melancholic;restrained,piano;vocal_breath;minimal,,0.25,0.3,0.35,0.4,0.2,0.6,0.7,zh,1,mandopop,"""{""""deep_night_introspective"""":0.85,""""night_rain_humid"""":0.75,""""work_focus_low_vocal"""":0.7}""",fade_into_inner_space,0.85,钢琴与克制人声，内省而略带忧郁，适合深夜独自聆听
When It Rains,KIAH,melancholic;bittersweet;introspective,piano;reverb_heavy;vocal_breath;string,,0.25,0.3,0.35,0.4,0.2,0.6,0.75,en,1,indie_pop,"""{""""night_rain_humid"""":0.85,""""deep_night_introspective"""":0.8,""""morning_cloudy_slow"""":0.7}""",rain_on_glass,0.85,钢琴与弦乐交织，人声带着呼吸感，营造出雨天的忧郁与内省氛围
Mitosis,Eartheater,dreamy;restless;unresolved,soft_synth;ambient_pad;vocal_breath;reverb_heavy,,0.4,0.5,0.55,0.45,0.4,0.6,0.6,en,1,art_pop,"""{""""deep_night_introspective"""":0.85,""""evening_city_walk"""":0.75,""""work_focus_low_vocal"""":0.7}""",fade_into_inner_space,0.85,梦幻合成器与飘渺人声交织，带有不安与未解的情绪张力，适合深夜内省场景
以父之名,周杰伦,melancholic;bittersweet;unresolved,cinematic;string;vocal_breath;electric_distant,,0.55,0.4,0.65,0.35,0.5,0.7,0.8,zh,1,art_pop,"""{""""deep_night_introspective"""":0.85,""""evening_city_walk"""":0.8,""""night_rain_humid"""":0.75}""",city_to_inner_room,0.9,电影化编曲与周杰伦的叙事性演唱，营造出沉重而悬疑的怀旧氛围
Lesson No. 1,Viva Voce,restrained;melancholic;dreamy,acoustic;vocal_breath;reverb_heavy;minimal,,0.3,0.35,0.4,0.5,0.25,0.6,0.65,en,1,indie_folk,"""{""""morning_cloudy_slow"""":0.8,""""deep_night_introspective"""":0.75,""""work_focus_low_vocal"""":0.7}""",slow_opening,0.85,木吉他与人声交织，混响营造梦幻而克制的氛围，略带忧郁
Holding On,Tracey Chattaway,warm;hopeful;nostalgic,piano;string;vocal_breath;soft_synth,,0.4,0.55,0.45,0.65,0.35,0.6,0.6,en,1,art_pop,"""{""""evening_city_walk"""":0.8,""""morning_clear_light"""":0.75,""""weekend_slow"""":0.7}""",slow_opening,0.85,温暖的钢琴与弦乐交织，人声轻柔，营造怀旧而充满希望的质感
Swept Away,Buddha Bar / Anna Naklab,dreamy;warm;nostalgic,ambient_pad;soft_synth;vocal_breath;reverb_heavy,,0.35,0.5,0.4,0.6,0.3,0.4,0.55,en,1,chill_out,"""{""""evening_city_walk"""":0.85,""""night_clear_lonely"""":0.8,""""work_focus_low_vocal"""":0.75}""",city_to_inner_room,0.85,梦幻的人声与氛围合成器交织，温暖而怀旧的弛放质感，适合夜晚漫步或专注工作
Model,Drinker,introspective;melancholic;restrained,piano;minimal;reverb_heavy,,0.2,0.3,0.25,0.35,0.15,0,0.7,instrumental,0,modern_classical,"""{""""deep_night_introspective"""":0.85,""""work_focus_low_vocal"""":0.8,""""night_rain_humid"""":0.75}""",afterglow_fading,0.85,极简钢琴与深远混响，克制而内省，营造出孤独的夜晚氛围
Sons Of Ghosts,Ef,introspective;melancholic;dreamy,ambient_pad;cinematic;reverb_heavy;electric_distant,,0.35,0.3,0.5,0.4,0.25,0,0.75,instrumental,0,post_rock,"""{""""deep_night_introspective"""":0.85,""""night_rain_humid"""":0.8,""""work_focus_low_vocal"""":0.75}""",fade_into_inner_space,0.85,后摇滚氛围铺底，空旷的吉他回响与电影感音墙营造出内省而梦幻的深夜情绪
juno,菅野よう子,dreamy;nostalgic;bittersweet,piano;string;ambient_pad;reverb_heavy,,0.25,0.4,0.3,0.5,0.2,0,0.7,instrumental,0,ambient,"""{""""deep_night_introspective"""":0.85,""""night_rain_humid"""":0.8,""""work_focus_low_vocal"""":0.75}""",afterglow_fading,0.85,菅野よう子的钢琴与弦乐交织，营造出梦幻而略带忧伤的氛围，适合深夜内省
Breathe,Slowness,introspective;restrained;melancholic,piano;ambient_pad;minimal;reverb_heavy,,0.2,0.3,0.25,0.4,0.1,0,0.7,instrumental,0,ambient,"""{""""work_focus_low_vocal"""":0.85,""""deep_night_introspective"""":0.8,""""night_rain_humid"""":0.75}""",slow_opening,0.85,缓慢的钢琴与氛围铺垫，极简而内省，适合安静专注或深夜沉思
Movement 1,Floating Points / Pharoah Sanders / London Symphony Orchestra,introspective;restrained;bittersweet,string;cinematic;ambient_pad;minimal,,0.25,0.4,0.35,0.5,0.15,0,0.75,instrumental,0,modern_classical,"""{""""work_focus_low_vocal"""":0.85,""""deep_night_introspective"""":0.8,""""morning_cloudy_slow"""":0.75}""",slow_opening,0.9,弦乐与氛围铺底交织，Pharoah Sanders的萨克斯带来克制而深沉的悲喜交织感
SAKURA,生物股長,nostalgic;hopeful;warm,acoustic;string;vocal_breath,,0.55,0.6,0.5,0.65,0.45,0.75,0.6,ja,1,j_pop,"""{""""morning_clear_light"""":0.8,""""evening_city_walk"""":0.75,""""weekend_slow"""":0.7}""",slow_opening,0.85,生物股長标志性的温暖声线与木吉他、弦乐编排，带来樱花季节的怀旧与希望感
Sagu Palm's Song,"""live at Milton Court, London, 2022 - 青葉市子 / 12 Ensemble""",introspective;melancholic;dreamy,string;acoustic;vocal_breath;cinematic,,0.25,0.35,0.4,0.5,0.2,0.6,0.7,ja,1,chamber_folk,"""{""""deep_night_introspective"""":0.85,""""night_rain_humid"""":0.8,""""work_focus_low_vocal"""":0.75}""",fade_into_inner_space,0.9,青葉市子空灵的人声与弦乐室内乐交织，营造出内省而梦幻的声景
Spring breakers,Charli xcx,restless;urban;hopeful,soft_synth;cold_synth;electric_distant,,0.7,0.65,0.7,0.4,0.75,0.8,0.5,en,1,hyperpop,"""{""""evening_city_walk"""":0.8,""""user_requested_explore"""":0.75,""""night_clear_lonely"""":0.65}""",city_to_inner_room,0.85,高能量合成器流行，都市感强烈，节奏明快但带有疏离的电子质感
Smoke,Jay-Jay Johanson,melancholic;bittersweet;urban,piano;soft_synth;vocal_breath;reverb_heavy,,0.35,0.3,0.4,0.35,0.3,0.6,0.7,en,1,trip_hop,"""{""""evening_city_walk"""":0.85,""""deep_night_introspective"""":0.8,""""night_rain_humid"""":0.75}""",city_to_inner_room,0.9,Jay-Jay Johanson 标志性的低沉忧郁嗓音，钢琴与合成器交织，营造出都市夜晚的苦涩与怀旧氛围
"""Young Birches, Op. 128, No. 2""",Amy Beach,introspective;melancholic;restrained,piano;cinematic;minimal,,0.15,0.35,0.2,0.4,0.1,0,0.7,instrumental,0,modern_classical,"""{""""work_focus_low_vocal"""":0.85,""""deep_night_introspective"""":0.8,""""morning_cloudy_slow"""":0.75}""",slow_opening,0.85,钢琴独奏小品，旋律内省而克制，带有淡淡的忧郁与自然意象的留白
Kiss It Better,He Is We,nostalgic;bittersweet;hopeful,acoustic;vocal_breath;string,,0.4,0.5,0.45,0.6,0.35,0.7,0.65,en,1,indie_pop,"""{""""evening_city_walk"""":0.8,""""weekend_slow"""":0.75,""""morning_clear_light"""":0.7}""",slow_opening,0.85,木吉他与人声主导的独立流行，怀旧中带着一丝苦涩与希望
玫瑰色的你,張懸,introspective;hopeful;bittersweet,acoustic;vocal_breath;string,,0.4,0.55,0.45,0.6,0.35,0.7,0.65,zh,1,singer_songwriter,"""{""""morning_clear_light"""":0.8,""""evening_city_walk"""":0.75,""""deep_night_introspective"""":0.7}""",slow_opening,0.85,張懸溫暖的木吉他與人聲，內省中帶著希望與淡淡的苦澀
EVIL J0RDAN,Playboi Carti,restless;urban;unresolved,cold_synth;electric_distant;reverb_heavy,,0.7,0.4,0.7,0.3,0.8,0.6,0.5,en,1,trap,"""{""""evening_city_walk"""":0.55,""""deep_night_introspective"""":0.5,""""user_requested_explore"""":0.5}""",city_to_inner_room,0.8,冷调合成器与重低音驱动，充满都市不安与未解决的躁动感
雲流れ,みかん箱,dreamy;misty;nostalgic,ambient_pad;soft_synth;field_recording;minimal,,0.2,0.35,0.25,0.5,0.15,0,0.55,instrumental,0,ambient,"""{""""morning_cloudy_slow"""":0.85,""""work_focus_low_vocal"""":0.8,""""night_clear_lonely"""":0.75}""",soft_focus_work,0.85,柔和氛围电子，云流般的朦胧声景，适合安静专注或独处时刻
Psycho,Post Malone,restless;urban;melancholic,soft_synth;electric_distant;vocal_breath,,0.55,0.4,0.6,0.35,0.5,0.8,0.65,en,1,hip_hop,"""{""""evening_city_walk"""":0.8,""""deep_night_introspective"""":0.75,""""night_clear_lonely"""":0.7}""",city_to_inner_room,0.85,Post Malone 的忧郁嗓音与都市感合成器，营造出不安而怀旧的氛围
Sainz de la Maza: Zapateado,Regino Sáinz de la Maza,restless;clear;sensual,acoustic;minimal,,0.6,0.7,0.5,0.5,0.8,0,0.3,instrumental,0,classical,"""{""""morning_clear_light"""":0.7,""""afternoon_warm_idle"""":0.6,""""user_requested_explore"""":0.8}""",slow_opening,0.85,古典吉他独奏，节奏明快有力，充满西班牙舞曲的清晰律动与热情
"""All Is Violent, All Is Bright""",God Is An Astronaut,introspective;melancholic;restrained,ambient_pad;electric_distant;cinematic;reverb_heavy,,0.25,0.3,0.4,0.35,0.2,0,0.75,instrumental,0,post_rock,"""{""""deep_night_introspective"""":0.9,""""night_clear_lonely"""":0.85,""""work_focus_low_vocal"""":0.8}""",fade_into_inner_space,0.9,后摇滚器乐作品，氛围铺垫与电吉他远距离音色交织，内省而克制
Still D.R.E.,Dr. Dre,urban;restless;clear,electric_distant;soft_synth;cold_synth,,0.7,0.6,0.7,0.4,0.8,0.8,0.5,en,1,hip_hop,"""{""""evening_city_walk"""":0.85,""""work_focus_low_vocal"""":0.7,""""user_requested_explore"""":0.75}""",city_to_inner_room,0.9,经典西海岸嘻哈，冷调合成器与强劲鼓点营造出都市自信与律动感
美貌の青空,大貫妙子,nostalgic;warm;clear,acoustic;string;vocal_breath;soft_synth,,0.35,0.6,0.4,0.7,0.3,0.6,0.55,ja,1,j_pop,"""{""""morning_clear_light"""":0.85,""""afternoon_warm_idle"""":0.8,""""evening_city_walk"""":0.75}""",slow_opening,0.85,大貫妙子清澈温暖的声线搭配木吉他与弦乐，营造出怀旧而明亮的氛围
Upsilon,α·Pav,introspective;melancholic;restrained,piano;minimal;ambient_pad,,0.15,0.25,0.2,0.3,0.1,0,0.8,instrumental,0,modern_classical,"""{""""deep_night_introspective"""":0.9,""""work_focus_low_vocal"""":0.85,""""night_rain_humid"""":0.8}""",slow_opening,0.9,极简钢琴与氛围铺垫，缓慢而内省，充满孤独与克制感
Maybe Tomorrow,Stereophonics,melancholic;hopeful;bittersweet,acoustic;string;vocal_breath,,0.4,0.5,0.45,0.55,0.35,0.6,0.65,en,1,britpop,"""{""""evening_city_walk"""":0.8,""""deep_night_introspective"""":0.75,""""work_focus_low_vocal"""":0.7}""",slow_opening,0.85,英式摇滚抒情，木吉他与人声交织出忧郁中带着希望的质感
Psyché Rock,Pierre Henry,restless;urban;detached,cold_synth;electric_distant;minimal,,0.6,0.5,0.7,0.3,0.7,0,0.4,instrumental,0,electronic,"""{""""evening_city_walk"""":0.7,""""work_focus_low_vocal"""":0.6,""""night_clear_lonely"""":0.55}""",city_to_inner_room,0.85,早期电子音乐，冷调合成器与重复节奏营造都市疏离感
Telekenesis,Ben Vince,dreamy;detached;restrained,ambient_pad;cold_synth;minimal;field_recording,,0.2,0.3,0.25,0.3,0.15,0,0.6,instrumental,0,ambient,"""{""""work_focus_low_vocal"""":0.85,""""deep_night_introspective"""":0.8,""""night_rain_humid"""":0.75}""",fade_into_inner_space,0.85,冷调合成器与氛围垫层交织，带有田野录音的疏离感，能量极低，适合内省场景
Once You Meet Her,植松伸夫,nostalgic;bittersweet;hopeful,piano;string;cinematic,,0.3,0.45,0.4,0.55,0.2,0,0.7,instrumental,0,soundtrack,"""{""""deep_night_introspective"""":0.8,""""evening_city_walk"""":0.75,""""work_focus_low_vocal"""":0.7}""",slow_opening,0.85,植松伸夫的钢琴与弦乐编排，怀旧而略带苦涩，适合内省时刻
At Sea,Rumour Cubes,melancholic;lonely;introspective,piano;ambient_pad;minimal;field_recording,,0.15,0.25,0.2,0.3,0.1,0,0.8,instrumental,0,ambient,"""{""""deep_night_introspective"""":0.9,""""night_rain_humid"""":0.85,""""work_focus_low_vocal"""":0.8}""",fade_into_inner_space,0.9,极简钢琴与氛围铺垫，辅以田野录音，营造出空旷、孤独的海上漂泊感
285 (feat. Monaleo),Anycia,urban;restless;hopeful,soft_synth;vocal_breath;electric_distant,,0.6,0.55,0.6,0.5,0.65,0.75,0.5,en,1,hip_hop,"""{""""evening_city_walk"""":0.8,""""deep_night_introspective"""":0.7,""""user_requested_explore"""":0.75}""",city_to_inner_room,0.85,都市感强烈的嘻哈曲目，合成器与人声交织，略带不安与期待
Gooey,Glass Animals,dreamy;sensual;unresolved,soft_synth;ambient_pad;vocal_breath;lofi_dust,,0.4,0.45,0.5,0.55,0.5,0.6,0.5,en,1,indie_pop,"""{""""evening_city_walk"""":0.8,""""deep_night_introspective"""":0.75,""""night_rain_humid"""":0.7}""",city_to_inner_room,0.85,迷幻合成器与慵懒人声交织，营造出梦幻而暧昧的都市夜晚氛围
Sign of the Times,Harry Styles,melancholic;bittersweet;hopeful,piano;string;reverb_heavy;vocal_breath,,0.45,0.5,0.55,0.5,0.35,0.75,0.7,en,1,pop_rock,"""{""""evening_city_walk"""":0.8,""""deep_night_introspective"""":0.75,""""morning_cloudy_slow"""":0.7}""",slow_opening,0.85,钢琴与弦乐驱动的抒情摇滚，Harry Styles 的人声充满怀旧与希望交织的复杂情感
Home,Run Child Run,warm;nostalgic;hopeful,acoustic;vocal_breath;string;reverb_heavy,,0.4,0.55,0.45,0.7,0.35,0.65,0.6,en,1,indie_folk,"""{""""evening_city_walk"""":0.8,""""weekend_slow"""":0.75,""""morning_clear_light"""":0.7}""",slow_opening,0.85,温暖的木吉他与人声，充满怀旧与希望的归家感
Fear of Missing Out,Fujiya & Miyagi,restless;urban;detached,soft_synth;cold_synth;electric_distant;reverb_heavy,,0.55,0.45,0.5,0.35,0.6,0.4,0.45,en,1,indie_electronic,"""{""""evening_city_walk"""":0.8,""""work_focus_low_vocal"""":0.7,""""user_requested_explore"""":0.65}""",city_to_inner_room,0.85,冷调合成器与重复节奏营造都市疏离感，人声冷静而略带不安
Who's Been Talkin',Whitehorse,restless;urban;bittersweet,electric_distant;reverb_heavy;vocal_breath,,0.45,0.4,0.5,0.35,0.5,0.7,0.6,en,1,folk_rock,"""{""""evening_city_walk"""":0.8,""""deep_night_introspective"""":0.75,""""night_rain_humid"""":0.7}""",city_to_inner_room,0.85,电吉他带着疏离感，人声混响厚重，城市夜晚的躁动与苦涩
Laxevaag,Strings & Timpani,introspective;melancholic;restrained,string;cinematic;minimal,,0.2,0.3,0.25,0.35,0.1,0,0.75,instrumental,0,modern_classical,"""{""""work_focus_low_vocal"""":0.85,""""deep_night_introspective"""":0.8,""""night_rain_humid"""":0.75}""",slow_opening,0.85,弦乐与定音鼓的极简编排，营造出内省而克制的古典氛围
Lovin' You,Minnie Riperton,warm;dreamy;sensual,vocal_breath;piano;string,,0.3,0.6,0.4,0.7,0.25,0.9,0.5,en,1,soul,"""{""""morning_clear_light"""":0.8,""""afternoon_warm_idle"""":0.75,""""weekend_slow"""":0.7}""",soft_focus_work,0.9,Minnie Riperton 标志性的海豚音与轻柔钢琴，温暖梦幻的质感
Slate House,Cold Weather Company,introspective;melancholic;restrained,acoustic;string;vocal_breath;minimal,,0.25,0.35,0.3,0.45,0.2,0.4,0.7,en,1,indie_folk,"""{""""morning_cloudy_slow"""":0.8,""""deep_night_introspective"""":0.75,""""work_focus_low_vocal"""":0.7}""",slow_opening,0.85,木吉他与人声交织的极简民谣，克制而内省，适合阴郁清晨或深夜独处
Pretty Bye Bye (Hex Cougar Remix),Hex Cougar,restless;urban;unresolved,cold_synth;electric_distant;reverb_heavy;lofi_dust,,0.6,0.4,0.7,0.3,0.65,0,0.55,instrumental,0,electronic,"""{""""evening_city_walk"""":0.85,""""deep_night_introspective"""":0.8,""""night_clear_lonely"""":0.75}""",city_to_inner_room,0.85,冷调合成器与重混响营造出都市夜晚的不安与疏离感，能量中等偏上但情感克制
Somebody Else's Home,C Duncan,dreamy;melancholic;restrained,soft_synth;reverb_heavy;vocal_breath;ambient_pad,,0.25,0.35,0.3,0.4,0.2,0.4,0.7,en,1,dream_pop,"""{""""deep_night_introspective"""":0.85,""""night_rain_humid"""":0.8,""""work_focus_low_vocal"""":0.75}""",fade_into_inner_space,0.85,梦幻流行风格，轻柔合成器与深远混响营造出内省而略带忧郁的氛围
Flowers in December,Mazzy Star,dreamy;melancholic;nostalgic,electric_distant;vocal_breath;reverb_heavy;acoustic,,0.3,0.35,0.4,0.5,0.25,0.6,0.7,en,1,dream_pop,"""{""""evening_city_walk"""":0.85,""""deep_night_introspective"""":0.8,""""night_clear_lonely"""":0.75}""",fade_into_inner_space,0.9,Mazzy Star 标志性的迷幻吉他与人声，慵懒而忧郁，如同十二月花朵般凋零的怀旧感
The South Wind,Joanie Madden,warm;nostalgic;dreamy,acoustic;string;field_recording;cinematic,,0.3,0.55,0.35,0.7,0.25,0,0.5,instrumental,0,celtic,"""{""""morning_clear_light"""":0.85,""""afternoon_warm_idle"""":0.8,""""evening_city_walk"""":0.7}""",soft_focus_work,0.85,爱尔兰哨笛与弦乐交织，温暖怀旧的田园风光，如同南风吹拂的宁静午后
WAKE (For Grenfell),seed.,melancholic;restrained;bittersweet,piano;string;reverb_heavy;vocal_breath,,0.25,0.3,0.35,0.4,0.2,0.5,0.8,en,1,contemporary_classical,"""{""""deep_night_introspective"""":0.85,""""night_rain_humid"""":0.8,""""work_focus_low_vocal"""":0.7}""",fade_into_inner_space,0.85,钢琴与弦乐交织，人声轻柔而克制，充满哀悼与内省的情感重量
浪漫主义,袁娅维,warm;nostalgic;hopeful,acoustic;vocal_breath;string;soft_synth,,0.45,0.55,0.5,0.7,0.4,0.75,0.6,zh,1,mandopop,"""{""""evening_city_walk"""":0.8,""""weekend_slow"""":0.75,""""morning_clear_light"""":0.7}""",slow_opening,0.85,袁娅维温暖而富有表现力的声线，结合木吉他与弦乐，营造出怀旧而充满希望的浪漫氛围
愛し子よ,ルルティア,melancholic;dreamy;unresolved,piano;string;vocal_breath;reverb_heavy,,0.35,0.3,0.5,0.4,0.25,0.7,0.75,ja,1,art_pop,"""{""""deep_night_introspective"""":0.85,""""night_rain_humid"""":0.8,""""work_focus_low_vocal"""":0.7}""",fade_into_inner_space,0.9,ルルティア的透明感声线与钢琴弦乐交织，营造出梦幻而忧郁的未解情绪
Rocksteady,Wild Belle,warm;nostalgic;hopeful,acoustic;soft_synth;vocal_breath,,0.4,0.55,0.45,0.65,0.4,0.6,0.5,en,1,indie_pop,"""{""""morning_clear_light"""":0.8,""""afternoon_warm_idle"""":0.75,""""weekend_slow"""":0.7}""",soft_focus_work,0.85,温暖的木吉他与软合成器交织，人声轻柔怀旧，营造出慵懒而充满希望的午后氛围
Subzero,Ikarus,melancholic;restrained;bittersweet,piano;cold_synth;reverb_heavy;minimal,,0.25,0.3,0.35,0.2,0.2,0,0.7,instrumental,0,ambient,"""{""""deep_night_introspective"""":0.85,""""night_rain_humid"""":0.8,""""work_focus_low_vocal"""":0.75}""",afterglow_fading,0.85,冰冷钢琴与合成器营造出克制而忧郁的氛围，如同零度以下的寂静
Two Ghosts,Harry Styles,melancholic;nostalgic;bittersweet,acoustic;vocal_breath;string;reverb_heavy,,0.4,0.4,0.45,0.5,0.35,0.7,0.7,en,1,pop,"""{""""evening_city_walk"""":0.8,""""deep_night_introspective"""":0.75,""""night_rain_humid"""":0.7}""",slow_opening,0.85,木吉他与人声主导的抒情流行，怀旧与苦涩交织的失恋氛围
...,Alondra Bentley,warm;dreamy;nostalgic,acoustic;vocal_breath;string;soft_synth,,0.35,0.5,0.4,0.7,0.3,0.6,0.5,en,1,indie_folk,"""{""""morning_clear_light"""":0.8,""""afternoon_warm_idle"""":0.75,""""weekend_slow"""":0.7}""",soft_focus_work,0.85,温暖的木吉他与人声，轻柔的弦乐和软合成器点缀，营造出怀旧而梦幻的午后氛围
Heaven Is Only One Step Away,The Controllers,warm;hopeful;nostalgic,soft_synth;acoustic;vocal_breath,,0.4,0.55,0.45,0.65,0.35,0.6,0.55,en,1,soul,"""{""""morning_clear_light"""":0.8,""""afternoon_warm_idle"""":0.75,""""weekend_slow"""":0.7}""",slow_opening,0.85,温暖灵魂乐，柔和合成器与木吉他交织，人声充满希望与怀旧感
船歌,羅大佑,nostalgic;melancholic;warm,acoustic;piano;string;vocal_breath,,0.35,0.4,0.45,0.6,0.3,0.6,0.7,zh,1,mandopop,"""{""""evening_city_walk"""":0.8,""""night_rain_humid"""":0.75,""""weekend_slow"""":0.7}""",slow_opening,0.85,羅大佑的經典民謠風格，木吉他與鋼琴交織，懷舊而溫暖，帶有淡淡的憂傷
Foolish,Ashanti,nostalgic;bittersweet;urban,soft_synth;vocal_breath;electric_distant,,0.5,0.45,0.55,0.5,0.5,0.75,0.65,en,1,r&b,"""{""""evening_city_walk"""":0.8,""""deep_night_introspective"""":0.75,""""work_focus_low_vocal"""":0.65}""",city_to_inner_room,0.85,2000年代R&B经典，Ashanti的柔韧声线在都市节奏中诉说怀旧与苦涩
Run Away With Me,Carly Rae Jepsen,hopeful;nostalgic;urban,soft_synth;cold_synth;vocal_breath,,0.7,0.65,0.6,0.5,0.7,0.8,0.5,en,1,synthpop,"""{""""evening_city_walk"""":0.85,""""user_requested_explore"""":0.8,""""morning_clear_light"""":0.7}""",city_to_inner_room,0.9,充满活力的合成器流行，Carly Rae Jepsen 的人声带来都市夜晚的怀旧与希望
Automaton,The Faint,restless;urban;detached,cold_synth;electric_distant;reverb_heavy,,0.65,0.4,0.7,0.3,0.7,0.6,0.5,en,1,electronic_rock,"""{""""evening_city_walk"""":0.8,""""deep_night_introspective"""":0.7,""""user_requested_explore"""":0.65}""",city_to_inner_room,0.85,冷峻合成器与机械节奏，营造都市夜晚的疏离与不安感
Organism,Jarmo Saari Republic,introspective;restrained;unresolved,piano;ambient_pad;minimal,,0.2,0.3,0.25,0.35,0.15,0,0.7,instrumental,0,modern_classical,"""{""""work_focus_low_vocal"""":0.85,""""deep_night_introspective"""":0.8,""""night_rain_humid"""":0.75}""",slow_opening,0.85,极简钢琴与氛围铺垫，内敛而悬而未决，适合深度专注或内省场景
Great Escape,Kwoon,dreamy;melancholic;restrained,ambient_pad;reverb_heavy;minimal,,0.25,0.3,0.35,0.4,0.2,0,0.7,instrumental,0,ambient,"""{""""deep_night_introspective"""":0.85,""""night_rain_humid"""":0.8,""""work_focus_low_vocal"""":0.75}""",fade_into_inner_space,0.85,氛围感强烈的器乐作品，空旷的混响与缓慢的节奏营造出梦幻而克制的逃离感
Fade To Black,Metallica,melancholic;restrained;lonely,electric_distant;reverb_heavy;minimal,,0.4,0.2,0.5,0.3,0.3,0.6,0.8,en,1,heavy_metal,"""{""""deep_night_introspective"""":0.85,""""night_clear_lonely"""":0.8,""""work_focus_low_vocal"""":0.7}""",fade_into_inner_space,0.9,金属乐队经典抒情曲，缓慢的吉他前奏与James Hetfield低沉人声营造出孤独与内省氛围，能量中等但情感沉重
No Way Out,A Challenge Of Honour,restrained;melancholic;lonely,minimal;cold_synth;ambient_pad;cinematic,,0.2,0.2,0.25,0.2,0.1,0,0.8,instrumental,0,dark_ambient,"""{""""deep_night_introspective"""":0.85,""""night_rain_humid"""":0.8,""""work_focus_low_vocal"""":0.7}""",fade_into_inner_space,0.9,冷调合成器与极简氛围，营造出压抑而孤独的黑暗声景
Lilium ~opening Version~,MOKA☆,melancholic;dreamy;restrained,string;piano;vocal_breath;cinematic,,0.25,0.35,0.3,0.45,0.2,0.4,0.7,ja,1,anime_soundtrack,"""{""""deep_night_introspective"""":0.85,""""night_clear_lonely"""":0.8,""""work_focus_low_vocal"""":0.7}""",slow_opening,0.85,弦乐与钢琴交织的哀伤感，人声轻柔如祈祷，营造出梦幻而克制的氛围
Pachelbel: Canon and Gigue in D Major: Canon,Johann Pachelbel,warm;nostalgic;restrained,string;cinematic;acoustic,,0.25,0.6,0.5,0.7,0.3,0,0.6,instrumental,0,classical,"""{""""morning_clear_light"""":0.85,""""afternoon_warm_idle"""":0.8,""""work_focus_low_vocal"""":0.75}""",slow_opening,0.95,经典巴洛克弦乐卡农，温暖而克制，旋律层层递进，充满怀旧与宁静感
my leaving,Mabanua,melancholic;restrained;lonely,piano;minimal;reverb_heavy,,0.25,0.3,0.25,0.35,0.2,0,0.75,instrumental,0,modern_classical,"""{""""deep_night_introspective"""":0.85,""""night_rain_humid"""":0.8,""""work_focus_low_vocal"""":0.75}""",fade_into_inner_space,0.85,极简钢琴与深远混响，营造出克制而孤独的离别氛围
꿈꾸는 광대들,李秉佑,dreamy;nostalgic;melancholic,piano;string;ambient_pad;reverb_heavy,,0.3,0.4,0.35,0.5,0.2,0,0.7,instrumental,0,modern_classical,"""{""""deep_night_introspective"""":0.85,""""night_rain_humid"""":0.8,""""work_focus_low_vocal"""":0.75}""",fade_into_inner_space,0.85,钢琴与弦乐交织的梦幻氛围，带有怀旧与忧郁的质感，适合深夜内省场景
Song for Rome,Brian Crain,nostalgic;melancholic;warm,piano;string;cinematic;reverb_heavy,,0.25,0.4,0.35,0.55,0.2,0,0.7,instrumental,0,modern_classical,"""{""""evening_city_walk"""":0.85,""""deep_night_introspective"""":0.8,""""work_focus_low_vocal"""":0.75}""",slow_opening,0.9,钢琴与弦乐交织，温暖而怀旧的旋律，带有淡淡的忧伤，适合独处或漫步时聆听
Sprinter,Dave,urban;restless;bittersweet,electric_distant;cold_synth;vocal_breath,,0.65,0.45,0.7,0.35,0.7,0.85,0.6,en,1,uk_hip_hop,"""{""""evening_city_walk"""":0.8,""""deep_night_introspective"""":0.7,""""user_requested_explore"""":0.75}""",city_to_inner_room,0.85,Dave 的快速说唱与冷调电子节拍，充满都市的躁动与内省
Folded,Kehlani,introspective;melancholic;restrained,soft_synth;vocal_breath;minimal;reverb_heavy,,0.35,0.4,0.35,0.5,0.3,0.7,0.65,en,1,r&b,"""{""""deep_night_introspective"""":0.85,""""night_clear_lonely"""":0.8,""""evening_city_walk"""":0.75}""",fade_into_inner_space,0.85,Kehlani 内省的人声与极简合成器氛围，营造出克制而忧郁的深夜情绪
More Than Just a Single Road,Paul Tynan,introspective;melancholic;restrained,piano;string;cinematic;minimal,,0.25,0.35,0.3,0.45,0.2,0,0.7,instrumental,0,modern_classical,"""{""""work_focus_low_vocal"""":0.85,""""deep_night_introspective"""":0.8,""""night_rain_humid"""":0.75}""",slow_opening,0.85,钢琴与弦乐交织的器乐作品，内省而克制，带有淡淡的忧郁与留白感
Let's Groove,"""Earth, Wind & Fire""",restless;urban;hopeful,soft_synth;electric_distant;jazz_brush,,0.8,0.7,0.7,0.6,0.85,0.6,0.4,en,1,funk,"""{""""evening_city_walk"""":0.8,""""weekend_slow"""":0.7,""""user_requested_explore"""":0.75}""",city_to_inner_room,0.85,经典放克节奏，高能量律动与都市感，明亮而富有感染力
This Is the One,Anna Ternheim,melancholic;introspective;bittersweet,acoustic;vocal_breath;string;reverb_heavy,,0.3,0.4,0.35,0.5,0.25,0.6,0.7,en,1,singer_songwriter,"""{""""deep_night_introspective"""":0.85,""""night_rain_humid"""":0.8,""""evening_city_walk"""":0.75}""",fade_into_inner_space,0.9,Anna Ternheim 的脆弱人声与木吉他、弦乐交织，营造出内省而略带忧伤的民谣氛围
带我走,杨丞琳,nostalgic;bittersweet;hopeful,piano;string;vocal_breath,,0.45,0.5,0.5,0.6,0.35,0.7,0.65,zh,1,mandopop,"""{""""evening_city_walk"""":0.8,""""weekend_slow"""":0.7,""""night_rain_humid"""":0.75}""",slow_opening,0.85,钢琴与弦乐铺底，杨丞琳的声线带着怀旧与不舍，情感温暖而略带苦涩
Somebody Else,Hector Plimmer,urban;restless;unresolved,soft_synth;electric_distant;lofi_dust;reverb_heavy,,0.45,0.4,0.5,0.35,0.5,0,0.55,instrumental,0,electronic,"""{""""evening_city_walk"""":0.85,""""deep_night_introspective"""":0.8,""""work_focus_low_vocal"""":0.75}""",city_to_inner_room,0.85,都市感电子器乐，软合成器与遥远电声交织，带有不安与未解的律动
Can't Even Choose Your Name,The Proper Ornaments,melancholic;restrained;bittersweet,acoustic;reverb_heavy;vocal_breath;electric_distant,,0.35,0.4,0.45,0.5,0.3,0.6,0.65,en,1,indie_rock,"""{""""evening_city_walk"""":0.8,""""deep_night_introspective"""":0.75,""""work_focus_low_vocal"""":0.7}""",city_to_inner_room,0.85,独立摇滚风格，木吉他与人声交织，混响营造出克制而略带忧郁的怀旧氛围
北京到台北,曾轶可,nostalgic;bittersweet;restrained,acoustic;vocal_breath;string;reverb_heavy,,0.35,0.4,0.35,0.5,0.3,0.6,0.65,zh,1,indie_folk,"""{""""evening_city_walk"""":0.8,""""deep_night_introspective"""":0.75,""""night_rain_humid"""":0.7}""",slow_opening,0.85,曾轶可独特的声线搭配木吉他与弦乐，克制而怀旧，带有淡淡的苦涩与距离感
Anteros,Anteros,restless;urban;hopeful,soft_synth;electric_distant;vocal_breath,,0.6,0.55,0.55,0.5,0.6,0.7,0.5,en,1,indie_pop,"""{""""evening_city_walk"""":0.8,""""work_focus_low_vocal"""":0.7,""""user_requested_explore"""":0.75}""",city_to_inner_room,0.85,独立流行风格，合成器与人声交织，带有都市躁动与希望感
虽然,邱比,introspective;melancholic;restrained,piano;minimal;reverb_heavy,,0.2,0.3,0.25,0.35,0.15,0.4,0.75,zh,1,art_pop,"""{""""deep_night_introspective"""":0.85,""""night_rain_humid"""":0.8,""""work_focus_low_vocal"""":0.75}""",fade_into_inner_space,0.85,邱比极简的钢琴与内省式人声，营造出克制而沉重的孤独氛围
The Truth Is In The Dirt,Karen Elson,melancholic;bittersweet;introspective,acoustic;string;vocal_breath,,0.35,0.4,0.4,0.5,0.3,0.6,0.7,en,1,folk,"""{""""morning_cloudy_slow"""":0.8,""""deep_night_introspective"""":0.75,""""evening_city_walk"""":0.7}""",slow_opening,0.85,木吉他与人声主导的民谣，带着泥土般的质朴与淡淡的忧伤
Dmitri Shostakovich: The Gadfly,Op. 97a (Assembled by Atovmyan) - 10. No,restrained;melancholic;unresolved,string;cinematic;minimal,,0.25,0.3,0.4,0.35,0.2,0,0.7,instrumental,0,classical,"""{""""work_focus_low_vocal"""":0.85,""""deep_night_introspective"""":0.8,""""night_rain_humid"""":0.75}""",slow_opening,0.9,肖斯塔科维奇的弦乐编排，克制而忧郁，带有未解决的紧张感
Ice Hotel,许哲珮,dreamy;melancholic;lonely,piano;ambient_pad;reverb_heavy;vocal_breath,,0.25,0.3,0.35,0.3,0.2,0.6,0.7,zh,1,art_pop,"""{""""deep_night_introspective"""":0.85,""""night_clear_lonely"""":0.8,""""work_focus_low_vocal"""":0.7}""",fade_into_inner_space,0.85,许哲珮空灵的人声与钢琴、氛围音色交织，营造出冰冷而梦幻的孤独感
XUXA,FACS,restless;unresolved;melancholic,electric_distant;cold_synth;reverb_heavy,,0.6,0.35,0.7,0.3,0.5,0,0.75,instrumental,0,post_punk,"""{""""deep_night_introspective"""":0.8,""""night_rain_humid"""":0.7,""""evening_city_walk"""":0.65}""",late_night_descent,0.85,冷峻的合成器与遥远的电吉他，不安且悬而未决的工业质感
Yumeji's Theme - Theme from 'in the Mood for Love',Shigeru Umebayashi,melancholic;nostalgic;bittersweet,string;cinematic;reverb_heavy,,0.2,0.3,0.35,0.45,0.15,0,0.8,instrumental,0,film_score,"""{""""evening_city_walk"""":0.85,""""deep_night_introspective"""":0.8,""""night_rain_humid"""":0.75}""",afterglow_fading,0.9,弦乐与电影配乐编排，缓慢而深情，充满怀旧与未尽的忧伤
Put Some Miles On,The Dream Syndicate,restless;urban;bittersweet,electric_distant;reverb_heavy;acoustic,,0.6,0.5,0.55,0.4,0.6,0.7,0.6,en,1,alternative_rock,"""{""""evening_city_walk"""":0.8,""""deep_night_introspective"""":0.7,""""user_requested_explore"""":0.65}""",city_to_inner_room,0.85,带有复古摇滚质感的都市漂泊感，电吉他混响与不安的节奏传递出苦涩与躁动
Summer Comes,Gemma Ray,warm;nostalgic;hopeful,acoustic;vocal_breath;string;jazz_brush,,0.4,0.55,0.45,0.65,0.35,0.6,0.5,en,1,indie_folk,"""{""""morning_clear_light"""":0.8,""""afternoon_warm_idle"""":0.75,""""weekend_slow"""":0.7}""",slow_opening,0.85,温暖的木吉他与人声，爵士刷弦与弦乐点缀，营造出夏日怀旧与希望的氛围
关不住,伊能静,restless;urban;hopeful,soft_synth;electric_distant;vocal_breath,,0.55,0.6,0.5,0.5,0.55,0.7,0.5,zh,1,mandopop,"""{""""evening_city_walk"""":0.8,""""user_requested_explore"""":0.7,""""morning_clear_light"""":0.65}""",city_to_inner_room,0.8,伊能静轻快的声线搭配合成器编曲，带有都市感与不安分的期待
Agnus Dei,Mats Eilertsen Trio,introspective;melancholic;restrained,piano;acoustic;minimal;reverb_heavy,,0.15,0.3,0.2,0.35,0.1,0,0.8,instrumental,0,jazz,"""{""""work_focus_low_vocal"""":0.85,""""deep_night_introspective"""":0.9,""""night_rain_humid"""":0.8}""",slow_opening,0.9,北欧爵士三重奏，极简钢琴与低音提琴营造出内省而克制的神圣氛围
Being Boring - 2018 Remaster,Pet Shop Boys,nostalgic;urban;bittersweet,soft_synth;cold_synth;vocal_breath,,0.55,0.5,0.55,0.4,0.5,0.7,0.65,en,1,synthpop,"""{""""evening_city_walk"""":0.85,""""deep_night_introspective"""":0.8,""""work_focus_low_vocal"""":0.7}""",city_to_inner_room,0.9,合成器驱动的都市怀旧感，人声冷静而略带伤感，适合夜晚漫步或内省场景
Money is Everything,Addison Rae,urban;restless;hopeful,soft_synth;electric_distant;vocal_breath,,0.6,0.55,0.55,0.5,0.6,0.7,0.45,en,1,pop,"""{""""evening_city_walk"""":0.8,""""work_focus_low_vocal"""":0.65,""""user_requested_explore"""":0.7}""",city_to_inner_room,0.8,都市流行风格，合成器与人声交织，带有一丝不安与期待的能量
Over U,Hitmane,restrained;melancholic;urban,soft_synth;reverb_heavy;vocal_breath,,0.35,0.4,0.45,0.35,0.3,0.6,0.65,en,1,r&b,"""{""""evening_city_walk"""":0.8,""""deep_night_introspective"""":0.75,""""night_rain_humid"""":0.7}""",city_to_inner_room,0.85,克制的人声与软合成器营造出都市夜晚的忧郁与内省氛围
Night Raid,Nick Cave & The Bad Seeds,restless;melancholic;unresolved,electric_distant;reverb_heavy;cinematic,,0.6,0.3,0.7,0.4,0.5,0.6,0.8,en,1,alternative_rock,"""{""""deep_night_introspective"""":0.85,""""night_rain_humid"""":0.8,""""evening_city_walk"""":0.7}""",late_night_descent,0.85,Nick Cave 低沉叙事性人声与回响吉他营造不安与悬疑的暗夜氛围
Sunny Day Flooding,Dommengang,restless;urban;melancholic,electric_distant;reverb_heavy;acoustic,,0.6,0.4,0.55,0.45,0.5,0.3,0.65,en,1,indie_rock,"""{""""evening_city_walk"""":0.8,""""night_clear_lonely"""":0.75,""""work_focus_low_vocal"""":0.7}""",city_to_inner_room,0.85,带有距离感电吉他和厚重混响的独立摇滚，情绪不安但克制，适合都市夜晚漫步
Golden Hour,Circadian Eyes,warm;nostalgic;hopeful,piano;ambient_pad;string;reverb_heavy,,0.25,0.5,0.3,0.7,0.2,0,0.6,instrumental,0,ambient,"""{""""afternoon_warm_idle"""":0.9,""""morning_clear_light"""":0.8,""""evening_city_walk"""":0.75}""",afterglow_fading,0.85,温暖的钢琴与弦乐氛围，如同黄昏金色光芒的宁静怀旧
No Scrubs,TLC,urban;restless;clear,soft_synth;electric_distant;vocal_breath,,0.65,0.55,0.6,0.4,0.7,0.8,0.5,en,1,r&b,"""{""""evening_city_walk"""":0.85,""""work_focus_low_vocal"""":0.6,""""user_requested_explore"""":0.7}""",city_to_inner_room,0.85,90年代R&B经典，节奏感强，人声清晰自信，带有都市独立态度
blow,Marika Hackman,melancholic;introspective;restrained,acoustic;vocal_breath;minimal,,0.25,0.3,0.35,0.4,0.2,0.6,0.7,en,1,indie_folk,"""{""""deep_night_introspective"""":0.85,""""night_rain_humid"""":0.8,""""work_focus_low_vocal"""":0.75}""",fade_into_inner_space,0.85,Marika Hackman 的脆弱人声与极简木吉他编排，营造出内省而克制的忧郁氛围
Paris in the Rain,Lauv,warm;nostalgic;dreamy,soft_synth;vocal_breath;reverb_heavy,,0.45,0.5,0.4,0.65,0.4,0.7,0.55,en,1,pop,"""{""""evening_city_walk"""":0.85,""""night_clear_lonely"""":0.75,""""weekend_slow"""":0.7}""",city_to_inner_room,0.85,Lauv 的温暖声线搭配软合成器和混响，营造出雨中巴黎的怀旧与梦幻氛围
You're Mine,Lola Marsh,dreamy;warm;nostalgic,soft_synth;vocal_breath;reverb_heavy;acoustic,,0.4,0.5,0.45,0.6,0.35,0.7,0.55,en,1,indie_pop,"""{""""evening_city_walk"""":0.8,""""weekend_slow"""":0.75,""""morning_cloudy_slow"""":0.7}""",slow_opening,0.85,梦幻合成器与温暖人声交织，怀旧而轻柔的独立流行质感
Love and Run,Lexie Liu,urban;restless;bittersweet,soft_synth;vocal_breath;electric_distant,,0.55,0.5,0.55,0.45,0.5,0.75,0.6,zh,1,art_pop,"""{""""evening_city_walk"""":0.8,""""deep_night_introspective"""":0.75,""""user_requested_explore"""":0.7}""",city_to_inner_room,0.85,Lexie Liu 的都市感电子流行，合成器与人声交织出不安与怀旧的情绪
Lone Rider,Dylan LeBlanc,melancholic;restrained;lonely,acoustic;string;vocal_breath,,0.35,0.4,0.35,0.5,0.3,0.6,0.7,en,1,folk,"""{""""morning_cloudy_slow"""":0.8,""""evening_city_walk"""":0.75,""""deep_night_introspective"""":0.7}""",slow_opening,0.85,木吉他与人声主导的民谣，克制而忧郁，带有孤独的旅途感
Come As You Are,Nirvana,restless;melancholic;detached,electric_distant;reverb_heavy;grainy,,0.6,0.35,0.55,0.3,0.5,0.6,0.7,en,1,grunge,"""{""""deep_night_introspective"""":0.8,""""night_rain_humid"""":0.75,""""evening_city_walk"""":0.7}""",city_to_inner_room,0.85,标志性的失真吉他前奏与科特·柯本低沉的人声，营造出疏离而躁动的氛围
The End,Zbigniew Preisner,melancholic;restrained;lonely,string;piano;cinematic;minimal,,0.15,0.2,0.25,0.3,0.1,0,0.85,instrumental,0,modern_classical,"""{""""deep_night_introspective"""":0.9,""""night_rain_humid"""":0.85,""""work_focus_low_vocal"""":0.8}""",afterglow_fading,0.9,弦乐与钢琴编织的极简悲歌，低沉而孤独，如同终结的余晖
Vespertine,Death and Vanilla,dreamy;misty;nostalgic,ambient_pad;soft_synth;reverb_heavy;vocal_breath,,0.3,0.4,0.35,0.5,0.25,0.4,0.6,en,1,dream_pop,"""{""""evening_city_walk"""":0.8,""""deep_night_introspective"""":0.75,""""night_rain_humid"""":0.7}""",fade_into_inner_space,0.85,梦幻合成器与朦胧人声交织，营造出怀旧而迷离的黄昏氛围
Eloise,Jörg Burger,dreamy;warm;nostalgic,soft_synth;ambient_pad;reverb_heavy,,0.35,0.5,0.4,0.6,0.3,0,0.5,instrumental,0,ambient_techno,"""{""""work_focus_low_vocal"""":0.85,""""evening_city_walk"""":0.8,""""morning_cloudy_slow"""":0.75}""",soft_focus_work,0.85,温暖的合成器氛围与怀旧感，适合专注或漫步
楼桑村にて~母と子,横山菁児,nostalgic;warm;melancholic,string;cinematic;acoustic;piano,,0.25,0.4,0.35,0.6,0.2,0,0.7,instrumental,0,classical,"""{""""morning_cloudy_slow"""":0.85,""""work_focus_low_vocal"""":0.8,""""deep_night_introspective"""":0.75}""",slow_opening,0.85,横山菁児的管弦乐配乐，弦乐主导，温暖而怀旧，带有淡淡的哀愁，适合安静内省场景
A Little Touch of Madness,Hollerado,restless;urban;bittersweet,electric_distant;acoustic;vocal_breath,,0.55,0.5,0.5,0.45,0.5,0.65,0.5,en,1,indie_rock,"""{""""evening_city_walk"""":0.8,""""work_focus_low_vocal"""":0.7,""""user_requested_explore"""":0.75}""",city_to_inner_room,0.85,独立摇滚风格，带有城市感的躁动与苦涩，人声和电吉他营造出疏离的质感
711,ADTurnUp,urban;restless;nostalgic,soft_synth;lofi_dust;electric_distant,,0.45,0.5,0.5,0.5,0.5,0,0.5,instrumental,0,lo_fi,"""{""""evening_city_walk"""":0.85,""""work_focus_low_vocal"""":0.8,""""deep_night_introspective"""":0.75}""",city_to_inner_room,0.85,lo-fi 氛围，软合成器与轻度失真纹理，带有都市夜晚的怀旧与不安感
Zaduma,Marcelina Gawron,introspective;melancholic;restrained,piano;minimal;reverb_heavy,,0.15,0.25,0.2,0.3,0.1,0,0.8,instrumental,0,modern_classical,"""{""""work_focus_low_vocal"""":0.85,""""deep_night_introspective"""":0.9,""""night_rain_humid"""":0.8}""",slow_opening,0.9,极简钢琴独奏，缓慢而内省，混响营造出孤独而沉重的氛围
日本ロマンチック街道,sucola,nostalgic;warm;dreamy,piano;acoustic;string;vocal_breath,,0.35,0.5,0.4,0.7,0.3,0.6,0.65,ja,1,j_pop,"""{""""morning_clear_light"""":0.8,""""afternoon_warm_idle"""":0.75,""""evening_city_walk"""":0.7}""",slow_opening,0.85,温暖的钢琴与弦乐编排，搭配轻柔人声，营造出怀旧而梦幻的日式浪漫氛围
祝我幸福,楊乃文,melancholic;lonely;bittersweet,piano;string;vocal_breath;reverb_heavy,,0.3,0.35,0.4,0.45,0.25,0.7,0.8,zh,1,mandopop,"""{""""deep_night_introspective"""":0.85,""""night_rain_humid"""":0.8,""""evening_city_walk"""":0.75}""",afterglow_fading,0.9,楊乃文冷冽而深情的人声搭配钢琴与弦乐，营造出孤独而苦涩的怀旧氛围
Um,Relaxer,introspective;melancholic;restrained,ambient_pad;minimal;reverb_heavy,,0.2,0.3,0.25,0.35,0.1,0,0.7,instrumental,0,ambient,"""{""""deep_night_introspective"""":0.85,""""work_focus_low_vocal"""":0.8,""""night_rain_humid"""":0.75}""",fade_into_inner_space,0.85,极简氛围声景，厚重混响与缓慢铺陈营造内省而克制的情绪空间
Spanish (Album Version),Craig David,warm;nostalgic;hopeful,acoustic;soft_synth;vocal_breath,,0.45,0.55,0.5,0.6,0.5,0.7,0.55,en,1,r&b,"""{""""evening_city_walk"""":0.8,""""weekend_slow"""":0.75,""""afternoon_warm_idle"""":0.7}""",slow_opening,0.85,Craig David 温暖柔和的 R&B 声线，木吉他与人声交织，怀旧而充满希望
The Obeisant Vine (Hammock Remix),Helios,introspective;dreamy;melancholic,ambient_pad;reverb_heavy;cinematic;minimal,,0.25,0.3,0.35,0.45,0.15,0,0.7,instrumental,0,ambient,"""{""""deep_night_introspective"""":0.9,""""night_rain_humid"""":0.85,""""work_focus_low_vocal"""":0.8}""",fade_into_inner_space,0.9,Hammock 混音版，厚重混响与氛围铺底营造出内省而梦幻的声景，缓慢如冥想
Backward Clock,The Picturesque Episodes,melancholic;nostalgic;restrained,piano;reverb_heavy;minimal,,0.25,0.3,0.35,0.4,0.2,0,0.7,instrumental,0,modern_classical,"""{""""deep_night_introspective"""":0.85,""""night_rain_humid"""":0.8,""""work_focus_low_vocal"""":0.75}""",afterglow_fading,0.85,钢琴主导的极简器乐，混响厚重，情绪克制而怀旧，适合内省场景
All That We Are,Audiomachine,hopeful;nostalgic;warm,string;cinematic;piano;ambient_pad,,0.4,0.5,0.5,0.6,0.3,0,0.7,instrumental,0,cinematic_orchestral,"""{""""morning_clear_light"""":0.8,""""afternoon_warm_idle"""":0.75,""""evening_city_walk"""":0.7}""",slow_opening,0.85,管弦乐与钢琴交织，温暖而充满希望，适合电影配乐场景
欲望(new version),古明地洋哉,introspective;melancholic;restrained,piano;string;reverb_heavy;vocal_breath,,0.35,0.4,0.45,0.5,0.3,0.6,0.75,zh,1,art_pop,"""{""""deep_night_introspective"""":0.85,""""night_rain_humid"""":0.8,""""work_focus_low_vocal"""":0.7}""",fade_into_inner_space,0.85,钢琴与弦乐交织，人声克制而内省，营造出深沉而略带忧郁的氛围
云灯,Howie Lee,dreamy;urban;restless,soft_synth;ambient_pad;lofi_dust;field_recording,,0.4,0.5,0.45,0.5,0.4,0,0.45,instrumental,0,electronic,"""{""""evening_city_walk"""":0.85,""""deep_night_introspective"""":0.8,""""work_focus_low_vocal"""":0.75}""",city_to_inner_room,0.85,Howie Lee 的电子声景融合了软合成器、氛围铺底和现场录音，带有都市梦幻与不安的质感
Working For It,ZHU,urban;restless;sensual,soft_synth;cold_synth;electric_distant;vocal_breath,,0.65,0.45,0.6,0.4,0.7,0.6,0.5,en,1,electronic,"""{""""evening_city_walk"""":0.85,""""deep_night_introspective"""":0.75,""""user_requested_explore"""":0.7}""",city_to_inner_room,0.85,都市感电子节拍，冷调合成器与性感人声交织，充满不安与律动
Snowchild,The Weeknd,urban;nostalgic;melancholic,soft_synth;cold_synth;reverb_heavy;vocal_breath,,0.45,0.4,0.55,0.35,0.5,0.75,0.65,en,1,synthpop,"""{""""evening_city_walk"""":0.85,""""deep_night_introspective"""":0.8,""""night_clear_lonely"""":0.75}""",city_to_inner_room,0.9,The Weeknd 的都市感合成器流行，冷调人声与怀旧情绪交织，适合夜晚城市漫步或内省场景
"""Ptah, the El Daoud""",red kite,introspective;restrained;melancholic,piano;minimal;ambient_pad,,0.2,0.3,0.25,0.35,0.15,0,0.7,instrumental,0,modern_classical,"""{""""work_focus_low_vocal"""":0.85,""""deep_night_introspective"""":0.8,""""night_rain_humid"""":0.75}""",slow_opening,0.85,极简钢琴与氛围铺垫，内省而克制，带有淡淡的忧郁质感
橘色温度,何真真,warm;clear;dreamy,piano;acoustic;string;vocal_breath,,0.35,0.6,0.4,0.7,0.3,0,0.5,instrumental,0,new_age,"""{""""morning_clear_light"""":0.85,""""afternoon_warm_idle"""":0.8,""""work_focus_low_vocal"""":0.75}""",soft_focus_work,0.85,钢琴与弦乐交织的温暖器乐，明亮而梦幻，适合午后专注或闲适场景
穏やかな日々,梅林茂,warm;nostalgic;restrained,piano;string;acoustic;minimal,,0.25,0.5,0.3,0.7,0.2,0,0.6,instrumental,0,modern_classical,"""{""""morning_clear_light"""":0.85,""""afternoon_warm_idle"""":0.8,""""weekend_slow"""":0.75}""",slow_opening,0.9,梅林茂的钢琴与弦乐交织，温暖怀旧而克制，如同平静日子里的温柔回望
Kakadu,Saphileaum,dreamy;misty;restrained,ambient_pad;soft_synth;minimal;field_recording,,0.2,0.35,0.25,0.5,0.15,0,0.45,instrumental,0,ambient,"""{""""work_focus_low_vocal"""":0.85,""""morning_cloudy_slow"""":0.8,""""deep_night_introspective"""":0.75}""",soft_focus_work,0.85,氛围电子作品，软合成器与田野录音营造出朦胧梦幻的质感，能量低且克制
モニカ,吉川晃司,urban;restless;nostalgic,electric_distant;soft_synth;reverb_heavy,,0.6,0.55,0.55,0.5,0.6,0.7,0.5,ja,1,j_pop,"""{""""evening_city_walk"""":0.8,""""deep_night_introspective"""":0.7,""""user_requested_explore"""":0.65}""",city_to_inner_room,0.85,80年代日本流行摇滚，合成器与电吉他营造都市感，节奏明快但带怀旧色彩
Symphony,Hugo Race Fatalists,melancholic;restrained;bittersweet,electric_distant;reverb_heavy;minimal,,0.35,0.3,0.4,0.35,0.25,0.4,0.7,en,1,alternative_rock,"""{""""deep_night_introspective"""":0.8,""""night_rain_humid"""":0.75,""""evening_city_walk"""":0.7}""",fade_into_inner_space,0.85,疏离的电吉他、厚重混响与克制的人声，营造出忧郁而内省的氛围
blast off (rmx),Maurice Moore,urban;hopeful;restless,soft_synth;vocal_breath;electric_distant,,0.6,0.55,0.5,0.45,0.6,0.7,0.5,en,1,r&b,"""{""""evening_city_walk"""":0.8,""""deep_night_introspective"""":0.7,""""user_requested_explore"""":0.75}""",city_to_inner_room,0.85,都市R&B节奏，软合成器与人声交织，充满跃动感与期待
rob call,nica,introspective;melancholic;restrained,piano;minimal;reverb_heavy,,0.2,0.3,0.2,0.35,0.1,0,0.75,instrumental,0,modern_classical,"""{""""deep_night_introspective"""":0.85,""""night_rain_humid"""":0.8,""""work_focus_low_vocal"""":0.75}""",afterglow_fading,0.85,极简钢琴独奏，缓慢而内省，混响营造出孤独与沉思的氛围
Almost Trendy,Georgia Anne Muldrow,urban;restless;hopeful,soft_synth;electric_distant;vocal_breath,,0.55,0.5,0.55,0.45,0.6,0.7,0.5,en,1,neo_soul,"""{""""evening_city_walk"""":0.8,""""deep_night_introspective"""":0.7,""""user_requested_explore"""":0.75}""",city_to_inner_room,0.85,都市感 neo-soul，合成器与电子音色交织，人声充满不安与希望
Fair Trade (with Travis Scott),Drake,urban;restless;bittersweet,soft_synth;electric_distant;vocal_breath,,0.6,0.5,0.65,0.45,0.6,0.75,0.55,en,1,hip_hop,"""{""""evening_city_walk"""":0.8,""""deep_night_introspective"""":0.7,""""user_requested_explore"""":0.65}""",city_to_inner_room,0.85,Drake 的都市叙事与 Travis Scott 的迷幻人声交织，节奏感强但情绪复杂，适合夜晚城市漫步
Lumberjack In The Morning,American Green,warm;hopeful;clear,acoustic;field_recording;soft_synth,,0.35,0.6,0.3,0.7,0.3,0,0.4,instrumental,0,folk_ambient,"""{""""morning_clear_light"""":0.85,""""afternoon_warm_idle"""":0.8,""""work_focus_low_vocal"""":0.75}""",soft_focus_work,0.85,温暖的木吉他搭配田野录音，营造出清晨林间的明亮与宁静
Can't Leave You Like This,Bella Boo,warm;dreamy;nostalgic,soft_synth;lofi_dust;ambient_pad;vocal_breath,,0.35,0.5,0.4,0.65,0.3,0.3,0.45,en,1,lo_fi,"""{""""work_focus_low_vocal"""":0.85,""""morning_cloudy_slow"""":0.8,""""evening_city_walk"""":0.75}""",soft_focus_work,0.85,温暖柔软的 lo-fi 氛围，软合成器与轻度失真纹理，人声轻柔，适合专注或悠闲场景
Khachaturian: Spartacus Suite No. 2: I. Adagio of Spartacus and Phrygia,Aram Khachaturian,melancholic;restrained;bittersweet,string;cinematic;minimal,,0.2,0.3,0.4,0.35,0.15,0,0.8,instrumental,0,classical,"""{""""work_focus_low_vocal"""":0.85,""""deep_night_introspective"""":0.8,""""night_rain_humid"""":0.75}""",slow_opening,0.9,哈恰图良的弦乐柔板，深沉而克制，充满悲剧性的情感重量
Apreal,Scythelence,introspective;melancholic;restrained,piano;ambient_pad;minimal,,0.2,0.3,0.2,0.35,0.1,0,0.75,instrumental,0,modern_classical,"""{""""work_focus_low_vocal"""":0.85,""""deep_night_introspective"""":0.8,""""night_rain_humid"""":0.75}""",slow_opening,0.85,极简钢琴与氛围铺垫，内省而克制，适合安静专注或深夜独处场景
Die Brücke,Sendecki & Spiegel,introspective;restrained;melancholic,piano;minimal;reverb_heavy;cinematic,,0.15,0.3,0.2,0.35,0.1,0,0.8,instrumental,0,modern_classical,"""{""""work_focus_low_vocal"""":0.85,""""deep_night_introspective"""":0.9,""""night_rain_humid"""":0.75}""",afterglow_fading,0.9,极简钢琴与深远混响，营造内省而克制的古典氛围
關於小熊,蛋堡,urban;nostalgic;warm,lofi_dust;soft_synth;vocal_breath,,0.4,0.5,0.45,0.6,0.45,0.7,0.55,zh,1,hip_hop,"""{""""evening_city_walk"""":0.85,""""work_focus_low_vocal"""":0.7,""""weekend_slow"""":0.75}""",city_to_inner_room,0.85,蛋堡的软性说唱搭配 lo-fi 质感，温暖怀旧的都市叙事，节奏舒缓但有人声主导
Sound Of Silence,黄莺莺,melancholic;nostalgic;restrained,piano;string;vocal_breath;reverb_heavy,,0.25,0.35,0.4,0.45,0.2,0.6,0.75,zh,1,mandopop,"""{""""deep_night_introspective"""":0.85,""""night_rain_humid"""":0.8,""""work_focus_low_vocal"""":0.7}""",slow_opening,0.9,黄莺莺空灵而克制的人声搭配钢琴与弦乐，营造出深沉怀旧与忧郁的静谧氛围
In the Air,Hundreds,dreamy;restrained;melancholic,soft_synth;ambient_pad;reverb_heavy;vocal_breath,,0.35,0.4,0.4,0.5,0.3,0.6,0.65,en,1,dream_pop,"""{""""deep_night_introspective"""":0.85,""""evening_city_walk"""":0.8,""""night_clear_lonely"""":0.75}""",fade_into_inner_space,0.85,梦幻合成器与空灵人声交织，营造出克制而忧郁的空中漂浮感
Ojos Tristes,Selena Gomez / Benny Blanco / The Marías,melancholic;dreamy;bittersweet,soft_synth;reverb_heavy;vocal_breath;ambient_pad,,0.35,0.4,0.4,0.5,0.3,0.6,0.7,en,1,dream_pop,"""{""""deep_night_introspective"""":0.85,""""night_rain_humid"""":0.8,""""evening_city_walk"""":0.75}""",fade_into_inner_space,0.85,梦幻流行风格，轻柔合成器与空灵人声交织，营造忧郁而怀旧的氛围
PIRI,Dreamcatcher,restless;urban;melancholic,electric_distant;cold_synth;soft_synth,,0.65,0.45,0.7,0.3,0.6,0.75,0.6,ko,1,k_pop,"""{""""evening_city_walk"""":0.8,""""deep_night_introspective"""":0.7,""""user_requested_explore"""":0.65}""",city_to_inner_room,0.85,Dreamcatcher 的暗黑风格 K-pop，冷合成器与强烈节奏营造出都市不安与忧郁感
多遠都要在一起,鄧紫棋,warm;nostalgic;hopeful,piano;string;vocal_breath,,0.45,0.5,0.45,0.6,0.35,0.7,0.65,zh,1,mandopop,"""{""""evening_city_walk"""":0.8,""""weekend_slow"""":0.75,""""morning_clear_light"""":0.7}""",slow_opening,0.85,鄧紫棋的钢琴抒情，温暖声线传递怀旧与希望，能量适中
Lithium (Smart Sessions),Nirvana,restless;melancholic;unresolved,electric_distant;reverb_heavy;grainy,,0.7,0.4,0.7,0.3,0.6,0.8,0.75,en,1,grunge,"""{""""deep_night_introspective"""":0.6,""""night_rain_humid"""":0.55,""""work_focus_low_vocal"""":0.5}""",late_night_descent,0.85,Nirvana 的 grunge 经典，失真吉他与 Cobain 嘶哑人声传递出躁动与未解决的忧郁，能量较高但明暗度偏暗
Youth,Glass Animals,dreamy;nostalgic;bittersweet,soft_synth;reverb_heavy;vocal_breath;electric_distant,,0.45,0.5,0.5,0.55,0.4,0.7,0.65,en,1,indie_pop,"""{""""evening_city_walk"""":0.8,""""deep_night_introspective"""":0.75,""""work_focus_low_vocal"""":0.7}""",city_to_inner_room,0.85,梦幻合成器与混响人声交织，怀旧而略带苦涩的青春回忆
One,Metallica,restless;melancholic;bittersweet,electric_distant;reverb_heavy;cinematic,,0.7,0.4,0.7,0.3,0.6,0.8,0.75,en,1,heavy_metal,"""{""""deep_night_introspective"""":0.5,""""night_clear_lonely"""":0.4,""""user_requested_explore"""":0.3}""",city_to_inner_room,0.85,沉重缓慢的金属节奏与James Hetfield的粗粝嗓音，充满不安与内省，但能量较高，不适合安静场景
Not Around (JackLNDN Remix),Montgomery,urban;nostalgic;bittersweet,soft_synth;reverb_heavy;electric_distant,,0.6,0.5,0.55,0.45,0.6,0.7,0.6,en,1,deep_house,"""{""""evening_city_walk"""":0.85,""""deep_night_introspective"""":0.8,""""user_requested_explore"""":0.75}""",city_to_inner_room,0.85,深沉的电子节拍与怀旧人声，营造都市夜晚的疏离与回味
Occultation,Girls Names,restless;melancholic;unresolved,cold_synth;electric_distant;reverb_heavy,,0.4,0.3,0.5,0.3,0.4,0.3,0.6,en,1,post_punk,"""{""""deep_night_introspective"""":0.8,""""night_rain_humid"""":0.75,""""evening_city_walk"""":0.7}""",city_to_inner_room,0.85,冷调合成器与遥远电吉他，不安而悬疑的暗色后朋克氛围
VISITOR,Teeth Of The Sea,restless;urban;unresolved,cold_synth;electric_distant;reverb_heavy;cinematic,,0.6,0.4,0.7,0.3,0.55,0,0.65,instrumental,0,post_rock,"""{""""evening_city_walk"""":0.8,""""deep_night_introspective"""":0.75,""""work_focus_low_vocal"""":0.7}""",city_to_inner_room,0.85,冷调合成器与深远混响营造出都市不安与悬而未决的氛围，器乐编排富有电影感
騷靈情歌,張敬軒,warm;nostalgic;sensual,acoustic;string;vocal_breath;jazz_brush,,0.4,0.55,0.5,0.7,0.35,0.75,0.6,zh,1,mandopop,"""{""""evening_city_walk"""":0.8,""""afternoon_warm_idle"""":0.75,""""weekend_slow"""":0.7}""",slow_opening,0.85,張敬軒溫暖的聲線搭配爵士鼓刷與弦樂，營造出懷舊而感性的氛圍
Footsteps & Smiles,Anat Cohen,warm;clear;hopeful,acoustic;jazz_brush;string;minimal,,0.35,0.6,0.4,0.7,0.4,0,0.45,instrumental,0,jazz,"""{""""morning_clear_light"""":0.85,""""afternoon_warm_idle"""":0.8,""""work_focus_low_vocal"""":0.75}""",soft_focus_work,0.85,Anat Cohen 的爵士单簧管与吉他、弦乐交织，温暖明亮，节奏轻快如脚步与微笑
下个早安 (Watch Over You),后站人 Made In Back Station,warm;nostalgic;hopeful,acoustic;vocal_breath;string;soft_synth,,0.4,0.55,0.45,0.65,0.35,0.65,0.6,zh,1,mandopop,"""{""""morning_clear_light"""":0.8,""""evening_city_walk"""":0.75,""""weekend_slow"""":0.7}""",slow_opening,0.85,温暖木吉他与人声交织，怀旧中带着希望，适合清晨或傍晚的舒缓场景
Dreaming of You,Blurry Lights,dreamy;nostalgic;warm,soft_synth;reverb_heavy;vocal_breath,,0.35,0.5,0.4,0.6,0.3,0.6,0.55,en,1,dream_pop,"""{""""evening_city_walk"""":0.8,""""deep_night_introspective"""":0.75,""""weekend_slow"""":0.7}""",fade_into_inner_space,0.85,梦幻合成器与轻柔人声交织，营造怀旧而温暖的氛围
Breezeblocks,Alt-J,restless;unresolved;melancholic,acoustic;vocal_breath;electric_distant;minimal,,0.6,0.4,0.55,0.35,0.5,0.7,0.75,en,1,indie_rock,"""{""""deep_night_introspective"""":0.8,""""evening_city_walk"""":0.7,""""night_rain_humid"""":0.65}""",city_to_inner_room,0.85,Alt-J 独特的声线配合木吉他与电子元素，营造出不安而悬疑的氛围，适合深夜内省
西湖水 (伴奏),Udiggwhatiamsayin / CashTrippy / mac ova seas / 李大奔BENZO,urban;restless;nostalgic,soft_synth;electric_distant;reverb_heavy;lofi_dust,,0.55,0.5,0.6,0.45,0.6,0,0.5,instrumental,0,hip_hop,"""{""""evening_city_walk"""":0.8,""""deep_night_introspective"""":0.7,""""work_focus_low_vocal"""":0.65}""",city_to_inner_room,0.85,伴奏版以软合成器和深远混响营造都市感，略带怀旧与不安的律动
Perfect Dark,White Shape,melancholic;restrained;lonely,cold_synth;ambient_pad;minimal;reverb_heavy,,0.25,0.2,0.3,0.2,0.15,0,0.7,instrumental,0,ambient,"""{""""deep_night_introspective"""":0.9,""""night_rain_humid"""":0.85,""""work_focus_low_vocal"""":0.8}""",fade_into_inner_space,0.85,冷调合成器与深远混响营造出克制而孤独的氛围，适合深夜内省场景
Fallin',Alicia Keys,melancholic;bittersweet;restrained,piano;vocal_breath;acoustic,,0.4,0.45,0.5,0.55,0.35,0.75,0.7,en,1,r&b,"""{""""deep_night_introspective"""":0.8,""""evening_city_walk"""":0.75,""""work_focus_low_vocal"""":0.7}""",slow_opening,0.85,Alicia Keys 的钢琴与灵魂乐人声，克制而充满情感的 R&B 抒情曲
我听这种音乐的时候最爱你,龙宽九段,warm;nostalgic;hopeful,soft_synth;vocal_breath;electric_distant,,0.45,0.55,0.5,0.65,0.4,0.7,0.6,zh,1,indie_pop,"""{""""evening_city_walk"""":0.8,""""weekend_slow"""":0.75,""""morning_clear_light"""":0.7}""",city_to_inner_room,0.85,温暖怀旧的 indie pop，龙宽九段的电子元素与人声交织，充满希望与回忆的质感
Czarne ziemie,Błoto,restless;urban;melancholic,electric_distant;cold_synth;cinematic;field_recording,,0.6,0.35,0.7,0.3,0.65,0,0.7,instrumental,0,jazz,"""{""""evening_city_walk"""":0.85,""""deep_night_introspective"""":0.8,""""night_rain_humid"""":0.75}""",city_to_inner_room,0.85,波兰爵士乐队，冷调电子质感与城市噪音采样交织，充满不安与内省的能量
City of Stars (Pier),Ryan Gosling,nostalgic;dreamy;bittersweet,piano;acoustic;vocal_breath,,0.3,0.4,0.35,0.55,0.2,0.6,0.65,en,1,soundtrack,"""{""""evening_city_walk"""":0.85,""""night_clear_lonely"""":0.8,""""weekend_slow"""":0.75}""",slow_opening,0.9,钢琴与轻柔人声交织，怀旧而略带忧伤的都市夜晚氛围
Illusions,Sundara Karma,dreamy;nostalgic;restless,soft_synth;reverb_heavy;electric_distant,,0.45,0.5,0.5,0.45,0.4,0.6,0.55,en,1,indie_rock,"""{""""evening_city_walk"""":0.8,""""deep_night_introspective"""":0.75,""""work_focus_low_vocal"""":0.7}""",city_to_inner_room,0.85,梦幻合成器与深远混响营造怀旧而略带不安的都市夜晚氛围
Sunny,Boney M.,warm;hopeful;clear,acoustic;soft_synth;vocal_breath,,0.65,0.7,0.5,0.75,0.6,0.7,0.4,en,1,disco,"""{""""morning_clear_light"""":0.8,""""afternoon_warm_idle"""":0.75,""""weekend_slow"""":0.7}""",slow_opening,0.85,经典迪斯科曲风，温暖明亮的声线与轻快节奏传递出阳光般的希望与愉悦
Bon Bon Chocolat,EVERGLOW,urban;restless;hopeful,soft_synth;cold_synth;electric_distant,,0.7,0.65,0.7,0.4,0.75,0.8,0.5,en,1,k_pop,"""{""""evening_city_walk"""":0.7,""""user_requested_explore"""":0.65,""""night_clear_lonely"""":0.55}""",city_to_inner_room,0.8,K-pop 舞曲，合成器驱动，能量较高，都市感强，但情感深度一般
Years of Solitude,Javier Girotto,introspective;melancholic;lonely,piano;cinematic;minimal;acoustic,,0.2,0.3,0.25,0.35,0.15,0,0.8,instrumental,0,modern_classical,"""{""""deep_night_introspective"""":0.9,""""night_rain_humid"""":0.85,""""work_focus_low_vocal"""":0.8}""",afterglow_fading,0.9,钢琴与木管交织的极简编排，孤独而内省，如同独处时的沉思
Ciemność,EABS,melancholic;restrained;bittersweet,jazz_brush;cold_synth;reverb_heavy;minimal,,0.25,0.3,0.35,0.3,0.2,0,0.7,instrumental,0,jazz,"""{""""deep_night_introspective"""":0.85,""""night_rain_humid"""":0.8,""""work_focus_low_vocal"""":0.75}""",fade_into_inner_space,0.85,波兰爵士乐队作品，冷调合成器与刷镲营造出克制而忧郁的夜间氛围
Mood Indigo,Yonathan Avishai,introspective;melancholic;restrained,piano;minimal;reverb_heavy,,0.15,0.3,0.2,0.45,0.1,0,0.8,instrumental,0,jazz,"""{""""work_focus_low_vocal"""":0.85,""""deep_night_introspective"""":0.9,""""night_rain_humid"""":0.8}""",slow_opening,0.9,钢琴独奏，缓慢而内省，带有爵士的忧郁与克制，混响营造出深邃空间感
Unbreakable,Tuomas Antero Turunen,introspective;restrained;melancholic,piano;minimal;cinematic,,0.15,0.3,0.2,0.35,0.1,0,0.8,instrumental,0,modern_classical,"""{""""work_focus_low_vocal"""":0.85,""""deep_night_introspective"""":0.8,""""night_rain_humid"""":0.75}""",slow_opening,0.85,钢琴独奏，缓慢而克制，带有内省与忧郁的古典氛围
Favorite (Vampire),NCT 127,urban;restless;bittersweet,soft_synth;electric_distant;vocal_breath;cold_synth,,0.6,0.5,0.65,0.4,0.6,0.8,0.55,en,1,k_pop,"""{""""evening_city_walk"""":0.8,""""deep_night_introspective"""":0.7,""""user_requested_explore"""":0.75}""",city_to_inner_room,0.85,NCT 127 的都市感 K-pop，合成器与冷调人声交织，带有不安与怀旧的情绪
This Time - Bonus Track,Matthew Halsall,introspective;melancholic;restrained,piano;string;minimal;reverb_heavy,,0.2,0.3,0.25,0.4,0.15,0,0.75,instrumental,0,jazz,"""{""""work_focus_low_vocal"""":0.85,""""deep_night_introspective"""":0.8,""""night_rain_humid"""":0.75}""",slow_opening,0.9,Matthew Halsall 的小号与钢琴交织，缓慢而内省，带有爵士的忧郁与克制
「Reset」~「ありがとう」バージョン~,上田雅美,nostalgic;warm;hopeful,piano;string;acoustic,,0.35,0.5,0.4,0.6,0.3,0,0.65,instrumental,0,soundtrack,"""{""""morning_clear_light"""":0.8,""""afternoon_warm_idle"""":0.75,""""weekend_slow"""":0.7}""",slow_opening,0.85,钢琴与弦乐交织的感恩主题，温暖怀旧且充满希望
Blue Petals,Massimo Amato,introspective;melancholic;restrained,piano;minimal;reverb_heavy,,0.15,0.3,0.2,0.35,0.1,0,0.8,instrumental,0,modern_classical,"""{""""work_focus_low_vocal"""":0.9,""""deep_night_introspective"""":0.85,""""night_rain_humid"""":0.8}""",slow_opening,0.9,极简钢琴独奏，缓慢而充满留白，内省与忧郁交织的古典氛围
変わり行く世界のために,茶太,nostalgic;warm;bittersweet,piano;string;vocal_breath,,0.4,0.5,0.45,0.7,0.35,0.6,0.65,ja,1,j_pop,"""{""""evening_city_walk"""":0.8,""""weekend_slow"""":0.75,""""night_rain_humid"""":0.7}""",slow_opening,0.85,茶太的温柔声线与钢琴弦乐交织，营造出怀旧而温暖的日式抒情氛围
清河,白皮书乐队,restless;urban;melancholic,electric_distant;reverb_heavy;cold_synth;minimal,,0.55,0.4,0.6,0.35,0.5,0.6,0.7,zh,1,indie_rock,"""{""""evening_city_walk"""":0.8,""""deep_night_introspective"""":0.75,""""night_clear_lonely"""":0.7}""",city_to_inner_room,0.85,白皮书乐队的后朋克风格，冷峻的合成器与疏离的人声，描绘都市夜晚的躁动与孤独
如燕,朱兴东,warm;nostalgic;bittersweet,piano;string;vocal_breath,,0.4,0.5,0.45,0.6,0.35,0.65,0.7,zh,1,mandopop,"""{""""evening_city_walk"""":0.8,""""weekend_slow"""":0.75,""""night_rain_humid"""":0.7}""",slow_opening,0.85,温暖钢琴与弦乐编排，朱兴东的声线带来怀旧与淡淡的苦涩感
一场游戏一场梦,王杰,nostalgic;melancholic;bittersweet,acoustic;vocal_breath;string;reverb_heavy,,0.45,0.4,0.5,0.55,0.35,0.7,0.75,zh,1,mandopop,"""{""""evening_city_walk"""":0.8,""""deep_night_introspective"""":0.75,""""night_rain_humid"""":0.7}""",slow_opening,0.9,王杰沧桑的嗓音与木吉他、弦乐交织，营造出怀旧而苦涩的抒情氛围
I CAN FEEL,HYDE,restless;urban;unresolved,electric_distant;cold_synth;reverb_heavy,,0.65,0.45,0.7,0.3,0.6,0.75,0.65,en,1,alternative_rock,"""{""""evening_city_walk"""":0.8,""""deep_night_introspective"""":0.7,""""user_requested_explore"""":0.65}""",city_to_inner_room,0.85,HYDE 的摇滚嗓音与冷调合成器交织，充满都市不安与未解情绪
春之声圆舞曲,黄蒙拉,clear;hopeful;warm,string;acoustic;cinematic,,0.6,0.8,0.5,0.7,0.7,0,0.4,instrumental,0,classical,"""{""""morning_clear_light"""":0.85,""""afternoon_warm_idle"""":0.75,""""weekend_slow"""":0.7}""",slow_opening,0.9,小提琴演绎的经典圆舞曲，明亮欢快的弦乐旋律，充满春天的温暖与希望
Sixth Sense,Brown Eyed Girls,urban;restless;sensual,soft_synth;cold_synth;vocal_breath;electric_distant,,0.6,0.5,0.65,0.4,0.6,0.8,0.55,ko,1,k_pop,"""{""""evening_city_walk"""":0.8,""""deep_night_introspective"""":0.7,""""user_requested_explore"""":0.75}""",city_to_inner_room,0.85,都市感强烈的K-pop舞曲，合成器与性感人声交织，带有不安与律动
Pine,Calibre,introspective;melancholic;restrained,ambient_pad;minimal;cold_synth,,0.2,0.3,0.25,0.35,0.15,0,0.7,instrumental,0,ambient_drum_and_bass,"""{""""work_focus_low_vocal"""":0.85,""""deep_night_introspective"""":0.8,""""night_rain_humid"""":0.75}""",fade_into_inner_space,0.85,Calibre 的极简鼓点与冷调氛围铺底，内省而克制，适合深夜专注或沉思
Anthony,Anna Tivel,introspective;melancholic;restrained,acoustic;vocal_breath;minimal,,0.25,0.3,0.3,0.45,0.2,0.6,0.7,en,1,folk,"""{""""deep_night_introspective"""":0.85,""""work_focus_low_vocal"""":0.8,""""night_rain_humid"""":0.75}""",slow_opening,0.85,Anna Tivel 的民谣叙事，木吉他与人声克制而内省，带有淡淡的忧伤
Type Shit,Future,restless;urban;unresolved,cold_synth;electric_distant;reverb_heavy,,0.7,0.4,0.7,0.3,0.7,0.8,0.6,en,1,trap,"""{""""evening_city_walk"""":0.7,""""deep_night_introspective"""":0.6,""""night_clear_lonely"""":0.5}""",city_to_inner_room,0.85,Future 标志性的 trap 风格，冷调合成器与沉重鼓点营造出都市夜晚的躁动与不安
Velius,Helios,dreamy;misty;introspective,ambient_pad;field_recording;minimal;reverb_heavy,,0.2,0.35,0.25,0.5,0.1,0,0.6,instrumental,0,ambient,"""{""""morning_cloudy_slow"""":0.85,""""work_focus_low_vocal"""":0.8,""""deep_night_introspective"""":0.75}""",soft_focus_work,0.9,Helios 标志性的氛围声景，环境垫音与田野录音交织，朦胧而内省
Ambush,DJ Plead,restless;urban;unresolved,cold_synth;electric_distant;reverb_heavy,,0.65,0.4,0.7,0.3,0.7,0,0.5,instrumental,0,electronic,"""{""""evening_city_walk"""":0.8,""""deep_night_introspective"""":0.7,""""user_requested_explore"""":0.65}""",city_to_inner_room,0.85,冷调合成器与深远混响营造出都市夜晚的不安与紧张感，节奏驱动但情绪悬而未决
Poly Blue,Jessica Pratt,dreamy;misty;nostalgic,acoustic;vocal_breath;reverb_heavy,,0.25,0.4,0.3,0.5,0.2,0.6,0.55,en,1,folk,"""{""""morning_cloudy_slow"""":0.85,""""deep_night_introspective"""":0.8,""""work_focus_low_vocal"""":0.75}""",soft_focus_work,0.85,Jessica Pratt 的轻柔指弹吉他与梦幻人声，营造出朦胧怀旧的晨间氛围
Emergence,Seahawks,dreamy;misty;detached,ambient_pad;field_recording;reverb_heavy;minimal,,0.2,0.3,0.25,0.4,0.1,0,0.5,instrumental,0,ambient,"""{""""morning_cloudy_slow"""":0.85,""""work_focus_low_vocal"""":0.8,""""night_clear_lonely"""":0.75}""",soft_focus_work,0.85,Seahawks 的梦幻氛围声景，以环境垫音和田野录音营造朦胧、疏离的质感
Move Your Body,Octo Octa,restless;urban;hopeful,soft_synth;reverb_heavy;electric_distant,,0.7,0.6,0.65,0.55,0.75,0,0.4,instrumental,0,house,"""{""""evening_city_walk"""":0.8,""""user_requested_explore"""":0.75,""""weekend_slow"""":0.7}""",city_to_inner_room,0.85,四四拍律动与合成器铺底，充满都市能量与探索感，但保持一定温暖度
Extrait Du Concerto Pour Piano En La Majeur N°23 K.488,Julie Bataille,clear;restrained;nostalgic,piano;string;cinematic,,0.25,0.55,0.4,0.5,0.2,0,0.6,instrumental,0,classical,"""{""""morning_clear_light"""":0.85,""""work_focus_low_vocal"""":0.8,""""afternoon_warm_idle"""":0.75}""",slow_opening,0.9,莫扎特第23号钢琴协奏曲，钢琴与弦乐交织，明亮而克制，充满古典的清晰与怀旧感
心动 (Live),陈洁仪,warm;nostalgic;bittersweet,vocal_breath;piano;string,,0.35,0.5,0.4,0.7,0.3,0.8,0.75,zh,1,mandopop,"""{""""evening_city_walk"""":0.8,""""weekend_slow"""":0.75,""""night_rain_humid"""":0.7}""",slow_opening,0.9,陈洁仪现场版以钢琴和弦乐为基底，温暖人声传递怀旧与淡淡的苦涩，能量偏低但情感饱满
MASAYUME CHASING,BoA,restless;urban;hopeful,soft_synth;electric_distant;vocal_breath,,0.7,0.65,0.6,0.5,0.7,0.8,0.5,ja,1,j_pop,"""{""""evening_city_walk"""":0.8,""""user_requested_explore"""":0.75,""""morning_clear_light"""":0.7}""",city_to_inner_room,0.85,BoA 的日式流行曲，充满都市感的节奏与希望，合成器与电声营造出追逐梦想的氛围
Eu sei que sou fraco,Andrei Machado,introspective;melancholic;restrained,piano;minimal;reverb_heavy,,0.15,0.25,0.2,0.35,0.1,0,0.8,instrumental,0,modern_classical,"""{""""deep_night_introspective"""":0.9,""""work_focus_low_vocal"""":0.85,""""night_rain_humid"""":0.8}""",afterglow_fading,0.9,极简钢琴独奏，缓慢而内省，充满脆弱与克制的情绪重量
Yellow,Ive Mendes,warm;nostalgic;bittersweet,acoustic;vocal_breath;string;soft_synth,,0.35,0.5,0.4,0.7,0.3,0.65,0.6,en,1,bossa_nova,"""{""""morning_clear_light"""":0.8,""""afternoon_warm_idle"""":0.85,""""evening_city_walk"""":0.75}""",soft_focus_work,0.85,温暖的木吉他与弦乐编排，人声轻柔，带有怀旧与淡淡的忧伤，适合午后或傍晚的放松场景
Primitive Feelings,The High Dials,restless;urban;nostalgic,electric_distant;soft_synth;reverb_heavy,,0.55,0.5,0.55,0.4,0.5,0.6,0.5,en,1,indie_rock,"""{""""evening_city_walk"""":0.8,""""deep_night_introspective"""":0.75,""""work_focus_low_vocal"""":0.7}""",city_to_inner_room,0.85,电吉他远距混响与软合成器交织，营造出都市夜晚的躁动与怀旧感
Stoic,Graham Costello,restrained;introspective;melancholic,minimal;piano;cold_synth,,0.2,0.3,0.25,0.3,0.15,0,0.7,instrumental,0,modern_classical,"""{""""work_focus_low_vocal"""":0.85,""""deep_night_introspective"""":0.8,""""night_rain_humid"""":0.75}""",slow_opening,0.85,极简钢琴与冷合成器，克制而内省，低能量高情感重量
Sweet Mambo,René Aubry,dreamy;restless;sensual,piano;acoustic;field_recording;minimal,,0.35,0.5,0.4,0.55,0.5,0,0.45,instrumental,0,contemporary_instrumental,"""{""""evening_city_walk"""":0.8,""""afternoon_warm_idle"""":0.75,""""work_focus_low_vocal"""":0.7}""",city_to_inner_room,0.85,钢琴与木吉他交织的轻快节奏，带有探戈般的律动和梦幻感，适合午后或城市漫步
Leaving Netherfield,Dario Marianelli,introspective;melancholic;restrained,piano;string;cinematic;minimal,,0.2,0.3,0.25,0.4,0.1,0,0.8,instrumental,0,film_score,"""{""""work_focus_low_vocal"""":0.85,""""deep_night_introspective"""":0.8,""""night_rain_humid"""":0.75}""",slow_opening,0.9,钢琴与弦乐交织的古典电影配乐，克制而内省，充满留白与情感重量
Cake By The Ocean,DNCE,restless;urban;hopeful,soft_synth;electric_distant;vocal_breath,,0.75,0.7,0.65,0.55,0.8,0.85,0.3,en,1,pop,"""{""""evening_city_walk"""":0.7,""""user_requested_explore"""":0.65,""""weekend_slow"""":0.6}""",city_to_inner_room,0.85,高能量流行曲，节奏明快，人声突出，适合都市夜晚的轻松氛围
Nina,Crumb,dreamy;melancholic;detached,soft_synth;lofi_dust;vocal_breath;reverb_heavy,,0.35,0.4,0.45,0.5,0.3,0.6,0.65,en,1,dream_pop,"""{""""deep_night_introspective"""":0.85,""""evening_city_walk"""":0.8,""""night_rain_humid"""":0.75}""",fade_into_inner_space,0.9,迷幻的合成器与慵懒人声，营造出梦幻而疏离的夜晚氛围
Uncertainly Deranged,Bayonne,restless;unresolved;urban,soft_synth;electric_distant;minimal,,0.45,0.4,0.5,0.35,0.5,0,0.6,instrumental,0,electronic,"""{""""evening_city_walk"""":0.8,""""work_focus_low_vocal"""":0.75,""""deep_night_introspective"""":0.7}""",city_to_inner_room,0.85,电子合成器驱动的器乐作品，带有不安与未解决的都市感，节奏中等，质感冷冽而简约
Beslan,A Northern Code,melancholic;restrained;lonely,piano;string;reverb_heavy;minimal,,0.2,0.25,0.3,0.3,0.1,0,0.8,instrumental,0,modern_classical,"""{""""deep_night_introspective"""":0.9,""""night_rain_humid"""":0.85,""""work_focus_low_vocal"""":0.8}""",afterglow_fading,0.9,极简钢琴与弦乐交织，深沉混响营造出克制而悲伤的氛围，能量低且情感重量高
Worth the Charm,Tanbark,warm;dreamy;nostalgic,soft_synth;ambient_pad;lofi_dust;reverb_heavy,,0.35,0.5,0.4,0.65,0.3,0,0.45,instrumental,0,lo_fi,"""{""""work_focus_low_vocal"""":0.85,""""morning_cloudy_slow"""":0.8,""""evening_city_walk"""":0.75}""",soft_focus_work,0.85,温暖的 lo-fi 氛围，软合成器与混响营造出梦幻怀旧的质感，适合低干扰工作或悠闲时刻
Brothers,Cold Weather Company,introspective;melancholic;restrained,acoustic;string;vocal_breath;reverb_heavy,,0.25,0.35,0.3,0.5,0.2,0.6,0.7,en,1,indie_folk,"""{""""deep_night_introspective"""":0.85,""""night_rain_humid"""":0.8,""""work_focus_low_vocal"""":0.75}""",fade_into_inner_space,0.85,木吉他与弦乐交织，人声轻柔且带有混响，营造内省而克制的氛围
かすかなしるし,藤原ヒロシ,introspective;melancholic;restrained,piano;ambient_pad;minimal,,0.15,0.3,0.2,0.35,0.1,0,0.75,instrumental,0,ambient,"""{""""work_focus_low_vocal"""":0.85,""""deep_night_introspective"""":0.8,""""night_rain_humid"""":0.75}""",slow_opening,0.9,极简钢琴与氛围铺底，静谧内省，带有淡淡的忧郁与克制
Brassic,Laroca,urban;restless;melancholic,electric_distant;soft_synth;reverb_heavy;lofi_dust,,0.4,0.35,0.5,0.4,0.5,0,0.6,instrumental,0,lo_fi,"""{""""evening_city_walk"""":0.8,""""work_focus_low_vocal"""":0.75,""""deep_night_introspective"""":0.7}""",city_to_inner_room,0.85,带有城市感的 lo-fi 器乐，电声与混响营造出不安与怀旧交织的氛围
Monochrome Into Colour,Ed Harcourt,dreamy;nostalgic;bittersweet,piano;string;reverb_heavy;vocal_breath,,0.35,0.4,0.45,0.5,0.3,0.6,0.7,en,1,art_pop,"""{""""evening_city_walk"""":0.8,""""deep_night_introspective"""":0.75,""""night_rain_humid"""":0.7}""",afterglow_fading,0.85,钢琴与弦乐交织，人声带着呼吸感，营造出梦幻而怀旧的氛围，略带苦涩的甜美
Wroooong,Sendecki & Spiegel,restless;unresolved;melancholic,piano;reverb_heavy;minimal;electric_distant,,0.25,0.3,0.35,0.3,0.2,0,0.7,instrumental,0,modern_classical,"""{""""deep_night_introspective"""":0.8,""""night_rain_humid"""":0.75,""""work_focus_low_vocal"""":0.7}""",fade_into_inner_space,0.85,钢琴与深远混响交织，不安而悬而未决的现代古典小品
Hold True,Golden Fable,dreamy;nostalgic;hopeful,soft_synth;reverb_heavy;vocal_breath;ambient_pad,,0.35,0.5,0.4,0.55,0.3,0.6,0.6,en,1,dream_pop,"""{""""evening_city_walk"""":0.8,""""deep_night_introspective"""":0.75,""""work_focus_low_vocal"""":0.7}""",fade_into_inner_space,0.85,梦幻合成器与深远混响，人声轻柔，营造怀旧而充满希望的氛围
Sky Mirrors,Jannik,dreamy;introspective;nostalgic,ambient_pad;soft_synth;minimal,,0.2,0.4,0.25,0.5,0.15,0,0.6,instrumental,0,ambient,"""{""""work_focus_low_vocal"""":0.85,""""deep_night_introspective"""":0.8,""""morning_cloudy_slow"""":0.75}""",soft_focus_work,0.85,空灵氛围电子，软合成器与极简铺底营造梦幻内省感
無法抗拒的你,Maderlin Weng,warm;nostalgic;bittersweet,acoustic;vocal_breath;string;soft_synth,,0.4,0.5,0.45,0.65,0.35,0.7,0.6,zh,1,mandopop,"""{""""evening_city_walk"""":0.8,""""weekend_slow"""":0.75,""""night_rain_humid"""":0.7}""",slow_opening,0.85,温暖声线与木吉他、弦乐交织，怀旧中带一丝苦涩，适合傍晚漫步或周末放松
雨,広橋真紀子,melancholic;nostalgic;restrained,piano;reverb_heavy;minimal,,0.15,0.3,0.2,0.35,0.1,0,0.8,instrumental,0,modern_classical,"""{""""night_rain_humid"""":0.9,""""deep_night_introspective"""":0.85,""""work_focus_low_vocal"""":0.8}""",rain_on_glass,0.9,钢琴独奏，缓慢而克制，大量混响营造出雨夜的忧郁与怀旧氛围
蓮,中島優美,introspective;melancholic;restrained,piano;string;reverb_heavy;minimal,,0.2,0.3,0.25,0.4,0.15,0,0.8,instrumental,0,modern_classical,"""{""""work_focus_low_vocal"""":0.85,""""deep_night_introspective"""":0.9,""""night_rain_humid"""":0.8}""",slow_opening,0.9,钢琴与弦乐交织的极简编排，内省而克制，带有淡淡的忧伤与留白
The Golden Glow,The Day,warm;nostalgic;hopeful,acoustic;string;vocal_breath,,0.4,0.6,0.45,0.7,0.35,0.6,0.55,en,1,folk_pop,"""{""""morning_clear_light"""":0.85,""""afternoon_warm_idle"""":0.8,""""evening_city_walk"""":0.75}""",slow_opening,0.85,温暖的木吉他与人声，怀旧而充满希望的民谣流行质感
Peppermint Tribe,Saigon Kick,restless;urban;unresolved,electric_distant;reverb_heavy;soft_synth,,0.55,0.5,0.6,0.4,0.5,0.7,0.6,en,1,alternative_rock,"""{""""evening_city_walk"""":0.8,""""deep_night_introspective"""":0.75,""""user_requested_explore"""":0.7}""",city_to_inner_room,0.85,带有都市不安感的另类摇滚，失真吉他与人声交织，情绪悬而未决
Kick It,NCT 127,urban;restless;hopeful,soft_synth;electric_distant;vocal_breath,,0.7,0.6,0.7,0.4,0.75,0.85,0.5,en,1,k_pop,"""{""""evening_city_walk"""":0.8,""""user_requested_explore"""":0.75,""""work_focus_low_vocal"""":0.6}""",city_to_inner_room,0.85,强烈的节奏和电子合成器，充满都市感和动感，人声突出，能量较高
Open Season (Une Autre Saison),Josef Salvat,melancholic;bittersweet;restrained,piano;vocal_breath;string;reverb_heavy,,0.35,0.4,0.45,0.5,0.3,0.7,0.75,en,1,art_pop,"""{""""evening_city_walk"""":0.8,""""deep_night_introspective"""":0.85,""""night_rain_humid"""":0.75}""",afterglow_fading,0.85,钢琴与弦乐铺底，人声克制而充满情感，营造出忧郁而怀旧的氛围
Location Unknown ◐ (feat. BEKA) - Brooklyn Session,HONNE,dreamy;warm;nostalgic,soft_synth;vocal_breath;reverb_heavy;electric_distant,,0.4,0.5,0.4,0.6,0.35,0.6,0.55,en,1,indie_pop,"""{""""evening_city_walk"""":0.85,""""deep_night_introspective"""":0.8,""""work_focus_low_vocal"""":0.7}""",city_to_inner_room,0.85,梦幻合成器与温暖人声交织，营造出都市夜晚的怀旧与朦胧感
秘密,蓝又时,melancholic;nostalgic;bittersweet,piano;vocal_breath;string,,0.35,0.4,0.45,0.5,0.3,0.7,0.7,zh,1,mandopop,"""{""""evening_city_walk"""":0.8,""""night_rain_humid"""":0.75,""""deep_night_introspective"""":0.7}""",slow_opening,0.85,钢琴与弦乐铺底，蓝又时略带沙哑的声线传递出隐秘的忧伤与怀旧
Bad Dream,刘柏辛Lexie,restless;unresolved;urban,soft_synth;cold_synth;electric_distant;reverb_heavy,,0.55,0.4,0.6,0.3,0.5,0.7,0.65,zh,1,art_pop,"""{""""evening_city_walk"""":0.85,""""deep_night_introspective"""":0.8,""""night_clear_lonely"""":0.75}""",city_to_inner_room,0.85,冷调合成器与疏离人声交织，营造都市夜晚的躁动与未解情绪
Emo Blues,Georgia Anne Muldrow,melancholic;bittersweet;restrained,soft_synth;vocal_breath;lofi_dust;electric_distant,,0.35,0.3,0.4,0.45,0.3,0.6,0.7,en,1,neo_soul,"""{""""deep_night_introspective"""":0.85,""""night_rain_humid"""":0.8,""""evening_city_walk"""":0.75}""",fade_into_inner_space,0.85,低沉的人声与软合成器交织，带有 lo-fi 质感和克制的情感表达，适合深夜内省
oblivious,Kalafina,melancholic;dreamy;bittersweet,string;cinematic;vocal_breath;reverb_heavy,,0.4,0.35,0.55,0.4,0.3,0.75,0.7,ja,1,anime_song,"""{""""deep_night_introspective"""":0.8,""""evening_city_walk"""":0.75,""""night_rain_humid"""":0.7}""",fade_into_inner_space,0.85,Kalafina 标志性的多重人声与弦乐编排，营造出梦幻而忧伤的叙事氛围
Curtain,Dario Marianelli,introspective;melancholic;restrained,piano;string;cinematic;minimal,,0.15,0.3,0.2,0.35,0.1,0,0.8,instrumental,0,modern_classical,"""{""""work_focus_low_vocal"""":0.9,""""deep_night_introspective"""":0.85,""""night_rain_humid"""":0.8}""",slow_opening,0.9,电影配乐风格的钢琴与弦乐，克制而内省，充满留白与沉思感
EoO,Bad Bunny,urban;restless;bittersweet,soft_synth;electric_distant;reverb_heavy,,0.6,0.5,0.55,0.4,0.6,0.7,0.5,es,1,latin_trap,"""{""""evening_city_walk"""":0.8,""""deep_night_introspective"""":0.7,""""user_requested_explore"""":0.75}""",city_to_inner_room,0.85,Bad Bunny 的都市陷阱风格，合成器与深远混响营造出不安与怀旧交织的夜晚氛围
駅,竹内まりや,nostalgic;urban;bittersweet,soft_synth;vocal_breath;jazz_brush;electric_distant,,0.45,0.5,0.5,0.55,0.4,0.7,0.65,ja,1,city_pop,"""{""""evening_city_walk"""":0.9,""""night_clear_lonely"""":0.8,""""work_focus_low_vocal"""":0.7}""",city_to_inner_room,0.9,竹内玛莉亚标志性的城市流行，软合成器与爵士鼓刷营造出怀旧而略带苦涩的都市夜晚氛围
Where Are You Now,The Proper Ornaments,melancholic;dreamy;nostalgic,acoustic;soft_synth;vocal_breath;reverb_heavy,,0.35,0.4,0.4,0.5,0.3,0.6,0.65,en,1,indie_pop,"""{""""evening_city_walk"""":0.8,""""deep_night_introspective"""":0.75,""""night_clear_lonely"""":0.7}""",city_to_inner_room,0.85,柔和的独立流行，木吉他与合成器交织，人声带着怀旧的梦幻感
American Boy,Estelle,urban;hopeful;restless,soft_synth;vocal_breath;electric_distant,,0.6,0.65,0.55,0.5,0.65,0.75,0.4,en,1,hip_hop,"""{""""evening_city_walk"""":0.8,""""user_requested_explore"""":0.75,""""work_focus_low_vocal"""":0.6}""",city_to_inner_room,0.85,都市感十足的嘻哈流行，节奏明快，人声充满活力与期待
つぎの夜へ,ゆらゆら帝国,dreamy;unresolved;restless,electric_distant;reverb_heavy;cold_synth;minimal,,0.4,0.35,0.45,0.3,0.4,0.5,0.65,ja,1,psychedelic_rock,"""{""""deep_night_introspective"""":0.85,""""night_clear_lonely"""":0.8,""""evening_city_walk"""":0.75}""",fade_into_inner_space,0.85,ゆらゆら帝国标志性的迷幻摇滚，疏离的电吉他与人声在混响中漂浮，充满未解决的躁动与梦境感
Moonlight Miracles,Ceruleancerise,dreamy;misty;introspective,ambient_pad;soft_synth;reverb_heavy;minimal,,0.25,0.35,0.3,0.45,0.15,0,0.6,instrumental,0,ambient,"""{""""deep_night_introspective"""":0.85,""""night_clear_lonely"""":0.8,""""work_focus_low_vocal"""":0.75}""",fade_into_inner_space,0.85,梦幻氛围电子，软合成器与深远混响营造出朦胧内省的月光感
Die With A Smile,Lady Gaga / Bruno Mars,bittersweet;nostalgic;warm,piano;string;vocal_breath;reverb_heavy,,0.45,0.5,0.5,0.6,0.35,0.75,0.7,en,1,pop,"""{""""evening_city_walk"""":0.8,""""deep_night_introspective"""":0.75,""""night_rain_humid"""":0.7}""",slow_opening,0.85,钢琴与弦乐铺垫的流行抒情，两位歌手的声线交织带来温暖而略带苦涩的怀旧感
"""Night Fever - From """"""""Saturday Night Fever"""""""" Soundtrack""",Bee Gees,urban;hopeful;restless,soft_synth;electric_distant;jazz_brush,,0.7,0.7,0.6,0.55,0.8,0.8,0.4,en,1,disco,"""{""""evening_city_walk"""":0.85,""""user_requested_explore"""":0.8,""""weekend_slow"""":0.7}""",city_to_inner_room,0.9,经典迪斯科节奏，Bee Gees 假声带来都市夜晚的活力与希望感
Mahler: Symphony No. 5 in C-Sharp Minor: IV. Adagietto. Sehr langsam,Gustav Mahler,introspective;melancholic;restrained,string;cinematic;minimal,,0.15,0.3,0.4,0.5,0.1,0,0.9,instrumental,0,classical,"""{""""deep_night_introspective"""":0.9,""""night_rain_humid"""":0.8,""""work_focus_low_vocal"""":0.75}""",slow_opening,0.95,马勒第五交响曲柔板，弦乐织体缓慢而深情，充满内省与沉重的情感重量
I Like Me Better (Miro Remix),Miro,hopeful;warm;urban,soft_synth;reverb_heavy;vocal_breath,,0.55,0.6,0.5,0.65,0.55,0.7,0.5,en,1,electronic_pop,"""{""""evening_city_walk"""":0.85,""""weekend_slow"""":0.7,""""user_requested_explore"""":0.65}""",city_to_inner_room,0.85,温暖合成器与混响人声，营造出都市夜晚的怀旧与希望感
Song For Anny,Yonathan Avishai,introspective;melancholic;restrained,piano;minimal;reverb_heavy,,0.15,0.3,0.2,0.4,0.1,0,0.8,instrumental,0,modern_classical,"""{""""work_focus_low_vocal"""":0.85,""""deep_night_introspective"""":0.9,""""night_rain_humid"""":0.75}""",slow_opening,0.9,极简钢琴独奏，缓慢而内省，混响营造出静谧的孤独感
Farewell,花伦,melancholic;introspective;restrained,piano;string;cinematic;reverb_heavy,,0.25,0.3,0.35,0.4,0.15,0,0.8,instrumental,0,modern_classical,"""{""""deep_night_introspective"""":0.85,""""night_rain_humid"""":0.8,""""work_focus_low_vocal"""":0.75}""",afterglow_fading,0.85,钢琴与弦乐交织，缓慢而克制，充满告别般的忧郁与内省
Czarnoziemy,Błoto,restless;urban;unresolved,electric_distant;cold_synth;field_recording;grainy,,0.6,0.35,0.7,0.25,0.65,0,0.55,instrumental,0,experimental_jazz,"""{""""evening_city_walk"""":0.8,""""deep_night_introspective"""":0.7,""""user_requested_explore"""":0.75}""",city_to_inner_room,0.85,波兰实验爵士，粗糙的电子音色与城市采样交织，充满不安与都市张力
"""Symphony No. 94 in G Major, ''The Surprise'':II. Andante""",Eugen Duvier / Camerata Rhenania,clear;restrained;warm,string;acoustic;minimal,,0.25,0.6,0.4,0.55,0.2,0,0.3,instrumental,0,classical,"""{""""morning_clear_light"""":0.85,""""work_focus_low_vocal"""":0.8,""""afternoon_warm_idle"""":0.75}""",slow_opening,0.9,海顿的经典交响曲行板乐章，弦乐与木管交织，明亮而克制，带有古典时期的温暖与清晰感
No One (DUNN & Kayge Calypso Remix),Kayge Calypso,urban;restless;hopeful,soft_synth;electric_distant;reverb_heavy,,0.6,0.55,0.6,0.5,0.65,0,0.45,instrumental,0,electronic,"""{""""evening_city_walk"""":0.8,""""user_requested_explore"""":0.75,""""work_focus_low_vocal"""":0.7}""",city_to_inner_room,0.85,Remix 版本以软合成器和深远混响营造都市律动感，能量中等偏高，适合夜晚探索场景
Shadow (Michel's Runway Edit),Chromatics,urban;nostalgic;dreamy,soft_synth;cold_synth;electric_distant;reverb_heavy,,0.55,0.4,0.5,0.35,0.5,0,0.55,instrumental,0,synthwave,"""{""""evening_city_walk"""":0.85,""""deep_night_introspective"""":0.8,""""night_clear_lonely"""":0.75}""",city_to_inner_room,0.9,冷调合成器与深远混响营造出都市夜晚的怀旧与梦幻感，适合走秀或城市漫步场景
Drift Orbit,36,introspective;dreamy;detached,ambient_pad;minimal;field_recording;reverb_heavy,,0.15,0.3,0.2,0.35,0.1,0,0.6,instrumental,0,ambient,"""{""""work_focus_low_vocal"""":0.9,""""deep_night_introspective"""":0.85,""""night_clear_lonely"""":0.8}""",fade_into_inner_space,0.9,深邃的氛围声景，缓慢漂移的合成器与现场录音，营造出内省而疏离的太空感
Dancing Circles 2.0,Sampha,introspective;melancholic;bittersweet,piano;vocal_breath;reverb_heavy;minimal,,0.3,0.35,0.4,0.45,0.3,0.7,0.75,en,1,art_pop,"""{""""deep_night_introspective"""":0.85,""""night_rain_humid"""":0.8,""""work_focus_low_vocal"""":0.7}""",fade_into_inner_space,0.9,Sampha 脆弱而充满呼吸感的人声搭配极简钢琴与深远混响，营造出内省而苦涩的深夜氛围
雲男,現象師,dreamy;misty;detached,ambient_pad;soft_synth;field_recording;minimal,,0.25,0.35,0.3,0.45,0.2,0,0.5,instrumental,0,ambient,"""{""""morning_cloudy_slow"""":0.85,""""deep_night_introspective"""":0.8,""""work_focus_low_vocal"""":0.75}""",soft_focus_work,0.85,氛围电子作品，朦胧的合成器与田野录音营造出云层般的梦幻与疏离感
"""Bizarre Love Triangle - Shep Pettibone 12"""""""" Remix""",New Order,restless;urban;hopeful,soft_synth;cold_synth;electric_distant;reverb_heavy,,0.65,0.6,0.7,0.4,0.7,0.6,0.5,en,1,synthpop,"""{""""evening_city_walk"""":0.85,""""deep_night_introspective"""":0.7,""""user_requested_explore"""":0.75}""",city_to_inner_room,0.9,New Order 经典合成器流行，12寸混音版节奏强劲，都市感与不安的期待交织
1234,Feist,warm;hopeful;nostalgic,acoustic;vocal_breath;jazz_brush,,0.55,0.65,0.4,0.7,0.5,0.6,0.5,en,1,indie_pop,"""{""""morning_clear_light"""":0.8,""""afternoon_warm_idle"""":0.75,""""weekend_slow"""":0.7}""",slow_opening,0.85,轻快的木吉他与人声，温暖怀旧，适合悠闲的早晨或午后
‘Oumuamua,Espen Berg Trio,introspective;restrained;bittersweet,piano;minimal;cinematic,,0.25,0.35,0.3,0.4,0.2,0,0.7,instrumental,0,jazz,"""{""""deep_night_introspective"""":0.85,""""work_focus_low_vocal"""":0.8,""""night_rain_humid"""":0.75}""",afterglow_fading,0.85,北欧爵士三重奏，钢琴主导的极简叙事，内省而略带苦涩的宇宙孤独感
flora,[.que],dreamy;misty;introspective,ambient_pad;field_recording;minimal;soft_synth,,0.2,0.35,0.25,0.5,0.15,0,0.55,instrumental,0,ambient,"""{""""morning_cloudy_slow"""":0.85,""""work_focus_low_vocal"""":0.8,""""deep_night_introspective"""":0.75}""",soft_focus_work,0.85,朦胧的氛围声景，轻柔合成器与田野录音交织，内省而梦幻
旭茉莉,昆虫白,introspective;melancholic;dreamy,piano;minimal;reverb_heavy;ambient_pad,,0.2,0.3,0.25,0.4,0.15,0,0.7,instrumental,0,ambient,"""{""""deep_night_introspective"""":0.85,""""night_rain_humid"""":0.8,""""work_focus_low_vocal"""":0.75}""",afterglow_fading,0.85,极简钢琴与氛围铺垫，内省而略带忧郁，如同雨后深夜的静谧
Be Gone,The Racer,restless;melancholic;urban,electric_distant;cold_synth;reverb_heavy,,0.6,0.35,0.55,0.3,0.5,0.7,0.65,en,1,indie_rock,"""{""""evening_city_walk"""":0.8,""""deep_night_introspective"""":0.75,""""night_clear_lonely"""":0.7}""",city_to_inner_room,0.85,冷调合成器与遥远电吉他，人声带着不安与都市疏离感，能量中等偏上
My Body is a Cage,Peter Gabriel,introspective;melancholic;restrained,piano;cinematic;reverb_heavy;vocal_breath,,0.25,0.2,0.35,0.3,0.15,0.6,0.85,en,1,art_rock,"""{""""deep_night_introspective"""":0.9,""""night_rain_humid"""":0.8,""""work_focus_low_vocal"""":0.7}""",fade_into_inner_space,0.9,钢琴与沉重人声交织，充满内省与压抑的孤独感，如同困在内心的牢笼中
Venus in Leo,HTRK,sensual;detached;unresolved,cold_synth;reverb_heavy;electric_distant;minimal,,0.25,0.2,0.3,0.2,0.15,0.4,0.7,en,1,darkwave,"""{""""deep_night_introspective"""":0.85,""""night_clear_lonely"""":0.8,""""night_rain_humid"""":0.75}""",late_night_descent,0.85,冷合成器与深远混响营造出疏离而性感的暗潮氛围，人声低沉如耳语
いのちの名前,広橋真紀子,nostalgic;melancholic;warm,piano;string;cinematic,,0.25,0.4,0.3,0.6,0.15,0,0.75,instrumental,0,modern_classical,"""{""""deep_night_introspective"""":0.85,""""morning_cloudy_slow"""":0.8,""""work_focus_low_vocal"""":0.75}""",slow_opening,0.9,钢琴与弦乐交织的抒情旋律，温暖而怀旧，带有淡淡的忧伤，适合内省与安静场景
The Look of Love,Diana Krall,warm;sensual;clear,jazz_brush;acoustic;vocal_breath;string,,0.35,0.6,0.4,0.7,0.3,0.65,0.5,en,1,jazz,"""{""""work_focus_low_vocal"""":0.8,""""afternoon_warm_idle"""":0.85,""""evening_city_walk"""":0.75}""",soft_focus_work,0.9,Diana Krall 温暖而感性的爵士声线，搭配刷擦和木吉他，营造出慵懒优雅的氛围
Twist And Shout - Remastered 2009,The Beatles,restless;urban;hopeful,acoustic;electric_distant;vocal_breath,,0.7,0.7,0.6,0.6,0.75,0.8,0.4,en,1,rock,"""{""""evening_city_walk"""":0.7,""""weekend_slow"""":0.6,""""user_requested_explore"""":0.65}""",slow_opening,0.85,经典摇滚，节奏明快，人声充满活力，适合都市夜晚或周末放松场景
My Head,Suna,introspective;restrained;melancholic,piano;minimal;reverb_heavy,,0.25,0.3,0.2,0.35,0.15,0,0.7,instrumental,0,modern_classical,"""{""""deep_night_introspective"""":0.85,""""work_focus_low_vocal"""":0.8,""""night_rain_humid"""":0.75}""",afterglow_fading,0.85,极简钢琴与深远混响，营造内省而克制的孤独氛围
3mwy (Of Hope),Echotide,dreamy;hopeful;introspective,ambient_pad;soft_synth;field_recording;minimal,,0.25,0.4,0.3,0.55,0.2,0,0.6,instrumental,0,ambient,"""{""""morning_cloudy_slow"""":0.85,""""work_focus_low_vocal"""":0.8,""""deep_night_introspective"""":0.75}""",soft_focus_work,0.85,柔和的环境音景，氛围垫与田野录音交织，带来梦幻而充满希望的朦胧感
For Brinsley,Swimming Bell,warm;nostalgic;dreamy,acoustic;soft_synth;vocal_breath,,0.35,0.5,0.4,0.65,0.3,0.6,0.55,en,1,indie_folk,"""{""""morning_clear_light"""":0.8,""""afternoon_warm_idle"""":0.75,""""weekend_slow"""":0.7}""",soft_focus_work,0.85,温暖的木吉他与轻柔人声，营造怀旧而梦幻的午后氛围
白菊丸頌,中島ノブユキ,introspective;melancholic;restrained,piano;string;minimal;cinematic,,0.2,0.3,0.25,0.35,0.1,0,0.8,instrumental,0,modern_classical,"""{""""work_focus_low_vocal"""":0.85,""""deep_night_introspective"""":0.8,""""night_rain_humid"""":0.75}""",slow_opening,0.9,中島ノブユキ的钢琴与弦乐编排，静谧而克制，充满内省与哀愁的古典氛围
Alicia,Darius,dreamy;warm;nostalgic,soft_synth;ambient_pad;lofi_dust;vocal_breath,,0.35,0.5,0.4,0.65,0.3,0.4,0.5,en,1,lo_fi,"""{""""work_focus_low_vocal"""":0.85,""""evening_city_walk"""":0.8,""""morning_cloudy_slow"""":0.75}""",soft_focus_work,0.85,温暖的 lo-fi 氛围，软合成器与轻度失真营造出梦幻怀旧的质感
Fynbos,Alice Phoebe Lou,introspective;dreamy;bittersweet,acoustic;vocal_breath;field_recording;minimal,,0.25,0.4,0.3,0.5,0.2,0.6,0.65,en,1,indie_folk,"""{""""morning_cloudy_slow"""":0.8,""""work_focus_low_vocal"""":0.75,""""deep_night_introspective"""":0.7}""",soft_focus_work,0.85,Alice Phoebe Lou 的极简民谣，木吉他与人声交织，带有田野录音的自然质感，内省而梦幻
"""Dum, Dumb, and Dumber (with Young Thug & Future)""",Lil Baby,urban;restless;bittersweet,soft_synth;electric_distant;vocal_breath,,0.7,0.5,0.7,0.4,0.7,0.8,0.6,en,1,trap,"""{""""evening_city_walk"""":0.7,""""deep_night_introspective"""":0.6,""""user_requested_explore"""":0.65}""",city_to_inner_room,0.8,Trap 节拍驱动，都市感强烈，人声主导但带有内省与不安的底色
On My Own,Kyle Lionhart,lonely;introspective;melancholic,acoustic;vocal_breath;minimal,,0.25,0.3,0.3,0.4,0.2,0.6,0.7,en,1,indie_folk,"""{""""deep_night_introspective"""":0.85,""""night_clear_lonely"""":0.8,""""work_focus_low_vocal"""":0.7}""",fade_into_inner_space,0.85,原声吉他与人声的极简编排，营造出孤独内省的氛围
Greenhands,Sundara Karma,dreamy;nostalgic;hopeful,soft_synth;reverb_heavy;vocal_breath,,0.45,0.5,0.45,0.55,0.4,0.6,0.5,en,1,indie_rock,"""{""""evening_city_walk"""":0.8,""""deep_night_introspective"""":0.75,""""morning_cloudy_slow"""":0.7}""",city_to_inner_room,0.85,梦幻合成器与混响人声交织，怀旧而充满希望的独立摇滚质感
Windrose,"""106° 26' 58​.​9""""""""W""",introspective;melancholic;restrained,piano;minimal;reverb_heavy,,0.2,0.3,0.2,0.35,0.1,0,0.75,instrumental,0,modern_classical,"""{""""deep_night_introspective"""":0.85,""""night_rain_humid"""":0.8,""""work_focus_low_vocal"""":0.75}""",afterglow_fading,0.85,极简钢琴独奏，缓慢而空旷，充满内省与克制的情感
Postcard from 1952,Explosions In The Sky,introspective;melancholic;nostalgic,cinematic;string;reverb_heavy;minimal,,0.25,0.3,0.35,0.4,0.2,0,0.75,instrumental,0,post_rock,"""{""""deep_night_introspective"""":0.85,""""night_clear_lonely"""":0.8,""""work_focus_low_vocal"""":0.75}""",afterglow_fading,0.9,Explosions In The Sky 标志性的后摇风格，弦乐与混响营造出怀旧而内省的氛围，能量低沉但情感厚重
FF10 スピラの情景,TAMUSIC,nostalgic;dreamy;melancholic,piano;string;cinematic;reverb_heavy,,0.25,0.4,0.35,0.5,0.15,0,0.75,instrumental,0,game_score,"""{""""deep_night_introspective"""":0.85,""""night_rain_humid"""":0.8,""""work_focus_low_vocal"""":0.75}""",afterglow_fading,0.9,钢琴与弦乐交织的怀旧旋律，充满游戏原声的叙事感与淡淡忧伤
Harry,Montevideo,dreamy;warm;nostalgic,soft_synth;ambient_pad;reverb_heavy,,0.35,0.5,0.4,0.6,0.3,0,0.45,instrumental,0,ambient,"""{""""work_focus_low_vocal"""":0.85,""""morning_cloudy_slow"""":0.8,""""evening_city_walk"""":0.75}""",soft_focus_work,0.85,温暖梦幻的氛围电子，软合成器与混响营造出怀旧而舒适的声景
Heard Somebody Whistle,Jay-Jay Johanson,melancholic;restrained;urban,piano;cold_synth;vocal_breath;reverb_heavy,,0.25,0.3,0.35,0.3,0.2,0.5,0.7,en,1,trip_hop,"""{""""night_clear_lonely"""":0.85,""""deep_night_introspective"""":0.8,""""evening_city_walk"""":0.75}""",late_night_descent,0.85,Jay-Jay Johanson 标志性的低沉忧郁嗓音，搭配冷调合成器和钢琴，营造出都市夜晚的孤独与克制氛围
Partly Sunny,Joey Pecoraro,warm;hopeful;nostalgic,acoustic;lofi_dust;field_recording;soft_synth,,0.35,0.6,0.4,0.7,0.3,0,0.45,instrumental,0,lo_fi,"""{""""morning_cloudy_slow"""":0.85,""""afternoon_warm_idle"""":0.8,""""work_focus_low_vocal"""":0.75}""",soft_focus_work,0.85,温暖的 lo-fi 器乐，木吉他搭配环境录音，营造出慵懒而充满希望的午后氛围
In Touch,DAUL / Charli Taft,urban;sensual;restrained,soft_synth;vocal_breath;electric_distant;reverb_heavy,,0.45,0.5,0.55,0.5,0.5,0.7,0.5,en,1,r&b,"""{""""evening_city_walk"""":0.85,""""deep_night_introspective"""":0.8,""""user_requested_explore"""":0.7}""",city_to_inner_room,0.85,都市R&B风格，软合成器与深远人声营造出克制而性感的夜晚氛围
I Don't Tell,When Saints Go Machine,introspective;melancholic;restrained,cold_synth;reverb_heavy;vocal_breath;minimal,,0.3,0.3,0.4,0.35,0.25,0.6,0.7,en,1,art_pop,"""{""""deep_night_introspective"""":0.85,""""night_rain_humid"""":0.8,""""work_focus_low_vocal"""":0.75}""",fade_into_inner_space,0.85,冷调合成器与深远混响包裹着克制的人声，营造出内省而忧郁的氛围
まるで幻の月をみていたような,mol-74,dreamy;nostalgic;melancholic,soft_synth;reverb_heavy;vocal_breath;ambient_pad,,0.35,0.4,0.4,0.5,0.3,0.6,0.7,ja,1,japanese_indie,"""{""""deep_night_introspective"""":0.85,""""night_clear_lonely"""":0.8,""""evening_city_walk"""":0.75}""",fade_into_inner_space,0.85,梦幻的合成器与混响人声，营造出怀旧而忧郁的夜晚氛围
Claude Debussy: Suite bergamasque,L. 75 - Clair de lune,introspective;dreamy;melancholic,piano;cinematic;minimal,,0.15,0.4,0.2,0.5,0.1,0,0.8,instrumental,0,classical,"""{""""deep_night_introspective"""":0.9,""""night_clear_lonely"""":0.85,""""work_focus_low_vocal"""":0.8}""",slow_opening,0.95,德彪西经典钢琴独奏，月光般朦胧而内省，极低的能量与律动感
ocean eyes,Billie Eilish,dreamy;melancholic;introspective,soft_synth;vocal_breath;reverb_heavy;minimal,,0.25,0.35,0.3,0.4,0.2,0.75,0.65,en,1,alt_pop,"""{""""deep_night_introspective"""":0.85,""""night_clear_lonely"""":0.8,""""work_focus_low_vocal"""":0.7}""",fade_into_inner_space,0.9,Billie Eilish 标志性的低语式人声与极简合成器，营造出梦幻而忧郁的内省氛围
All Time,Close Talker,introspective;melancholic;restrained,acoustic;string;reverb_heavy;vocal_breath,,0.3,0.35,0.4,0.45,0.25,0.6,0.7,en,1,indie_folk,"""{""""deep_night_introspective"""":0.85,""""night_rain_humid"""":0.8,""""work_focus_low_vocal"""":0.75}""",fade_into_inner_space,0.85,木吉他与人声交织，混响深远，营造内省而克制的氛围
너무너무너무,I.O.I,warm;hopeful;nostalgic,acoustic;vocal_breath;soft_synth,,0.55,0.6,0.5,0.65,0.5,0.75,0.5,ko,1,k_pop,"""{""""morning_clear_light"""":0.7,""""afternoon_warm_idle"""":0.65,""""weekend_slow"""":0.6}""",slow_opening,0.85,I.O.I 的青春活力与温暖声线，木吉他伴奏带来怀旧与希望感
Generate (Original Mix),Eric Prydz,urban;restless;hopeful,soft_synth;cold_synth;reverb_heavy,,0.7,0.6,0.7,0.4,0.8,0,0.5,instrumental,0,progressive_house,"""{""""evening_city_walk"""":0.85,""""deep_night_introspective"""":0.7,""""user_requested_explore"""":0.8}""",city_to_inner_room,0.85,渐进式浩室曲目，高能量律动与冷调合成器营造出都市夜晚的躁动与期待
"""My Heart Will Go On - Love Theme from """"""""Titanic""""""""""",Céline Dion,nostalgic;bittersweet;hopeful,string;vocal_breath;cinematic;piano,,0.55,0.6,0.6,0.65,0.35,0.85,0.8,en,1,adult_contemporary,"""{""""evening_city_walk"""":0.8,""""deep_night_introspective"""":0.75,""""night_rain_humid"""":0.7}""",slow_opening,0.9,Céline Dion 标志性的磅礴人声与弦乐编排，怀旧而充满希望，能量略高于王菲《红豆》
莲花,龙宽九段,dreamy;nostalgic;unresolved,soft_synth;ambient_pad;vocal_breath;electric_distant,,0.35,0.4,0.45,0.5,0.3,0.6,0.65,zh,1,art_pop,"""{""""evening_city_walk"""":0.8,""""deep_night_introspective"""":0.75,""""night_rain_humid"""":0.7}""",city_to_inner_room,0.85,梦幻合成器与人声交织，带有怀旧与未解的情绪，适合都市夜晚的内省场景
Make you happy,NiziU,warm;hopeful;clear,soft_synth;vocal_breath;acoustic,,0.65,0.7,0.55,0.6,0.6,0.8,0.4,ja,1,j_pop,"""{""""morning_clear_light"""":0.8,""""afternoon_warm_idle"""":0.7,""""weekend_slow"""":0.65}""",slow_opening,0.85,明亮的J-Pop曲风，温暖人声与轻快节奏传递出清新希望感
Fly Me to the Moon,Julie London,warm;sensual;nostalgic,jazz_brush;vocal_breath;acoustic,,0.3,0.55,0.35,0.7,0.3,0.75,0.45,en,1,jazz,"""{""""evening_city_walk"""":0.8,""""afternoon_warm_idle"""":0.75,""""weekend_slow"""":0.7}""",slow_opening,0.9,Julie London 慵懒温暖的声线搭配爵士鼓刷与木吉他，营造出怀旧而感性的氛围
Blick Sum (feat. Playboi Carti),Latto,urban;restless;bittersweet,soft_synth;electric_distant;vocal_breath,,0.6,0.55,0.65,0.5,0.65,0.8,0.55,en,1,hip_hop,"""{""""evening_city_walk"""":0.8,""""deep_night_introspective"""":0.7,""""user_requested_explore"""":0.75}""",city_to_inner_room,0.85,都市感强烈的嘻哈曲目，Latto 与 Playboi Carti 的人声交织，节奏有力但带有不安与怀旧情绪
Highlights of Void,Boduf Songs,introspective;melancholic;restrained,minimal;ambient_pad;field_recording;reverb_heavy,,0.2,0.25,0.3,0.3,0.15,0,0.8,instrumental,0,ambient_drone,"""{""""deep_night_introspective"""":0.9,""""night_rain_humid"""":0.85,""""work_focus_low_vocal"""":0.8}""",fade_into_inner_space,0.85,极简氛围声景，空旷的混响与田野录音营造出内省而疏离的黑暗质感
北京 北京 (Live),陈羽凡,melancholic;urban;restless,acoustic;electric_distant;vocal_breath,,0.6,0.4,0.6,0.5,0.5,0.8,0.75,zh,1,chinese_rock,"""{""""evening_city_walk"""":0.85,""""deep_night_introspective"""":0.8,""""night_clear_lonely"""":0.75}""",city_to_inner_room,0.9,现场版摇滚，粗粝的声线与城市意象交织，充满漂泊与不安的沉重感
Into The Heart,Mirrors,introspective;melancholic;restrained,cold_synth;reverb_heavy;electric_distant;minimal,,0.25,0.3,0.35,0.3,0.2,0,0.7,instrumental,0,synthpop,"""{""""deep_night_introspective"""":0.85,""""night_clear_lonely"""":0.8,""""work_focus_low_vocal"""":0.75}""",fade_into_inner_space,0.85,冷调合成器与深远混响营造内省而克制的氛围，适合深夜独处
這樣愛你好可怕,林凡,melancholic;bittersweet;restrained,piano;string;vocal_breath,,0.35,0.4,0.45,0.5,0.3,0.7,0.75,zh,1,mandopop,"""{""""evening_city_walk"""":0.8,""""deep_night_introspective"""":0.75,""""night_rain_humid"""":0.7}""",slow_opening,0.85,林凡的声线带着克制与苦涩，钢琴和弦乐编织出忧郁而隐忍的情感氛围
Broken Days,Lycia,melancholic;lonely;introspective,cold_synth;reverb_heavy;ambient_pad;electric_distant,,0.25,0.2,0.4,0.3,0.15,0.4,0.8,en,1,darkwave,"""{""""deep_night_introspective"""":0.9,""""night_rain_humid"""":0.85,""""night_clear_lonely"""":0.8}""",late_night_descent,0.9,冷调合成器与深远混响营造出黑暗、孤独、内省的氛围，人声低沉而疏离
"""Piano Concerto No. 2 in C Minor, Op. 18: 2. Adagio sostenuto""",Sergei Rachmaninoff,introspective;melancholic;restrained,piano;string;cinematic;minimal,,0.15,0.3,0.4,0.5,0.1,0,0.85,instrumental,0,classical,"""{""""deep_night_introspective"""":0.9,""""work_focus_low_vocal"""":0.85,""""night_rain_humid"""":0.8}""",slow_opening,0.95,拉赫玛尼诺夫第二钢琴协奏曲的慢板乐章，钢琴与弦乐交织出深沉内省的情感，缓慢而克制
Clear Water,Robert Haigh,clear;restrained;introspective,piano;minimal;reverb_heavy,,0.15,0.55,0.2,0.4,0.1,0,0.6,instrumental,0,modern_classical,"""{""""work_focus_low_vocal"""":0.85,""""deep_night_introspective"""":0.8,""""morning_clear_light"""":0.75}""",slow_opening,0.85,极简钢琴独奏，清澈而克制，混响营造出内省的空间感
The Poets,Fabian Almazan Trio,introspective;restrained;bittersweet,piano;acoustic;jazz_brush;minimal,,0.3,0.45,0.35,0.5,0.3,0,0.7,instrumental,0,jazz,"""{""""work_focus_low_vocal"""":0.85,""""deep_night_introspective"""":0.8,""""night_rain_humid"""":0.75}""",slow_opening,0.85,爵士钢琴三重奏，内省而克制，钢琴主导搭配刷镲与低音提琴，营造出淡淡的苦涩与沉思氛围
I'm Not in Love,10cc,detached;melancholic;bittersweet,soft_synth;vocal_breath;reverb_heavy;ambient_pad,,0.25,0.3,0.4,0.35,0.2,0.6,0.7,en,1,art_rock,"""{""""deep_night_introspective"""":0.85,""""night_rain_humid"""":0.8,""""work_focus_low_vocal"""":0.75}""",fade_into_inner_space,0.9,标志性的多层人声与冷调合成器，营造出疏离而怀旧的氛围
有你的快樂,王若琳,warm;nostalgic;bittersweet,acoustic;jazz_brush;vocal_breath;soft_synth,,0.35,0.5,0.4,0.7,0.35,0.6,0.55,zh,1,jazz,"""{""""afternoon_warm_idle"""":0.85,""""evening_city_walk"""":0.8,""""weekend_slow"""":0.75}""",soft_focus_work,0.9,王若琳慵懒温暖的声线搭配爵士吉他与轻刷鼓，营造出怀旧而略带苦涩的午后氛围
儚さ(Symphonic Arrange),倉木麻衣,melancholic;dreamy;bittersweet,string;piano;cinematic;reverb_heavy,,0.4,0.45,0.55,0.5,0.3,0.6,0.7,ja,1,j_pop,"""{""""evening_city_walk"""":0.8,""""deep_night_introspective"""":0.75,""""night_rain_humid"""":0.7}""",slow_opening,0.85,交响编曲版本，弦乐与钢琴交织，仓木麻衣的声线带来梦幻而略带哀愁的质感
Ain't No Mountain High Enough,Vol. 2 (More Music from the Motion Picture),hopeful;warm;nostalgic,acoustic;string;vocal_breath,,0.7,0.75,0.6,0.7,0.65,0.8,0.6,en,1,soul,"""{""""morning_clear_light"""":0.85,""""afternoon_warm_idle"""":0.8,""""evening_city_walk"""":0.75}""",slow_opening,0.85,经典灵魂乐，充满希望与温暖的人声和管弦乐编排，能量较高但不过分
Indestructible,Robyn,restless;urban;hopeful,soft_synth;cold_synth;vocal_breath,,0.65,0.6,0.65,0.4,0.7,0.8,0.5,en,1,synthpop,"""{""""evening_city_walk"""":0.8,""""deep_night_introspective"""":0.7,""""user_requested_explore"""":0.75}""",city_to_inner_room,0.85,Robyn 的合成器流行曲，都市感强烈，节奏明快但带有内省情绪
Everything I Have,Paul Tynan,warm;nostalgic;hopeful,acoustic;jazz_brush;string;vocal_breath,,0.35,0.55,0.4,0.7,0.35,0.6,0.5,en,1,jazz,"""{""""morning_clear_light"""":0.8,""""afternoon_warm_idle"""":0.75,""""evening_city_walk"""":0.7}""",soft_focus_work,0.85,温暖的爵士风格，木吉他、弦乐与轻柔人声交织，怀旧而充满希望
ギミチョコ!!,BABYMETAL,restless;urban;unresolved,electric_distant;cold_synth;cinematic,,0.85,0.7,0.9,0.2,0.9,0.8,0.3,ja,1,metal,"""{""""evening_city_walk"""":0.5,""""night_clear_lonely"""":0.4,""""user_requested_explore"""":0.5}""",city_to_inner_room,0.85,高速金属Riff与电子元素结合，能量极高但情感冷淡，适合都市不安场景
"""Love Theme From """"Spartucus""""""",akiko,nostalgic;melancholic;warm,piano;string;vocal_breath;cinematic,,0.35,0.45,0.4,0.6,0.2,0.5,0.75,en,1,jazz,"""{""""evening_city_walk"""":0.8,""""night_clear_lonely"""":0.75,""""deep_night_introspective"""":0.7}""",slow_opening,0.85,钢琴与弦乐交织的爵士抒情，akiko 的轻柔人声带来怀旧与温暖的忧郁感
Harajuku Girls,Gwen Stefani,urban;restless;hopeful,soft_synth;electric_distant;vocal_breath,,0.65,0.7,0.6,0.5,0.7,0.8,0.4,en,1,pop,"""{""""evening_city_walk"""":0.8,""""user_requested_explore"""":0.75,""""morning_clear_light"""":0.65}""",city_to_inner_room,0.85,都市流行风格，合成器与节奏驱动，充满活力与探索感，但情感较轻
Games For Two,Ryan Teague,introspective;restrained;melancholic,piano;minimal;cinematic;string,,0.2,0.3,0.25,0.35,0.15,0,0.7,instrumental,0,modern_classical,"""{""""work_focus_low_vocal"""":0.85,""""deep_night_introspective"""":0.8,""""night_rain_humid"""":0.75}""",slow_opening,0.85,钢琴与弦乐交织的极简古典作品，克制而内省，带有淡淡的忧郁
Enjoy the Silence,Carla Bruni,warm;nostalgic;bittersweet,acoustic;vocal_breath;string,,0.35,0.5,0.4,0.6,0.3,0.7,0.65,en,1,chanson,"""{""""evening_city_walk"""":0.8,""""morning_clear_light"""":0.7,""""weekend_slow"""":0.75}""",slow_opening,0.85,Carla Bruni 的慵懒声线搭配木吉他，将原曲的冷峻转化为温暖怀旧的香颂质感
You Say,Anthem Lights,warm;hopeful;nostalgic,acoustic;vocal_breath;string,,0.4,0.55,0.45,0.65,0.35,0.7,0.6,en,1,christian_pop,"""{""""morning_clear_light"""":0.8,""""weekend_slow"""":0.75,""""work_focus_low_vocal"""":0.7}""",slow_opening,0.85,温暖的人声与木吉他编排，传递希望与怀旧的治愈感
Lover Man (Jazzelicious Remix),Sarah Vaughan,warm;sensual;nostalgic,jazz_brush;vocal_breath;soft_synth;reverb_heavy,,0.35,0.5,0.4,0.7,0.3,0.75,0.6,en,1,jazz,"""{""""evening_city_walk"""":0.8,""""afternoon_warm_idle"""":0.75,""""deep_night_introspective"""":0.7}""",afterglow_fading,0.85,Sarah Vaughan 温暖醇厚的人声搭配爵士刷子和软合成器，营造出怀旧而感性的氛围
"""The Planets, Op. 32:5. Saturn, the Bringer of Old Age""",Herbert von Karajan / Berliner Philharmoniker,introspective;melancholic;restrained,string;cinematic;minimal;ambient_pad,,0.25,0.3,0.5,0.35,0.15,0,0.8,instrumental,0,classical,"""{""""deep_night_introspective"""":0.85,""""work_focus_low_vocal"""":0.8,""""night_rain_humid"""":0.75}""",slow_opening,0.9,缓慢而庄严的弦乐与管弦乐编排，充满内省与时间流逝的沉重感
Tansman: Musique de cour d'après Robert de Visée: I. Entrée,Alexandre Tansman,restrained;clear;nostalgic,acoustic;minimal;cinematic,,0.2,0.5,0.25,0.45,0.2,0,0.5,instrumental,0,classical,"""{""""morning_clear_light"""":0.85,""""work_focus_low_vocal"""":0.8,""""afternoon_warm_idle"""":0.75}""",slow_opening,0.85,古典吉他独奏，巴洛克风格改编，清晰克制且带有怀旧宫廷气质
少女的祈祷,Kiss Me Soft,warm;nostalgic;hopeful,acoustic;vocal_breath;string,,0.4,0.55,0.45,0.65,0.35,0.65,0.6,zh,1,mandopop,"""{""""evening_city_walk"""":0.75,""""morning_clear_light"""":0.7,""""weekend_slow"""":0.7}""",slow_opening,0.85,温暖声线搭配木吉他与弦乐，怀旧中带着希望，适合轻柔抒情场景
還是會寂寞,陳綺貞,nostalgic;warm;bittersweet,acoustic;vocal_breath;string;piano,,0.4,0.5,0.4,0.6,0.3,0.7,0.65,zh,1,mandopop,"""{""""evening_city_walk"""":0.8,""""weekend_slow"""":0.75,""""night_rain_humid"""":0.7}""",slow_opening,0.9,陳綺貞溫暖的木吉他與輕柔人聲，交織出懷舊而略帶苦澀的抒情氛圍
天行く月を　網に刺し,Whisper Records,dreamy;misty;restrained,ambient_pad;field_recording;minimal;reverb_heavy,,0.2,0.3,0.25,0.4,0.1,0,0.6,instrumental,0,ambient,"""{""""deep_night_introspective"""":0.85,""""night_rain_humid"""":0.8,""""work_focus_low_vocal"""":0.75}""",fade_into_inner_space,0.85,氛围声景，朦胧的田野录音与深远混响，营造出梦幻而克制的内省空间
Constellation,Sin Fang,dreamy;misty;introspective,ambient_pad;soft_synth;reverb_heavy;minimal,,0.25,0.35,0.3,0.45,0.2,0,0.6,instrumental,0,ambient,"""{""""deep_night_introspective"""":0.85,""""night_clear_lonely"""":0.8,""""work_focus_low_vocal"""":0.75}""",fade_into_inner_space,0.85,梦幻氛围电子，柔和合成器与深远混响营造出朦胧内省的星空感
Morning (Peer Gynt),André Rieu,clear;warm;hopeful,string;acoustic;cinematic,,0.3,0.7,0.4,0.6,0.25,0,0.4,instrumental,0,classical,"""{""""morning_clear_light"""":0.9,""""morning_cloudy_slow"""":0.8,""""afternoon_warm_idle"""":0.7}""",slow_opening,0.9,经典管弦乐作品，明亮温暖的弦乐描绘清晨的宁静与希望
海上花,甄妮,nostalgic;warm;bittersweet,string;vocal_breath;piano;reverb_heavy,,0.4,0.5,0.45,0.6,0.3,0.7,0.65,zh,1,mandopop,"""{""""evening_city_walk"""":0.8,""""night_rain_humid"""":0.75,""""weekend_slow"""":0.7}""",slow_opening,0.85,甄妮深情演绎的经典老歌，弦乐与钢琴交织，怀旧中带着淡淡的苦涩与温暖
This Night,Future Of Forestry,dreamy;nostalgic;hopeful,soft_synth;reverb_heavy;vocal_breath;electric_distant,,0.4,0.5,0.45,0.55,0.4,0.6,0.6,en,1,dream_pop,"""{""""evening_city_walk"""":0.8,""""deep_night_introspective"""":0.75,""""night_clear_lonely"""":0.7}""",city_to_inner_room,0.85,梦幻合成器与深远混响，人声轻柔，营造出怀旧而充满希望的夜晚氛围
Scandinavian Lullaby,John Law,introspective;melancholic;restrained,piano;minimal;cinematic,,0.15,0.3,0.2,0.35,0.1,0,0.8,instrumental,0,modern_classical,"""{""""work_focus_low_vocal"""":0.9,""""deep_night_introspective"""":0.85,""""night_rain_humid"""":0.8}""",slow_opening,0.9,极简钢琴摇篮曲，缓慢而克制，充满北欧式的内省与留白
Sermon (feat. Margo Price),Mercury Rev,dreamy;nostalgic;bittersweet,acoustic;string;vocal_breath;ambient_pad,,0.35,0.45,0.4,0.55,0.3,0.6,0.65,en,1,dream_pop,"""{""""morning_cloudy_slow"""":0.8,""""evening_city_walk"""":0.75,""""deep_night_introspective"""":0.7}""",slow_opening,0.85,梦幻流行风格，木吉他与弦乐交织，Margo Price 的人声带来怀旧而略带苦涩的温暖感
Waltz in A Minor “Found in New York” - 2024 World Premiere Recording,Frédéric Chopin,introspective;melancholic;restrained,piano;minimal;cinematic,,0.15,0.3,0.2,0.35,0.2,0,0.8,instrumental,0,classical,"""{""""work_focus_low_vocal"""":0.85,""""deep_night_introspective"""":0.8,""""night_rain_humid"""":0.75}""",slow_opening,0.95,肖邦的A小调圆舞曲，钢琴独奏，旋律忧郁而克制，充满古典内省与留白
Numb / Encore,JAŸ-Z,urban;restless;hopeful,electric_distant;soft_synth;vocal_breath,,0.6,0.5,0.65,0.4,0.6,0.8,0.5,en,1,hip_hop,"""{""""evening_city_walk"""":0.8,""""work_focus_low_vocal"""":0.6,""""deep_night_introspective"""":0.7}""",city_to_inner_room,0.85,都市感强烈的嘻哈，合成器与电声营造出不安与期待交织的氛围
Say Something,A Great Big World,melancholic;bittersweet;restrained,piano;string;vocal_breath,,0.25,0.3,0.35,0.4,0.2,0.6,0.8,en,1,pop,"""{""""deep_night_introspective"""":0.85,""""night_rain_humid"""":0.8,""""work_focus_low_vocal"""":0.7}""",slow_opening,0.9,钢琴与弦乐铺垫的抒情慢歌，人声脆弱而克制，充满不舍与忧伤
Shadows,Roosevelt,urban;nostalgic;dreamy,soft_synth;reverb_heavy;electric_distant,,0.55,0.5,0.55,0.45,0.5,0,0.5,instrumental,0,synthpop,"""{""""evening_city_walk"""":0.85,""""deep_night_introspective"""":0.8,""""work_focus_low_vocal"""":0.75}""",city_to_inner_room,0.85,复古合成器与深远混响营造出都市夜晚的梦幻怀旧感，能量中等偏上，适合城市漫步或内省场景
Café Amarillo,Local Natives,warm;nostalgic;dreamy,acoustic;vocal_breath;soft_synth;reverb_heavy,,0.4,0.55,0.45,0.7,0.35,0.6,0.55,en,1,indie_folk,"""{""""morning_clear_light"""":0.8,""""afternoon_warm_idle"""":0.75,""""evening_city_walk"""":0.7}""",slow_opening,0.85,温暖的木吉他与人声，混响营造出怀旧而梦幻的清晨氛围
My Reverie,Laurindo Almeida,dreamy;warm;nostalgic,acoustic;string;jazz_brush;minimal,,0.25,0.5,0.3,0.7,0.2,0,0.5,instrumental,0,jazz,"""{""""morning_clear_light"""":0.8,""""afternoon_warm_idle"""":0.85,""""work_focus_low_vocal"""":0.75}""",soft_focus_work,0.85,尼龙弦吉他与轻柔爵士鼓刷营造出温暖梦幻的怀旧氛围，适合午后闲适或专注工作
Forever,Tracey Chattaway,dreamy;nostalgic;hopeful,soft_synth;ambient_pad;vocal_breath;reverb_heavy,,0.35,0.5,0.4,0.55,0.3,0.6,0.6,en,1,ambient_pop,"""{""""morning_cloudy_slow"""":0.8,""""evening_city_walk"""":0.75,""""deep_night_introspective"""":0.7}""",soft_focus_work,0.85,梦幻合成器与人声交织，怀旧而充满希望的氛围，适合轻柔背景聆听
如歌的行板,波希米娅女子合唱团,nostalgic;warm;melancholic,acoustic;string;vocal_breath;cinematic,,0.35,0.5,0.4,0.6,0.3,0.6,0.7,zh,1,choral,"""{""""evening_city_walk"""":0.8,""""weekend_slow"""":0.75,""""night_clear_lonely"""":0.7}""",slow_opening,0.85,女声合唱团演绎的抒情作品，温暖怀旧中带一丝忧郁，弦乐与木管交织出诗意氛围
Motley Crew,Post Malone,restless;urban;hopeful,electric_distant;soft_synth;vocal_breath,,0.7,0.6,0.65,0.5,0.7,0.8,0.5,en,1,hip_hop,"""{""""evening_city_walk"""":0.7,""""user_requested_explore"""":0.65,""""weekend_slow"""":0.6}""",city_to_inner_room,0.85,Post Malone 的嘻哈风格，带有都市躁动感和希望，能量较高但不过度
美人魚,林俊傑,dreamy;nostalgic;bittersweet,piano;string;vocal_breath;reverb_heavy,,0.4,0.5,0.45,0.55,0.3,0.7,0.65,zh,1,mandopop,"""{""""evening_city_walk"""":0.8,""""night_clear_lonely"""":0.75,""""deep_night_introspective"""":0.7}""",slow_opening,0.85,林俊杰的抒情流行，钢琴与弦乐营造梦幻怀旧氛围，人声充满情感张力
Xian (Remaster),Antti Martikainen,introspective;melancholic;restrained,piano;cinematic;minimal;string,,0.15,0.3,0.2,0.35,0.1,0,0.8,instrumental,0,modern_classical,"""{""""work_focus_low_vocal"""":0.85,""""deep_night_introspective"""":0.9,""""night_rain_humid"""":0.75}""",slow_opening,0.9,钢琴与弦乐交织的极简古典作品，内省而克制，情感沉重但能量极低
Luv (sic) Grand Finale (feat. Shing02),Nujabes / Shing02,nostalgic;bittersweet;hopeful,lofi_dust;piano;jazz_brush;vocal_breath,,0.45,0.5,0.5,0.6,0.4,0.7,0.75,en,1,jazz_hop,"""{""""evening_city_walk"""":0.85,""""deep_night_introspective"""":0.8,""""work_focus_low_vocal"""":0.75}""",city_to_inner_room,0.9,Nujabes标志性的lo-fi爵士鼓与钢琴采样，搭配Shing02的叙事性说唱，营造出怀旧而温暖的都市夜晚氛围
Cafe Moskau,Sir Hiss,urban;nostalgic;dreamy,soft_synth;lofi_dust;ambient_pad;reverb_heavy,,0.35,0.45,0.4,0.55,0.3,0,0.45,instrumental,0,lo_fi,"""{""""evening_city_walk"""":0.85,""""work_focus_low_vocal"""":0.8,""""morning_cloudy_slow"""":0.75}""",city_to_inner_room,0.85,软合成器与 lo-fi 质感营造出都市怀旧氛围，适合漫步或专注场景
暗处,张艾嘉,introspective;melancholic;restrained,piano;string;reverb_heavy,,0.25,0.3,0.35,0.4,0.2,0.6,0.75,zh,1,mandopop,"""{""""deep_night_introspective"""":0.85,""""night_rain_humid"""":0.75,""""work_focus_low_vocal"""":0.7}""",fade_into_inner_space,0.85,张艾嘉低沉人声与钢琴弦乐交织，内省而克制，适合深夜独自聆听
Vivre Pour Vivre,Francis Lai,nostalgic;warm;bittersweet,piano;string;cinematic;vocal_breath,,0.35,0.5,0.4,0.6,0.3,0.4,0.7,fr,1,film_score,"""{""""evening_city_walk"""":0.8,""""deep_night_introspective"""":0.75,""""morning_cloudy_slow"""":0.7}""",slow_opening,0.85,Francis Lai 标志性的电影配乐风格，钢琴与弦乐交织，怀旧而温暖，带有一丝苦涩的甜美
水星 (Young & Fresh mix),tofubeats,urban;hopeful;clear,soft_synth;lofi_dust;electric_distant,,0.55,0.6,0.5,0.5,0.6,0,0.4,instrumental,0,electronic,"""{""""evening_city_walk"""":0.85,""""work_focus_low_vocal"""":0.8,""""morning_clear_light"""":0.7}""",city_to_inner_room,0.85,tofubeats 的轻快电子节拍与明亮合成器，营造出都市清新感与律动
Black Hill,Stephan Micus,introspective;lonely;restrained,minimal;field_recording;ambient_pad,,0.15,0.25,0.2,0.3,0.1,0,0.8,instrumental,0,ambient,"""{""""deep_night_introspective"""":0.9,""""night_rain_humid"""":0.85,""""work_focus_low_vocal"""":0.8}""",afterglow_fading,0.9,极简乐器与田野录音交织，营造出孤寂而内省的空灵氛围
Shivers (feat. Jessi & SUNMI),Ed Sheeran,urban;restless;hopeful,soft_synth;vocal_breath;electric_distant,,0.65,0.6,0.55,0.5,0.6,0.8,0.5,en,1,pop,"""{""""evening_city_walk"""":0.75,""""user_requested_explore"""":0.7,""""weekend_slow"""":0.65}""",city_to_inner_room,0.8,Ed Sheeran 的流行曲风，带有都市感和轻微不安，但整体明亮有希望
Bawling,Primary,melancholic;lonely;introspective,piano;reverb_heavy;vocal_breath;string,,0.25,0.3,0.35,0.4,0.2,0.6,0.75,en,1,art_pop,"""{""""deep_night_introspective"""":0.85,""""night_rain_humid"""":0.8,""""work_focus_low_vocal"""":0.7}""",fade_into_inner_space,0.85,钢琴与弦乐铺垫，人声带着呼吸感与混响，营造出内省而忧郁的氛围
Papers and Pens,Egil Olsen,introspective;melancholic;restrained,acoustic;minimal;vocal_breath,,0.25,0.3,0.25,0.4,0.2,0.6,0.7,en,1,indie_folk,"""{""""work_focus_low_vocal"""":0.85,""""deep_night_introspective"""":0.8,""""morning_cloudy_slow"""":0.75}""",slow_opening,0.85,Egil Olsen 的极简民谣，木吉他与人声克制而内省，适合低能量专注场景
There You'll Be - 2007 Remaster,Faith Hill,nostalgic;warm;hopeful,string;vocal_breath;cinematic,,0.55,0.6,0.55,0.7,0.4,0.8,0.75,en,1,country_pop,"""{""""morning_clear_light"""":0.8,""""evening_city_walk"""":0.75,""""weekend_slow"""":0.7}""",slow_opening,0.85,Faith Hill 的温暖声线与弦乐编排，怀旧而充满希望，能量略高于中等抒情
Perfect Night (GoingDeeper Remix),GoingDeeper,dreamy;urban;warm,soft_synth;ambient_pad;lofi_dust;reverb_heavy,,0.35,0.45,0.4,0.55,0.3,0,0.45,instrumental,0,lo_fi,"""{""""evening_city_walk"""":0.85,""""work_focus_low_vocal"""":0.8,""""night_clear_lonely"""":0.75}""",city_to_inner_room,0.85,GoingDeeper 的 lo-fi 混音，软合成器与氛围垫营造出温暖梦幻的都市夜晚质感
Sailing,Christopher Cross,nostalgic;warm;hopeful,soft_synth;acoustic;vocal_breath;string,,0.4,0.55,0.45,0.65,0.35,0.7,0.55,en,1,yacht_rock,"""{""""evening_city_walk"""":0.85,""""morning_clear_light"""":0.75,""""weekend_slow"""":0.7}""",slow_opening,0.9,经典软摇滚，温暖的人声与弦乐交织，怀旧而充满希望的海上航行意象
Don't Say (Felix Palmqvist & Severo Remix),Felix Palmqvist,restless;urban;hopeful,soft_synth;cold_synth;electric_distant,,0.65,0.55,0.6,0.4,0.7,0,0.45,instrumental,0,electronic,"""{""""evening_city_walk"""":0.8,""""deep_night_introspective"""":0.7,""""user_requested_explore"""":0.75}""",city_to_inner_room,0.85,Remix 版本以冷调合成器和律动节奏为主，营造出都市夜晚的躁动与期待感
花心 (Live),苏见信 (信),restless;melancholic;bittersweet,acoustic;vocal_breath;cinematic,,0.6,0.5,0.55,0.5,0.5,0.85,0.7,zh,1,mandopop,"""{""""evening_city_walk"""":0.8,""""deep_night_introspective"""":0.75,""""night_rain_humid"""":0.7}""",slow_opening,0.85,信的高亢声线在live中充满情感张力，木吉他伴奏带来怀旧与不安交织的质感
Mirage,Segue,dreamy;misty;restrained,ambient_pad;soft_synth;minimal,,0.2,0.35,0.25,0.4,0.15,0,0.5,instrumental,0,ambient,"""{""""work_focus_low_vocal"""":0.85,""""morning_cloudy_slow"""":0.8,""""deep_night_introspective"""":0.75}""",soft_focus_work,0.85,氛围电子作品，软合成器与极简铺底营造出朦胧梦幻的声景
Trouble Sleeping,The Perishers,melancholic;restrained;lonely,acoustic;vocal_breath;string;minimal,,0.25,0.3,0.35,0.4,0.2,0.6,0.75,en,1,indie_folk,"""{""""deep_night_introspective"""":0.85,""""night_rain_humid"""":0.8,""""work_focus_low_vocal"""":0.7}""",late_night_descent,0.9,轻柔的木吉他与人声，缓慢而克制，充满失眠夜的孤独与内省
Anti-Body,FACS,restless;detached;unresolved,electric_distant;cold_synth;minimal;reverb_heavy,,0.4,0.3,0.5,0.2,0.4,0.2,0.6,en,1,post_punk,"""{""""deep_night_introspective"""":0.8,""""night_clear_lonely"""":0.75,""""work_focus_low_vocal"""":0.7}""",city_to_inner_room,0.85,冷峻的电吉他与人声，稀疏而紧张，充满后朋克的不安与疏离感
Vision,Shook,dreamy;restrained;unresolved,soft_synth;ambient_pad;reverb_heavy,,0.25,0.35,0.3,0.4,0.2,0,0.6,instrumental,0,ambient,"""{""""deep_night_introspective"""":0.85,""""night_clear_lonely"""":0.8,""""work_focus_low_vocal"""":0.75}""",fade_into_inner_space,0.85,柔和合成器与深远混响营造出梦幻而克制的氛围，能量低但情感重量适中，适合内省场景
Another Day,This Mortal Coil,melancholic;dreamy;restrained,reverb_heavy;vocal_breath;string;ambient_pad,,0.25,0.3,0.35,0.4,0.2,0.6,0.75,en,1,dream_pop,"""{""""deep_night_introspective"""":0.85,""""night_rain_humid"""":0.8,""""work_focus_low_vocal"""":0.7}""",fade_into_inner_space,0.9,梦幻流行经典，厚重混响与人声呼吸感交织，弦乐铺底营造出忧郁而克制的氛围
Walkway Blues,M83 / Jordan Lawlor,urban;restless;nostalgic,soft_synth;reverb_heavy;electric_distant;ambient_pad,,0.55,0.5,0.6,0.45,0.5,0.6,0.6,en,1,synthpop,"""{""""evening_city_walk"""":0.85,""""deep_night_introspective"""":0.8,""""night_clear_lonely"""":0.75}""",city_to_inner_room,0.85,M83标志性的梦幻合成器与深远混响，营造出都市夜晚的躁动与怀旧感
thesapientdream,thesapientdream,dreamy;misty;introspective,ambient_pad;reverb_heavy;minimal;field_recording,,0.2,0.3,0.25,0.4,0.1,0,0.6,instrumental,0,ambient,"""{""""work_focus_low_vocal"""":0.85,""""deep_night_introspective"""":0.8,""""night_rain_humid"""":0.75}""",soft_focus_work,0.85,氛围电子作品，空旷的合成器铺底与混响营造出梦幻而内省的声景
Psycho Killer,Talking Heads,restless;urban;unresolved,electric_distant;minimal;vocal_breath,,0.7,0.55,0.6,0.3,0.65,0.75,0.6,en,1,art_rock,"""{""""evening_city_walk"""":0.7,""""deep_night_introspective"""":0.6,""""user_requested_explore"""":0.65}""",city_to_inner_room,0.85,不安的贝斯线与人声，都市焦虑与悬而未决的情绪，能量中等偏高但质感冷峻
endless,Oklou,dreamy;misty;restrained,soft_synth;ambient_pad;vocal_breath;reverb_heavy,,0.35,0.4,0.35,0.45,0.3,0.6,0.5,en,1,art_pop,"""{""""deep_night_introspective"""":0.85,""""night_clear_lonely"""":0.8,""""work_focus_low_vocal"""":0.75}""",fade_into_inner_space,0.85,梦幻合成器与轻柔人声交织，朦胧而克制，适合深夜内省场景
流光飞舞 (粤语),陈淑桦,nostalgic;warm;bittersweet,string;piano;vocal_breath;cinematic,,0.4,0.55,0.5,0.65,0.35,0.7,0.65,zh,1,mandopop,"""{""""evening_city_walk"""":0.8,""""night_clear_lonely"""":0.75,""""weekend_slow"""":0.7}""",slow_opening,0.85,陈淑桦温润的粤语声线搭配弦乐与钢琴，怀旧中带着淡淡的惆怅与温暖
Pastoral,Laroca,warm;nostalgic;clear,acoustic;string;jazz_brush;vocal_breath,,0.35,0.6,0.4,0.7,0.3,0,0.5,instrumental,0,jazz,"""{""""morning_clear_light"""":0.85,""""afternoon_warm_idle"""":0.8,""""work_focus_low_vocal"""":0.75}""",soft_focus_work,0.85,温暖的木吉他、弦乐与爵士刷奏，营造出田园般的明亮怀旧氛围
If I Die Young,The Band Perry,melancholic;nostalgic;bittersweet,acoustic;string;vocal_breath,,0.35,0.4,0.4,0.5,0.3,0.7,0.75,en,1,country_pop,"""{""""deep_night_introspective"""":0.85,""""night_rain_humid"""":0.8,""""evening_city_walk"""":0.7}""",afterglow_fading,0.85,乡村流行风格，木吉他与人声交织，怀旧而略带悲伤的青春告别
These Are Our Children,I Monster,dreamy;nostalgic;bittersweet,soft_synth;vocal_breath;reverb_heavy;cinematic,,0.35,0.4,0.45,0.5,0.3,0.6,0.65,en,1,trip_hop,"""{""""evening_city_walk"""":0.8,""""deep_night_introspective"""":0.75,""""night_rain_humid"""":0.7}""",city_to_inner_room,0.85,梦幻合成器与轻柔人声交织，怀旧而略带忧伤的 trip-hop 质感，适合夜晚都市漫步
Miniskirt,AOA,urban;restless;sensual,soft_synth;electric_distant;vocal_breath,,0.65,0.6,0.7,0.5,0.7,0.85,0.4,ko,1,k_pop,"""{""""evening_city_walk"""":0.7,""""user_requested_explore"""":0.65,""""night_clear_lonely"""":0.55}""",city_to_inner_room,0.85,K-pop舞曲，合成器驱动，节奏感强，人声突出，带有都市感和性感氛围
如同悲傷被下載了兩次,陳珊妮,melancholic;introspective;bittersweet,piano;string;vocal_breath;reverb_heavy,,0.3,0.35,0.4,0.4,0.2,0.6,0.75,zh,1,art_pop,"""{""""deep_night_introspective"""":0.85,""""night_rain_humid"""":0.8,""""work_focus_low_vocal"""":0.7}""",fade_into_inner_space,0.9,陳珊妮冷冽的聲線與鋼琴弦樂交織，營造出憂鬱內省的氛圍，如同悲傷被反覆下載
I Wanna Be Your Dog,The Stooges,restless;urban;unresolved,electric_distant;grainy;cold_synth,,0.8,0.4,0.7,0.3,0.7,0.6,0.6,en,1,proto_punk,"""{""""evening_city_walk"""":0.5,""""deep_night_introspective"""":0.4,""""night_clear_lonely"""":0.3}""",city_to_inner_room,0.85,原始朋克经典，粗粝的吉他失真与不安的节奏，充满都市反叛与未解决的张力
Road to Toco,Huerta,warm;nostalgic;hopeful,acoustic;string;field_recording,,0.3,0.5,0.35,0.7,0.25,0,0.5,instrumental,0,folk,"""{""""morning_clear_light"""":0.85,""""afternoon_warm_idle"""":0.8,""""weekend_slow"""":0.75}""",soft_focus_work,0.85,温暖的木吉他旋律与田野录音元素，营造出怀旧而充满希望的宁静氛围
The Winter,Balmorhea,introspective;melancholic;restrained,piano;string;minimal;reverb_heavy,,0.2,0.3,0.25,0.35,0.15,0,0.75,instrumental,0,modern_classical,"""{""""work_focus_low_vocal"""":0.85,""""deep_night_introspective"""":0.8,""""night_rain_humid"""":0.75}""",slow_opening,0.9,钢琴与弦乐交织的极简主义器乐，冷冽而内省，如同冬日静谧的沉思
纺呗 -つむぎうた-,鏡音レン / 鏡音リン,nostalgic;melancholic;bittersweet,acoustic;string;vocal_breath;minimal,,0.35,0.4,0.35,0.5,0.3,0.6,0.7,ja,1,j_pop,"""{""""evening_city_walk"""":0.8,""""deep_night_introspective"""":0.75,""""night_rain_humid"""":0.7}""",slow_opening,0.85,镜音铃和连的经典和风抒情曲，木吉他与人声交织，怀旧而略带哀愁
Merry Christmas Mr. Lawrence,Paul Oakenfold,introspective;melancholic;restrained,piano;cinematic;minimal,,0.1,0.3,0.15,0.4,0.1,0,0.85,instrumental,0,modern_classical,"""{""""work_focus_low_vocal"""":0.9,""""deep_night_introspective"""":0.85,""""night_rain_humid"""":0.8}""",slow_opening,0.95,极简钢琴独奏，缓慢而克制，充满内省与留白
My Ball,KenTheMan,urban;restless;sensual,soft_synth;vocal_breath;electric_distant,,0.65,0.55,0.6,0.5,0.7,0.85,0.5,en,1,hip_hop,"""{""""evening_city_walk"""":0.8,""""user_requested_explore"""":0.75,""""deep_night_introspective"""":0.7}""",city_to_inner_room,0.8,都市感强烈的嘻哈曲目，人声主导且带有律动，适合夜晚城市漫步场景
Vakning að elska,Misha Mishenko,dreamy;misty;warm,ambient_pad;soft_synth;field_recording;minimal,,0.25,0.4,0.3,0.55,0.2,0,0.5,instrumental,0,ambient,"""{""""morning_cloudy_slow"""":0.85,""""work_focus_low_vocal"""":0.8,""""deep_night_introspective"""":0.75}""",soft_focus_work,0.85,冰岛氛围作品，软合成器与田野录音营造出梦幻朦胧的温暖声景
A Mozart Reincarnated,Gilda Buttà,introspective;melancholic;restrained,piano;cinematic;minimal,,0.15,0.3,0.2,0.35,0.1,0,0.8,instrumental,0,modern_classical,"""{""""work_focus_low_vocal"""":0.85,""""deep_night_introspective"""":0.8,""""night_rain_humid"""":0.75}""",slow_opening,0.9,钢琴独奏，缓慢而内省，带有古典式的克制与忧郁
"""Elgar: Cello Concerto in E Minor, Op. 85: I. Adagio - Moderato""",Edward Elgar,introspective;melancholic;restrained,string;cinematic;minimal,,0.2,0.3,0.35,0.4,0.15,0,0.85,instrumental,0,classical,"""{""""deep_night_introspective"""":0.9,""""work_focus_low_vocal"""":0.8,""""night_rain_humid"""":0.75}""",slow_opening,0.95,埃尔加大提琴协奏曲开篇，深沉而克制的大提琴独奏，充满内省与悲怆感
Merry Christmas Mr. Lawrence,Kotaro Oshio,introspective;melancholic;restrained,piano;acoustic;minimal,,0.15,0.3,0.2,0.35,0.1,0,0.8,instrumental,0,fingerstyle,"""{""""work_focus_low_vocal"""":0.85,""""deep_night_introspective"""":0.8,""""night_rain_humid"""":0.75}""",slow_opening,0.9,押尾光太郎的指弹吉他改编，保留原曲的静谧与内省，但音色更温暖，能量略高于钢琴原版
未送信の恋,平原綾香,nostalgic;bittersweet;warm,piano;string;vocal_breath,,0.35,0.45,0.4,0.6,0.3,0.65,0.7,ja,1,j_pop,"""{""""evening_city_walk"""":0.8,""""night_clear_lonely"""":0.75,""""deep_night_introspective"""":0.7}""",slow_opening,0.85,平原綾香温暖而略带沙哑的声线，钢琴与弦乐交织出怀旧与苦涩交织的未寄情书氛围
Clouds,Qwerteest,dreamy;misty;restrained,ambient_pad;soft_synth;minimal,,0.2,0.35,0.25,0.45,0.15,0,0.5,instrumental,0,ambient,"""{""""morning_cloudy_slow"""":0.85,""""work_focus_low_vocal"""":0.8,""""deep_night_introspective"""":0.75}""",soft_focus_work,0.85,轻柔的氛围铺底，如同云层般朦胧而克制，适合安静工作或内省
ふたりの約束,河野伸,nostalgic;warm;bittersweet,piano;string;cinematic,,0.25,0.4,0.35,0.55,0.2,0,0.7,instrumental,0,modern_classical,"""{""""morning_cloudy_slow"""":0.8,""""evening_city_walk"""":0.75,""""deep_night_introspective"""":0.7}""",slow_opening,0.85,钢琴与弦乐交织的抒情器乐，温暖怀旧中带一丝感伤，节奏舒缓
幸福就好 - <我租了一個情人>片尾曲,苏盈之,warm;hopeful;nostalgic,acoustic;string;vocal_breath,,0.45,0.55,0.4,0.7,0.35,0.65,0.6,zh,1,mandopop,"""{""""morning_clear_light"""":0.8,""""afternoon_warm_idle"""":0.75,""""evening_city_walk"""":0.7}""",slow_opening,0.85,温暖木吉他与人声交织，充满希望与怀旧感的抒情流行
SLOW DANCING IN THE DARK,Joji,melancholic;lonely;bittersweet,piano;soft_synth;vocal_breath;reverb_heavy,,0.35,0.3,0.4,0.35,0.25,0.7,0.8,en,1,alternative_rnb,"""{""""deep_night_introspective"""":0.85,""""night_clear_lonely"""":0.8,""""evening_city_walk"""":0.75}""",late_night_descent,0.9,Joji 脆弱的人声与钢琴、软合成器交织，营造出深夜独处时苦涩而自省的氛围
We Only Have Forever (Quiet),Lights & Motion,introspective;melancholic;hopeful,ambient_pad;cinematic;reverb_heavy;minimal,,0.2,0.3,0.25,0.4,0.1,0,0.75,instrumental,0,post_rock,"""{""""deep_night_introspective"""":0.9,""""night_clear_lonely"""":0.85,""""work_focus_low_vocal"""":0.8}""",afterglow_fading,0.9,宏大而空灵的氛围铺底，缓慢展开的钢琴与弦乐，充满内省与微光般的希望
Genesis,Grimes,dreamy;urban;restless,soft_synth;cold_synth;vocal_breath;reverb_heavy,,0.55,0.5,0.6,0.4,0.6,0.7,0.5,en,1,art_pop,"""{""""evening_city_walk"""":0.85,""""deep_night_introspective"""":0.8,""""user_requested_explore"""":0.75}""",city_to_inner_room,0.9,梦幻合成器与冷调人声交织，都市感与不安的律动并存
让我留在你身边,陈奕迅,warm;hopeful;nostalgic,acoustic;vocal_breath;string,,0.55,0.6,0.5,0.7,0.45,0.7,0.65,zh,1,mandopop,"""{""""morning_clear_light"""":0.8,""""evening_city_walk"""":0.75,""""weekend_slow"""":0.7}""",slow_opening,0.85,陈奕迅温暖声线搭配木吉他弦乐，传递希望与怀旧交织的治愈感
ヒマワリの教会 -piano solo long ver-,松本文紀,introspective;melancholic;restrained,piano;cinematic;minimal,,0.15,0.35,0.2,0.45,0.1,0,0.8,instrumental,0,modern_classical,"""{""""work_focus_low_vocal"""":0.85,""""deep_night_introspective"""":0.9,""""night_rain_humid"""":0.8}""",slow_opening,0.9,钢琴独奏长版，缓慢而内省，带有淡淡的忧伤与克制，适合深夜或专注场景
Calescent,Will Samson,warm;dreamy;introspective,ambient_pad;soft_synth;field_recording,,0.25,0.4,0.3,0.7,0.2,0,0.55,instrumental,0,ambient,"""{""""morning_cloudy_slow"""":0.85,""""work_focus_low_vocal"""":0.8,""""afternoon_warm_idle"""":0.75}""",soft_focus_work,0.85,温暖的环境音景，软合成器与田野录音营造出梦幻而内省的氛围
不器用な情景,SPANK PAGE,melancholic;restrained;bittersweet,acoustic;string;vocal_breath;reverb_heavy,,0.35,0.4,0.45,0.5,0.3,0.6,0.7,ja,1,j_pop,"""{""""evening_city_walk"""":0.8,""""deep_night_introspective"""":0.75,""""night_rain_humid"""":0.7}""",slow_opening,0.85,日式抒情，木吉他与人声交织，略带混响的伤感与克制
The Nights,Ras,nostalgic;hopeful;warm,acoustic;vocal_breath;string,,0.55,0.6,0.5,0.7,0.5,0.7,0.6,en,1,pop,"""{""""evening_city_walk"""":0.8,""""weekend_slow"""":0.75,""""morning_clear_light"""":0.7}""",slow_opening,0.85,温暖的木吉他与人声，怀旧而充满希望，能量中等偏上
Quartz,Kashiwa Daisuke,introspective;melancholic;restrained,piano;cinematic;string;minimal,,0.2,0.3,0.25,0.35,0.15,0,0.8,instrumental,0,modern_classical,"""{""""work_focus_low_vocal"""":0.85,""""deep_night_introspective"""":0.9,""""night_rain_humid"""":0.75}""",slow_opening,0.9,钢琴与弦乐交织的极简主义作品，内省而克制，充满静谧的悲伤感
Letter - from The Lost Days,山岡晃,melancholic;nostalgic;bittersweet,piano;string;reverb_heavy;cinematic,,0.25,0.3,0.35,0.4,0.15,0,0.8,instrumental,0,modern_classical,"""{""""deep_night_introspective"""":0.9,""""night_rain_humid"""":0.85,""""work_focus_low_vocal"""":0.8}""",slow_opening,0.9,钢琴与弦乐交织的悲伤旋律，充满怀旧与未尽的遗憾，如同失落的信件
Shootout,Izzamuzzic / Julien Marchal,restless;melancholic;unresolved,piano;cold_synth;reverb_heavy;cinematic,,0.4,0.35,0.5,0.3,0.4,0,0.7,instrumental,0,modern_classical,"""{""""deep_night_introspective"""":0.85,""""night_rain_humid"""":0.8,""""work_focus_low_vocal"""":0.75}""",fade_into_inner_space,0.85,钢琴与冷合成器交织，不安而悬疑的氛围，带有电影感的内省张力
Take Me To Shanghai,John Hughes / Íse Downes,nostalgic;melancholic;dreamy,piano;string;reverb_heavy;vocal_breath,,0.25,0.35,0.3,0.45,0.2,0.5,0.7,en,1,ambient_pop,"""{""""evening_city_walk"""":0.85,""""night_rain_humid"""":0.8,""""deep_night_introspective"""":0.75}""",fade_into_inner_space,0.9,钢琴与弦乐交织，人声轻柔空灵，营造出怀旧而梦幻的上海夜色氛围
Angel Echoes - Jon Hopkins Remix,Four Tet,dreamy;misty;introspective,ambient_pad;field_recording;minimal;reverb_heavy,,0.25,0.35,0.3,0.4,0.2,0,0.6,instrumental,0,ambient,"""{""""work_focus_low_vocal"""":0.85,""""deep_night_introspective"""":0.8,""""night_rain_humid"""":0.75}""",soft_focus_work,0.9,Jon Hopkins 的 remix 将 Four Tet 的原作转化为深邃氛围声景，环境铺底与田野录音交织，能量低而内省
她,不可撤销乐队,melancholic;nostalgic;dreamy,acoustic;string;vocal_breath;reverb_heavy,,0.4,0.45,0.5,0.55,0.35,0.6,0.65,zh,1,indie_rock,"""{""""evening_city_walk"""":0.8,""""deep_night_introspective"""":0.75,""""night_rain_humid"""":0.7}""",slow_opening,0.85,木吉他与人声交织，混响营造出怀旧而梦幻的忧郁氛围
It's Only Loneliness,Gemma Ray,melancholic;lonely;bittersweet,acoustic;string;vocal_breath;reverb_heavy,,0.25,0.3,0.35,0.4,0.2,0.6,0.75,en,1,singer_songwriter,"""{""""deep_night_introspective"""":0.85,""""night_rain_humid"""":0.8,""""work_focus_low_vocal"""":0.7}""",fade_into_inner_space,0.85,木吉他与弦乐交织，人声带着呼吸感与混响，营造出孤独而凄美的氛围
TOMBOY,i-dle,urban;restless;bittersweet,soft_synth;electric_distant;vocal_breath,,0.6,0.55,0.65,0.4,0.6,0.8,0.55,ko,1,k_pop,"""{""""evening_city_walk"""":0.8,""""deep_night_introspective"""":0.7,""""user_requested_explore"""":0.75}""",city_to_inner_room,0.85,强烈的合成器与鼓点驱动，人声充满态度，都市叛逆感与不安情绪交织
Bunna Summa,BunnaB,warm;dreamy;nostalgic,soft_synth;ambient_pad;lofi_dust,,0.3,0.5,0.35,0.65,0.25,0,0.4,instrumental,0,lo_fi,"""{""""work_focus_low_vocal"""":0.85,""""morning_cloudy_slow"""":0.8,""""afternoon_warm_idle"""":0.75}""",soft_focus_work,0.85,温暖的 lo-fi 氛围，软合成器与轻度失真纹理营造梦幻怀旧感
春泥,庾澄慶,nostalgic;warm;bittersweet,acoustic;string;vocal_breath,,0.45,0.5,0.45,0.6,0.35,0.7,0.65,zh,1,mandopop,"""{""""evening_city_walk"""":0.8,""""weekend_slow"""":0.7,""""morning_cloudy_slow"""":0.65}""",slow_opening,0.85,庾澄慶的温暖声线与木吉他弦乐编排，怀旧中带着淡淡的苦涩与温情
Rasputin,The Tronosonic Experience,restless;urban;bittersweet,electric_distant;cold_synth;reverb_heavy,,0.6,0.5,0.6,0.4,0.6,0,0.5,instrumental,0,electronic,"""{""""evening_city_walk"""":0.8,""""deep_night_introspective"""":0.7,""""work_focus_low_vocal"""":0.65}""",city_to_inner_room,0.85,电子器乐作品，冷合成器与深远混响营造出都市夜晚的躁动与疏离感
Another World,The Faint,restless;urban;unresolved,cold_synth;electric_distant;reverb_heavy,,0.6,0.4,0.65,0.3,0.6,0.7,0.55,en,1,indie_electronic,"""{""""evening_city_walk"""":0.8,""""deep_night_introspective"""":0.75,""""night_clear_lonely"""":0.7}""",city_to_inner_room,0.85,冷峻合成器与急促节奏营造出都市不安与疏离感，人声带有距离感
To Speak Of Solitude,Brambles,introspective;melancholic;lonely,piano;ambient_pad;minimal;reverb_heavy,,0.15,0.25,0.2,0.3,0.1,0,0.8,instrumental,0,ambient,"""{""""deep_night_introspective"""":0.9,""""night_rain_humid"""":0.85,""""work_focus_low_vocal"""":0.8}""",afterglow_fading,0.9,极简钢琴与空旷氛围铺底，缓慢而孤寂，适合深夜内省场景
No-one is there,Sopor Aeternus & the Ensemble of Shadows,melancholic;lonely;restrained,string;reverb_heavy;minimal;vocal_breath,,0.25,0.2,0.35,0.3,0.15,0.6,0.85,en,1,darkwave,"""{""""deep_night_introspective"""":0.9,""""night_rain_humid"""":0.85,""""night_clear_lonely"""":0.8}""",fade_into_inner_space,0.9,阴郁的弦乐与脆弱人声，充满孤独与克制的悲伤，适合深夜内省场景
Little Fly,Esperanza Spalding,dreamy;introspective;restrained,acoustic;vocal_breath;minimal;string,,0.25,0.4,0.3,0.55,0.2,0.6,0.65,en,1,jazz,"""{""""morning_cloudy_slow"""":0.8,""""work_focus_low_vocal"""":0.75,""""deep_night_introspective"""":0.7}""",soft_focus_work,0.85,Esperanza Spalding 的轻柔人声与木吉他、弦乐交织，营造出梦幻而内省的氛围，能量低但情感细腻
Softest Place on Earth,Xscape,warm;dreamy;sensual,soft_synth;vocal_breath;reverb_heavy,,0.35,0.5,0.4,0.7,0.3,0.75,0.6,en,1,r&b,"""{""""evening_city_walk"""":0.8,""""deep_night_introspective"""":0.75,""""weekend_slow"""":0.7}""",soft_focus_work,0.85,温暖柔和的R&B情歌，软合成器与呼吸感人声营造梦幻亲密的氛围
"""Bizet: Carmen, WD 31: Prélude""",Georges Bizet,restless;urban;clear,string;cinematic;acoustic,,0.6,0.7,0.65,0.5,0.7,0,0.5,instrumental,0,classical,"""{""""evening_city_walk"""":0.8,""""work_focus_low_vocal"""":0.6,""""morning_clear_light"""":0.7}""",city_to_inner_room,0.85,比才《卡门》序曲，弦乐与铜管交织，节奏明快充满戏剧张力，能量较高
Merry Christmas Mr. Lawrence,FACT,introspective;melancholic;restrained,piano;cinematic;minimal,,0.1,0.3,0.15,0.4,0.1,0,0.85,instrumental,0,modern_classical,"""{""""work_focus_low_vocal"""":0.9,""""deep_night_introspective"""":0.85,""""night_rain_humid"""":0.8}""",slow_opening,0.95,极简钢琴独奏，缓慢而克制，充满内省与留白
Retro Petrol,恐龙的皮 The Dinosaur’s Skin,nostalgic;urban;dreamy,soft_synth;electric_distant;lofi_dust,,0.5,0.5,0.5,0.5,0.5,0.5,0.5,en,1,indie_pop,"""{""""evening_city_walk"""":0.8,""""deep_night_introspective"""":0.7,""""work_focus_low_vocal"""":0.7}""",city_to_inner_room,0.8,复古合成器与慵懒人声，营造都市夜晚的怀旧与梦幻氛围
Sweet Bird,Young Hunting,dreamy;warm;nostalgic,soft_synth;ambient_pad;reverb_heavy;vocal_breath,,0.35,0.5,0.4,0.6,0.3,0.6,0.5,en,1,dream_pop,"""{""""morning_cloudy_slow"""":0.8,""""evening_city_walk"""":0.75,""""work_focus_low_vocal"""":0.7}""",soft_focus_work,0.85,梦幻流行风格，软合成器与混响营造温暖怀旧的氛围，人声轻柔如耳语
Heavenly Creatures,Wolf Alice,dreamy;restless;bittersweet,soft_synth;reverb_heavy;vocal_breath;electric_distant,,0.45,0.5,0.5,0.45,0.4,0.6,0.65,en,1,dream_pop,"""{""""evening_city_walk"""":0.8,""""deep_night_introspective"""":0.75,""""night_clear_lonely"""":0.7}""",city_to_inner_room,0.85,梦幻流行风格，软合成器与深远混响交织，人声带着不安与甜美，适合夜晚都市漫步
The Spirit in the Flame,Finn Andrews,introspective;melancholic;restrained,piano;reverb_heavy;vocal_breath;minimal,,0.25,0.3,0.35,0.4,0.2,0.6,0.75,en,1,art_rock,"""{""""deep_night_introspective"""":0.85,""""night_rain_humid"""":0.8,""""work_focus_low_vocal"""":0.7}""",fade_into_inner_space,0.85,Finn Andrews 脆弱的人声与回响钢琴，营造出内省而克制的氛围
Love After War,Robin Thicke,sensual;warm;bittersweet,soft_synth;vocal_breath;electric_distant,,0.45,0.5,0.5,0.6,0.4,0.75,0.65,en,1,r&b,"""{""""evening_city_walk"""":0.8,""""deep_night_introspective"""":0.75,""""user_requested_explore"""":0.7}""",city_to_inner_room,0.85,Robin Thicke 的性感声线与软合成器编排，营造出战后温存与苦涩交织的 R&B 氛围
All Inside (Reprise),Bondax,dreamy;warm;nostalgic,soft_synth;ambient_pad;reverb_heavy;lofi_dust,,0.35,0.45,0.4,0.6,0.3,0,0.5,instrumental,0,lo_fi,"""{""""work_focus_low_vocal"""":0.85,""""evening_city_walk"""":0.8,""""morning_cloudy_slow"""":0.75}""",soft_focus_work,0.85,温暖梦幻的 lo-fi 氛围，软合成器和混响营造怀旧感，适合低能量工作或漫步
純妹妹,單依純,warm;clear;hopeful,acoustic;vocal_breath;string,,0.45,0.6,0.4,0.7,0.35,0.75,0.5,zh,1,mandopop,"""{""""morning_clear_light"""":0.8,""""afternoon_warm_idle"""":0.75,""""weekend_slow"""":0.7}""",slow_opening,0.85,單依純清澈溫暖的嗓音搭配木吉他與弦樂，營造出明亮而溫馨的氛圍
生命中最美丽的一天,痛仰樂隊,nostalgic;warm;hopeful,acoustic;string;vocal_breath,,0.45,0.55,0.5,0.7,0.4,0.65,0.7,zh,1,chinese_rock,"""{""""evening_city_walk"""":0.8,""""weekend_slow"""":0.75,""""morning_clear_light"""":0.7}""",slow_opening,0.85,痛仰标志性的温暖声线与木吉他弦乐编排，怀旧而充满希望的抒情摇滚
Mi Manchi,Andrea Bocelli / Kenny G,warm;nostalgic;sensual,string;jazz_brush;vocal_breath;acoustic,,0.4,0.55,0.5,0.7,0.35,0.75,0.65,it,1,classical_crossover,"""{""""evening_city_walk"""":0.8,""""afternoon_warm_idle"""":0.75,""""weekend_slow"""":0.7}""",slow_opening,0.85,Bocelli 的温暖男高音与 Kenny G 的萨克斯交织，营造出怀旧而感性的浪漫氛围
a world of dazzle,Later,dreamy;clear;urban,soft_synth;reverb_heavy;electric_distant,,0.4,0.6,0.45,0.5,0.4,0,0.45,instrumental,0,synthwave,"""{""""evening_city_walk"""":0.85,""""deep_night_introspective"""":0.8,""""work_focus_low_vocal"""":0.75}""",city_to_inner_room,0.85,梦幻合成器与深远混响营造出都市夜晚的清晰与迷离感
心中的日月,王力宏,warm;nostalgic;hopeful,acoustic;string;vocal_breath,,0.45,0.55,0.45,0.7,0.4,0.7,0.6,zh,1,mandopop,"""{""""evening_city_walk"""":0.8,""""morning_clear_light"""":0.7,""""weekend_slow"""":0.75}""",slow_opening,0.85,王力宏温暖声线搭配木吉他与弦乐，营造怀旧而充满希望的抒情氛围
에필로그(Epilogue),홍련 O.S.T,melancholic;nostalgic;restrained,piano;string;cinematic;reverb_heavy,,0.2,0.3,0.35,0.4,0.15,0,0.8,instrumental,0,soundtrack,"""{""""deep_night_introspective"""":0.85,""""night_rain_humid"""":0.8,""""work_focus_low_vocal"""":0.75}""",afterglow_fading,0.9,电影原声钢琴与弦乐，缓慢而克制，充满结束后的怀旧与忧伤
マリンブルーの恋人達,児島未散,nostalgic;warm;dreamy,soft_synth;reverb_heavy;vocal_breath;electric_distant,,0.4,0.55,0.45,0.65,0.35,0.6,0.5,ja,1,city_pop,"""{""""evening_city_walk"""":0.85,""""afternoon_warm_idle"""":0.75,""""weekend_slow"""":0.7}""",city_to_inner_room,0.85,80年代日本城市流行，温暖合成器与混响人声营造怀旧梦幻的夏日海滨氛围
Simply Satie,Michael Dulin,introspective;melancholic;restrained,piano;minimal;cinematic,,0.15,0.3,0.2,0.45,0.1,0,0.8,instrumental,0,modern_classical,"""{""""work_focus_low_vocal"""":0.9,""""deep_night_introspective"""":0.85,""""night_rain_humid"""":0.8}""",slow_opening,0.95,致敬萨蒂的钢琴独奏，极简而克制，充满内省与静谧的古典氛围
Super Graphic Ultra Modern Girl,Chappell Roan,urban;restless;hopeful,soft_synth;cold_synth;electric_distant,,0.7,0.65,0.6,0.4,0.7,0.8,0.5,en,1,synthpop,"""{""""evening_city_walk"""":0.8,""""user_requested_explore"""":0.75,""""deep_night_introspective"""":0.6}""",city_to_inner_room,0.85,充满都市感的合成器流行，节奏明快，人声突出，带有现代感和探索情绪
Be,Hozier,introspective;warm;hopeful,acoustic;vocal_breath;string,,0.4,0.55,0.4,0.7,0.35,0.7,0.65,en,1,folk_rock,"""{""""morning_clear_light"""":0.8,""""evening_city_walk"""":0.75,""""weekend_slow"""":0.7}""",slow_opening,0.85,Hozier 温暖而内省的声线搭配原声吉他，传递出希望与宁静的质感
春よ、来い:尺八・琴・三味線・胡弓・鳴物,松任谷由実,nostalgic;hopeful;warm,acoustic;string;cinematic,,0.35,0.55,0.45,0.6,0.3,0,0.65,instrumental,0,traditional_japanese,"""{""""morning_clear_light"""":0.85,""""afternoon_warm_idle"""":0.8,""""weekend_slow"""":0.75}""",slow_opening,0.85,传统乐器演奏的经典旋律，温暖怀旧中带着希望与生机
星降る夜のリストランテ,コーコーヤ,warm;dreamy;nostalgic,acoustic;string;soft_synth;vocal_breath,,0.35,0.5,0.4,0.7,0.3,0,0.5,instrumental,0,jazz,"""{""""evening_city_walk"""":0.85,""""afternoon_warm_idle"""":0.8,""""weekend_slow"""":0.75}""",soft_focus_work,0.85,温暖的木吉他与弦乐交织，营造出星空下餐厅的怀旧与梦幻氛围
Young Blood,The Naked and Famous,restless;urban;nostalgic,soft_synth;electric_distant;reverb_heavy,,0.6,0.55,0.6,0.4,0.65,0.7,0.5,en,1,indie_electronic,"""{""""evening_city_walk"""":0.85,""""deep_night_introspective"""":0.75,""""user_requested_explore"""":0.7}""",city_to_inner_room,0.85,合成器驱动的独立电子，节奏明快但带有怀旧与不安的都市感
We Have Met Before,Endless Melancholy,introspective;melancholic;nostalgic,piano;ambient_pad;minimal;reverb_heavy,,0.15,0.25,0.2,0.35,0.1,0,0.8,instrumental,0,ambient,"""{""""deep_night_introspective"""":0.9,""""night_rain_humid"""":0.85,""""work_focus_low_vocal"""":0.8}""",fade_into_inner_space,0.9,极简钢琴与氛围铺底，缓慢而内省，充满怀旧与忧郁的质感
Remedy (feat. City Girl),tiffi,dreamy;warm;nostalgic,soft_synth;lofi_dust;vocal_breath;ambient_pad,,0.35,0.5,0.4,0.65,0.3,0.6,0.5,en,1,lo_fi,"""{""""work_focus_low_vocal"""":0.85,""""evening_city_walk"""":0.8,""""morning_cloudy_slow"""":0.75}""",soft_focus_work,0.85,温暖柔和的 lo-fi 氛围，City Girl 的人声与软合成器营造出怀旧而梦幻的质感
Barricades - The Blanck Mass recording,Editors,restless;urban;melancholic,cold_synth;electric_distant;reverb_heavy,,0.6,0.35,0.65,0.3,0.55,0.6,0.7,en,1,post_punk_revival,"""{""""evening_city_walk"""":0.8,""""deep_night_introspective"""":0.75,""""night_clear_lonely"""":0.7}""",city_to_inner_room,0.85,冷调合成器与空旷人声营造出都市夜晚的躁动与忧郁
Bartók: Hungarian Peasant Songs for Orchestra,Sz.100 - Ballade,restrained;melancholic;unresolved,string;cinematic;minimal,,0.25,0.3,0.4,0.35,0.2,0,0.75,instrumental,0,modern_classical,"""{""""deep_night_introspective"""":0.8,""""night_rain_humid"""":0.7,""""work_focus_low_vocal"""":0.75}""",afterglow_fading,0.85,巴托克匈牙利民歌改编，弦乐编排克制而忧郁，带有未解决的叙事感
Destiny,OH MY GIRL,dreamy;nostalgic;hopeful,soft_synth;string;vocal_breath,,0.55,0.6,0.5,0.55,0.5,0.75,0.6,ko,1,k_pop,"""{""""evening_city_walk"""":0.8,""""deep_night_introspective"""":0.7,""""weekend_slow"""":0.75}""",slow_opening,0.85,梦幻合成器与弦乐交织，人声温暖而怀旧，带有希望感的K-pop抒情曲
Work It,Missy Elliott,restless;urban;hopeful,electric_distant;soft_synth;vocal_breath,,0.85,0.7,0.8,0.4,0.9,0.9,0.3,en,1,hip_hop,"""{""""evening_city_walk"""":0.85,""""user_requested_explore"""":0.8,""""work_focus_low_vocal"""":0.7}""",city_to_inner_room,0.9,高能量嘻哈，Missy Elliott 的自信声线与强劲节奏驱动，充满都市活力
The Godfather: V. Love Theme,Nino Rota,melancholic;nostalgic;restrained,string;piano;cinematic;minimal,,0.2,0.35,0.3,0.5,0.15,0,0.8,instrumental,0,film_score,"""{""""deep_night_introspective"""":0.85,""""night_rain_humid"""":0.8,""""work_focus_low_vocal"""":0.75}""",slow_opening,0.9,弦乐与钢琴交织的经典电影配乐，哀伤而克制，充满怀旧与内省
LA VIE EN ROSE,小野麗莎,warm;nostalgic;sensual,acoustic;jazz_brush;vocal_breath;string,,0.3,0.55,0.4,0.7,0.3,0.6,0.5,ja,1,bossa_nova,"""{""""morning_clear_light"""":0.8,""""afternoon_warm_idle"""":0.85,""""evening_city_walk"""":0.75}""",slow_opening,0.9,小野麗莎的Bossa Nova经典，温暖慵懒的声线与爵士吉他、弦乐交织，营造怀旧而浪漫的氛围
Bye-Ya,Ben Winkelman Trio,warm;clear;restrained,piano;acoustic;jazz_brush,,0.4,0.6,0.4,0.65,0.5,0,0.35,instrumental,0,jazz,"""{""""work_focus_low_vocal"""":0.85,""""afternoon_warm_idle"""":0.8,""""morning_clear_light"""":0.75}""",soft_focus_work,0.85,钢琴三重奏爵士，温暖的钢琴与刷鼓营造出清晰而克制的律动感
我要你,老狼,warm;nostalgic;bittersweet,acoustic;vocal_breath;string,,0.35,0.5,0.4,0.7,0.3,0.6,0.65,zh,1,folk,"""{""""evening_city_walk"""":0.8,""""weekend_slow"""":0.75,""""night_rain_humid"""":0.7}""",slow_opening,0.85,老狼温暖而略带沙哑的嗓音搭配木吉他，营造出怀旧而略带苦涩的抒情氛围
How High?,Ice Spice,urban;restless;clear,soft_synth;electric_distant;vocal_breath,,0.7,0.6,0.65,0.4,0.75,0.85,0.3,en,1,hip_hop,"""{""""evening_city_walk"""":0.8,""""user_requested_explore"""":0.75,""""night_clear_lonely"""":0.7}""",city_to_inner_room,0.85,都市感强烈的嘻哈，节奏明快，人声清晰有力，能量较高但情感偏轻
Love The Giver,Claire Voyant,dreamy;melancholic;restrained,soft_synth;reverb_heavy;vocal_breath;ambient_pad,,0.35,0.4,0.4,0.5,0.3,0.6,0.7,en,1,ethereal_wave,"""{""""deep_night_introspective"""":0.85,""""night_rain_humid"""":0.8,""""evening_city_walk"""":0.75}""",fade_into_inner_space,0.85,空灵合成器与轻柔人声交织，营造出梦幻而克制的忧郁氛围
Dreams Come True,S.E.S.,warm;hopeful;nostalgic,soft_synth;vocal_breath;acoustic,,0.55,0.6,0.5,0.65,0.5,0.7,0.5,ko,1,k_pop,"""{""""morning_clear_light"""":0.7,""""afternoon_warm_idle"""":0.65,""""weekend_slow"""":0.6}""",slow_opening,0.8,S.E.S. 的经典 K-pop 抒情曲，温暖合成器与人声带来怀旧与希望感
Breathing,SPC ECO,dreamy;misty;detached,ambient_pad;reverb_heavy;soft_synth;vocal_breath,,0.3,0.35,0.4,0.45,0.2,0.4,0.5,en,1,shoegaze,"""{""""deep_night_introspective"""":0.85,""""night_rain_humid"""":0.8,""""work_focus_low_vocal"""":0.7}""",fade_into_inner_space,0.85,梦幻氛围+厚重混响，人声如呼吸般飘渺，营造出疏离而朦胧的声景
New Life,Thomas Bergersen,hopeful;warm;restrained,cinematic;string;piano;ambient_pad,,0.4,0.6,0.5,0.7,0.3,0,0.6,instrumental,0,cinematic_orchestral,"""{""""morning_clear_light"""":0.8,""""work_focus_low_vocal"""":0.7,""""afternoon_warm_idle"""":0.65}""",soft_focus_work,0.85,管弦乐与钢琴交织，温暖而克制，充满希望的开场感
Ocelot,Graham Costello,restrained;melancholic;unresolved,minimal;piano;cold_synth;reverb_heavy,,0.2,0.3,0.25,0.3,0.15,0,0.7,instrumental,0,modern_classical,"""{""""work_focus_low_vocal"""":0.85,""""deep_night_introspective"""":0.8,""""night_rain_humid"""":0.75}""",afterglow_fading,0.85,极简钢琴与冷合成器交织，空旷混响营造出克制而忧郁的氛围
Makeshift Paradigm,Ben Vince,introspective;restrained;melancholic,ambient_pad;minimal;field_recording;cold_synth,,0.2,0.3,0.25,0.35,0.15,0,0.7,instrumental,0,ambient,"""{""""work_focus_low_vocal"""":0.85,""""deep_night_introspective"""":0.8,""""night_rain_humid"""":0.75}""",fade_into_inner_space,0.85,冷调氛围铺底与田野录音，极简而内省，适合深度专注或深夜独处
Di Capua: 'O sole mio,Luciano Pavarotti,warm;hopeful;clear,acoustic;string;vocal_breath,,0.6,0.7,0.5,0.8,0.4,0.9,0.65,it,1,classical_crossover,"""{""""morning_clear_light"""":0.85,""""afternoon_warm_idle"""":0.8,""""weekend_slow"""":0.75}""",slow_opening,0.9,帕瓦罗蒂的辉煌男高音与明亮弦乐，充满温暖与希望，能量略高于中等抒情
唯一,G.E.M.邓紫棋,melancholic;bittersweet;restrained,piano;vocal_breath;string,,0.4,0.45,0.5,0.55,0.35,0.7,0.75,zh,1,mandopop,"""{""""evening_city_walk"""":0.8,""""deep_night_introspective"""":0.75,""""night_rain_humid"""":0.7}""",slow_opening,0.85,钢琴与弦乐铺垫的抒情流行，邓紫棋高亢而克制的人声传递出苦涩与内省
"""Hold Me, Thrill Me, Kiss Me""",She & Him,warm;nostalgic;hopeful,acoustic;vocal_breath;string;jazz_brush,,0.4,0.6,0.45,0.7,0.35,0.7,0.55,en,1,indie_pop,"""{""""morning_clear_light"""":0.8,""""afternoon_warm_idle"""":0.75,""""weekend_slow"""":0.7}""",slow_opening,0.85,温暖复古的声线搭配木吉他和弦乐，怀旧而充满希望，适合悠闲场景
BIG FEELING,BKTHERULA,restless;urban;melancholic,soft_synth;electric_distant;vocal_breath,,0.55,0.4,0.5,0.35,0.5,0.7,0.6,en,1,alt_r&b,"""{""""evening_city_walk"""":0.8,""""deep_night_introspective"""":0.75,""""night_clear_lonely"""":0.7}""",city_to_inner_room,0.85,都市感强烈的另类R&B，合成器与疏离人声交织，情绪不安而内省
大奥メインテーマ (バラードVer.),村松崇継,melancholic;restrained;nostalgic,string;piano;cinematic;minimal,,0.2,0.3,0.35,0.4,0.1,0,0.8,instrumental,0,classical,"""{""""deep_night_introspective"""":0.85,""""night_rain_humid"""":0.8,""""work_focus_low_vocal"""":0.75}""",slow_opening,0.9,弦乐与钢琴交织的悲怆主题，缓慢而克制，充满历史感的哀伤与内省
MERRY CHRISTMAS MR.LAWRENCE,男子三乐坊,introspective;melancholic;restrained,piano;cinematic;minimal,,0.1,0.3,0.15,0.4,0.1,0,0.85,instrumental,0,modern_classical,"""{""""work_focus_low_vocal"""":0.9,""""deep_night_introspective"""":0.85,""""night_rain_humid"""":0.8}""",slow_opening,0.95,极简钢琴独奏，缓慢而克制，充满内省与留白，与坂本龍一原版风格一致
Man Leaves Town,Nick Waterhouse,restless;urban;bittersweet,electric_distant;jazz_brush;acoustic;vocal_breath,,0.55,0.5,0.55,0.5,0.6,0.6,0.6,en,1,soul,"""{""""evening_city_walk"""":0.85,""""night_clear_lonely"""":0.75,""""user_requested_explore"""":0.7}""",city_to_inner_room,0.85,复古灵魂乐风格，电吉他与人声交织出都市离别的躁动与苦涩
에너제틱,Wanna One,restless;urban;hopeful,soft_synth;electric_distant;vocal_breath,generic_radio_pop,0.75,0.7,0.65,0.5,0.8,0.85,0.4,ko,1,k_pop,"""{""""evening_city_walk"""":0.55,""""user_requested_explore"""":0.5,""""weekend_slow"""":0.4}""",city_to_inner_room,0.8,K-pop 舞曲，高能量合成器与强烈节奏，但带有一定的流行套路感
"""I Don't Want to Miss a Thing - From """"""""Armageddon"""""""" Soundtrack""",Aerosmith,nostalgic;warm;bittersweet,acoustic;string;vocal_breath;cinematic,,0.55,0.5,0.6,0.7,0.4,0.8,0.8,en,1,rock_ballad,"""{""""evening_city_walk"""":0.8,""""deep_night_introspective"""":0.75,""""weekend_slow"""":0.7}""",slow_opening,0.9,Aerosmith 标志性的硬摇滚抒情，弦乐与嘶哑人声交织出怀旧与不舍的沉重情感
Needed,Rhye,sensual;warm;dreamy,soft_synth;vocal_breath;string;jazz_brush,,0.35,0.5,0.45,0.7,0.4,0.75,0.6,en,1,art_pop,"""{""""evening_city_walk"""":0.85,""""deep_night_introspective"""":0.8,""""night_clear_lonely"""":0.75}""",city_to_inner_room,0.9,Rhye 标志性的柔滑男声与温暖合成器，营造出亲密、性感且梦幻的深夜氛围
欲望 - new version,古明地洋哉,introspective;melancholic;restrained,piano;string;reverb_heavy,,0.3,0.35,0.4,0.45,0.25,0,0.75,instrumental,0,modern_classical,"""{""""deep_night_introspective"""":0.85,""""night_rain_humid"""":0.8,""""work_focus_low_vocal"""":0.75}""",fade_into_inner_space,0.85,钢琴与弦乐交织，克制而内省，带有深沉的忧郁与反思感
Night Time,The xx,urban;melancholic;restrained,soft_synth;electric_distant;minimal,,0.35,0.3,0.4,0.3,0.3,0,0.6,instrumental,0,indie_pop,"""{""""evening_city_walk"""":0.85,""""deep_night_introspective"""":0.8,""""night_clear_lonely"""":0.75}""",city_to_inner_room,0.9,极简的合成器与吉他，冷调而克制，营造出都市夜晚的孤独与内省氛围
NØEL,lostodyssey,dreamy;nostalgic;warm,ambient_pad;soft_synth;lofi_dust;reverb_heavy,,0.25,0.4,0.3,0.55,0.2,0,0.45,instrumental,0,ambient,"""{""""work_focus_low_vocal"""":0.85,""""morning_cloudy_slow"""":0.8,""""deep_night_introspective"""":0.75}""",soft_focus_work,0.85,温暖朦胧的氛围电子，软合成器与轻度失真营造出怀旧而梦幻的冬日声景
Where is my Mind?,Pixies,restless;unresolved;melancholic,electric_distant;reverb_heavy;vocal_breath,,0.45,0.4,0.55,0.35,0.5,0.6,0.7,en,1,alternative_rock,"""{""""deep_night_introspective"""":0.8,""""evening_city_walk"""":0.75,""""night_clear_lonely"""":0.7}""",city_to_inner_room,0.85,经典另类摇滚，疏离的电吉他与人声交织，不安而悬而未决的情绪
Preludio Sinfonico,Giacomo Puccini,melancholic;restrained;bittersweet,string;cinematic;minimal,,0.25,0.35,0.4,0.45,0.2,0,0.75,instrumental,0,classical,"""{""""work_focus_low_vocal"""":0.8,""""deep_night_introspective"""":0.85,""""night_rain_humid"""":0.75}""",slow_opening,0.9,普契尼的管弦乐前奏，弦乐主导的忧郁与克制，充满歌剧式的悲情与留白
Tansman: Musique de cour d'après Robert de Visée: V. Passacaille,Alexandre Tansman,restrained;melancholic;nostalgic,acoustic;minimal;cinematic,,0.25,0.4,0.3,0.5,0.2,0,0.7,instrumental,0,classical,"""{""""work_focus_low_vocal"""":0.85,""""morning_cloudy_slow"""":0.75,""""deep_night_introspective"""":0.8}""",slow_opening,0.85,古典吉他独奏的帕萨卡利亚，节奏沉稳克制，带有怀旧与忧郁的宫廷音乐质感
Stay,Zedd,restless;urban;hopeful,soft_synth;vocal_breath;electric_distant,,0.6,0.55,0.6,0.5,0.6,0.75,0.5,en,1,electro_pop,"""{""""evening_city_walk"""":0.8,""""deep_night_introspective"""":0.7,""""user_requested_explore"""":0.75}""",city_to_inner_room,0.85,电子流行曲，合成器驱动的人声歌曲，带有都市不安与希望感
Slip,Black Swan Lane,melancholic;restrained;introspective,electric_distant;reverb_heavy;vocal_breath,,0.35,0.3,0.4,0.35,0.3,0.5,0.7,en,1,alternative_rock,"""{""""deep_night_introspective"""":0.85,""""night_rain_humid"""":0.8,""""work_focus_low_vocal"""":0.7}""",fade_into_inner_space,0.85,忧郁的吉他与人声，混响厚重，营造内省而克制的氛围
情人,蔡徐坤,warm;nostalgic;sensual,soft_synth;vocal_breath;electric_distant,,0.45,0.5,0.5,0.6,0.4,0.7,0.5,zh,1,mandopop,"""{""""evening_city_walk"""":0.8,""""night_clear_lonely"""":0.7,""""weekend_slow"""":0.7}""",city_to_inner_room,0.85,蔡徐坤的温柔声线搭配软合成器，营造出温暖怀旧且略带感性的氛围，适合城市夜晚或周末放松场景
early morning,[.que],dreamy;misty;restrained,ambient_pad;minimal;field_recording,,0.15,0.3,0.2,0.45,0.1,0,0.5,instrumental,0,ambient,"""{""""morning_cloudy_slow"""":0.9,""""work_focus_low_vocal"""":0.85,""""deep_night_introspective"""":0.7}""",soft_focus_work,0.85,朦胧的氛围声景，轻柔的合成器与田野录音营造出清晨的静谧与内省
White Noise White Heat,Elbow,restless;urban;detached,electric_distant;reverb_heavy;cold_synth;vocal_breath,,0.4,0.35,0.55,0.3,0.45,0.6,0.65,en,1,art_rock,"""{""""evening_city_walk"""":0.8,""""deep_night_introspective"""":0.75,""""work_focus_low_vocal"""":0.7}""",city_to_inner_room,0.85,Elbow 标志性的冷调电吉他与人声，都市疏离感中带着不安的律动
Where the Palm Trees Grow Ep1: The Pilot,Relli Scanelli,dreamy;warm;nostalgic,soft_synth;ambient_pad;lofi_dust;field_recording,,0.3,0.45,0.35,0.6,0.25,0,0.45,instrumental,0,lo_fi,"""{""""work_focus_low_vocal"""":0.85,""""morning_cloudy_slow"""":0.8,""""evening_city_walk"""":0.75}""",soft_focus_work,0.85,温暖的 lo-fi 氛围，软合成器与现场录音营造出梦幻怀旧的棕榈树场景
Generation,tripleS,urban;hopeful;restless,soft_synth;vocal_breath;electric_distant,,0.6,0.65,0.55,0.5,0.6,0.75,0.45,ko,1,k_pop,"""{""""evening_city_walk"""":0.8,""""user_requested_explore"""":0.75,""""morning_clear_light"""":0.7}""",city_to_inner_room,0.85,K-pop 团体作品，合成器驱动、节奏明快，带有都市感和青春躁动，人声突出但情感重量较轻
Stan,Eminem,restless;urban;melancholic,electric_distant;reverb_heavy;vocal_breath,,0.65,0.35,0.7,0.3,0.6,0.9,0.8,en,1,hip_hop,"""{""""deep_night_introspective"""":0.85,""""night_rain_humid"""":0.8,""""evening_city_walk"""":0.75}""",city_to_inner_room,0.9,Eminem 的叙事性说唱，充满不安与都市孤独感，人声主导，情感沉重
Calling you,Jevetta Steele,melancholic;bittersweet;hopeful,vocal_breath;string;acoustic;cinematic,,0.35,0.4,0.5,0.55,0.3,0.8,0.75,en,1,soul,"""{""""deep_night_introspective"""":0.85,""""night_rain_humid"""":0.8,""""evening_city_walk"""":0.75}""",afterglow_fading,0.9,深情灵魂乐，人声充满渴望与哀愁，弦乐与木吉他营造出电影般的怀旧与希望交织的氛围
南方蝶道,甜梅號,introspective;melancholic;dreamy,electric_distant;reverb_heavy;minimal;cinematic,,0.25,0.3,0.35,0.4,0.2,0,0.7,instrumental,0,post_rock,"""{""""deep_night_introspective"""":0.85,""""night_rain_humid"""":0.8,""""work_focus_low_vocal"""":0.75}""",fade_into_inner_space,0.9,甜梅號标志性的后摇滚器乐叙事，电吉他远距离回响与层层递进的氛围，营造出内省而梦幻的南方意象
You Don't Own Me,Grace,restless;urban;bittersweet,soft_synth;vocal_breath;electric_distant,,0.6,0.5,0.55,0.4,0.5,0.75,0.65,en,1,art_pop,"""{""""evening_city_walk"""":0.8,""""deep_night_introspective"""":0.75,""""user_requested_explore"""":0.7}""",city_to_inner_room,0.85,Grace 的声线带着都市疏离感与不甘，软合成器与电子音色营造出略带苦涩的独立流行氛围
Slowly Falling,Gum Takes Tooth,restless;unresolved;melancholic,electric_distant;reverb_heavy;cold_synth;grainy,,0.6,0.35,0.7,0.3,0.65,0.4,0.75,en,1,experimental_rock,"""{""""deep_night_introspective"""":0.8,""""night_rain_humid"""":0.75,""""work_focus_low_vocal"""":0.65}""",fade_into_inner_space,0.85,不安的电子摇滚，粗糙质感与深远混响营造出悬而未决的沉重氛围
"""Another Day Of Sun (From """"La La Land"""" Soundtrack)""",La La Land Cast,hopeful;warm;restless,acoustic;string;jazz_brush;vocal_breath,,0.7,0.75,0.6,0.7,0.7,0.8,0.5,en,1,musical_film,"""{""""morning_clear_light"""":0.85,""""afternoon_warm_idle"""":0.8,""""weekend_slow"""":0.75}""",slow_opening,0.85,《爱乐之城》开场曲，充满活力的合唱与爵士配乐，阳光明媚的乐观情绪
"""Good Morning, Hypocrite""",Electric President,restless;bittersweet;urban,electric_distant;reverb_heavy;soft_synth;vocal_breath,,0.55,0.45,0.55,0.4,0.5,0.65,0.6,en,1,indie_electronic,"""{""""evening_city_walk"""":0.8,""""deep_night_introspective"""":0.75,""""work_focus_low_vocal"""":0.7}""",city_to_inner_room,0.85,电子独立风格，疏离的人声与合成器交织，带有都市不安与讽刺感
Somewhere in Time,John Barry,nostalgic;melancholic;restrained,string;piano;cinematic,,0.2,0.3,0.3,0.4,0.1,0,0.8,instrumental,0,film_score,"""{""""work_focus_low_vocal"""":0.85,""""deep_night_introspective"""":0.8,""""night_rain_humid"""":0.75}""",slow_opening,0.9,经典电影配乐，弦乐与钢琴交织，充满怀旧与克制的深情
茜雲,遠TONE音,nostalgic;melancholic;warm,acoustic;string;vocal_breath;reverb_heavy,,0.3,0.4,0.35,0.6,0.2,0.5,0.7,ja,1,j_pop,"""{""""evening_city_walk"""":0.8,""""night_clear_lonely"""":0.75,""""deep_night_introspective"""":0.7}""",afterglow_fading,0.85,日式抒情，木吉他与弦乐交织，怀旧而略带忧伤的温暖质感
Step Aside,Portland,warm;nostalgic;hopeful,acoustic;vocal_breath;string,,0.4,0.55,0.45,0.65,0.35,0.65,0.6,en,1,indie_folk,"""{""""evening_city_walk"""":0.75,""""morning_clear_light"""":0.7,""""weekend_slow"""":0.7}""",slow_opening,0.85,温暖的木吉他与人声，怀旧而充满希望的独立民谣质感
Obelisk,Graham Costello,restrained;melancholic;unresolved,minimal;piano;cold_synth,,0.2,0.3,0.25,0.3,0.15,0,0.7,instrumental,0,modern_classical,"""{""""work_focus_low_vocal"""":0.85,""""deep_night_introspective"""":0.8,""""night_rain_humid"""":0.75}""",slow_opening,0.85,极简钢琴与冷合成器，克制而忧郁，充满未解决的悬停感
"""Good Luck, Babe!""",Chappell Roan,restless;urban;hopeful,soft_synth;vocal_breath;electric_distant,,0.65,0.6,0.55,0.5,0.6,0.8,0.5,en,1,synthpop,"""{""""evening_city_walk"""":0.8,""""user_requested_explore"""":0.75,""""deep_night_introspective"""":0.7}""",city_to_inner_room,0.85,合成器驱动的流行曲，节奏明快但带有都市感的不安与希望，人声突出
Lajevard Excerpt 2,Spectro Duo,introspective;restrained;melancholic,piano;minimal;reverb_heavy,,0.15,0.25,0.2,0.3,0.1,0,0.8,instrumental,0,modern_classical,"""{""""deep_night_introspective"""":0.85,""""work_focus_low_vocal"""":0.8,""""night_rain_humid"""":0.75}""",slow_opening,0.85,极简钢琴片段，稀疏音符与深远混响营造内省而克制的氛围
Satellite,落日飞车 / 窦靖童,dreamy;nostalgic;warm,soft_synth;reverb_heavy;vocal_breath;electric_distant,,0.4,0.5,0.45,0.6,0.4,0.6,0.55,zh,1,dream_pop,"""{""""evening_city_walk"""":0.8,""""deep_night_introspective"""":0.75,""""night_clear_lonely"""":0.7}""",city_to_inner_room,0.85,落日飞车标志性的梦幻合成器与窦靖童慵懒声线，营造出温暖怀旧的都市夜晚氛围
Happy Life,Roland Faunte,warm;hopeful;nostalgic,acoustic;vocal_breath;string;soft_synth,,0.4,0.6,0.4,0.7,0.35,0.6,0.5,en,1,indie_folk,"""{""""morning_clear_light"""":0.8,""""afternoon_warm_idle"""":0.75,""""weekend_slow"""":0.7}""",slow_opening,0.85,温暖的原声吉他与人声，带有怀旧与希望感，适合悠闲的早晨或午后
Agoraphobia,Deerhunter,introspective;restless;melancholic,electric_distant;reverb_heavy;soft_synth;vocal_breath,,0.35,0.3,0.45,0.35,0.4,0.55,0.7,en,1,indie_rock,"""{""""deep_night_introspective"""":0.85,""""night_rain_humid"""":0.8,""""evening_city_walk"""":0.75}""",fade_into_inner_space,0.9,Deerhunter 的迷幻独立摇滚，遥远电吉他与人声营造出内省而躁动的氛围
Nightflower,Massimo Amato,introspective;melancholic;restrained,piano;minimal;reverb_heavy,,0.15,0.25,0.2,0.35,0.1,0,0.8,instrumental,0,modern_classical,"""{""""deep_night_introspective"""":0.9,""""night_rain_humid"""":0.85,""""work_focus_low_vocal"""":0.8}""",afterglow_fading,0.9,极简钢琴独奏，缓慢而空灵，充满内省与夜色般的忧郁
ウヲアイニ・アラベスク,岩井俊二,dreamy;nostalgic;bittersweet,piano;string;ambient_pad;reverb_heavy,,0.25,0.4,0.3,0.5,0.2,0,0.7,instrumental,0,modern_classical,"""{""""deep_night_introspective"""":0.85,""""night_rain_humid"""":0.8,""""work_focus_low_vocal"""":0.75}""",afterglow_fading,0.9,岩井俊二的钢琴与弦乐交织，梦幻而怀旧的氛围，带有淡淡的苦涩与温暖
Dissident,GLOK,restless;urban;unresolved,cold_synth;electric_distant;reverb_heavy;soft_synth,,0.6,0.45,0.55,0.35,0.6,0,0.5,instrumental,0,electronic,"""{""""evening_city_walk"""":0.8,""""deep_night_introspective"""":0.75,""""work_focus_low_vocal"""":0.7}""",city_to_inner_room,0.85,冷调合成器与深远混响营造出都市夜晚的躁动与未解情绪，能量中等偏上，无人声
Song for a Friend (feat. Cropper),Byron the Aquarius / Cropper,warm;nostalgic;hopeful,acoustic;jazz_brush;string;piano,,0.35,0.55,0.4,0.7,0.3,0,0.5,instrumental,0,jazz,"""{""""morning_clear_light"""":0.8,""""afternoon_warm_idle"""":0.85,""""work_focus_low_vocal"""":0.75}""",soft_focus_work,0.85,温暖的爵士器乐，钢琴与弦乐交织，怀旧而充满希望，适合悠闲场景
You Don't Trust Me At All,范曉萱,melancholic;bittersweet;restrained,piano;vocal_breath;string;minimal,,0.25,0.35,0.3,0.4,0.2,0.6,0.7,zh,1,mandopop,"""{""""deep_night_introspective"""":0.85,""""night_rain_humid"""":0.8,""""work_focus_low_vocal"""":0.75}""",fade_into_inner_space,0.85,范曉萱脆弱而克制的人声搭配极简钢琴与弦乐，营造出苦涩而内省的氛围
The Salt Wound Routine,Thirteen Senses,melancholic;restrained;bittersweet,piano;string;reverb_heavy;vocal_breath,,0.35,0.3,0.4,0.35,0.25,0.5,0.75,en,1,alternative_rock,"""{""""deep_night_introspective"""":0.85,""""night_rain_humid"""":0.8,""""work_focus_low_vocal"""":0.7}""",fade_into_inner_space,0.85,钢琴与弦乐交织，人声低沉克制，营造出忧郁而内省的氛围
First Date,陈光荣,nostalgic;warm;hopeful,piano;string;acoustic,,0.35,0.5,0.4,0.6,0.3,0,0.5,instrumental,0,film_score,"""{""""morning_clear_light"""":0.8,""""afternoon_warm_idle"""":0.75,""""evening_city_walk"""":0.7}""",slow_opening,0.85,陈光荣的钢琴与弦乐编排，温暖怀旧，适合电影配乐场景
咏爱,詹雯婷,warm;nostalgic;hopeful,acoustic;string;vocal_breath,,0.45,0.55,0.5,0.65,0.4,0.7,0.6,zh,1,mandopop,"""{""""evening_city_walk"""":0.8,""""morning_clear_light"""":0.7,""""weekend_slow"""":0.75}""",slow_opening,0.85,詹雯婷温暖而富有穿透力的声线，搭配弦乐与木吉他，营造出怀旧而充满希望的抒情氛围
DAGUZA,澤野弘之,restless;urban;melancholic,cold_synth;electric_distant;cinematic,,0.65,0.4,0.7,0.3,0.6,0,0.7,instrumental,0,cinematic_orchestral,"""{""""evening_city_walk"""":0.8,""""deep_night_introspective"""":0.75,""""night_clear_lonely"""":0.7}""",city_to_inner_room,0.85,澤野弘之标志性的冷调合成器与宏大编排，营造出都市夜晚的紧张与孤独感
高層ビル,ノーナ・リーヴス,urban;nostalgic;restrained,soft_synth;electric_distant;jazz_brush;vocal_breath,,0.4,0.5,0.45,0.55,0.4,0.6,0.5,ja,1,jazz_pop,"""{""""evening_city_walk"""":0.85,""""work_focus_low_vocal"""":0.7,""""afternoon_warm_idle"""":0.75}""",city_to_inner_room,0.85,都市感爵士流行，软合成器与爵士刷营造怀旧而克制的氛围
toxicity,横山克,restless;unresolved;melancholic,piano;string;cinematic;reverb_heavy,,0.4,0.35,0.5,0.3,0.3,0,0.75,instrumental,0,modern_classical,"""{""""deep_night_introspective"""":0.85,""""night_rain_humid"""":0.8,""""work_focus_low_vocal"""":0.75}""",fade_into_inner_space,0.85,横山克标志性的钢琴与弦乐编排，充满不安与未解决的张力，内省而沉重
Rather Be,Clean Bandit / Jess Glynne,hopeful;warm;urban,soft_synth;string;vocal_breath,,0.65,0.7,0.55,0.6,0.7,0.75,0.5,en,1,electropop,"""{""""evening_city_walk"""":0.85,""""morning_clear_light"""":0.75,""""user_requested_explore"""":0.7}""",city_to_inner_room,0.9,轻快的电子流行，弦乐与合成器交织，充满希望和都市活力
The Peach Blossom (QRION Remix),狸猫,dreamy;misty;urban,soft_synth;ambient_pad;reverb_heavy;electric_distant,,0.4,0.5,0.45,0.5,0.4,0,0.45,instrumental,0,electronic,"""{""""evening_city_walk"""":0.85,""""deep_night_introspective"""":0.8,""""work_focus_low_vocal"""":0.75}""",city_to_inner_room,0.85,QRION Remix 带来梦幻合成器与深远混响，营造都市夜晚的朦胧氛围
Soda City Funk,Tim legend,urban;restless;hopeful,soft_synth;lofi_dust;electric_distant,,0.6,0.55,0.5,0.5,0.65,0,0.4,instrumental,0,lo_fi,"""{""""evening_city_walk"""":0.85,""""work_focus_low_vocal"""":0.8,""""user_requested_explore"""":0.75}""",city_to_inner_room,0.85,都市感 lo-fi 节拍，软合成器与轻度失真营造出街头漫步的律动与希望
我只在乎你,马吟吟,warm;nostalgic;bittersweet,piano;vocal_breath;string;acoustic,,0.35,0.5,0.4,0.7,0.3,0.75,0.65,zh,1,mandopop,"""{""""evening_city_walk"""":0.8,""""weekend_slow"""":0.75,""""night_rain_humid"""":0.7}""",slow_opening,0.85,马吟吟的翻唱以钢琴和木吉他为主，声线温暖而略带沙哑，传递出怀旧与淡淡的苦涩情感
Pentiamonds,Nathan Fake,restless;unresolved;urban,cold_synth;electric_distant;minimal,,0.6,0.4,0.55,0.3,0.65,0,0.5,instrumental,0,techno,"""{""""evening_city_walk"""":0.8,""""deep_night_introspective"""":0.7,""""work_focus_low_vocal"""":0.65}""",city_to_inner_room,0.85,冷调合成器驱动的电子曲目，节奏紧凑，带有都市不安感与未解决的张力
Shae,Harrison,introspective;melancholic;restrained,piano;minimal;reverb_heavy,,0.2,0.3,0.25,0.35,0.15,0,0.7,instrumental,0,modern_classical,"""{""""work_focus_low_vocal"""":0.85,""""deep_night_introspective"""":0.8,""""night_rain_humid"""":0.75}""",slow_opening,0.85,极简钢琴独奏，缓慢而内省，混响营造出孤独而克制的氛围
Karate,Porsches,restless;urban;unresolved,cold_synth;electric_distant;reverb_heavy,,0.6,0.45,0.55,0.3,0.6,0,0.5,instrumental,0,electronic,"""{""""evening_city_walk"""":0.8,""""deep_night_introspective"""":0.7,""""work_focus_low_vocal"""":0.65}""",city_to_inner_room,0.85,冷调合成器与深远混响，都市不安感与未解决情绪交织
Refractions (feat. Marissa Nadler),Mercury Rev,dreamy;melancholic;bittersweet,ambient_pad;reverb_heavy;vocal_breath;string,,0.35,0.4,0.45,0.5,0.3,0.6,0.7,en,1,dream_pop,"""{""""deep_night_introspective"""":0.85,""""evening_city_walk"""":0.8,""""night_rain_humid"""":0.75}""",fade_into_inner_space,0.85,梦幻流行风格，Marissa Nadler 空灵人声与厚重混响交织，营造迷离而忧郁的氛围
Forces of Spring,Little Scream,dreamy;restless;bittersweet,acoustic;string;vocal_breath;reverb_heavy,,0.4,0.45,0.5,0.5,0.4,0.6,0.65,en,1,indie_folk,"""{""""morning_cloudy_slow"""":0.8,""""evening_city_walk"""":0.75,""""deep_night_introspective"""":0.7}""",slow_opening,0.85,木吉他与人声交织，弦乐与混响营造梦幻而略带不安的春日氛围
Nest,Lakker,restrained;melancholic;unresolved,minimal;cold_synth;ambient_pad;field_recording,,0.2,0.25,0.3,0.2,0.15,0,0.7,instrumental,0,ambient_techno,"""{""""deep_night_introspective"""":0.85,""""night_rain_humid"""":0.8,""""work_focus_low_vocal"""":0.75}""",fade_into_inner_space,0.85,冷调合成器与田野录音构建的极简氛围，克制而悬而未决
3 Pieces for cello and piano: No. 1. Modere,Nadia Boulanger,introspective;restrained;melancholic,piano;string;minimal,,0.15,0.3,0.2,0.4,0.1,0,0.75,instrumental,0,modern_classical,"""{""""work_focus_low_vocal"""":0.85,""""deep_night_introspective"""":0.8,""""night_rain_humid"""":0.75}""",slow_opening,0.9,大提琴与钢琴的室内乐小品，缓慢克制，充满内省与淡淡的忧伤
七层塔介滋味,罗思容,nostalgic;warm;bittersweet,acoustic;vocal_breath;string,,0.35,0.5,0.4,0.6,0.3,0.6,0.65,zh,1,folk,"""{""""evening_city_walk"""":0.8,""""morning_cloudy_slow"""":0.7,""""weekend_slow"""":0.75}""",slow_opening,0.85,客家民谣，木吉他与人声交织，怀旧而温暖，略带苦涩的滋味
Child of Mercy,The Yawpers,restless;melancholic;unresolved,acoustic;electric_distant;vocal_breath,,0.4,0.35,0.5,0.4,0.45,0.6,0.7,en,1,folk_rock,"""{""""deep_night_introspective"""":0.8,""""night_rain_humid"""":0.75,""""work_focus_low_vocal"""":0.7}""",fade_into_inner_space,0.85,粗粝的民谣摇滚，不安与未解的情绪通过人声和电吉他传达，适合深夜内省场景
Fast Awake,Ben Osborn,restless;introspective;unresolved,piano;reverb_heavy;vocal_breath;minimal,,0.35,0.3,0.4,0.35,0.3,0.6,0.7,en,1,art_pop,"""{""""deep_night_introspective"""":0.85,""""work_focus_low_vocal"""":0.7,""""night_rain_humid"""":0.75}""",fade_into_inner_space,0.85,不安的钢琴与脆弱人声，内省而悬而未决的情绪，适合深夜独处
Cannonball (Radio Remix),Damien Rice,melancholic;bittersweet;restrained,acoustic;string;vocal_breath,,0.35,0.4,0.4,0.5,0.3,0.7,0.75,en,1,singer_songwriter,"""{""""deep_night_introspective"""":0.85,""""night_rain_humid"""":0.8,""""work_focus_low_vocal"""":0.7}""",slow_opening,0.9,Damien Rice 的脆弱人声与木吉他、弦乐交织，营造出克制而苦涩的忧郁氛围
京都慕情,おおたか静流,nostalgic;melancholic;warm,piano;string;vocal_breath;reverb_heavy,,0.35,0.4,0.4,0.6,0.25,0.6,0.7,ja,1,j_pop,"""{""""evening_city_walk"""":0.8,""""night_clear_lonely"""":0.75,""""deep_night_introspective"""":0.7}""",slow_opening,0.85,怀旧的日式抒情，钢琴与弦乐交织，人声温暖而略带忧伤，适合京都夜晚的漫步
Forgiveless (feat. Ol' Dirty Bastard),SZA,urban;restless;bittersweet,electric_distant;lofi_dust;vocal_breath,,0.6,0.4,0.65,0.35,0.6,0.75,0.7,en,1,alternative_r&b,"""{""""evening_city_walk"""":0.8,""""deep_night_introspective"""":0.75,""""night_clear_lonely"""":0.7}""",city_to_inner_room,0.85,SZA 的另类 R&B 融合 Ol' Dirty Bastard 的粗糙说唱，都市感强烈，情绪复杂且略带不安
Libertango,Yo-Yo Ma,restless;sensual;bittersweet,acoustic;string;cinematic,,0.6,0.7,0.65,0.55,0.75,0,0.6,instrumental,0,classical_crossover,"""{""""evening_city_walk"""":0.8,""""afternoon_warm_idle"""":0.7,""""user_requested_explore"""":0.75}""",city_to_inner_room,0.85,马友友的大提琴演绎皮亚佐拉探戈，弦乐充满张力与激情，节奏鲜明而富有戏剧性
Island in the Sun,Weezer,warm;hopeful;nostalgic,acoustic;electric_distant;vocal_breath,,0.6,0.7,0.4,0.7,0.55,0.6,0.4,en,1,alternative_rock,"""{""""morning_clear_light"""":0.85,""""afternoon_warm_idle"""":0.8,""""weekend_slow"""":0.75}""",slow_opening,0.85,轻快的吉他摇滚，温暖阳光的旋律与怀旧感，适合悠闲时光
Maggot Brain,Funkadelic,melancholic;introspective;restrained,electric_distant;cinematic;reverb_heavy,,0.25,0.3,0.4,0.35,0.15,0,0.9,instrumental,0,psychedelic_rock,"""{""""deep_night_introspective"""":0.9,""""night_rain_humid"""":0.85,""""work_focus_low_vocal"""":0.8}""",fade_into_inner_space,0.9,标志性的吉他独奏充满哀伤与内省，深远混响营造出电影般的空间感，能量低沉但情感重量极重
Buoy,Shook Twins,dreamy;warm;nostalgic,acoustic;vocal_breath;string;soft_synth,,0.4,0.55,0.45,0.65,0.35,0.6,0.55,en,1,indie_folk,"""{""""morning_clear_light"""":0.8,""""afternoon_warm_idle"""":0.75,""""weekend_slow"""":0.7}""",soft_focus_work,0.85,温暖的木吉他与人声，轻柔合成器点缀，营造梦幻怀旧的 indie folk 氛围
El Unico,Caïna,melancholic;restrained;lonely,acoustic;minimal;reverb_heavy,,0.25,0.3,0.2,0.35,0.15,0,0.75,instrumental,0,folk_ambient,"""{""""deep_night_introspective"""":0.85,""""night_rain_humid"""":0.8,""""work_focus_low_vocal"""":0.75}""",afterglow_fading,0.85,极简原声吉他搭配深远混响，营造出克制而孤独的忧郁氛围
Champagne Kisses (Darius Remix),Darius,dreamy;urban;warm,soft_synth;reverb_heavy;electric_distant;ambient_pad,,0.45,0.55,0.5,0.6,0.5,0,0.45,instrumental,0,deep_house,"""{""""evening_city_walk"""":0.85,""""deep_night_introspective"""":0.8,""""work_focus_low_vocal"""":0.75}""",city_to_inner_room,0.85,Darius 的 remix 以温暖合成器和深远混响营造出梦幻都市氛围，能量中等偏低，适合夜晚漫步或专注工作
Sail On,Ryn Weaver,nostalgic;hopeful;bittersweet,soft_synth;vocal_breath;reverb_heavy,,0.45,0.5,0.4,0.55,0.4,0.7,0.6,en,1,indie_pop,"""{""""evening_city_walk"""":0.8,""""deep_night_introspective"""":0.75,""""work_focus_low_vocal"""":0.7}""",city_to_inner_room,0.85,Ryn Weaver 的人声带着怀旧与希望交织的质感，软合成器与混响营造出城市夜晚的漂泊感
Everlasting Truth,Re:plus,nostalgic;hopeful;bittersweet,piano;string;soft_synth;reverb_heavy,,0.35,0.5,0.4,0.55,0.3,0,0.65,instrumental,0,jazz_hop,"""{""""evening_city_walk"""":0.85,""""work_focus_low_vocal"""":0.8,""""deep_night_introspective"""":0.75}""",city_to_inner_room,0.85,钢琴与弦乐交织的日式爵士嘻哈，怀旧而充满希望的器乐氛围
About You,Else,dreamy;warm;nostalgic,soft_synth;ambient_pad;vocal_breath,,0.35,0.5,0.4,0.6,0.3,0.6,0.55,en,1,dream_pop,"""{""""evening_city_walk"""":0.8,""""deep_night_introspective"""":0.75,""""work_focus_low_vocal"""":0.7}""",soft_focus_work,0.85,梦幻合成器与轻柔人声交织，营造温暖怀旧的氛围
Mirror Balls,菊地成孔,urban;sensual;restless,soft_synth;electric_distant;jazz_brush;reverb_heavy,,0.45,0.5,0.55,0.5,0.5,0,0.5,instrumental,0,jazz,"""{""""evening_city_walk"""":0.85,""""deep_night_introspective"""":0.8,""""user_requested_explore"""":0.75}""",city_to_inner_room,0.85,菊地成孔标志性的都市爵士风格，软合成器与爵士刷子交织，营造出夜晚城市中略带不安的性感氛围
氧氣,范曉萱,melancholic;lonely;introspective,piano;vocal_breath;string;minimal,,0.25,0.3,0.35,0.4,0.2,0.6,0.75,zh,1,mandopop,"""{""""deep_night_introspective"""":0.85,""""night_rain_humid"""":0.8,""""work_focus_low_vocal"""":0.7}""",fade_into_inner_space,0.9,范曉萱脆弱而空靈的聲線，搭配簡約鋼琴與弦樂，營造出孤獨內省的氛圍
She Wants,Sunset Sons,restless;urban;hopeful,acoustic;electric_distant;vocal_breath,,0.6,0.55,0.5,0.5,0.6,0.7,0.5,en,1,indie_rock,"""{""""evening_city_walk"""":0.8,""""work_focus_low_vocal"""":0.6,""""user_requested_explore"""":0.7}""",city_to_inner_room,0.85,轻快吉他驱动，人声充满活力，带有都市探索的躁动与希望
Morning Melody (Epilogue),Anat Cohen,warm;clear;hopeful,acoustic;jazz_brush;string;minimal,,0.3,0.6,0.35,0.7,0.25,0,0.4,instrumental,0,jazz,"""{""""morning_clear_light"""":0.9,""""afternoon_warm_idle"""":0.8,""""work_focus_low_vocal"""":0.75}""",soft_focus_work,0.85,Anat Cohen 的爵士单簧管与弦乐编排，明亮温暖，适合清晨或午后安静专注的场景
Uptown Funk (feat. Bruno Mars),Mark Ronson,restless;urban;hopeful,electric_distant;soft_synth;vocal_breath,,0.8,0.75,0.7,0.6,0.85,0.8,0.3,en,1,funk_pop,"""{""""evening_city_walk"""":0.85,""""user_requested_explore"""":0.8,""""weekend_slow"""":0.7}""",city_to_inner_room,0.85,高能量放克流行，Bruno Mars 的活力人声与强劲节奏带来都市狂欢感
爱上你只是我的错,dMDM,melancholic;bittersweet;introspective,piano;string;vocal_breath,,0.35,0.4,0.4,0.5,0.3,0.6,0.7,zh,1,mandopop,"""{""""deep_night_introspective"""":0.8,""""night_rain_humid"""":0.75,""""evening_city_walk"""":0.7}""",slow_opening,0.85,钢琴与弦乐铺垫的华语抒情曲，人声带着遗憾与自省，情绪克制而苦涩
(Sittin' On) The Dock Of The Bay,小野リサ,warm;nostalgic;bittersweet,acoustic;jazz_brush;vocal_breath,,0.35,0.55,0.4,0.7,0.3,0.6,0.55,en,1,bossa_nova,"""{""""afternoon_warm_idle"""":0.85,""""evening_city_walk"""":0.8,""""weekend_slow"""":0.75}""",soft_focus_work,0.85,小野リサ的Bossa Nova翻唱，温暖木吉他搭配轻柔爵士刷镲，慵懒怀旧中带一丝苦涩
"""A Desire, Nameless""",Hiro Kone,introspective;restrained;unresolved,cold_synth;ambient_pad;minimal;field_recording,,0.2,0.2,0.25,0.2,0.1,0,0.8,instrumental,0,experimental_ambient,"""{""""deep_night_introspective"""":0.85,""""night_rain_humid"""":0.8,""""work_focus_low_vocal"""":0.75}""",fade_into_inner_space,0.9,冷调合成器与田野录音构建的极简氛围，内省而悬而未决，能量极低
Fish In The Pool,岩井俊二,introspective;melancholic;restrained,piano;string;minimal,,0.15,0.3,0.2,0.35,0.1,0,0.75,instrumental,0,modern_classical,"""{""""work_focus_low_vocal"""":0.85,""""deep_night_introspective"""":0.8,""""night_rain_humid"""":0.75}""",slow_opening,0.9,岩井俊二的钢琴与弦乐极简编排，静谧而内省，如同池中鱼缓慢游动
Hate It Or Love It,The Game,urban;restless;hopeful,electric_distant;soft_synth;vocal_breath,,0.65,0.55,0.7,0.5,0.7,0.85,0.6,en,1,hip_hop,"""{""""evening_city_walk"""":0.8,""""deep_night_introspective"""":0.7,""""user_requested_explore"""":0.75}""",city_to_inner_room,0.85,西海岸嘻哈经典，强劲的鼓点和自信的叙事，都市感与奋斗情绪交织
봉봉쇼콜라,EVERGLOW,urban;restless;hopeful,soft_synth;cold_synth;vocal_breath;electric_distant,,0.65,0.6,0.7,0.4,0.7,0.8,0.5,ko,1,k_pop,"""{""""evening_city_walk"""":0.75,""""user_requested_explore"""":0.7,""""work_focus_low_vocal"""":0.5}""",city_to_inner_room,0.85,EVERGLOW 的流行舞曲，合成器驱动、节奏明快，带有都市感和不安分的能量
私らしく,岩崎宏美,warm;nostalgic;hopeful,acoustic;vocal_breath;string,,0.4,0.55,0.45,0.65,0.35,0.65,0.6,ja,1,j_pop,"""{""""morning_clear_light"""":0.75,""""afternoon_warm_idle"""":0.7,""""weekend_slow"""":0.7}""",slow_opening,0.85,岩崎宏美的温暖声线搭配木吉他与弦乐，营造怀旧而充满希望的抒情氛围
Love's Refrain,Jefre Cantu-Ledesma,dreamy;nostalgic;melancholic,ambient_pad;reverb_heavy;field_recording;grainy,,0.2,0.3,0.25,0.4,0.1,0,0.7,instrumental,0,ambient,"""{""""deep_night_introspective"""":0.85,""""night_rain_humid"""":0.8,""""work_focus_low_vocal"""":0.75}""",fade_into_inner_space,0.9,梦幻而怀旧的氛围声景，厚重混响与田野录音交织，营造出朦胧的忧郁感
Merry Christmas Mr.Lawrence,伍芳,introspective;melancholic;restrained,piano;string;cinematic;minimal,,0.15,0.3,0.2,0.4,0.1,0,0.8,instrumental,0,modern_classical,"""{""""work_focus_low_vocal"""":0.85,""""deep_night_introspective"""":0.8,""""night_rain_humid"""":0.75}""",slow_opening,0.9,伍芳的钢琴演奏版本，保留了原曲的极简与内省，弦乐铺垫增添了温暖与电影感，整体克制而深沉
你快樂所以我快樂 (Live),巴奈,melancholic;restrained;bittersweet,acoustic;vocal_breath;minimal,,0.3,0.35,0.4,0.5,0.2,0.8,0.75,zh,1,folk,"""{""""deep_night_introspective"""":0.85,""""night_rain_humid"""":0.8,""""work_focus_low_vocal"""":0.7}""",slow_opening,0.85,巴奈现场版以木吉他与人声为主，克制而沉重，充满苦涩的深情与内省
Remembrance,Balmorhea,introspective;melancholic;restrained,piano;string;cinematic;minimal,,0.2,0.35,0.3,0.4,0.15,0,0.8,instrumental,0,modern_classical,"""{""""work_focus_low_vocal"""":0.85,""""deep_night_introspective"""":0.9,""""night_rain_humid"""":0.8}""",slow_opening,0.9,钢琴与弦乐交织的极简主义器乐，缓慢而内省，充满怀旧与克制的情感重量
Where the Wild Things Are,The Day,dreamy;nostalgic;bittersweet,acoustic;string;vocal_breath;reverb_heavy,,0.35,0.4,0.45,0.55,0.3,0.6,0.7,en,1,indie_folk,"""{""""evening_city_walk"""":0.8,""""deep_night_introspective"""":0.75,""""weekend_slow"""":0.7}""",slow_opening,0.85,木吉他与人声交织，带有梦幻怀旧与淡淡忧伤的独立民谣质感
现在的我们,萧蔷,warm;nostalgic;bittersweet,acoustic;string;vocal_breath,,0.4,0.5,0.45,0.6,0.35,0.65,0.6,zh,1,mandopop,"""{""""evening_city_walk"""":0.75,""""weekend_slow"""":0.7,""""morning_clear_light"""":0.65}""",slow_opening,0.8,萧蔷的温暖声线搭配木吉他与弦乐，营造怀旧而略带苦涩的抒情氛围
Girl Form Ipanema,黄莺莺,warm;nostalgic;bittersweet,acoustic;jazz_brush;vocal_breath;string,,0.35,0.55,0.4,0.7,0.3,0.6,0.6,zh,1,bossa_nova,"""{""""afternoon_warm_idle"""":0.85,""""evening_city_walk"""":0.8,""""morning_clear_light"""":0.75}""",soft_focus_work,0.85,黄莺莺的温暖声线搭配爵士鼓刷与弦乐，Bossa Nova 节奏带来怀旧而略带苦涩的午后氛围
Brazilian Rhyme (Almost There),Kaoru,warm;dreamy;nostalgic,acoustic;jazz_brush;string;soft_synth,,0.3,0.55,0.4,0.7,0.3,0,0.5,instrumental,0,jazz,"""{""""work_focus_low_vocal"""":0.85,""""afternoon_warm_idle"""":0.8,""""morning_clear_light"""":0.75}""",soft_focus_work,0.85,温暖的尼龙弦吉他搭配爵士刷和轻柔合成器，营造出怀旧而梦幻的午后氛围
Disfigured Bass,John Law,restless;urban;unresolved,electric_distant;cold_synth;reverb_heavy,,0.65,0.4,0.7,0.3,0.6,0,0.5,instrumental,0,electronic,"""{""""evening_city_walk"""":0.7,""""deep_night_introspective"""":0.65,""""work_focus_low_vocal"""":0.6}""",city_to_inner_room,0.8,扭曲贝斯与冷合成器营造出都市不安的电子氛围，能量中等偏上但明暗度较低
黑夜尽头,黄立行,restless;urban;unresolved,electric_distant;cold_synth;soft_synth,,0.6,0.4,0.65,0.3,0.6,0.7,0.6,zh,1,mandopop,"""{""""evening_city_walk"""":0.8,""""deep_night_introspective"""":0.75,""""night_clear_lonely"""":0.7}""",city_to_inner_room,0.85,黄立行冷峻的声线搭配电子合成器，营造出都市夜晚的不安与未解情绪
Only One,When Saints Go Machine,dreamy;melancholic;restrained,soft_synth;reverb_heavy;vocal_breath;electric_distant,,0.3,0.35,0.4,0.45,0.25,0.6,0.7,en,1,art_pop,"""{""""deep_night_introspective"""":0.85,""""night_rain_humid"""":0.8,""""evening_city_walk"""":0.75}""",fade_into_inner_space,0.85,梦幻合成器与深远混响包裹着脆弱人声，克制而忧郁的电子流行
Way Back Into Love,Hugh Grant,warm;hopeful;nostalgic,acoustic;piano;vocal_breath,,0.45,0.6,0.4,0.7,0.4,0.7,0.55,en,1,pop,"""{""""morning_clear_light"""":0.8,""""weekend_slow"""":0.75,""""evening_city_walk"""":0.7}""",slow_opening,0.85,温暖木吉他钢琴伴奏，Hugh Grant 轻柔人声传递怀旧与希望
Dilemma,Nelly,urban;restless;nostalgic,soft_synth;vocal_breath;electric_distant,,0.6,0.5,0.55,0.5,0.6,0.75,0.5,en,1,hip_hop,"""{""""evening_city_walk"""":0.85,""""night_clear_lonely"""":0.7,""""user_requested_explore"""":0.65}""",city_to_inner_room,0.85,Nelly 的经典嘻哈，都市感与怀旧情绪交织，节奏驱动但不过度激烈
Aurora,Aurora,dreamy;misty;hopeful,ambient_pad;vocal_breath;soft_synth;reverb_heavy,,0.35,0.5,0.4,0.55,0.3,0.7,0.6,en,1,art_pop,"""{""""morning_cloudy_slow"""":0.85,""""deep_night_introspective"""":0.8,""""evening_city_walk"""":0.75}""",soft_focus_work,0.85,空灵人声与氛围铺底交织，梦幻而略带朦胧的希望感
Thalassa,Ioanna Gika,misty;melancholic;dreamy,ambient_pad;reverb_heavy;vocal_breath;cinematic,,0.25,0.3,0.35,0.4,0.2,0.6,0.7,en,1,art_pop,"""{""""deep_night_introspective"""":0.85,""""night_rain_humid"""":0.8,""""work_focus_low_vocal"""":0.7}""",fade_into_inner_space,0.85,空灵人声与氛围铺底交织，营造出迷雾般的忧郁与梦幻感
뱅(Bang) !,After School,restless;urban;hopeful,electric_distant;cold_synth;soft_synth,,0.65,0.6,0.7,0.4,0.7,0.8,0.5,ko,1,k_pop,"""{""""evening_city_walk"""":0.8,""""user_requested_explore"""":0.7,""""work_focus_low_vocal"""":0.5}""",city_to_inner_room,0.85,强劲的电子节拍和合成器，充满都市活力与不安的期待感
The Chain - 2004 Remaster,Fleetwood Mac,nostalgic;restless;bittersweet,electric_distant;acoustic;vocal_breath,,0.6,0.5,0.55,0.5,0.55,0.7,0.65,en,1,classic_rock,"""{""""evening_city_walk"""":0.8,""""deep_night_introspective"""":0.7,""""work_focus_low_vocal"""":0.6}""",city_to_inner_room,0.85,经典摇滚，电吉他远距离感和人声的怀旧与不安交织，能量中等偏上
当我来到这里 feat. MISS KO,蛋堡 / 葛仲珊,urban;warm;hopeful,soft_synth;lofi_dust;acoustic;vocal_breath,,0.55,0.6,0.5,0.65,0.5,0.7,0.5,zh,1,hip_hop,"""{""""evening_city_walk"""":0.85,""""work_focus_low_vocal"""":0.7,""""user_requested_explore"""":0.75}""",city_to_inner_room,0.85,蛋堡的柔和说唱与葛仲珊的声线交织，都市感中带着温暖与希望
茎(STEM),椎名林檎,restless;unresolved;bittersweet,electric_distant;cold_synth;cinematic;vocal_breath,,0.55,0.4,0.65,0.3,0.5,0.7,0.75,ja,1,art_pop,"""{""""evening_city_walk"""":0.8,""""deep_night_introspective"""":0.85,""""night_rain_humid"""":0.75}""",city_to_inner_room,0.9,椎名林檎标志性的艺术流行风格，冷峻合成器与不安定的人声交织，充满悬而未决的都市情绪
Full Circle (feat. Holysseus Fly),Ishmael Ensemble,dreamy;warm;nostalgic,soft_synth;ambient_pad;vocal_breath;jazz_brush,,0.35,0.5,0.4,0.6,0.3,0.6,0.55,en,1,electronic_jazz,"""{""""evening_city_walk"""":0.8,""""work_focus_low_vocal"""":0.75,""""deep_night_introspective"""":0.7}""",city_to_inner_room,0.85,梦幻的电子爵士融合，温暖的人声与软合成器营造出怀旧而舒缓的都市氛围
Sushi,FKA twigs,sensual;dreamy;unresolved,soft_synth;reverb_heavy;vocal_breath;electric_distant,,0.4,0.45,0.5,0.55,0.4,0.7,0.6,en,1,art_pop,"""{""""evening_city_walk"""":0.8,""""deep_night_introspective"""":0.75,""""night_clear_lonely"""":0.7}""",city_to_inner_room,0.85,FKA twigs 标志性的空灵声线与电子质感，营造出性感而悬而未决的都市夜晚氛围
Jus Know,BlackMayo,urban;dreamy;restrained,soft_synth;lofi_dust;reverb_heavy;vocal_breath,,0.4,0.45,0.5,0.55,0.4,0.6,0.5,en,1,lo_fi,"""{""""evening_city_walk"""":0.8,""""deep_night_introspective"""":0.75,""""work_focus_low_vocal"""":0.7}""",city_to_inner_room,0.85,Lo-fi 氛围搭配轻柔人声，都市夜晚的克制与梦幻感
Gånglåt efter Mattias Blom,Skäggmanslaget,warm;nostalgic;restrained,acoustic;string;minimal,,0.3,0.5,0.3,0.7,0.25,0,0.5,instrumental,0,folk,"""{""""morning_clear_light"""":0.8,""""afternoon_warm_idle"""":0.75,""""work_focus_low_vocal"""":0.7}""",soft_focus_work,0.85,瑞典传统民谣，原声提琴与木吉他交织，温暖怀旧而克制
Résumé,Jenevieve,dreamy;urban;warm,soft_synth;vocal_breath;reverb_heavy,,0.4,0.5,0.45,0.6,0.4,0.7,0.5,en,1,r&b,"""{""""evening_city_walk"""":0.8,""""deep_night_introspective"""":0.75,""""work_focus_low_vocal"""":0.7}""",city_to_inner_room,0.85,梦幻R&B，软合成器与人声气息营造出温暖而都市感的氛围
Into1 - 纯享版,INTO1,urban;hopeful;restless,soft_synth;electric_distant;vocal_breath,,0.6,0.55,0.6,0.5,0.6,0.8,0.5,zh,1,mandopop,"""{""""evening_city_walk"""":0.8,""""work_focus_low_vocal"""":0.7,""""user_requested_explore"""":0.75}""",city_to_inner_room,0.8,INTO1的纯享版歌曲，合成器与电子音色营造都市感，人声突出，节奏明快，带有希望与不安的混合情绪
ASAP,STAYC,urban;restless;hopeful,soft_synth;electric_distant;vocal_breath,,0.65,0.6,0.55,0.5,0.6,0.75,0.45,ko,1,k_pop,"""{""""evening_city_walk"""":0.8,""""work_focus_low_vocal"""":0.6,""""user_requested_explore"""":0.7}""",city_to_inner_room,0.85,STAYC 的 ASAP 是一首充满都市感的 K-pop 歌曲，合成器与轻快节奏带来 restless 和 hopeful 的情绪，适合城市漫步或探索场景
"""Zadok the Priest, Coronation Anthem No. 1, HWV 258""",George Frideric Handel,restrained;clear;bittersweet,string;cinematic;reverb_heavy,,0.7,0.65,0.75,0.5,0.6,0.8,0.7,en,1,classical,"""{""""morning_clear_light"""":0.8,""""work_focus_low_vocal"""":0.7,""""evening_city_walk"""":0.6}""",slow_opening,0.85,庄严的合唱与弦乐，巴洛克式的清晰与克制，充满仪式感与情感重量
Ghost in the Machine,SZA / Phoebe Bridgers,melancholic;introspective;unresolved,soft_synth;vocal_breath;reverb_heavy;electric_distant,,0.4,0.35,0.5,0.4,0.35,0.75,0.7,en,1,art_pop,"""{""""deep_night_introspective"""":0.85,""""night_rain_humid"""":0.8,""""evening_city_walk"""":0.75}""",fade_into_inner_space,0.9,SZA与Phoebe Bridgers的脆弱人声交织，合成器与混响营造出内省而悬疑的氛围
Comforting Sounds,Mew,dreamy;melancholic;restrained,ambient_pad;reverb_heavy;cinematic;electric_distant,,0.35,0.4,0.5,0.45,0.2,0.4,0.7,en,1,dream_pop,"""{""""deep_night_introspective"""":0.85,""""night_rain_humid"""":0.8,""""work_focus_low_vocal"""":0.75}""",fade_into_inner_space,0.9,梦幻流行经典，层层递进的氛围铺底与克制的人声，营造出内省而略带忧郁的空间感
LOVE LOVE LOVE,Dreams Come True,warm;nostalgic;hopeful,acoustic;vocal_breath;string;soft_synth,,0.5,0.6,0.5,0.7,0.45,0.75,0.6,ja,1,j_pop,"""{""""evening_city_walk"""":0.8,""""weekend_slow"""":0.75,""""morning_clear_light"""":0.7}""",slow_opening,0.85,温暖怀旧的J-Pop经典，木吉他与人声交织，充满希望与柔情
天堂鳥 - 電視劇: 怪俠一枝梅 片尾曲,鄭嘉嘉,melancholic;nostalgic;bittersweet,piano;string;vocal_breath;cinematic,,0.4,0.45,0.5,0.55,0.3,0.7,0.75,zh,1,mandopop,"""{""""evening_city_walk"""":0.8,""""night_clear_lonely"""":0.75,""""deep_night_introspective"""":0.7}""",slow_opening,0.85,钢琴与弦乐铺底，女声深情演绎，怀旧而略带伤感的电视剧片尾曲
夏日倾情 (Live),Mike 曾比特 / 安崎,warm;nostalgic;hopeful,acoustic;vocal_breath;string,,0.55,0.6,0.5,0.7,0.45,0.75,0.6,zh,1,mandopop,"""{""""evening_city_walk"""":0.8,""""morning_clear_light"""":0.7,""""weekend_slow"""":0.75}""",slow_opening,0.85,现场版温暖声线与弦乐编排，怀旧而充满希望，能量略高于标准抒情
幸福就好,苏盈之,warm;hopeful;nostalgic,acoustic;vocal_breath;string,,0.45,0.6,0.4,0.7,0.35,0.65,0.55,zh,1,mandopop,"""{""""morning_clear_light"""":0.8,""""afternoon_warm_idle"""":0.75,""""weekend_slow"""":0.7}""",slow_opening,0.85,温暖木吉他与人声，传递希望与怀旧，适合轻松午后
休み,Vantage,urban;nostalgic;dreamy,soft_synth;lofi_dust;electric_distant,,0.4,0.5,0.45,0.55,0.4,0,0.45,instrumental,0,vaporwave,"""{""""evening_city_walk"""":0.85,""""deep_night_introspective"""":0.8,""""work_focus_low_vocal"""":0.75}""",city_to_inner_room,0.85,Vantage 的 vaporwave 风格，软合成器与 lo-fi 质感营造出都市夜晚的怀旧与梦幻氛围
颗粒 - 日光倾城 (Groovemiki Remix),颗粒,urban;dreamy;nostalgic,soft_synth;lofi_dust;ambient_pad;reverb_heavy,,0.45,0.5,0.5,0.55,0.5,0.6,0.5,zh,1,chillwave,"""{""""evening_city_walk"""":0.85,""""work_focus_low_vocal"""":0.8,""""deep_night_introspective"""":0.75}""",city_to_inner_room,0.85,软合成器与lo-fi质感营造出都市梦幻氛围，人声温暖但略带怀旧感
シンコペーション,BABYMETAL,restless;urban;melancholic,electric_distant;cold_synth;reverb_heavy,,0.7,0.4,0.7,0.3,0.8,0.6,0.6,ja,1,j_metal,"""{""""evening_city_walk"""":0.5,""""deep_night_introspective"""":0.4,""""user_requested_explore"""":0.5}""",city_to_inner_room,0.8,BABYMETAL 的金属核风格，急促的节奏与冷调合成器营造出都市不安感，但人声旋律带有忧郁色彩
Get Lucky,Pharrell Williams,hopeful;warm;restless,soft_synth;electric_distant;vocal_breath,,0.7,0.7,0.6,0.6,0.7,0.8,0.4,en,1,funk_pop,"""{""""evening_city_walk"""":0.8,""""weekend_slow"""":0.7,""""user_requested_explore"""":0.7}""",city_to_inner_room,0.85,Pharrell 的活力人声与放克节奏，明亮温暖但略带躁动，适合都市夜晚漫步
After Last Night (with Thundercat & Bootsy Collins),Bruno Mars / Anderson Paak / Silk Sonic / Thundercat / Bootsy Collins,warm;nostalgic;hopeful,acoustic;jazz_brush;vocal_breath;string,,0.55,0.6,0.5,0.7,0.6,0.8,0.5,en,1,funk_soul,"""{""""evening_city_walk"""":0.8,""""weekend_slow"""":0.75,""""afternoon_warm_idle"""":0.7}""",slow_opening,0.85,复古放克灵魂乐，温暖的人声与爵士鼓刷营造怀旧而充满希望的夜晚氛围
搁浅的人,康士坦的变化球,restless;melancholic;unresolved,electric_distant;reverb_heavy;cinematic,,0.6,0.3,0.7,0.35,0.5,0.6,0.8,zh,1,post_rock,"""{""""deep_night_introspective"""":0.85,""""night_rain_humid"""":0.75,""""evening_city_walk"""":0.7}""",late_night_descent,0.85,后摇风格，失真电吉他与人声交织，充满不安与未解的沉重情绪
I,Nkisi,restless;urban;unresolved,cold_synth;electric_distant;minimal,,0.6,0.4,0.55,0.3,0.65,0,0.5,instrumental,0,electronic,"""{""""evening_city_walk"""":0.8,""""deep_night_introspective"""":0.7,""""work_focus_low_vocal"""":0.65}""",city_to_inner_room,0.85,冷调合成器与重复节奏驱动，营造都市不安与未解的情绪氛围
Hrs & Hrs,Muni Long,warm;sensual;hopeful,soft_synth;vocal_breath;minimal,,0.4,0.5,0.4,0.7,0.35,0.8,0.6,en,1,contemporary_r&b,"""{""""evening_city_walk"""":0.8,""""deep_night_introspective"""":0.7,""""weekend_slow"""":0.75}""",slow_opening,0.85,温暖柔和的R&B情歌，人声亲密且富有呼吸感，营造出慵懒而感性的氛围
Oh No Oh Yes!,梅艷芳,bittersweet;nostalgic;restrained,piano;string;vocal_breath;reverb_heavy,,0.35,0.4,0.45,0.55,0.3,0.7,0.75,zh,1,mandopop,"""{""""evening_city_walk"""":0.8,""""night_rain_humid"""":0.75,""""deep_night_introspective"""":0.7}""",slow_opening,0.85,梅艷芳深情演绎，钢琴与弦乐交织，怀旧中带着克制与苦涩
竹田の子守唄,Chouchou,melancholic;nostalgic;restrained,piano;ambient_pad;vocal_breath;minimal,,0.2,0.3,0.25,0.4,0.15,0.5,0.75,ja,1,ambient_folk,"""{""""deep_night_introspective"""":0.85,""""night_rain_humid"""":0.8,""""work_focus_low_vocal"""":0.75}""",rain_on_glass,0.9,日本传统民谣的改编，Chouchou 的空灵人声与极简钢琴营造出克制而怀旧的忧伤氛围
Whenever,Megan Thee Stallion,urban;restless;hopeful,soft_synth;electric_distant;vocal_breath,,0.6,0.55,0.6,0.5,0.65,0.8,0.5,en,1,hip_hop,"""{""""evening_city_walk"""":0.8,""""user_requested_explore"""":0.75,""""work_focus_low_vocal"""":0.6}""",city_to_inner_room,0.85,Megan Thee Stallion 的自信说唱与都市感节奏，充满能量但带有内省时刻
Love Can Fly (Live),袁娅维TIA RAY,warm;hopeful;bittersweet,vocal_breath;string;acoustic,,0.55,0.6,0.5,0.7,0.45,0.85,0.65,zh,1,mandopop,"""{""""evening_city_walk"""":0.8,""""weekend_slow"""":0.75,""""morning_clear_light"""":0.7}""",slow_opening,0.85,袁娅维现场版人声极具感染力，温暖而略带苦涩的抒情，弦乐与木吉他烘托希望感
Desafinado,小野リサ,warm;clear;sensual,acoustic;jazz_brush;vocal_breath;string,,0.35,0.6,0.4,0.7,0.4,0.6,0.4,ja,1,bossa_nova,"""{""""morning_clear_light"""":0.85,""""afternoon_warm_idle"""":0.8,""""evening_city_walk"""":0.75}""",soft_focus_work,0.9,小野リサ的轻柔嗓音与爵士吉他、刷擦声，温暖明快的 bossa nova 质感
Shatter The Gangue Of Piety,Hiro Kone,restless;unresolved;melancholic,cold_synth;electric_distant;reverb_heavy;grainy,,0.6,0.3,0.7,0.2,0.5,0,0.75,instrumental,0,industrial_ambient,"""{""""deep_night_introspective"""":0.85,""""night_rain_humid"""":0.75,""""work_focus_low_vocal"""":0.7}""",fade_into_inner_space,0.85,冷峻的合成器与颗粒感噪音，营造出不安而沉重的工业氛围，适合深夜内省
森,遠TONE音,introspective;misty;restrained,ambient_pad;field_recording;minimal;acoustic,,0.15,0.3,0.2,0.5,0.1,0,0.6,instrumental,0,ambient,"""{""""morning_cloudy_slow"""":0.85,""""work_focus_low_vocal"""":0.8,""""deep_night_introspective"""":0.75}""",rain_on_glass,0.85,自然采样与氛围铺底营造出森林般的朦胧内省感，能量极低且质感细腻
Chateau,Cory Wong / Metropole Orkest / Jules Buckley,warm;clear;hopeful,acoustic;string;jazz_brush;cinematic,,0.6,0.7,0.55,0.7,0.6,0,0.4,instrumental,0,jazz,"""{""""morning_clear_light"""":0.85,""""afternoon_warm_idle"""":0.8,""""evening_city_walk"""":0.75}""",soft_focus_work,0.85,Cory Wong 标志性的放克吉他搭配管弦乐团，明亮温暖的爵士质感，充满希望与律动
Flashing Lights,Kanye West / Dwele,urban;restless;bittersweet,soft_synth;cold_synth;electric_distant;vocal_breath,,0.65,0.5,0.65,0.4,0.7,0.75,0.6,en,1,hip_hop,"""{""""evening_city_walk"""":0.85,""""deep_night_introspective"""":0.75,""""user_requested_explore"""":0.7}""",city_to_inner_room,0.85,Kanye West 的冷感合成器与 Dwele 的柔滑人声交织，都市夜晚的奢华与疏离感
"""Cello Concerto in B Minor, Op. 104, B. 191: I. Allegro""",Antonín Dvořák,restrained;melancholic;bittersweet,string;cinematic;minimal,,0.4,0.35,0.5,0.55,0.3,0,0.75,instrumental,0,classical,"""{""""work_focus_low_vocal"""":0.8,""""deep_night_introspective"""":0.75,""""morning_cloudy_slow"""":0.7}""",slow_opening,0.9,德沃夏克大提琴协奏曲第一乐章，弦乐主导的古典作品，情感深沉而克制，带有忧郁与怀旧色彩
Boy With Luv (feat. Halsey),BTS,hopeful;warm;urban,soft_synth;acoustic;vocal_breath,,0.65,0.7,0.6,0.6,0.65,0.8,0.5,en,1,k_pop,"""{""""morning_clear_light"""":0.7,""""evening_city_walk"""":0.65,""""user_requested_explore"""":0.6}""",slow_opening,0.85,明亮活泼的K-pop流行曲，温暖的人声与合成器营造出都市感的希望与活力
I Like That,Sistar,urban;warm;hopeful,soft_synth;vocal_breath;electric_distant,,0.6,0.65,0.55,0.6,0.65,0.75,0.4,en,1,k_pop,"""{""""evening_city_walk"""":0.8,""""afternoon_warm_idle"""":0.7,""""user_requested_explore"""":0.65}""",city_to_inner_room,0.85,Sistar 的夏日舞曲，合成器与节奏感带来都市温暖与活力，但情感重量较轻
Gilded Griffin,Fenella,dreamy;misty;detached,ambient_pad;field_recording;minimal;reverb_heavy,,0.2,0.3,0.25,0.4,0.1,0,0.5,instrumental,0,ambient,"""{""""work_focus_low_vocal"""":0.85,""""morning_cloudy_slow"""":0.8,""""deep_night_introspective"""":0.75}""",soft_focus_work,0.85,朦胧的氛围声景，田野录音与混响营造出梦幻而疏离的质感
Love The Way You Lie,Eminem,restless;bittersweet;unresolved,electric_distant;vocal_breath;cinematic,,0.7,0.4,0.7,0.3,0.6,0.8,0.8,en,1,hip_hop,"""{""""deep_night_introspective"""":0.6,""""evening_city_walk"""":0.5,""""night_rain_humid"""":0.5}""",city_to_inner_room,0.85,Eminem 的激烈说唱与 Rihanna 的脆弱副歌交织，呈现一段充满张力与未解情绪的都市情感叙事
Jean Sibelius: Karelia Suite Op. 11 - 2. Ballade,Alexander Gibson,introspective;melancholic;restrained,string;cinematic;minimal,,0.25,0.4,0.35,0.5,0.2,0,0.7,instrumental,0,classical,"""{""""work_focus_low_vocal"""":0.85,""""deep_night_introspective"""":0.8,""""morning_cloudy_slow"""":0.75}""",slow_opening,0.9,西贝柳斯卡累利阿组曲中的叙事曲，弦乐主导的古典作品，内省而克制，带有淡淡的忧郁与温暖
Opscurus,Nyctalllz,introspective;melancholic;restrained,ambient_pad;cold_synth;minimal,,0.15,0.2,0.2,0.3,0.1,0,0.8,instrumental,0,ambient,"""{""""deep_night_introspective"""":0.9,""""night_rain_humid"""":0.85,""""work_focus_low_vocal"""":0.8}""",fade_into_inner_space,0.85,冷调氛围铺底，极简而内省，营造出深邃的孤独感
내꺼야 (是我的) (PICK ME),PRODUCE 48,hopeful;urban;restless,soft_synth;electric_distant;vocal_breath,,0.7,0.65,0.7,0.5,0.75,0.85,0.5,ko,1,k_pop,"""{""""evening_city_walk"""":0.6,""""user_requested_explore"""":0.5,""""morning_clear_light"""":0.4}""",city_to_inner_room,0.8,K-pop 选秀主题曲，充满活力的合成器与群唱，能量较高但带有都市感
涙の物語,有里知花,nostalgic;warm;bittersweet,piano;acoustic;vocal_breath;string,,0.35,0.5,0.4,0.6,0.3,0.65,0.7,ja,1,j_pop,"""{""""evening_city_walk"""":0.8,""""morning_cloudy_slow"""":0.75,""""weekend_slow"""":0.7}""",slow_opening,0.85,有里知花温柔清澈的声线搭配钢琴与弦乐，营造出怀旧而略带伤感的抒情氛围
Istanbul (feat. Elijah Fox),Yussef Dayes / Elijah Fox,warm;urban;nostalgic,jazz_brush;piano;acoustic;field_recording,,0.4,0.55,0.5,0.7,0.45,0,0.5,instrumental,0,jazz,"""{""""evening_city_walk"""":0.85,""""afternoon_warm_idle"""":0.8,""""work_focus_low_vocal"""":0.75}""",city_to_inner_room,0.9,爵士鼓刷与钢琴交织，融合现场录音，营造出温暖而怀旧的都市漫步感
I Love You 3000,Stephanie Poetri,warm;nostalgic;hopeful,acoustic;vocal_breath;soft_synth,,0.35,0.55,0.4,0.7,0.3,0.75,0.5,en,1,indie_pop,"""{""""morning_clear_light"""":0.8,""""afternoon_warm_idle"""":0.75,""""weekend_slow"""":0.7}""",slow_opening,0.85,温暖木吉他与人声，轻快而怀旧的 indie pop 情歌，充满甜蜜与希望
永不失联的爱 (Live),单依纯,warm;nostalgic;hopeful,piano;vocal_breath;string,,0.4,0.55,0.45,0.7,0.35,0.75,0.65,zh,1,mandopop,"""{""""evening_city_walk"""":0.8,""""weekend_slow"""":0.75,""""morning_clear_light"""":0.7}""",slow_opening,0.85,单依纯的现场演绎以钢琴和弦乐为基底，温暖而富有情感的人声传递出怀旧与希望交织的氛围
Danuvius,Audiomachine,introspective;melancholic;restrained,cinematic;string;piano;minimal,,0.25,0.3,0.35,0.4,0.15,0,0.75,instrumental,0,cinematic_orchestral,"""{""""work_focus_low_vocal"""":0.85,""""deep_night_introspective"""":0.8,""""night_rain_humid"""":0.75}""",slow_opening,0.9,管弦乐与钢琴交织，低沉而内省，带有电影配乐的克制与悲壮感
Convalescence,Message To Bears,introspective;melancholic;restrained,piano;string;ambient_pad;minimal,,0.2,0.3,0.25,0.4,0.15,0,0.75,instrumental,0,ambient,"""{""""deep_night_introspective"""":0.85,""""work_focus_low_vocal"""":0.8,""""night_rain_humid"""":0.75}""",afterglow_fading,0.9,极简钢琴与弦乐交织，缓慢而内省，如同康复中的静谧与脆弱
X Gon' Give It To Ya,DMX,restless;urban;unresolved,electric_distant;cold_synth;grainy,,0.9,0.7,0.85,0.2,0.9,0.9,0.6,en,1,hip_hop,"""{""""evening_city_walk"""":0.5,""""night_clear_lonely"""":0.4,""""user_requested_explore"""":0.5}""",city_to_inner_room,0.85,高能量硬核说唱，粗粝的节拍和侵略性人声，充满都市躁动与不安
创圣大天使 (Live),圈住那个9,restless;hopeful;melancholic,acoustic;vocal_breath;reverb_heavy,,0.4,0.5,0.45,0.55,0.35,0.7,0.6,zh,1,live_acoustic,"""{""""evening_city_walk"""":0.7,""""deep_night_introspective"""":0.65,""""work_focus_low_vocal"""":0.6}""",slow_opening,0.8,现场版木吉他弹唱，人声清晰带呼吸感，情绪在不安与希望间摇摆
Hexidecimal Wave / Binary rock,Housewives,restless;urban;detached,electric_distant;cold_synth;reverb_heavy,,0.6,0.4,0.7,0.3,0.65,0,0.5,instrumental,0,electronic,"""{""""evening_city_walk"""":0.8,""""deep_night_introspective"""":0.7,""""work_focus_low_vocal"""":0.65}""",city_to_inner_room,0.8,冰冷的电子音色与重复的节奏纹理，营造出都市疏离感，能量中等偏上但缺乏温暖
Love Like Mine - Bee's Knees Remix,Miami Horror,urban;hopeful;nostalgic,soft_synth;electric_distant;reverb_heavy,,0.6,0.55,0.5,0.5,0.6,0.7,0.5,en,1,nu_disco,"""{""""evening_city_walk"""":0.85,""""user_requested_explore"""":0.8,""""weekend_slow"""":0.7}""",city_to_inner_room,0.85,合成器驱动的 remix，都市感与怀旧情绪交织，律动适中
Palace Memories,Denouement - S.E.N.S.,introspective;melancholic;restrained,piano;cinematic;string;minimal,,0.15,0.3,0.2,0.35,0.1,0,0.8,instrumental,0,modern_classical,"""{""""work_focus_low_vocal"""":0.85,""""deep_night_introspective"""":0.8,""""night_rain_humid"""":0.75}""",slow_opening,0.9,钢琴与弦乐交织的宏大而内省的器乐作品，缓慢、克制，充满历史感与沉思
Lots of umbrellas falling down,Umbrellas Hide Life,dreamy;melancholic;bittersweet,ambient_pad;field_recording;reverb_heavy;minimal,,0.2,0.3,0.25,0.4,0.15,0,0.65,instrumental,0,ambient,"""{""""morning_cloudy_slow"""":0.85,""""night_rain_humid"""":0.8,""""work_focus_low_vocal"""":0.75}""",rain_on_glass,0.85,氛围声景搭配田野录音与深远混响，营造出梦幻而略带忧郁的雨天质感
aLIEz,SawanoHiroyuki[nZk]:mizuki,restless;urban;unresolved,cold_synth;electric_distant;cinematic,,0.7,0.6,0.7,0.3,0.65,0.75,0.65,ja,1,anime_soundtrack,"""{""""evening_city_walk"""":0.7,""""deep_night_introspective"""":0.6,""""user_requested_explore"""":0.75}""",city_to_inner_room,0.85,泽野弘之标志性的冷调合成器与激昂人声，充满都市战斗感的紧张与不安
Quench the Flame,The Faint,restless;urban;detached,cold_synth;electric_distant;reverb_heavy,,0.6,0.4,0.65,0.3,0.6,0.5,0.55,en,1,indie_electro,"""{""""evening_city_walk"""":0.8,""""deep_night_introspective"""":0.75,""""user_requested_explore"""":0.7}""",city_to_inner_room,0.85,冷调合成器与疏离人声，营造都市夜晚的躁动与抽离感
Chega de Saudade,Antônio Carlos Jobim,warm;nostalgic;bittersweet,acoustic;jazz_brush;vocal_breath,,0.35,0.6,0.4,0.7,0.4,0.5,0.5,pt,1,bossa_nova,"""{""""morning_clear_light"""":0.8,""""afternoon_warm_idle"""":0.85,""""evening_city_walk"""":0.75}""",soft_focus_work,0.9,Bossa nova 经典，Jobim 的吉他与人声交织出温暖怀旧的午后氛围
Outro,Luvea,dreamy;nostalgic;restrained,ambient_pad;soft_synth;minimal,,0.25,0.35,0.3,0.45,0.15,0,0.6,instrumental,0,ambient,"""{""""deep_night_introspective"""":0.85,""""night_clear_lonely"""":0.8,""""work_focus_low_vocal"""":0.75}""",fade_into_inner_space,0.85,轻柔的氛围合成器与极简编排，营造出梦幻而克制的尾声感
はじまりの日,じょん,dreamy;nostalgic;hopeful,piano;string;soft_synth;vocal_breath,,0.35,0.5,0.4,0.55,0.3,0.6,0.6,ja,1,j_pop,"""{""""morning_clear_light"""":0.8,""""afternoon_warm_idle"""":0.75,""""weekend_slow"""":0.7}""",slow_opening,0.85,柔和的钢琴和弦乐铺底，人声轻盈带有梦幻感，营造出温暖而怀旧的开始氛围
The Plans We Made,Maps,nostalgic;dreamy;bittersweet,soft_synth;ambient_pad;reverb_heavy;vocal_breath,,0.4,0.45,0.5,0.55,0.35,0.6,0.65,en,1,dream_pop,"""{""""evening_city_walk"""":0.8,""""deep_night_introspective"""":0.75,""""work_focus_low_vocal"""":0.7}""",city_to_inner_room,0.85,梦幻合成器与空灵人声交织，怀旧而略带苦涩的都市氛围
WRK,JID,restless;urban;bittersweet,electric_distant;soft_synth;vocal_breath,,0.6,0.5,0.65,0.4,0.7,0.8,0.6,en,1,hip_hop,"""{""""evening_city_walk"""":0.8,""""deep_night_introspective"""":0.75,""""work_focus_low_vocal"""":0.65}""",city_to_inner_room,0.85,JID 的复杂说唱与都市感制作，不安中带着怀旧与苦涩
風笛,宮本文昭,melancholic;nostalgic;restrained,acoustic;string;cinematic;minimal,,0.25,0.4,0.3,0.45,0.15,0,0.7,instrumental,0,classical,"""{""""morning_cloudy_slow"""":0.85,""""deep_night_introspective"""":0.8,""""night_rain_humid"""":0.75}""",slow_opening,0.9,宮本文昭的英式管弦乐编排，风笛音色悠远而克制，带有淡淡的怀旧与忧郁
Sobre a brevidade da vida,Andrei Machado,introspective;melancholic;restrained,piano;minimal;ambient_pad;reverb_heavy,,0.15,0.25,0.2,0.35,0.1,0,0.8,instrumental,0,modern_classical,"""{""""deep_night_introspective"""":0.9,""""work_focus_low_vocal"""":0.85,""""night_rain_humid"""":0.8}""",afterglow_fading,0.9,极简钢琴与氛围铺垫，缓慢而内省，充满对生命短暂的沉思与克制的情感重量
It's Okay To Cry,SOPHIE,hopeful;warm;clear,soft_synth;vocal_breath;ambient_pad,,0.4,0.6,0.35,0.65,0.3,0.7,0.55,en,1,art_pop,"""{""""morning_clear_light"""":0.8,""""evening_city_walk"""":0.7,""""user_requested_explore"""":0.75}""",gentle_recovery,0.85,SOPHIE 的脆弱人声与温暖合成器营造出治愈而清晰的氛围，鼓励情感释放
Weather Storm,Craig Armstrong,melancholic;restrained;bittersweet,piano;string;cinematic;minimal,,0.2,0.3,0.25,0.35,0.1,0,0.8,instrumental,0,modern_classical,"""{""""work_focus_low_vocal"""":0.85,""""deep_night_introspective"""":0.8,""""night_rain_humid"""":0.75}""",afterglow_fading,0.9,钢琴与弦乐交织的极简编排，情绪克制而忧郁，如同风雨过后的余晖
O mio babbino caro,Hayley Westenra,warm;nostalgic;bittersweet,string;vocal_breath;cinematic,,0.4,0.6,0.5,0.7,0.3,0.8,0.75,en,1,classical_crossover,"""{""""morning_clear_light"""":0.8,""""evening_city_walk"""":0.7,""""weekend_slow"""":0.75}""",slow_opening,0.85,Hayley Westenra的纯净女声与弦乐编排，温暖而怀旧，带有古典跨界的美感
空头支票,艾怡良,melancholic;introspective;restrained,piano;string;vocal_breath;minimal,,0.35,0.4,0.45,0.5,0.3,0.6,0.7,zh,1,mandopop,"""{""""deep_night_introspective"""":0.85,""""night_rain_humid"""":0.8,""""work_focus_low_vocal"""":0.75}""",fade_into_inner_space,0.85,艾怡良低沉而克制的声线，钢琴与弦乐编织出内省与忧郁的氛围
飞,Matt吕彦良,dreamy;warm;nostalgic,soft_synth;ambient_pad;vocal_breath,,0.35,0.5,0.4,0.6,0.3,0.6,0.5,zh,1,art_pop,"""{""""evening_city_walk"""":0.8,""""deep_night_introspective"""":0.75,""""work_focus_low_vocal"""":0.7}""",soft_focus_work,0.85,Matt吕彦良的梦幻合成器与轻柔人声，营造温暖怀旧的都市氛围
(It Goes Like) Nanana (Edit),Peggy Gou,urban;restless;hopeful,soft_synth;electric_distant;reverb_heavy,,0.7,0.65,0.6,0.5,0.75,0.4,0.4,en,1,house,"""{""""evening_city_walk"""":0.85,""""user_requested_explore"""":0.8,""""night_clear_lonely"""":0.7}""",city_to_inner_room,0.85,Peggy Gou 的经典 house 曲目，合成器律动感强，都市夜晚的活力与探索感
Cheapest Flight - AlunaGeorge Remix,PREP,urban;hopeful;restless,soft_synth;vocal_breath;electric_distant,,0.6,0.55,0.55,0.5,0.6,0.7,0.45,en,1,electropop,"""{""""evening_city_walk"""":0.85,""""user_requested_explore"""":0.8,""""work_focus_low_vocal"""":0.7}""",city_to_inner_room,0.85,轻快电子流行，合成器与人声交织，都市律动中带着期待与不安
Growing Pains,Alexander Claffy,introspective;melancholic;restrained,acoustic;jazz_brush;vocal_breath;minimal,,0.25,0.35,0.3,0.5,0.2,0.6,0.7,en,1,jazz,"""{""""deep_night_introspective"""":0.85,""""night_rain_humid"""":0.8,""""work_focus_low_vocal"""":0.75}""",late_night_descent,0.85,爵士风格，木吉他、刷镲与人声交织，内省而克制，带有成长中的忧郁与沉思
InterMezzo From Cavalleria Rusticana,London Philharmonic Orchestra,melancholic;nostalgic;restrained,string;cinematic;minimal,,0.2,0.35,0.3,0.4,0.1,0,0.8,instrumental,0,classical,"""{""""work_focus_low_vocal"""":0.85,""""deep_night_introspective"""":0.8,""""night_rain_humid"""":0.75}""",slow_opening,0.9,经典弦乐间奏，缓慢而充满怀旧与忧伤，适合内省场景
Prelude For Time Feelers,Eluvium,introspective;dreamy;restrained,piano;ambient_pad;minimal;reverb_heavy,,0.15,0.3,0.2,0.4,0.1,0,0.7,instrumental,0,ambient,"""{""""work_focus_low_vocal"""":0.9,""""deep_night_introspective"""":0.85,""""morning_cloudy_slow"""":0.8}""",slow_opening,0.9,极简钢琴与氛围垫音交织，缓慢而内省，如同时间感知的序曲
Say So (Original Version),Doja Cat / Nicki Minaj,urban;restless;hopeful,soft_synth;vocal_breath;electric_distant,,0.65,0.6,0.55,0.5,0.7,0.85,0.4,en,1,pop_rap,"""{""""evening_city_walk"""":0.8,""""user_requested_explore"""":0.75,""""weekend_slow"""":0.7}""",city_to_inner_room,0.85,都市感流行说唱，软合成器与节奏驱动，人声突出但情感较轻
Be A Body (侘寂),Grimes,introspective;dreamy;detached,soft_synth;reverb_heavy;vocal_breath;minimal,,0.35,0.4,0.35,0.45,0.3,0.5,0.6,en,1,art_pop,"""{""""deep_night_introspective"""":0.85,""""night_clear_lonely"""":0.8,""""work_focus_low_vocal"""":0.7}""",fade_into_inner_space,0.85,Grimes 空灵的人声与梦幻合成器营造出内省而疏离的氛围，带有侘寂般的留白感
Light Has Come,Future Of Forestry,hopeful;warm;dreamy,soft_synth;ambient_pad;reverb_heavy,,0.4,0.6,0.45,0.7,0.35,0,0.5,instrumental,0,ambient,"""{""""morning_clear_light"""":0.85,""""work_focus_low_vocal"""":0.8,""""afternoon_warm_idle"""":0.75}""",soft_focus_work,0.85,温暖明亮的合成器氛围，充满希望与梦幻感，适合专注或放松场景
Watching As She Reels,Rafael Anton Irisarri,introspective;melancholic;restrained,ambient_pad;reverb_heavy;minimal;field_recording,,0.15,0.2,0.25,0.3,0.1,0,0.8,instrumental,0,ambient,"""{""""deep_night_introspective"""":0.9,""""night_rain_humid"""":0.85,""""work_focus_low_vocal"""":0.8}""",fade_into_inner_space,0.9,深邃的氛围声景，缓慢铺展的混响与田野录音，充满内省与克制的情感重量
旅路の果て,藤間仁,melancholic;nostalgic;bittersweet,piano;string;cinematic;reverb_heavy,,0.25,0.3,0.35,0.4,0.2,0,0.75,instrumental,0,modern_classical,"""{""""deep_night_introspective"""":0.85,""""night_rain_humid"""":0.8,""""work_focus_low_vocal"""":0.75}""",afterglow_fading,0.85,钢琴与弦乐交织的器乐作品，充满旅途终点的感伤与怀旧，混响营造深远空间感
Bodak Yellow,Cardi B,restless;urban;clear,electric_distant;cold_synth;vocal_breath,,0.85,0.7,0.8,0.3,0.9,0.95,0.6,en,1,hip_hop,"""{""""evening_city_walk"""":0.55,""""user_requested_explore"""":0.5,""""night_clear_lonely"""":0.4}""",city_to_inner_room,0.85,高能量嘻哈，冷硬合成器与强烈人声主导，都市自信与躁动
Plastic Love (New-Remix),竹内まりや,nostalgic;urban;bittersweet,soft_synth;electric_distant;reverb_heavy,,0.6,0.55,0.55,0.5,0.6,0.7,0.55,ja,1,city_pop,"""{""""evening_city_walk"""":0.85,""""deep_night_introspective"""":0.75,""""user_requested_explore"""":0.7}""",city_to_inner_room,0.9,经典城市流行 remix，合成器与鼓点营造出都市夜晚的怀旧与微甜忧伤
Superstar (selected by Diablo Cody),Sonic Youth,restless;urban;bittersweet,electric_distant;reverb_heavy;vocal_breath,,0.6,0.45,0.65,0.4,0.6,0.7,0.7,en,1,alternative_rock,"""{""""evening_city_walk"""":0.8,""""deep_night_introspective"""":0.75,""""night_clear_lonely"""":0.7}""",city_to_inner_room,0.85,Sonic Youth 标志性的失真吉他与人声，城市夜晚的躁动与苦涩怀旧
Barbie World (with Aqua) [From Barbie The Album],Nicki Minaj,restless;urban;hopeful,soft_synth;cold_synth;vocal_breath;electric_distant,mainstream_anthem;bright_festival,0.75,0.7,0.8,0.4,0.85,0.9,0.3,en,1,pop_rap,"""{""""evening_city_walk"""":0.55,""""user_requested_explore"""":0.5,""""weekend_slow"""":0.4}""",city_to_inner_room,0.8,Nicki Minaj 的流行说唱，高能量、明亮但带都市感，因负面标签限制场景分数
L003,声子虫,introspective;melancholic;restrained,ambient_pad;electric_distant;reverb_heavy,,0.25,0.3,0.35,0.4,0.2,0,0.7,instrumental,0,post_rock,"""{""""deep_night_introspective"""":0.85,""""night_rain_humid"""":0.8,""""work_focus_low_vocal"""":0.75}""",fade_into_inner_space,0.85,台湾后摇滚乐团，氛围化电吉他+深远混响，内省而克制的情感流动
言不由衷 (Live),徐佳莹,melancholic;bittersweet;introspective,piano;vocal_breath;string,,0.35,0.4,0.4,0.55,0.3,0.7,0.75,zh,1,mandopop,"""{""""deep_night_introspective"""":0.85,""""night_rain_humid"""":0.8,""""evening_city_walk"""":0.75}""",slow_opening,0.9,徐佳莹现场演绎的抒情慢歌，钢琴与弦乐铺垫，人声充满呼吸感与情感重量，传递出苦涩与内省的情绪
Over the Rainbow,Chet Baker,nostalgic;warm;bittersweet,jazz_brush;vocal_breath;acoustic,,0.25,0.5,0.3,0.7,0.2,0.6,0.65,en,1,jazz,"""{""""evening_city_walk"""":0.85,""""weekend_slow"""":0.8,""""night_clear_lonely"""":0.75}""",afterglow_fading,0.9,Chet Baker 标志性的慵懒小号与轻声吟唱，温暖而怀旧的爵士经典
I still believe ~ため息~,滴草由実,nostalgic;bittersweet;hopeful,piano;string;vocal_breath,,0.4,0.5,0.45,0.55,0.35,0.7,0.65,ja,1,j_pop,"""{""""evening_city_walk"""":0.8,""""night_clear_lonely"""":0.75,""""weekend_slow"""":0.7}""",slow_opening,0.85,滴草由実的抒情嗓音搭配钢琴与弦乐，营造出怀旧而略带叹息的日式流行氛围
68 Screen,Priests,restless;urban;detached,electric_distant;cold_synth;reverb_heavy,,0.6,0.4,0.55,0.3,0.5,0.7,0.6,en,1,post_punk,"""{""""evening_city_walk"""":0.8,""""deep_night_introspective"""":0.7,""""user_requested_explore"""":0.65}""",city_to_inner_room,0.85,冷峻的合成器与疏离人声，充满都市不安与躁动感
飄雪,陳慧嫻,melancholic;nostalgic;lonely,piano;string;vocal_breath;reverb_heavy,,0.3,0.35,0.4,0.4,0.25,0.7,0.75,zh,1,cantopop,"""{""""night_clear_lonely"""":0.85,""""deep_night_introspective"""":0.8,""""evening_city_walk"""":0.75}""",slow_opening,0.9,陳慧嫻清冷而深情的人声搭配钢琴与弦乐，营造出冬日飘雪般的孤寂与怀旧
(Sigh),Unloved,melancholic;bittersweet;restrained,electric_distant;reverb_heavy;vocal_breath;cinematic,,0.35,0.3,0.45,0.35,0.3,0.6,0.7,en,1,indie_pop,"""{""""deep_night_introspective"""":0.8,""""night_rain_humid"""":0.75,""""evening_city_walk"""":0.7}""",fade_into_inner_space,0.85,疏离的电吉他、厚重混响与叹息般的人声，营造出克制而苦涩的夜晚氛围
自由,李心洁,restless;urban;hopeful,electric_distant;soft_synth;vocal_breath,,0.6,0.55,0.5,0.5,0.6,0.7,0.5,zh,1,mandopop,"""{""""evening_city_walk"""":0.8,""""user_requested_explore"""":0.75,""""morning_clear_light"""":0.7}""",city_to_inner_room,0.85,李心洁的嗓音带着都市的躁动与希望，电子音色和节奏感营造出自由探索的氛围
Overgrown,Immanu El,introspective;melancholic;restrained,ambient_pad;reverb_heavy;minimal;electric_distant,,0.25,0.3,0.35,0.4,0.2,0.3,0.7,en,1,post_rock,"""{""""deep_night_introspective"""":0.85,""""night_rain_humid"""":0.8,""""work_focus_low_vocal"""":0.75}""",fade_into_inner_space,0.85,后摇式氛围铺底，人声遥远而克制，整体沉静内敛，适合深夜独处
Lucy Meets Mr. Tumnus,Harry Gregson-Williams,dreamy;misty;restrained,piano;string;cinematic;minimal,,0.15,0.35,0.25,0.5,0.1,0,0.7,instrumental,0,film_score,"""{""""morning_cloudy_slow"""":0.85,""""deep_night_introspective"""":0.8,""""work_focus_low_vocal"""":0.75}""",slow_opening,0.9,电影配乐，钢琴与弦乐交织出梦幻而克制的氛围，如同雪地初遇的静谧与期待
Shooting Stars,Bag Raiders,nostalgic;dreamy;urban,soft_synth;reverb_heavy;electric_distant,,0.6,0.55,0.55,0.5,0.6,0,0.45,instrumental,0,synthpop,"""{""""evening_city_walk"""":0.85,""""deep_night_introspective"""":0.8,""""user_requested_explore"""":0.75}""",city_to_inner_room,0.9,复古合成器旋律与深远混响，营造出都市夜晚的怀旧与梦幻感
Stars Above You,Ben Woods,dreamy;warm;nostalgic,acoustic;soft_synth;reverb_heavy,,0.3,0.5,0.35,0.6,0.25,0,0.45,instrumental,0,ambient_folk,"""{""""morning_cloudy_slow"""":0.85,""""evening_city_walk"""":0.8,""""work_focus_low_vocal"""":0.75}""",soft_focus_work,0.85,木吉他为主，辅以软合成器和混响，营造温暖梦幻的怀旧氛围
Take It From Me,The Weepies / Deb Talan / Steve Tannen,warm;nostalgic;hopeful,acoustic;vocal_breath;string,,0.4,0.55,0.4,0.7,0.35,0.6,0.5,en,1,indie_folk,"""{""""morning_clear_light"""":0.8,""""afternoon_warm_idle"""":0.75,""""weekend_slow"""":0.7}""",slow_opening,0.85,温暖的木吉他与人声交织，带来怀旧而充满希望的民谣质感
Viking,SahBabii,urban;restless;dreamy,soft_synth;reverb_heavy;vocal_breath;electric_distant,,0.6,0.5,0.55,0.4,0.6,0.7,0.5,en,1,trap,"""{""""evening_city_walk"""":0.8,""""deep_night_introspective"""":0.7,""""user_requested_explore"""":0.75}""",city_to_inner_room,0.85,SahBabii 的慵懒声线搭配重混响合成器，营造出都市夜晚的迷离与不安感
Take You Down,Chris Brown,urban;restless;sensual,soft_synth;electric_distant;vocal_breath,,0.6,0.5,0.55,0.5,0.6,0.8,0.5,en,1,r&b,"""{""""evening_city_walk"""":0.8,""""deep_night_introspective"""":0.7,""""user_requested_explore"""":0.65}""",city_to_inner_room,0.85,Chris Brown 的 R&B 风格，都市感与不安的性感交织，合成器与人声主导
水の巫女エリア,植松伸夫,misty;dreamy;restrained,piano;string;cinematic;reverb_heavy,,0.2,0.35,0.3,0.4,0.15,0,0.7,instrumental,0,cinematic_orchestral,"""{""""deep_night_introspective"""":0.85,""""night_rain_humid"""":0.8,""""work_focus_low_vocal"""":0.75}""",slow_opening,0.9,植松伸夫标志性的钢琴与弦乐编排，营造出朦胧梦幻的水之巫女氛围，充满电影感与内省
True Colors,Rock Mafia,warm;nostalgic;hopeful,soft_synth;vocal_breath;reverb_heavy,,0.4,0.55,0.45,0.65,0.35,0.6,0.5,en,1,indie_pop,"""{""""evening_city_walk"""":0.8,""""work_focus_low_vocal"""":0.7,""""weekend_slow"""":0.75}""",slow_opening,0.85,温暖合成器与人声交织，怀旧而充满希望的独立流行质感
(I Am a) Horizon,Fire! Orchestra,restless;unresolved;melancholic,cinematic;electric_distant;reverb_heavy;string,,0.6,0.4,0.7,0.3,0.5,0.4,0.75,en,1,experimental_jazz,"""{""""deep_night_introspective"""":0.8,""""night_rain_humid"""":0.7,""""work_focus_low_vocal"""":0.6}""",city_to_inner_room,0.85,大型爵士乐团编排，不安的弦乐与远距离电声交织，充满未解决的张力与内省感
Full Circle,J Majik,restless;urban;nostalgic,electric_distant;cold_synth;reverb_heavy,,0.65,0.45,0.6,0.35,0.7,0,0.5,instrumental,0,drum_and_bass,"""{""""evening_city_walk"""":0.8,""""deep_night_introspective"""":0.75,""""work_focus_low_vocal"""":0.7}""",city_to_inner_room,0.85,Drum and bass 节奏驱动，冷合成器与深远混响营造出都市夜晚的躁动与怀旧感
音楽のある風景,Haruka Nakamura,dreamy;nostalgic;warm,piano;ambient_pad;minimal;cinematic,,0.2,0.4,0.25,0.6,0.15,0,0.7,instrumental,0,ambient,"""{""""morning_cloudy_slow"""":0.85,""""work_focus_low_vocal"""":0.8,""""deep_night_introspective"""":0.75}""",soft_focus_work,0.9,钢琴与氛围铺底交织，温暖而梦幻的器乐风景，适合安静内省时刻
HWAA,i-dle,restless;urban;bittersweet,cold_synth;electric_distant;soft_synth;vocal_breath,,0.6,0.55,0.6,0.4,0.6,0.75,0.6,ko,1,k_pop,"""{""""evening_city_walk"""":0.8,""""deep_night_introspective"""":0.7,""""night_clear_lonely"""":0.65}""",city_to_inner_room,0.85,冷感合成器与强烈节奏驱动，人声充满张力，带有都市夜晚的躁动与忧郁
eureka,fromadistance,dreamy;nostalgic;hopeful,ambient_pad;soft_synth;reverb_heavy,,0.25,0.4,0.3,0.55,0.2,0,0.5,instrumental,0,ambient,"""{""""morning_cloudy_slow"""":0.85,""""work_focus_low_vocal"""":0.8,""""evening_city_walk"""":0.75}""",soft_focus_work,0.85,梦幻氛围铺底，软合成器与深远混响营造出怀旧而充满希望的空间感
Forgiveness,Editors,melancholic;restrained;unresolved,cold_synth;electric_distant;reverb_heavy,,0.4,0.3,0.5,0.3,0.4,0.6,0.7,en,1,indie_rock,"""{""""deep_night_introspective"""":0.85,""""night_rain_humid"""":0.8,""""evening_city_walk"""":0.75}""",city_to_inner_room,0.85,冷调合成器与深远混响，克制而悬而未决的英伦独立摇滚情绪
Rude,MAGIC!,restless;urban;hopeful,acoustic;soft_synth;vocal_breath,,0.6,0.65,0.55,0.6,0.6,0.75,0.5,en,1,reggae_pop,"""{""""evening_city_walk"""":0.8,""""weekend_slow"""":0.7,""""user_requested_explore"""":0.65}""",city_to_inner_room,0.85,雷鬼流行风格，轻快的吉他扫弦与乐观的求婚主题，带有都市感和希望情绪
杀死那个石家庄人,万能青年旅店,melancholic;restrained;bittersweet,acoustic;string;electric_distant;vocal_breath,,0.4,0.3,0.5,0.35,0.3,0.6,0.8,zh,1,chinese_rock,"""{""""evening_city_walk"""":0.8,""""deep_night_introspective"""":0.85,""""night_rain_humid"""":0.75}""",city_to_inner_room,0.9,木吉他叙事与弦乐铺底，克制而沉重的情绪，描绘城市边缘的压抑与无奈
Turquoise,Mooncake,dreamy;introspective;restrained,ambient_pad;string;cinematic;minimal,,0.2,0.35,0.3,0.4,0.15,0,0.7,instrumental,0,post_rock,"""{""""deep_night_introspective"""":0.85,""""night_clear_lonely"""":0.8,""""work_focus_low_vocal"""":0.75}""",fade_into_inner_space,0.9,Mooncake 的标志性后摇，弦乐与氛围铺底营造出梦幻而内省的声景，能量低但情感重量高
Ivy,Frank Ocean,introspective;melancholic;bittersweet,soft_synth;reverb_heavy;vocal_breath;electric_distant,,0.35,0.4,0.45,0.5,0.3,0.7,0.75,en,1,alternative_rnb,"""{""""deep_night_introspective"""":0.85,""""night_rain_humid"""":0.8,""""evening_city_walk"""":0.75}""",fade_into_inner_space,0.9,Frank Ocean 脆弱而细腻的人声包裹在混响合成器中，内省而苦涩的 R&B 质感
Harmonium Song,Because,introspective;melancholic;restrained,piano;minimal;reverb_heavy,,0.2,0.3,0.25,0.4,0.15,0,0.7,instrumental,0,modern_classical,"""{""""work_focus_low_vocal"""":0.85,""""deep_night_introspective"""":0.8,""""night_rain_humid"""":0.75}""",slow_opening,0.85,钢琴独奏，缓慢而内省，混响营造出空旷的孤独感
GREECE (feat. Drake),DJ Khaled,urban;restless;hopeful,soft_synth;vocal_breath;electric_distant,,0.6,0.55,0.6,0.5,0.65,0.8,0.5,en,1,hip_hop,"""{""""evening_city_walk"""":0.8,""""night_clear_lonely"""":0.7,""""user_requested_explore"""":0.75}""",city_to_inner_room,0.85,Drake 的人声与合成器营造出都市夜晚的躁动与期待，能量中等偏高
Bonthrop,Ataraxia,dreamy;misty;restrained,ambient_pad;cold_synth;minimal;field_recording,,0.2,0.3,0.25,0.35,0.1,0,0.6,instrumental,0,ambient,"""{""""deep_night_introspective"""":0.85,""""night_rain_humid"""":0.8,""""work_focus_low_vocal"""":0.75}""",fade_into_inner_space,0.85,冷调氛围铺底与田野录音交织，梦幻而克制，适合深夜内省场景
Still Loving You,Scorpions,melancholic;nostalgic;bittersweet,electric_distant;reverb_heavy;cinematic,,0.6,0.4,0.7,0.5,0.5,0.7,0.8,en,1,hard_rock,"""{""""evening_city_walk"""":0.8,""""deep_night_introspective"""":0.75,""""night_rain_humid"""":0.7}""",slow_opening,0.85,经典硬摇滚情歌，电吉他失真与高亢人声交织出怀旧与苦涩的深情
Transparent Eyelids,Scythelence,dreamy;melancholic;detached,ambient_pad;cold_synth;reverb_heavy;minimal,,0.25,0.3,0.35,0.3,0.2,0,0.7,instrumental,0,ambient,"""{""""deep_night_introspective"""":0.85,""""night_rain_humid"""":0.8,""""work_focus_low_vocal"""":0.75}""",fade_into_inner_space,0.85,冷调氛围合成器与深远混响，营造出梦幻而疏离的透明质感
delicate delegates,Lowly,introspective;dreamy;restrained,ambient_pad;soft_synth;minimal;field_recording,,0.25,0.4,0.3,0.5,0.2,0,0.6,instrumental,0,ambient,"""{""""work_focus_low_vocal"""":0.85,""""morning_cloudy_slow"""":0.8,""""deep_night_introspective"""":0.75}""",soft_focus_work,0.85,氛围电子作品，软合成器与田野录音交织，内敛而梦幻的质感
5 AM,Calvin Harris / Tinashe,urban;restless;hopeful,soft_synth;cold_synth;vocal_breath,,0.6,0.55,0.6,0.45,0.65,0.7,0.5,en,1,electro_pop,"""{""""evening_city_walk"""":0.85,""""deep_night_introspective"""":0.8,""""user_requested_explore"""":0.75}""",city_to_inner_room,0.85,电子流行节奏驱动，Tinashe的人声带来都市夜晚的躁动与期待
Lille,Lisa Hannigan,introspective;melancholic;restrained,acoustic;vocal_breath;string;minimal,,0.25,0.35,0.3,0.5,0.2,0.6,0.7,en,1,indie_folk,"""{""""deep_night_introspective"""":0.85,""""night_rain_humid"""":0.8,""""work_focus_low_vocal"""":0.75}""",afterglow_fading,0.85,Lisa Hannigan 脆弱而克制的人声搭配简约的吉他和弦乐，营造出内省而忧郁的氛围
Somewhere Only We Know,Keane,nostalgic;melancholic;hopeful,piano;string;vocal_breath,,0.4,0.5,0.45,0.55,0.35,0.6,0.7,en,1,britpop,"""{""""evening_city_walk"""":0.8,""""deep_night_introspective"""":0.75,""""weekend_slow"""":0.7}""",slow_opening,0.9,钢琴驱动的英伦摇滚，怀旧而略带忧郁的旋律，人声温暖充满希望
Claude Debussy: Préludes (12) for piano,L. 117 - 8. La fille aux cheveux de lin,introspective;restrained;melancholic,piano;minimal;cinematic,,0.15,0.4,0.2,0.5,0.1,0,0.7,instrumental,0,classical,"""{""""morning_cloudy_slow"""":0.85,""""work_focus_low_vocal"""":0.8,""""deep_night_introspective"""":0.75}""",slow_opening,0.9,德彪西的钢琴前奏曲，轻柔而内省，带有印象派的朦胧与克制
沙文,林憶蓮,restless;urban;unresolved,electric_distant;cold_synth;reverb_heavy,,0.65,0.4,0.7,0.3,0.6,0.7,0.75,zh,1,art_pop,"""{""""evening_city_walk"""":0.8,""""deep_night_introspective"""":0.75,""""user_requested_explore"""":0.7}""",city_to_inner_room,0.85,冷冽电子编曲与林憶蓮充满张力的声线，营造出都市不安与未解的情绪氛围
Noh Life,Ian Ewing,introspective;restrained;melancholic,piano;ambient_pad;minimal;lofi_dust,,0.25,0.3,0.35,0.4,0.2,0,0.7,instrumental,0,lo_fi,"""{""""work_focus_low_vocal"""":0.85,""""deep_night_introspective"""":0.8,""""night_rain_humid"""":0.75}""",fade_into_inner_space,0.85,极简钢琴与氛围铺垫，lo-fi 质感带来内省与克制的情绪，适合专注或深夜聆听
Island,Haruka Nakamura,dreamy;nostalgic;melancholic,piano;ambient_pad;minimal;field_recording,,0.2,0.35,0.25,0.5,0.15,0,0.7,instrumental,0,ambient,"""{""""work_focus_low_vocal"""":0.85,""""deep_night_introspective"""":0.8,""""morning_cloudy_slow"""":0.75}""",soft_focus_work,0.9,钢琴与氛围音垫交织，带有田野录音的自然感，营造出梦幻而略带忧伤的孤岛氛围
Limbs,BONES UK,restless;urban;melancholic,electric_distant;cold_synth;reverb_heavy,,0.6,0.35,0.65,0.3,0.55,0.7,0.7,en,1,alternative_rock,"""{""""evening_city_walk"""":0.85,""""deep_night_introspective"""":0.8,""""night_clear_lonely"""":0.75}""",city_to_inner_room,0.85,冷调电吉他与合成器交织，人声充满张力，营造出都市夜晚的躁动与疏离感
John the Revelator,Whitehorse,restless;melancholic;unresolved,acoustic;electric_distant;vocal_breath,,0.45,0.35,0.5,0.4,0.5,0.7,0.65,en,1,folk_rock,"""{""""evening_city_walk"""":0.75,""""deep_night_introspective"""":0.7,""""work_focus_low_vocal"""":0.65}""",city_to_inner_room,0.85,原声吉他与人声交织，带有不安与未解的情绪，适合都市夜晚的沉思
Still Here Now,The Dream Syndicate,restless;urban;bittersweet,electric_distant;reverb_heavy;soft_synth,,0.55,0.5,0.6,0.45,0.5,0.7,0.6,en,1,alternative_rock,"""{""""evening_city_walk"""":0.8,""""deep_night_introspective"""":0.75,""""work_focus_low_vocal"""":0.7}""",city_to_inner_room,0.85,略带不安的摇滚质感，电吉他远距离混响与都市感交织，人声存在感强
Underachiever,Ex Libras,restless;melancholic;unresolved,electric_distant;reverb_heavy;vocal_breath,,0.4,0.3,0.5,0.35,0.4,0.6,0.7,en,1,indie_rock,"""{""""deep_night_introspective"""":0.8,""""night_rain_humid"""":0.75,""""work_focus_low_vocal"""":0.7}""",fade_into_inner_space,0.85,失真的电吉他、厚重混响和脆弱人声，营造出不安与未解决的忧郁氛围
The Tenth Planet,Sleep Dealer,melancholic;dreamy;nostalgic,ambient_pad;soft_synth;reverb_heavy;electric_distant,,0.25,0.3,0.35,0.4,0.2,0,0.7,instrumental,0,ambient,"""{""""deep_night_introspective"""":0.85,""""night_clear_lonely"""":0.8,""""work_focus_low_vocal"""":0.75}""",fade_into_inner_space,0.85,氛围电子，深邃的合成器铺底与遥远电声，营造出忧郁而梦幻的太空感
也许你不懂,原子邦妮 Astro Bunny,dreamy;nostalgic;bittersweet,soft_synth;ambient_pad;vocal_breath;reverb_heavy,,0.4,0.45,0.5,0.55,0.35,0.6,0.65,zh,1,dream_pop,"""{""""evening_city_walk"""":0.8,""""deep_night_introspective"""":0.75,""""night_rain_humid"""":0.7}""",city_to_inner_room,0.85,梦幻合成器与空灵人声交织，怀旧而略带苦涩的都市氛围
Violin Concerto No. 2 in B minor,MS 48: III. Rondo a la clochette,restrained;melancholic;bittersweet,string;cinematic;minimal,,0.25,0.4,0.3,0.35,0.2,0,0.7,instrumental,0,classical,"""{""""work_focus_low_vocal"""":0.8,""""deep_night_introspective"""":0.75,""""night_rain_humid"""":0.7}""",slow_opening,0.85,帕格尼尼B小调第二小提琴协奏曲第三乐章，小提琴独奏与弦乐交织，带有克制与忧郁的古典质感
Drum'n Bass In Rain(中国版),孟奇,restless;urban;melancholic,cold_synth;electric_distant;reverb_heavy,,0.65,0.4,0.7,0.3,0.8,0,0.6,instrumental,0,drum_and_bass,"""{""""evening_city_walk"""":0.8,""""night_rain_humid"""":0.85,""""deep_night_introspective"""":0.7}""",city_to_inner_room,0.85,高速鼓点与冷合成器营造出都市雨夜的躁动与孤寂感
远すぎた空,Akito,melancholic;lonely;nostalgic,piano;string;reverb_heavy;minimal,,0.25,0.3,0.35,0.4,0.2,0,0.75,instrumental,0,modern_classical,"""{""""deep_night_introspective"""":0.9,""""night_rain_humid"""":0.85,""""work_focus_low_vocal"""":0.8}""",afterglow_fading,0.9,钢琴与弦乐交织，深远混响营造出空旷而怀旧的孤独感
X,刘柏辛Lexie,urban;restless;bittersweet,soft_synth;electric_distant;vocal_breath;cold_synth,,0.6,0.5,0.55,0.4,0.6,0.75,0.5,zh,1,art_pop,"""{""""evening_city_walk"""":0.8,""""deep_night_introspective"""":0.75,""""user_requested_explore"""":0.7}""",city_to_inner_room,0.85,刘柏辛的电子流行风格，冷感合成器与都市节奏交织，带有不安与怀旧的复杂情绪
Przywitanie Słońca,EABS,dreamy;misty;hopeful,ambient_pad;field_recording;soft_synth;minimal,,0.25,0.4,0.3,0.5,0.2,0,0.45,instrumental,0,ambient_jazz,"""{""""morning_cloudy_slow"""":0.85,""""work_focus_low_vocal"""":0.8,""""afternoon_warm_idle"""":0.75}""",soft_focus_work,0.85,波兰爵士乐队EABS的器乐作品，氛围垫与田野录音营造出朦胧而充满希望的清晨质感
Radioactive,Imagine Dragons,restless;urban;hopeful,electric_distant;soft_synth;reverb_heavy,,0.7,0.6,0.7,0.4,0.65,0.8,0.6,en,1,alternative_rock,"""{""""evening_city_walk"""":0.7,""""work_focus_low_vocal"""":0.5,""""deep_night_introspective"""":0.6}""",city_to_inner_room,0.85,强劲的鼓点和合成器驱动，充满都市不安与希望感，但能量较高
交换余生,林俊杰,nostalgic;bittersweet;hopeful,piano;string;vocal_breath;cinematic,,0.55,0.5,0.55,0.6,0.45,0.75,0.7,zh,1,mandopop,"""{""""evening_city_walk"""":0.8,""""deep_night_introspective"""":0.75,""""weekend_slow"""":0.7}""",slow_opening,0.85,林俊杰标志性抒情嗓音搭配钢琴与弦乐，怀旧中带着苦涩与希望，能量略高于红豆但保持抒情基调
damn Right Pt. 2,AUDREY NUNA,urban;restless;bittersweet,soft_synth;electric_distant;vocal_breath,,0.6,0.5,0.55,0.4,0.6,0.75,0.6,en,1,alternative_rnb,"""{""""evening_city_walk"""":0.8,""""deep_night_introspective"""":0.75,""""user_requested_explore"""":0.7}""",city_to_inner_room,0.85,都市感强烈的另类R&B，合成器与电子音色交织，人声带着不安与苦涩的张力
i hate u i love u,gnash,melancholic;bittersweet;restless,piano;vocal_breath;reverb_heavy;minimal,,0.3,0.3,0.35,0.35,0.25,0.7,0.75,en,1,alternative_pop,"""{""""deep_night_introspective"""":0.85,""""night_rain_humid"""":0.8,""""work_focus_low_vocal"""":0.7}""",fade_into_inner_space,0.9,极简钢琴伴奏下的人声独白，充满矛盾与未解的苦涩情绪
山海,草东没有派对,restless;melancholic;unresolved,electric_distant;reverb_heavy;vocal_breath,,0.7,0.3,0.7,0.3,0.6,0.8,0.85,zh,1,indie_rock,"""{""""deep_night_introspective"""":0.8,""""night_clear_lonely"""":0.75,""""evening_city_walk"""":0.7}""",late_night_descent,0.9,草东没有派对标志性的躁动与压抑，失真吉他与人声交织出强烈的情绪重量，能量高于一般抒情但低于金属
Northern Lights,Richard Andrews,dreamy;misty;restrained,ambient_pad;cold_synth;minimal,,0.2,0.3,0.25,0.35,0.1,0,0.6,instrumental,0,ambient,"""{""""deep_night_introspective"""":0.85,""""night_clear_lonely"""":0.8,""""work_focus_low_vocal"""":0.75}""",fade_into_inner_space,0.85,冷调氛围铺底，极简结构营造出梦幻而疏离的极光意象
CC #5,Car Culture,dreamy;misty;detached,ambient_pad;soft_synth;reverb_heavy;minimal,,0.2,0.35,0.25,0.45,0.15,0,0.5,instrumental,0,ambient,"""{""""work_focus_low_vocal"""":0.85,""""morning_cloudy_slow"""":0.8,""""deep_night_introspective"""":0.75}""",soft_focus_work,0.85,氛围电子作品，软合成器与混响营造出梦幻而疏离的声景
Old School Fonk,Georgia Anne Muldrow,urban;warm;restless,soft_synth;electric_distant;lofi_dust,,0.55,0.5,0.6,0.6,0.65,0.7,0.5,en,1,neo_soul,"""{""""evening_city_walk"""":0.8,""""work_focus_low_vocal"""":0.7,""""user_requested_explore"""":0.75}""",city_to_inner_room,0.85,温暖的放克节奏与都市感，人声充满律动但不过分张扬，适合城市漫步或探索场景
Riding With the King,B.B. King / Eric Clapton,warm;hopeful;nostalgic,acoustic;string;vocal_breath,,0.55,0.6,0.5,0.7,0.5,0.7,0.5,en,1,blues_rock,"""{""""morning_clear_light"""":0.8,""""afternoon_warm_idle"""":0.75,""""evening_city_walk"""":0.7}""",slow_opening,0.85,B.B. King 和 Clapton 的吉他对话温暖而怀旧，人声与布鲁斯旋律充满希望
Blue Window,Duñe,dreamy;nostalgic;bittersweet,soft_synth;reverb_heavy;vocal_breath,,0.35,0.4,0.35,0.5,0.3,0.6,0.65,en,1,dream_pop,"""{""""evening_city_walk"""":0.8,""""deep_night_introspective"""":0.75,""""night_clear_lonely"""":0.7}""",city_to_inner_room,0.85,梦幻流行风格，软合成器与深远混响营造出怀旧而略带苦涩的夜晚氛围
Home,Edward Sharpe & The Magnetic Zeros,warm;hopeful;nostalgic,acoustic;vocal_breath;string;field_recording,,0.55,0.65,0.5,0.75,0.5,0.7,0.6,en,1,folk_rock,"""{""""morning_clear_light"""":0.85,""""weekend_slow"""":0.8,""""evening_city_walk"""":0.75}""",gentle_recovery,0.9,温暖的民谣摇滚，手鼓和合唱营造出归家的希望与怀旧感
"""Liebestraum No. 3 in A-Flat Major, S. 541 / 3""",Franz Liszt,introspective;melancholic;restrained,piano;cinematic;minimal,,0.2,0.4,0.25,0.5,0.15,0,0.8,instrumental,0,classical,"""{""""work_focus_low_vocal"""":0.85,""""deep_night_introspective"""":0.8,""""night_rain_humid"""":0.75}""",slow_opening,0.95,李斯特经典钢琴独奏，旋律深情而克制，充满内省与浪漫的忧伤
Princess,α·Pav,dreamy;nostalgic;warm,piano;soft_synth;ambient_pad;minimal,,0.25,0.4,0.3,0.55,0.2,0,0.5,instrumental,0,ambient,"""{""""work_focus_low_vocal"""":0.85,""""morning_cloudy_slow"""":0.8,""""deep_night_introspective"""":0.75}""",soft_focus_work,0.85,α·Pav 的钢琴与软合成器交织，营造出梦幻而怀旧的氛围，适合专注或内省场景
Flesh Without Blood,Grimes,restless;urban;bittersweet,soft_synth;cold_synth;vocal_breath;electric_distant,,0.65,0.55,0.6,0.4,0.6,0.75,0.6,en,1,art_pop,"""{""""evening_city_walk"""":0.8,""""deep_night_introspective"""":0.7,""""user_requested_explore"""":0.75}""",city_to_inner_room,0.85,Grimes 标志性的冷调合成器与飘渺人声，充满都市不安与甜蜜苦涩交织的情绪
Won't You Call Me,Agnes Obel,melancholic;introspective;bittersweet,piano;string;vocal_breath;reverb_heavy,,0.25,0.3,0.35,0.4,0.2,0.6,0.75,en,1,art_pop,"""{""""deep_night_introspective"""":0.85,""""night_rain_humid"""":0.8,""""work_focus_low_vocal"""":0.7}""",fade_into_inner_space,0.9,Agnes Obel 的钢琴与空灵人声交织，营造出忧郁内省、略带苦涩的深夜氛围
Queen,Perfume Genius,dreamy;sensual;restrained,soft_synth;vocal_breath;reverb_heavy,,0.35,0.4,0.45,0.5,0.3,0.7,0.6,en,1,art_pop,"""{""""deep_night_introspective"""":0.85,""""evening_city_walk"""":0.8,""""night_clear_lonely"""":0.75}""",fade_into_inner_space,0.85,梦幻合成器与轻柔人声交织，克制而性感，带有内省氛围
Pirene's Fountain,Vallès,introspective;melancholic;restrained,piano;string;minimal,,0.2,0.3,0.25,0.4,0.15,0,0.75,instrumental,0,modern_classical,"""{""""work_focus_low_vocal"""":0.85,""""deep_night_introspective"""":0.8,""""night_rain_humid"""":0.75}""",slow_opening,0.9,钢琴与弦乐交织，缓慢而内省，带有古典式的克制与忧郁
侠,不可撤销乐队,restrained;melancholic;nostalgic,acoustic;string;reverb_heavy,,0.4,0.35,0.5,0.45,0.3,0.6,0.7,zh,1,indie_rock,"""{""""evening_city_walk"""":0.8,""""deep_night_introspective"""":0.75,""""night_rain_humid"""":0.7}""",city_to_inner_room,0.85,木吉他与人声交织，带有克制而怀旧的江湖气息，混响营造出空旷感
At Your Best,Aaliyah,warm;nostalgic;sensual,soft_synth;vocal_breath;reverb_heavy,,0.35,0.5,0.45,0.7,0.4,0.75,0.6,en,1,r&b,"""{""""evening_city_walk"""":0.85,""""deep_night_introspective"""":0.8,""""weekend_slow"""":0.75}""",city_to_inner_room,0.9,Aaliyah 轻柔的 R&B 声线搭配温暖合成器，营造怀旧而感性的氛围
朝靄,Bialystocks,misty;introspective;restrained,piano;ambient_pad;field_recording;minimal,,0.2,0.3,0.25,0.4,0.15,0,0.65,instrumental,0,ambient,"""{""""morning_cloudy_slow"""":0.9,""""work_focus_low_vocal"""":0.85,""""deep_night_introspective"""":0.8}""",soft_focus_work,0.85,钢琴与氛围垫交织，田野录音点缀，营造出清晨薄雾般的内省与克制感
Nirot,Richard Andrews,introspective;melancholic;restrained,piano;minimal;reverb_heavy,,0.15,0.25,0.2,0.3,0.1,0,0.8,instrumental,0,modern_classical,"""{""""deep_night_introspective"""":0.85,""""work_focus_low_vocal"""":0.8,""""night_rain_humid"""":0.75}""",slow_opening,0.85,极简钢琴独奏，缓慢而内省，混响营造出孤独与克制的氛围
拘留所雷警官,梁翹柏,restless;urban;unresolved,electric_distant;cold_synth;reverb_heavy,,0.6,0.35,0.55,0.3,0.5,0.7,0.65,zh,1,art_pop,"""{""""evening_city_walk"""":0.7,""""deep_night_introspective"""":0.65,""""night_clear_lonely"""":0.6}""",city_to_inner_room,0.8,梁翹柏的冷感电子编曲与疏离人声，营造出都市夜晚的不安与悬而未决的氛围
From Out Of Nowhere,Five Finger Death Punch,restless;melancholic;unresolved,electric_distant;reverb_heavy;cinematic,,0.7,0.4,0.8,0.3,0.6,0.7,0.75,en,1,alternative_metal,"""{""""deep_night_introspective"""":0.55,""""night_rain_humid"""":0.5,""""evening_city_walk"""":0.45}""",late_night_descent,0.85,重型吉他失真与压抑人声交织，能量较高但情绪沉重，带有金属的躁动与内省
"""Oh No, Oh Yes!""",中森明菜,bittersweet;nostalgic;restrained,soft_synth;vocal_breath;string;reverb_heavy,,0.4,0.5,0.45,0.55,0.35,0.7,0.65,ja,1,j_pop,"""{""""evening_city_walk"""":0.8,""""deep_night_introspective"""":0.75,""""night_rain_humid"""":0.7}""",city_to_inner_room,0.85,中森明菜标志性的脆弱声线搭配合成器与弦乐，怀旧中带着克制的苦涩与甜蜜
Egotistic,AOA,restless;urban;sensual,electric_distant;soft_synth;cold_synth,,0.7,0.6,0.65,0.4,0.75,0.8,0.5,ko,1,k_pop,"""{""""evening_city_walk"""":0.8,""""night_clear_lonely"""":0.7,""""user_requested_explore"""":0.75}""",city_to_inner_room,0.85,K-pop舞曲，强劲节奏与冷感合成器营造都市自信氛围，能量较高但不过度
He Films the Clouds,Not for Want of Trying,dreamy;misty;restrained,ambient_pad;reverb_heavy;electric_distant;field_recording,,0.25,0.3,0.35,0.4,0.2,0,0.6,instrumental,0,ambient,"""{""""morning_cloudy_slow"""":0.85,""""work_focus_low_vocal"""":0.8,""""night_clear_lonely"""":0.75}""",soft_focus_work,0.85,氛围电子作品，朦胧的合成器铺底与深远混响营造出梦幻而克制的声景
四つ葉のクローバー,林有三,nostalgic;warm;bittersweet,acoustic;string;vocal_breath,,0.4,0.5,0.4,0.6,0.3,0.6,0.65,ja,1,j_pop,"""{""""morning_clear_light"""":0.8,""""evening_city_walk"""":0.75,""""weekend_slow"""":0.7}""",slow_opening,0.85,林有三的温暖声线与木吉他、弦乐编排，带来怀旧而略带苦涩的日式抒情质感
Never Enough,Loren Allred,bittersweet;nostalgic;hopeful,piano;string;vocal_breath;cinematic,,0.6,0.55,0.6,0.5,0.4,0.85,0.75,en,1,pop,"""{""""evening_city_walk"""":0.8,""""deep_night_introspective"""":0.75,""""weekend_slow"""":0.7}""",slow_opening,0.85,钢琴与弦乐铺垫的抒情流行，人声充满力量与渴望，怀旧中带着希望
Good as Hell (feat. Ariana Grande) - Remix,Lizzo,hopeful;warm;clear,soft_synth;vocal_breath;acoustic,,0.65,0.7,0.55,0.7,0.6,0.8,0.5,en,1,pop,"""{""""morning_clear_light"""":0.8,""""afternoon_warm_idle"""":0.75,""""weekend_slow"""":0.7}""",gentle_recovery,0.85,Lizzo 与 Ariana Grande 的自信声线传递温暖与希望，明亮而富有律动感
With You,Corey Christiansen,warm;clear;nostalgic,acoustic;jazz_brush;string,,0.35,0.6,0.4,0.7,0.35,0,0.45,instrumental,0,jazz,"""{""""work_focus_low_vocal"""":0.85,""""morning_clear_light"""":0.75,""""afternoon_warm_idle"""":0.8}""",soft_focus_work,0.85,温暖的爵士吉他独奏，尼龙弦音色明亮而怀旧，适合专注或闲适场景
Hard Cocktail,☆Taku Takahashi,urban;restless;clear,soft_synth;electric_distant;cold_synth,,0.6,0.55,0.6,0.4,0.65,0,0.45,instrumental,0,electronic,"""{""""evening_city_walk"""":0.85,""""work_focus_low_vocal"""":0.75,""""user_requested_explore"""":0.7}""",city_to_inner_room,0.85,电子合成器驱动的都市感曲目，节奏清晰而略带冷感，适合城市夜晚场景
Paradise Awaits,David Edwards,dreamy;hopeful;warm,acoustic;soft_synth;ambient_pad,,0.35,0.55,0.4,0.65,0.3,0,0.5,instrumental,0,ambient,"""{""""morning_clear_light"""":0.85,""""work_focus_low_vocal"""":0.8,""""afternoon_warm_idle"""":0.75}""",soft_focus_work,0.85,温暖的木吉他与软合成器交织，营造出梦幻而充满希望的氛围，适合专注或悠闲场景
陽光下的星星,金海心,warm;nostalgic;bittersweet,piano;string;vocal_breath,,0.4,0.6,0.45,0.7,0.35,0.65,0.65,zh,1,mandopop,"""{""""morning_clear_light"""":0.8,""""afternoon_warm_idle"""":0.75,""""evening_city_walk"""":0.7}""",slow_opening,0.85,钢琴与弦乐交织，金海心温暖声线带来怀旧与微苦的甜蜜感
Promiscuous (Live At the Orange Lounge),Nelly Furtado,urban;restless;sensual,electric_distant;vocal_breath;soft_synth,,0.65,0.6,0.6,0.5,0.7,0.8,0.4,en,1,pop,"""{""""evening_city_walk"""":0.8,""""user_requested_explore"""":0.75,""""afternoon_warm_idle"""":0.7}""",city_to_inner_room,0.85,Nelly Furtado 的现场演绎，都市感节奏与人声交织，略带挑逗与不安分的能量
Morgen danach,OTTO,melancholic;restrained;bittersweet,piano;reverb_heavy;minimal,,0.2,0.3,0.25,0.35,0.15,0,0.7,instrumental,0,modern_classical,"""{""""deep_night_introspective"""":0.85,""""night_rain_humid"""":0.8,""""work_focus_low_vocal"""":0.75}""",afterglow_fading,0.85,极简钢琴与深远混响，营造出克制而忧郁的余晖消散感
Tatha,Kinbrae,introspective;melancholic;restrained,piano;ambient_pad;minimal;reverb_heavy,,0.15,0.25,0.2,0.35,0.1,0,0.7,instrumental,0,ambient,"""{""""deep_night_introspective"""":0.85,""""work_focus_low_vocal"""":0.8,""""night_rain_humid"""":0.75}""",fade_into_inner_space,0.85,极简钢琴与氛围垫音交织，缓慢而内省，充满孤独与克制感
One I Lov,Méav,nostalgic;warm;melancholic,vocal_breath;string;acoustic;cinematic,,0.3,0.45,0.4,0.6,0.2,0.75,0.7,en,1,celtic_folk,"""{""""evening_city_walk"""":0.8,""""deep_night_introspective"""":0.75,""""night_rain_humid"""":0.7}""",afterglow_fading,0.85,Méav 空灵的人声与弦乐交织，营造出怀旧而温暖的凯尔特民谣氛围，能量较低但情感饱满
I Believe in a Thing Called Love,The Darkness,restless;hopeful;nostalgic,electric_distant;reverb_heavy;acoustic,,0.85,0.7,0.8,0.6,0.7,0.8,0.5,en,1,glam_rock,"""{""""evening_city_walk"""":0.5,""""user_requested_explore"""":0.5,""""weekend_slow"""":0.4}""",slow_opening,0.8,高能量摇滚，充满怀旧感的吉他独奏和激昂人声，但能量远超锚点，场景适配受限
You Belong to Me,Carla Bruni,warm;nostalgic;bittersweet,acoustic;vocal_breath;string,,0.3,0.5,0.35,0.7,0.25,0.6,0.65,en,1,folk_pop,"""{""""evening_city_walk"""":0.8,""""morning_cloudy_slow"""":0.75,""""weekend_slow"""":0.7}""",slow_opening,0.85,Carla Bruni 慵懒温暖的声线搭配木吉他，怀旧而略带苦涩的抒情质感
Fireflies,Nick Cave & The Bad Seeds,melancholic;restrained;bittersweet,piano;string;reverb_heavy;vocal_breath,,0.25,0.3,0.4,0.35,0.2,0.6,0.8,en,1,alternative_rock,"""{""""deep_night_introspective"""":0.85,""""night_rain_humid"""":0.8,""""work_focus_low_vocal"""":0.7}""",fade_into_inner_space,0.85,Nick Cave 低沉克制的人声与钢琴弦乐交织，充满忧郁与内省，能量较低但情感沉重
从前慢,刘胡轶,nostalgic;warm;bittersweet,piano;acoustic;vocal_breath,,0.35,0.5,0.4,0.7,0.3,0.65,0.7,zh,1,mandopop,"""{""""morning_cloudy_slow"""":0.8,""""evening_city_walk"""":0.75,""""weekend_slow"""":0.7}""",slow_opening,0.85,钢琴与木吉他伴奏，温暖怀旧的旋律与歌词，刘胡轶的轻柔人声传递出淡淡的乡愁与时光流逝感
I Want You Back,The Jackson 5,hopeful;warm;nostalgic,acoustic;string;vocal_breath,,0.65,0.7,0.55,0.7,0.7,0.8,0.5,en,1,pop,"""{""""morning_clear_light"""":0.8,""""afternoon_warm_idle"""":0.75,""""weekend_slow"""":0.7}""",slow_opening,0.85,经典 Motown 流行，活泼的节奏与 Michael Jackson 年轻声线带来温暖怀旧与希望感
太空垃圾之死,郑宜农,melancholic;lonely;restrained,piano;reverb_heavy;minimal;vocal_breath,,0.25,0.3,0.35,0.4,0.2,0.6,0.75,zh,1,art_pop,"""{""""deep_night_introspective"""":0.85,""""night_rain_humid"""":0.8,""""work_focus_low_vocal"""":0.7}""",fade_into_inner_space,0.85,郑宜农脆弱的人声与极简钢琴，营造出孤独而克制的内省氛围
Pink Panzer,Extrawelt,restless;urban;unresolved,cold_synth;electric_distant;reverb_heavy,,0.65,0.4,0.6,0.3,0.7,0,0.5,instrumental,0,techno,"""{""""evening_city_walk"""":0.8,""""deep_night_introspective"""":0.7,""""user_requested_explore"""":0.75}""",city_to_inner_room,0.85,冷调合成器驱动的 techno 曲目，带有都市夜晚的躁动与未解张力
Midnight Waltz,Adam Hurst,melancholic;introspective;restrained,piano;string;cinematic;minimal,,0.2,0.3,0.25,0.35,0.2,0,0.8,instrumental,0,modern_classical,"""{""""deep_night_introspective"""":0.9,""""night_rain_humid"""":0.85,""""work_focus_low_vocal"""":0.8}""",slow_opening,0.9,大提琴与钢琴的极简华尔兹，低沉而内省，充满夜晚的孤独与克制
soso,Omah Lay,melancholic;urban;bittersweet,soft_synth;reverb_heavy;vocal_breath;electric_distant,,0.4,0.35,0.5,0.4,0.45,0.7,0.65,en,1,afrobeat,"""{""""evening_city_walk"""":0.8,""""deep_night_introspective"""":0.75,""""night_clear_lonely"""":0.7}""",city_to_inner_room,0.85,Omah Lay 的忧郁声线搭配软合成器和深远混响，营造出都市夜晚的苦涩与内省氛围
Autumn Leaves,Eric Clapton,nostalgic;melancholic;warm,acoustic;string;vocal_breath,,0.35,0.45,0.4,0.6,0.3,0.6,0.7,en,1,blues_rock,"""{""""evening_city_walk"""":0.8,""""night_clear_lonely"""":0.75,""""weekend_slow"""":0.7}""",slow_opening,0.85,Eric Clapton 的温暖嗓音与木吉他、弦乐编排，演绎经典爵士标准曲，怀旧而略带忧郁
Without a Believer,Sara Bareilles,melancholic;bittersweet;hopeful,piano;vocal_breath;string,,0.4,0.45,0.5,0.55,0.35,0.7,0.7,en,1,pop,"""{""""evening_city_walk"""":0.8,""""deep_night_introspective"""":0.75,""""work_focus_low_vocal"""":0.7}""",slow_opening,0.85,钢琴与弦乐支撑，Sara Bareilles 充满情感的人声传递出忧郁中带着希望的复杂情绪
Main Title,服部隆之,restrained;melancholic;nostalgic,string;cinematic;minimal,,0.2,0.35,0.3,0.4,0.15,0,0.7,instrumental,0,orchestral,"""{""""work_focus_low_vocal"""":0.8,""""deep_night_introspective"""":0.75,""""night_rain_humid"""":0.7}""",slow_opening,0.85,弦乐主导的影视配乐，克制而略带忧伤，适合专注或内省场景
Hotline Bling (Andrea Edit),Charlie Puth,urban;nostalgic;restless,soft_synth;electric_distant;vocal_breath,,0.55,0.5,0.55,0.45,0.6,0.75,0.5,en,1,pop,"""{""""evening_city_walk"""":0.8,""""deep_night_introspective"""":0.7,""""user_requested_explore"""":0.65}""",city_to_inner_room,0.85,Charlie Puth 的翻唱版本，软合成器与电声质感营造出都市夜晚的怀旧与不安
Re...Japanesque,DAISHI DANCE,dreamy;nostalgic;warm,piano;soft_synth;string;ambient_pad,,0.35,0.5,0.4,0.6,0.3,0,0.55,instrumental,0,chill_house,"""{""""evening_city_walk"""":0.85,""""work_focus_low_vocal"""":0.8,""""morning_cloudy_slow"""":0.75}""",city_to_inner_room,0.85,钢琴与柔和合成器交织，温暖怀旧的氛围适合都市漫步或专注工作
Guess Who I Saw Today,Samara Joy,warm;nostalgic;bittersweet,acoustic;jazz_brush;vocal_breath;string,,0.3,0.5,0.4,0.7,0.3,0.75,0.6,en,1,jazz,"""{""""evening_city_walk"""":0.8,""""afternoon_warm_idle"""":0.75,""""work_focus_low_vocal"""":0.7}""",slow_opening,0.9,Samara Joy 温暖醇厚的爵士人声搭配轻柔的刷弦与弦乐，营造出怀旧而略带苦涩的夜晚氛围
Flower Dance,DJ OKAWARI,dreamy;warm;nostalgic,piano;soft_synth;lofi_dust;ambient_pad,,0.35,0.55,0.4,0.65,0.3,0,0.45,instrumental,0,lo_fi,"""{""""work_focus_low_vocal"""":0.85,""""morning_cloudy_slow"""":0.8,""""evening_city_walk"""":0.75}""",soft_focus_work,0.85,钢琴与软合成器交织的 lo-fi 氛围，温暖梦幻，适合专注或悠闲场景
迷途,神游海岸,introspective;melancholic;misty,ambient_pad;reverb_heavy;minimal;field_recording,,0.2,0.3,0.25,0.35,0.15,0,0.7,instrumental,0,ambient,"""{""""deep_night_introspective"""":0.85,""""night_rain_humid"""":0.8,""""work_focus_low_vocal"""":0.75}""",fade_into_inner_space,0.85,迷离的氛围声景，混响厚重且带有环境录音，营造出内省而朦胧的漂泊感
Beat It,Michael Jackson,restless;urban;hopeful,electric_distant;soft_synth,,0.8,0.7,0.75,0.5,0.85,0.8,0.4,en,1,pop,"""{""""evening_city_walk"""":0.6,""""user_requested_explore"""":0.5,""""work_focus_low_vocal"""":0.3}""",city_to_inner_room,0.85,高能量流行摇滚，节奏强劲，人声突出，充满都市活力与反叛精神
悲歌,央吉玛,melancholic;introspective;lonely,vocal_breath;minimal;ambient_pad,,0.2,0.25,0.2,0.3,0.1,0.6,0.8,zh,1,world_music,"""{""""deep_night_introspective"""":0.85,""""night_rain_humid"""":0.8,""""work_focus_low_vocal"""":0.7}""",fade_into_inner_space,0.85,央吉玛空灵而哀婉的人声在极简氛围中流淌，充满内省与孤独感
亚麻色头发的少女(德彪西),群星,dreamy;nostalgic;restrained,piano;minimal;cinematic,,0.15,0.5,0.2,0.45,0.1,0,0.6,instrumental,0,classical,"""{""""morning_clear_light"""":0.85,""""afternoon_warm_idle"""":0.8,""""work_focus_low_vocal"""":0.75}""",slow_opening,0.9,德彪西经典钢琴小品，梦幻而克制，音色明亮温暖，适合安静聆听
Shinjuku,Ozymandias,urban;nostalgic;restrained,soft_synth;cold_synth;reverb_heavy;electric_distant,,0.4,0.4,0.5,0.35,0.3,0,0.6,instrumental,0,synthwave,"""{""""evening_city_walk"""":0.85,""""deep_night_introspective"""":0.8,""""work_focus_low_vocal"""":0.75}""",city_to_inner_room,0.85,冷调合成器与深远混响营造出都市夜晚的怀旧与克制感，适合新宿街头的漫步场景
Expectations,Portland,introspective;melancholic;restrained,piano;string;reverb_heavy,,0.25,0.35,0.4,0.45,0.2,0,0.75,instrumental,0,modern_classical,"""{""""deep_night_introspective"""":0.85,""""work_focus_low_vocal"""":0.8,""""night_rain_humid"""":0.75}""",afterglow_fading,0.85,钢琴与弦乐交织，缓慢而内省，带有克制的忧郁与期待感
This Is Not a Love Song,Nouvelle Vague,bittersweet;detached;restrained,acoustic;jazz_brush;vocal_breath;reverb_heavy,,0.35,0.4,0.35,0.45,0.3,0.6,0.55,en,1,bossa_nova,"""{""""evening_city_walk"""":0.8,""""night_clear_lonely"""":0.75,""""work_focus_low_vocal"""":0.7}""",city_to_inner_room,0.85,Nouvelle Vague 的 bossa nova 翻唱，轻快节奏下隐藏着疏离与苦涩，人声轻柔而遥远
Akoluthic Phase,Hiro Kone,introspective;restrained;unresolved,cold_synth;minimal;ambient_pad;electric_distant,,0.25,0.2,0.3,0.2,0.15,0,0.7,instrumental,0,experimental_electronic,"""{""""deep_night_introspective"""":0.85,""""work_focus_low_vocal"""":0.8,""""night_rain_humid"""":0.75}""",fade_into_inner_space,0.85,冷调合成器与极简氛围，克制而悬疑的电子声景，适合内省与深夜聆听
Haunted,SEVDALIZA,melancholic;restrained;unresolved,cold_synth;reverb_heavy;electric_distant;vocal_breath,,0.35,0.25,0.5,0.3,0.3,0.6,0.75,en,1,art_pop,"""{""""deep_night_introspective"""":0.85,""""night_rain_humid"""":0.8,""""work_focus_low_vocal"""":0.7}""",fade_into_inner_space,0.9,冷调合成器与深远混响，SEVDALIZA 空灵而克制的人声营造出悬而未决的忧郁氛围
WYD,KARRAHBOOO,urban;restless;bittersweet,soft_synth;electric_distant;vocal_breath,,0.55,0.5,0.55,0.45,0.5,0.7,0.55,en,1,r&b,"""{""""evening_city_walk"""":0.8,""""deep_night_introspective"""":0.75,""""night_clear_lonely"""":0.7}""",city_to_inner_room,0.85,都市 R&B 风格，软合成器与遥远电音质感，人声带有呼吸感，情绪介于不安与怀旧之间
公路之歌,痛仰乐队,restless;urban;hopeful,electric_distant;acoustic;reverb_heavy,,0.6,0.55,0.6,0.5,0.65,0.7,0.6,zh,1,rock,"""{""""evening_city_walk"""":0.8,""""morning_clear_light"""":0.7,""""user_requested_explore"""":0.75}""",city_to_inner_room,0.85,痛仰标志性的公路摇滚，电吉他失真与节奏感强烈的鼓点，传递出在路上的躁动与希望
少年锦时,赵雷,nostalgic;warm;bittersweet,acoustic;vocal_breath;field_recording,,0.35,0.5,0.4,0.7,0.3,0.6,0.65,zh,1,folk,"""{""""morning_cloudy_slow"""":0.8,""""afternoon_warm_idle"""":0.75,""""weekend_slow"""":0.7}""",slow_opening,0.85,赵雷的民谣叙事，木吉他与人声交织出怀旧而温暖的少年时光，略带苦涩的甜蜜
Valley Of The Bears,Laroca,introspective;melancholic;restrained,piano;minimal;reverb_heavy,,0.2,0.3,0.25,0.35,0.15,0,0.7,instrumental,0,modern_classical,"""{""""deep_night_introspective"""":0.85,""""work_focus_low_vocal"""":0.8,""""night_rain_humid"""":0.75}""",slow_opening,0.85,极简钢琴独奏，空旷混响营造出内省而忧郁的氛围，能量低且克制
比天空还远,曹方,nostalgic;lonely;bittersweet,acoustic;vocal_breath;string;reverb_heavy,,0.35,0.4,0.4,0.5,0.3,0.6,0.7,zh,1,indie_folk,"""{""""evening_city_walk"""":0.8,""""deep_night_introspective"""":0.75,""""night_clear_lonely"""":0.7}""",slow_opening,0.85,曹方清澈而略带疏离的声线搭配木吉他与弦乐，营造出空旷的怀旧与孤独感
Quiet,小濑村晶,introspective;melancholic;restrained,piano;minimal;reverb_heavy,,0.15,0.3,0.2,0.35,0.1,0,0.8,instrumental,0,modern_classical,"""{""""work_focus_low_vocal"""":0.9,""""deep_night_introspective"""":0.85,""""night_rain_humid"""":0.8}""",slow_opening,0.9,极简钢琴独奏，缓慢而空旷，充满内省与克制的忧郁
170812 (Instrumental),Chace,introspective;melancholic;restrained,piano;minimal;ambient_pad;reverb_heavy,,0.2,0.3,0.25,0.35,0.1,0,0.7,instrumental,0,ambient,"""{""""work_focus_low_vocal"""":0.85,""""deep_night_introspective"""":0.8,""""night_rain_humid"""":0.75}""",slow_opening,0.85,极简钢琴与氛围音垫交织，缓慢而内省，带有克制的情感重量
Alone in Kyoto (Air),Kitchen,introspective;melancholic;restrained,piano;ambient_pad;minimal,,0.2,0.3,0.25,0.35,0.1,0,0.75,instrumental,0,ambient,"""{""""work_focus_low_vocal"""":0.85,""""deep_night_introspective"""":0.8,""""night_rain_humid"""":0.75}""",slow_opening,0.9,极简钢琴与氛围铺底，空灵而克制，适合内省与专注场景
マリヴォンヌの桜,賈鵬芳,nostalgic;melancholic;dreamy,string;piano;cinematic;minimal,,0.25,0.4,0.3,0.55,0.2,0,0.7,instrumental,0,new_age,"""{""""morning_cloudy_slow"""":0.85,""""deep_night_introspective"""":0.8,""""night_rain_humid"""":0.75}""",afterglow_fading,0.85,二胡与钢琴交织，旋律悠扬而略带哀愁，营造出樱花飘落的怀旧与梦幻氛围
"""Head Over Heels - Dave Bascombe 7"""""""" N.Mix""",Tears For Fears,nostalgic;urban;hopeful,soft_synth;electric_distant;reverb_heavy,,0.6,0.55,0.6,0.5,0.6,0.7,0.5,en,1,synthpop,"""{""""evening_city_walk"""":0.85,""""deep_night_introspective"""":0.75,""""user_requested_explore"""":0.7}""",city_to_inner_room,0.9,80年代合成器流行经典，怀旧都市感与明亮律动交织
Inside,Aron Bergen,introspective;melancholic;restrained,piano;minimal;reverb_heavy,,0.2,0.3,0.2,0.35,0.1,0,0.8,instrumental,0,modern_classical,"""{""""work_focus_low_vocal"""":0.85,""""deep_night_introspective"""":0.9,""""night_rain_humid"""":0.8}""",slow_opening,0.9,极简钢琴独奏，深沉混响营造内省与克制的孤独氛围
"""Symphony No. 3 in C Minor, Op. 78 """"""""Organ Symphony"""""""": IIb. Maestoso – Allegro""",Camille Saint-Saëns,restrained;melancholic;unresolved,string;cinematic;minimal;reverb_heavy,,0.5,0.4,0.6,0.3,0.4,0,0.7,instrumental,0,classical,"""{""""deep_night_introspective"""":0.8,""""night_rain_humid"""":0.7,""""work_focus_low_vocal"""":0.6}""",slow_opening,0.85,管弦乐与管风琴交织，庄严而略带忧郁，能量中等但情感厚重
String Quartet: I. Modéré,Germaine Tailleferre,restrained;clear;introspective,string;minimal;cinematic,,0.25,0.5,0.4,0.45,0.2,0,0.6,instrumental,0,modern_classical,"""{""""work_focus_low_vocal"""":0.85,""""morning_clear_light"""":0.75,""""deep_night_introspective"""":0.7}""",slow_opening,0.85,Tailleferre 的弦乐四重奏第一乐章，结构清晰而克制，带有新古典主义的冷静与内省
1979,The Smashing Pumpkins,nostalgic;dreamy;restless,electric_distant;reverb_heavy;soft_synth;acoustic,,0.45,0.5,0.5,0.45,0.5,0.6,0.6,en,1,alternative_rock,"""{""""evening_city_walk"""":0.85,""""deep_night_introspective"""":0.8,""""weekend_slow"""":0.7}""",city_to_inner_room,0.9,90年代另类摇滚经典，失真吉他混响与慵懒人声交织出怀旧而躁动的青春记忆
Take Me Somewhere Nice,Mogwai,dreamy;melancholic;introspective,ambient_pad;cinematic;reverb_heavy;electric_distant,,0.25,0.3,0.4,0.35,0.2,0,0.75,instrumental,0,post_rock,"""{""""deep_night_introspective"""":0.9,""""night_clear_lonely"""":0.85,""""work_focus_low_vocal"""":0.75}""",fade_into_inner_space,0.9,Mogwai 标志性的后摇声景，缓慢铺展的氛围与电吉他远距离回响，营造梦幻而内省的孤独感
Don't Wanna Be,万芳,melancholic;restrained;bittersweet,piano;string;vocal_breath,,0.35,0.4,0.45,0.5,0.3,0.6,0.7,zh,1,mandopop,"""{""""evening_city_walk"""":0.8,""""deep_night_introspective"""":0.75,""""night_rain_humid"""":0.7}""",slow_opening,0.85,万芳的声线带着克制与忧郁，钢琴和弦乐编织出苦涩而怀旧的抒情氛围
She and Her Darkness,Diary of Dreams,melancholic;introspective;restrained,cold_synth;reverb_heavy;electric_distant,,0.35,0.25,0.5,0.3,0.3,0.6,0.75,en,1,darkwave,"""{""""deep_night_introspective"""":0.85,""""night_clear_lonely"""":0.8,""""night_rain_humid"""":0.75}""",late_night_descent,0.85,冷合成器与深远混响营造出黑暗、内省的氛围，人声低沉而克制，适合深夜独处场景
淹没,Caution (Original Motion Picture Soundtrack),melancholic;restrained;lonely,piano;string;cinematic;minimal,,0.2,0.25,0.3,0.3,0.1,0,0.8,instrumental,0,film_score,"""{""""deep_night_introspective"""":0.85,""""night_rain_humid"""":0.8,""""work_focus_low_vocal"""":0.75}""",afterglow_fading,0.9,电影配乐风格的钢琴与弦乐，克制而忧郁，营造出被淹没般的沉重与孤独感
Decision - Tu ne tueras point (Live),Zbigniew Preisner,introspective;melancholic;restrained,piano;string;cinematic;minimal,,0.15,0.25,0.2,0.3,0.1,0,0.8,instrumental,0,modern_classical,"""{""""work_focus_low_vocal"""":0.85,""""deep_night_introspective"""":0.9,""""night_rain_humid"""":0.8}""",slow_opening,0.9,Preisner 的极简钢琴与弦乐编排，营造出内省而克制的沉重氛围，如同电影配乐中的静默抉择
It's Always The Little Things,郭顶,warm;nostalgic;bittersweet,acoustic;vocal_breath;string,,0.35,0.5,0.4,0.7,0.3,0.6,0.65,zh,1,mandopop,"""{""""evening_city_walk"""":0.8,""""weekend_slow"""":0.75,""""morning_cloudy_slow"""":0.7}""",slow_opening,0.85,郭顶温暖细腻的声线搭配木吉他与弦乐，营造出怀旧而略带苦涩的抒情氛围
M,浜崎あゆみ,nostalgic;warm;bittersweet,piano;string;vocal_breath;soft_synth,,0.5,0.55,0.5,0.65,0.4,0.7,0.7,ja,1,j_pop,"""{""""evening_city_walk"""":0.85,""""weekend_slow"""":0.7,""""night_rain_humid"""":0.75}""",slow_opening,0.9,浜崎あゆみ的经典J-Pop抒情曲，钢琴与弦乐交织，人声温暖而怀旧，带有淡淡的苦涩与甜蜜
"""3 Chansons, M. 69: No. 2, Trois beaux oiseaux du Paradis""",Maurice Ravel,dreamy;nostalgic;restrained,piano;vocal_breath;cinematic,,0.25,0.4,0.3,0.5,0.2,0.6,0.7,fr,1,classical,"""{""""morning_cloudy_slow"""":0.8,""""deep_night_introspective"""":0.75,""""work_focus_low_vocal"""":0.7}""",slow_opening,0.85,拉威尔的艺术歌曲，钢琴与人声交织出梦幻而克制的怀旧感
No Turning Back,Gui Boratto,restless;urban;unresolved,cold_synth;electric_distant;minimal,,0.65,0.45,0.55,0.3,0.7,0,0.5,instrumental,0,minimal_techno,"""{""""evening_city_walk"""":0.8,""""deep_night_introspective"""":0.7,""""work_focus_low_vocal"""":0.65}""",city_to_inner_room,0.85,冷调合成器与重复节奏驱动，都市感强烈但带有未解决的紧张感
Can Thought Exist Without The Body,John Roberts,introspective;detached;restrained,minimal;ambient_pad;cold_synth,,0.15,0.25,0.2,0.3,0.1,0,0.7,instrumental,0,ambient,"""{""""deep_night_introspective"""":0.9,""""work_focus_low_vocal"""":0.85,""""night_rain_humid"""":0.8}""",fade_into_inner_space,0.9,极简冷调氛围，稀疏的合成器与留白营造出内省而疏离的沉思空间
Strategy (feat. Megan Thee Stallion),TWICE,urban;restless;hopeful,soft_synth;vocal_breath;electric_distant,,0.65,0.6,0.6,0.5,0.7,0.8,0.4,en,1,k_pop,"""{""""evening_city_walk"""":0.75,""""user_requested_explore"""":0.7,""""weekend_slow"""":0.65}""",city_to_inner_room,0.85,TWICE 的流行舞曲风格，带有都市感和律动，Megan Thee Stallion 的加入增添了自信与活力
ATARAXIA,Gol Dolan,introspective;melancholic;restrained,piano;minimal;ambient_pad,,0.15,0.25,0.2,0.3,0.1,0,0.8,instrumental,0,modern_classical,"""{""""work_focus_low_vocal"""":0.9,""""deep_night_introspective"""":0.85,""""night_rain_humid"""":0.8}""",slow_opening,0.9,极简钢琴与氛围铺垫，内省而克制，能量极低，充满留白与孤独感
《英雄》之“天下：英雄主题”,谭盾,introspective;melancholic;restrained,piano;cinematic;string;minimal,,0.2,0.3,0.25,0.35,0.1,0,0.8,instrumental,0,modern_classical,"""{""""work_focus_low_vocal"""":0.85,""""deep_night_introspective"""":0.8,""""night_rain_humid"""":0.75}""",slow_opening,0.9,谭盾的钢琴与弦乐编排，低沉而内省，带有电影配乐的宏大与克制
小步舞曲,陳綺貞,warm;nostalgic;dreamy,acoustic;vocal_breath;string,,0.35,0.5,0.4,0.6,0.3,0.6,0.55,zh,1,indie_folk,"""{""""afternoon_warm_idle"""":0.8,""""evening_city_walk"""":0.75,""""weekend_slow"""":0.7}""",slow_opening,0.85,陳綺貞的清新吉他與輕柔人聲，營造溫暖懷舊的午後氛圍
Great Big White World,Marilyn Manson,melancholic;restless;lonely,cold_synth;electric_distant;reverb_heavy,,0.6,0.2,0.7,0.15,0.5,0.7,0.8,en,1,industrial_rock,"""{""""deep_night_introspective"""":0.5,""""night_clear_lonely"""":0.45,""""evening_city_walk"""":0.4}""",late_night_descent,0.85,冷峻的工业摇滚，沉重而疏离，充满不安与孤独感
Empire State of Mind,Alicia Keys,urban;hopeful;nostalgic,piano;vocal_breath;electric_distant,,0.7,0.7,0.7,0.6,0.65,0.85,0.6,en,1,hip_hop_soul,"""{""""evening_city_walk"""":0.9,""""morning_clear_light"""":0.7,""""user_requested_explore"""":0.8}""",city_to_inner_room,0.9,Alicia Keys 的钢琴与说唱结合，充满都市能量与怀旧希望
La Donna Romantica,Ennio Morricone,nostalgic;melancholic;warm,string;piano;cinematic;reverb_heavy,,0.25,0.4,0.35,0.6,0.2,0,0.7,instrumental,0,classical,"""{""""evening_city_walk"""":0.8,""""deep_night_introspective"""":0.75,""""night_rain_humid"""":0.7}""",afterglow_fading,0.85,莫里康内标志性的弦乐与钢琴编排，怀旧而温暖，带有电影感的忧郁与浪漫
Ulysse,Ridan,introspective;melancholic;restrained,acoustic;string;vocal_breath,,0.3,0.35,0.4,0.5,0.25,0.6,0.7,fr,1,chanson,"""{""""deep_night_introspective"""":0.85,""""night_rain_humid"""":0.8,""""work_focus_low_vocal"""":0.75}""",slow_opening,0.85,法语香颂，木吉他与弦乐交织，人声克制而内省，带有淡淡的忧郁与怀旧
Between,徐熙娣,introspective;melancholic;restrained,piano;minimal;reverb_heavy,,0.2,0.3,0.25,0.35,0.15,0,0.7,instrumental,0,modern_classical,"""{""""work_focus_low_vocal"""":0.85,""""deep_night_introspective"""":0.8,""""night_rain_humid"""":0.75}""",slow_opening,0.85,极简钢琴与深远混响，营造内省而克制的孤独氛围
Minutter,Trio Mediæval,introspective;melancholic;restrained,vocal_breath;minimal;ambient_pad,,0.2,0.3,0.25,0.4,0.1,0.6,0.7,instrumental,1,contemporary_classical,"""{""""deep_night_introspective"""":0.85,""""night_rain_humid"""":0.8,""""work_focus_low_vocal"""":0.75}""",fade_into_inner_space,0.85,人声合唱极简而克制，氛围空灵，充满内省与忧郁的北欧质感
"""Scottish Fantasy for Violin and Orchestra, Op. 46: I. Introduction: Grave, Adagio cantabile""",Max Bruch,melancholic;introspective;restrained,string;cinematic;minimal,,0.2,0.35,0.4,0.45,0.15,0,0.8,instrumental,0,classical,"""{""""work_focus_low_vocal"""":0.85,""""deep_night_introspective"""":0.8,""""night_rain_humid"""":0.75}""",slow_opening,0.9,布鲁赫的苏格兰幻想曲开篇，小提琴与管弦乐交织出深沉、内省且克制的古典氛围
Taijin Kyofusho,The Evpatoria Report,introspective;melancholic;restrained,string;cinematic;minimal;reverb_heavy,,0.25,0.3,0.35,0.4,0.15,0,0.8,instrumental,0,post_rock,"""{""""deep_night_introspective"""":0.9,""""work_focus_low_vocal"""":0.85,""""night_rain_humid"""":0.8}""",slow_opening,0.9,弦乐与氛围铺底构建的宏大而内省的后摇声景，缓慢展开，充满克制的情感重量
Jumpman,Drake / Future,urban;restless;hopeful,soft_synth;electric_distant;cold_synth,,0.7,0.6,0.7,0.4,0.8,0.8,0.4,en,1,hip_hop,"""{""""evening_city_walk"""":0.8,""""user_requested_explore"""":0.75,""""night_clear_lonely"""":0.6}""",city_to_inner_room,0.85,Trap节奏与冷调合成器，都市感强烈，能量较高但情感重量较轻
セレナイト,RURUTIA,dreamy;melancholic;bittersweet,piano;string;vocal_breath;reverb_heavy,,0.35,0.4,0.45,0.5,0.3,0.65,0.7,ja,1,j_pop,"""{""""deep_night_introspective"""":0.85,""""night_clear_lonely"""":0.8,""""evening_city_walk"""":0.75}""",fade_into_inner_space,0.85,RURUTIA 空灵而略带忧郁的声线，钢琴与弦乐交织出梦幻而怀旧的氛围
Flowers,Miley Cyrus,hopeful;warm;nostalgic,acoustic;vocal_breath;string,,0.55,0.6,0.5,0.65,0.5,0.75,0.55,en,1,pop,"""{""""morning_clear_light"""":0.8,""""afternoon_warm_idle"""":0.75,""""weekend_slow"""":0.7}""",slow_opening,0.85,Miley Cyrus 的流行曲风，温暖声线与木吉他带来怀旧与希望感
Nature Boy,Celine Dion,warm;nostalgic;bittersweet,piano;string;vocal_breath;cinematic,,0.35,0.5,0.4,0.7,0.3,0.75,0.7,en,1,pop,"""{""""evening_city_walk"""":0.8,""""deep_night_introspective"""":0.75,""""weekend_slow"""":0.7}""",slow_opening,0.85,Celine Dion 温暖而富有情感的人声，钢琴与弦乐编织出怀旧而略带苦涩的抒情氛围
夜幕,陈冠茜,introspective;melancholic;restrained,piano;string;vocal_breath;reverb_heavy,,0.25,0.3,0.35,0.4,0.2,0.6,0.75,zh,1,mandopop,"""{""""deep_night_introspective"""":0.9,""""night_rain_humid"""":0.85,""""work_focus_low_vocal"""":0.75}""",late_night_descent,0.85,陈冠茜低沉而克制的人声与钢琴弦乐交织，营造出深夜内省的忧郁氛围
蘇州夜曲,小田和正,nostalgic;melancholic;warm,piano;string;vocal_breath;reverb_heavy,,0.3,0.4,0.35,0.6,0.2,0.6,0.7,ja,1,j_pop,"""{""""evening_city_walk"""":0.8,""""night_clear_lonely"""":0.75,""""deep_night_introspective"""":0.7}""",slow_opening,0.85,小田和正温暖而略带哀愁的声线，钢琴与弦乐交织出怀旧静谧的夜曲氛围
Santiago,Ben Winkelman Trio,warm;clear;restrained,acoustic;jazz_brush;piano;minimal,,0.35,0.55,0.4,0.65,0.4,0,0.45,instrumental,0,jazz,"""{""""work_focus_low_vocal"""":0.8,""""afternoon_warm_idle"""":0.75,""""morning_clear_light"""":0.7}""",soft_focus_work,0.85,钢琴三重奏的爵士小品，温暖而清晰的质感，节奏轻盈但不张扬
The Lonely Tree,The Lonely Tree,lonely;melancholic;introspective,piano;minimal;reverb_heavy,,0.15,0.2,0.2,0.3,0.1,0,0.8,instrumental,0,modern_classical,"""{""""deep_night_introspective"""":0.85,""""night_rain_humid"""":0.8,""""work_focus_low_vocal"""":0.75}""",slow_opening,0.85,极简钢琴独奏，空旷混响营造出孤独而内省的氛围
归，不归 (2018 Remaster),方拾贰,nostalgic;melancholic;bittersweet,piano;string;vocal_breath;reverb_heavy,,0.35,0.4,0.45,0.5,0.3,0.6,0.7,zh,1,mandopop,"""{""""evening_city_walk"""":0.8,""""deep_night_introspective"""":0.75,""""night_rain_humid"""":0.7}""",slow_opening,0.85,钢琴与弦乐交织，人声带着怀旧与不舍，营造出夜晚独行时的淡淡忧伤与温暖
帕萨卡利亚,薛弘宇,introspective;melancholic;restrained,piano;minimal;cinematic,,0.2,0.3,0.2,0.35,0.15,0,0.8,instrumental,0,modern_classical,"""{""""work_focus_low_vocal"""":0.85,""""deep_night_introspective"""":0.8,""""night_rain_humid"""":0.75}""",slow_opening,0.9,钢琴独奏的帕萨卡利亚变奏曲，缓慢而克制，内省与忧郁交织
Can't Take My Eyes Off You (Live),彭佳慧 / 杜丽莎,warm;nostalgic;hopeful,vocal_breath;string;acoustic,,0.55,0.6,0.5,0.7,0.45,0.85,0.65,zh,1,mandopop,"""{""""evening_city_walk"""":0.8,""""weekend_slow"""":0.75,""""afternoon_warm_idle"""":0.7}""",slow_opening,0.85,现场版经典情歌，两位歌手的温暖声线与弦乐编排带来怀旧与希望交织的质感
Fall (In Your Love),Moon Duo,dreamy;restless;urban,soft_synth;electric_distant;reverb_heavy,,0.55,0.5,0.6,0.45,0.55,0.3,0.5,en,1,psychedelic_rock,"""{""""evening_city_walk"""":0.8,""""deep_night_introspective"""":0.75,""""work_focus_low_vocal"""":0.7}""",city_to_inner_room,0.85,迷幻摇滚风格，重复的合成器riff和深远混响营造出都市夜晚的梦幻与不安感
Loverboy (Firecracker,"""Original Version, 2001) - Mariah Carey""",warm;hopeful;nostalgic,soft_synth;vocal_breath;acoustic,,0.55,0.6,0.55,0.7,0.5,0.8,0.5,en,1,r&b,"""{""""morning_clear_light"""":0.7,""""afternoon_warm_idle"""":0.75,""""weekend_slow"""":0.8}""",soft_focus_work,0.85,Mariah Carey 温暖的人声与柔和合成器，营造怀旧而充满希望的 R&B 氛围
We Don't Talk Anymore,Charlie Puth / Selena Gomez,bittersweet;nostalgic;restrained,soft_synth;vocal_breath;electric_distant,,0.45,0.5,0.5,0.55,0.45,0.75,0.6,en,1,pop,"""{""""evening_city_walk"""":0.8,""""deep_night_introspective"""":0.7,""""night_rain_humid"""":0.75}""",city_to_inner_room,0.85,流行情歌，男女对唱传递怀旧与苦涩，软合成器与人声呼吸感营造都市夜晚氛围
ラブ・ストーリーは突然に,小田和正,nostalgic;warm;bittersweet,acoustic;piano;string;vocal_breath,,0.45,0.55,0.5,0.7,0.4,0.75,0.65,ja,1,j_pop,"""{""""evening_city_walk"""":0.85,""""weekend_slow"""":0.8,""""morning_clear_light"""":0.7}""",slow_opening,0.9,经典日剧主题曲，温暖的钢琴与弦乐编排，小田和正的清澈声线唤起怀旧与淡淡的感伤
Lemon,N.E.R.D.,restless;urban;bittersweet,electric_distant;soft_synth;vocal_breath,,0.65,0.55,0.6,0.5,0.6,0.7,0.65,en,1,alternative_r&b,"""{""""evening_city_walk"""":0.8,""""deep_night_introspective"""":0.75,""""user_requested_explore"""":0.7}""",city_to_inner_room,0.85,N.E.R.D. 的另类 R&B 风格，电子质感与不安的都市情绪交织，略带苦涩的怀旧感
Ocean Will Be,Bruno Coulais,introspective;melancholic;restrained,piano;string;cinematic;minimal,,0.15,0.3,0.2,0.35,0.1,0,0.8,instrumental,0,modern_classical,"""{""""work_focus_low_vocal"""":0.85,""""deep_night_introspective"""":0.8,""""night_rain_humid"""":0.75}""",slow_opening,0.9,Bruno Coulais 的配乐风格，钢琴与弦乐交织，营造内省而克制的海洋意象
Love My Way,The Psychedelic Furs,restless;urban;nostalgic,soft_synth;electric_distant;reverb_heavy;vocal_breath,,0.55,0.5,0.55,0.45,0.6,0.7,0.5,en,1,new_wave,"""{""""evening_city_walk"""":0.85,""""deep_night_introspective"""":0.75,""""user_requested_explore"""":0.7}""",city_to_inner_room,0.9,新浪潮经典，合成器与沙哑人声交织出都市夜晚的躁动与怀旧
Beautiful People,Andreya Triana,warm;hopeful;clear,acoustic;vocal_breath;soft_synth,,0.45,0.6,0.4,0.7,0.4,0.7,0.5,en,1,soul,"""{""""morning_clear_light"""":0.8,""""afternoon_warm_idle"""":0.75,""""weekend_slow"""":0.7}""",soft_focus_work,0.85,温暖的人声与木吉他结合，带来明亮而充满希望的灵魂乐质感
めぐる夏の便り,吉森信,nostalgic;warm;dreamy,acoustic;string;soft_synth;vocal_breath,,0.35,0.5,0.4,0.7,0.3,0.6,0.6,ja,1,j_pop,"""{""""morning_clear_light"""":0.8,""""afternoon_warm_idle"""":0.75,""""weekend_slow"""":0.7}""",slow_opening,0.85,吉森信温暖柔和的声线与木吉他、弦乐交织，营造出夏日怀旧与梦幻的氛围
ict,Oklou,dreamy;detached;restrained,soft_synth;ambient_pad;minimal;vocal_breath,,0.3,0.4,0.35,0.45,0.25,0.5,0.55,en,1,art_pop,"""{""""deep_night_introspective"""":0.85,""""work_focus_low_vocal"""":0.8,""""night_clear_lonely"""":0.75}""",fade_into_inner_space,0.85,Oklou 的梦幻电子流行，轻柔人声与极简合成器营造出疏离而内省的氛围
Whatever,Bri3,dreamy;warm;nostalgic,soft_synth;ambient_pad;lofi_dust,,0.3,0.45,0.35,0.6,0.25,0,0.4,instrumental,0,lo_fi,"""{""""work_focus_low_vocal"""":0.85,""""morning_cloudy_slow"""":0.8,""""evening_city_walk"""":0.75}""",soft_focus_work,0.85,温暖的 lo-fi 氛围，软合成器与轻度失真纹理营造出梦幻怀旧感
Samba do Avião,Miúcha,warm;clear;hopeful,acoustic;jazz_brush;vocal_breath,,0.45,0.7,0.5,0.7,0.6,0.6,0.4,pt,1,bossa_nova,"""{""""morning_clear_light"""":0.85,""""afternoon_warm_idle"""":0.8,""""evening_city_walk"""":0.75}""",soft_focus_work,0.85,Miúcha 的温暖声线搭配爵士鼓刷与木吉他，明亮而富有律动感的 bossa nova 经典
在你死後才想起曾經答應陪你去散步,康士坦的變化球,melancholic;nostalgic;unresolved,acoustic;string;reverb_heavy;vocal_breath,,0.35,0.3,0.5,0.4,0.25,0.6,0.85,zh,1,post_rock,"""{""""deep_night_introspective"""":0.9,""""night_rain_humid"""":0.85,""""evening_city_walk"""":0.75}""",afterglow_fading,0.9,康士坦的變化球以後搖滾編制，木吉他與弦樂交織，人聲充滿遺憾與未竟的承諾，營造出沉重而懷舊的氛圍
Reunion Waltz,羽毛田丈史,nostalgic;warm;bittersweet,piano;string;acoustic;cinematic,,0.25,0.5,0.35,0.7,0.2,0,0.65,instrumental,0,modern_classical,"""{""""morning_clear_light"""":0.8,""""afternoon_warm_idle"""":0.75,""""evening_city_walk"""":0.7}""",slow_opening,0.85,钢琴与弦乐交织的华尔兹旋律，温暖怀旧，带有淡淡的感伤
Father Stretch My Hands,The Life of Pablo,restless;urban;hopeful,soft_synth;vocal_breath;electric_distant,,0.6,0.55,0.65,0.5,0.7,0.8,0.5,en,1,hip_hop,"""{""""evening_city_walk"""":0.8,""""deep_night_introspective"""":0.7,""""user_requested_explore"""":0.75}""",city_to_inner_room,0.85,Kanye West 的嘻哈作品，带有都市躁动与希望感，合成器与人声交织出层次丰富的能量
Faded,Iselin Solheim,melancholic;nostalgic;dreamy,soft_synth;vocal_breath;reverb_heavy;ambient_pad,,0.4,0.45,0.5,0.4,0.35,0.7,0.65,en,1,electropop,"""{""""evening_city_walk"""":0.8,""""deep_night_introspective"""":0.75,""""night_rain_humid"""":0.7}""",fade_into_inner_space,0.85,空灵女声搭配软合成器和混响，营造出怀旧而梦幻的忧郁氛围
Busy Earnin',Jungle,urban;restless;hopeful,soft_synth;electric_distant;vocal_breath,,0.7,0.6,0.65,0.5,0.8,0.6,0.4,en,1,funk,"""{""""evening_city_walk"""":0.85,""""work_focus_low_vocal"""":0.7,""""user_requested_explore"""":0.75}""",city_to_inner_room,0.85,都市放克节奏，充满律动感的合成器与人声，忙碌而积极
Make It Big,The William Blakes,hopeful;warm;urban,acoustic;soft_synth;vocal_breath,,0.55,0.6,0.5,0.65,0.5,0.7,0.5,en,1,indie_pop,"""{""""evening_city_walk"""":0.8,""""morning_clear_light"""":0.7,""""weekend_slow"""":0.75}""",slow_opening,0.85,温暖的人声与轻快的吉他合成器编排，充满希望与都市感
若水,西楼,introspective;melancholic;restrained,piano;ambient_pad;reverb_heavy,,0.2,0.3,0.35,0.4,0.15,0,0.75,zh,1,art_pop,"""{""""deep_night_introspective"""":0.85,""""night_rain_humid"""":0.8,""""work_focus_low_vocal"""":0.75}""",fade_into_inner_space,0.85,西楼空灵的人声与钢琴、氛围垫交织，营造出内省而克制的忧郁氛围
Satie: 3 Gymnopédies - I. Lent et douloureux,Aldo Ciccolini,introspective;melancholic;restrained,piano;minimal;cinematic,,0.1,0.25,0.1,0.3,0.05,0,0.8,instrumental,0,modern_classical,"""{""""work_focus_low_vocal"""":0.9,""""deep_night_introspective"""":0.85,""""night_rain_humid"""":0.8}""",slow_opening,0.95,萨蒂的经典钢琴独奏，缓慢而克制，充满内省与淡淡的忧伤
This Is What You Came For,Calvin Harris,urban;restless;hopeful,soft_synth;cold_synth;electric_distant,,0.7,0.6,0.65,0.4,0.75,0.6,0.3,en,1,electro_pop,"""{""""evening_city_walk"""":0.85,""""user_requested_explore"""":0.8,""""night_clear_lonely"""":0.6}""",city_to_inner_room,0.85,Calvin Harris 的电子流行曲，冷合成器与 Rihanna 人声结合，都市感强且律动明显
IT GIRL (Sped up Version),Aliyah's Interlude,restless;urban;hopeful,soft_synth;electric_distant;reverb_heavy,,0.7,0.6,0.65,0.5,0.75,0.8,0.4,en,1,hyperpop,"""{""""evening_city_walk"""":0.75,""""user_requested_explore"""":0.7,""""deep_night_introspective"""":0.6}""",city_to_inner_room,0.85,加速版 hyperpop，急促的节奏和电子质感带来都市躁动与希望感
Meridian,su na,dreamy;misty;restrained,ambient_pad;soft_synth;minimal,,0.2,0.35,0.25,0.4,0.15,0,0.5,instrumental,0,ambient,"""{""""work_focus_low_vocal"""":0.85,""""morning_cloudy_slow"""":0.8,""""deep_night_introspective"""":0.75}""",soft_focus_work,0.85,柔和氛围电子，朦胧的合成器铺底与极简结构，适合专注或沉思场景
一个懒洋洋的下午,甄楚倩,warm;nostalgic;restrained,acoustic;soft_synth;vocal_breath,,0.3,0.5,0.4,0.7,0.3,0.6,0.5,zh,1,mandopop,"""{""""afternoon_warm_idle"""":0.85,""""weekend_slow"""":0.8,""""morning_cloudy_slow"""":0.7}""",soft_focus_work,0.85,温暖的木吉他与人声，慵懒怀旧的午后氛围，能量偏低但情感柔和
Impartial,Egor Grushin,introspective;restrained;melancholic,piano;minimal;reverb_heavy,,0.15,0.25,0.2,0.3,0.1,0,0.8,instrumental,0,modern_classical,"""{""""work_focus_low_vocal"""":0.85,""""deep_night_introspective"""":0.9,""""night_rain_humid"""":0.75}""",slow_opening,0.9,极简钢琴独奏，大量混响营造出内省而克制的孤独氛围，能量极低
Forest Fire,Wintersleep,restless;melancholic;unresolved,electric_distant;reverb_heavy;cinematic,,0.6,0.35,0.55,0.3,0.5,0.6,0.7,en,1,indie_rock,"""{""""deep_night_introspective"""":0.8,""""evening_city_walk"""":0.75,""""night_rain_humid"""":0.7}""",city_to_inner_room,0.85,躁动不安的独立摇滚，混响吉他与人声交织出悬而未决的夜晚情绪
Sine Dust,36,introspective;misty;detached,ambient_pad;field_recording;minimal;grainy,,0.15,0.3,0.2,0.35,0.1,0,0.6,instrumental,0,ambient,"""{""""work_focus_low_vocal"""":0.9,""""deep_night_introspective"""":0.85,""""night_rain_humid"""":0.8}""",fade_into_inner_space,0.9,极简氛围声景，颗粒感与田野录音交织，营造出疏离而内省的空间感
Anywhere Else,Speaking Silence,dreamy;nostalgic;bittersweet,ambient_pad;soft_synth;reverb_heavy,,0.3,0.4,0.35,0.5,0.2,0,0.6,instrumental,0,ambient,"""{""""work_focus_low_vocal"""":0.85,""""evening_city_walk"""":0.8,""""deep_night_introspective"""":0.75}""",soft_focus_work,0.85,梦幻氛围电子，软合成器与深远混响营造怀旧而略带苦涩的声景
If Ever I Would Leave You,Stan Getz,warm;nostalgic;sensual,acoustic;jazz_brush;string;reverb_heavy,,0.3,0.55,0.4,0.7,0.3,0,0.5,instrumental,0,jazz,"""{""""work_focus_low_vocal"""":0.85,""""evening_city_walk"""":0.8,""""afternoon_warm_idle"""":0.75}""",soft_focus_work,0.9,Stan Getz 的萨克斯风温暖而怀旧，爵士鼓刷与弦乐营造出柔和、感性的氛围
食人梦,Vast & Hazy,melancholic;restless;bittersweet,electric_distant;reverb_heavy;vocal_breath;cinematic,,0.45,0.35,0.55,0.4,0.5,0.7,0.75,zh,1,indie_rock,"""{""""deep_night_introspective"""":0.85,""""evening_city_walk"""":0.75,""""night_rain_humid"""":0.7}""",city_to_inner_room,0.85,电吉他失真与深远混响营造不安与怀旧交织的氛围，人声充满情感重量
女人花,梅艳芳,nostalgic;melancholic;bittersweet,string;vocal_breath;piano,,0.35,0.4,0.45,0.55,0.3,0.7,0.75,zh,1,mandopop,"""{""""evening_city_walk"""":0.8,""""deep_night_introspective"""":0.75,""""night_rain_humid"""":0.7}""",slow_opening,0.9,梅艳芳深沉的嗓音与弦乐编排，营造出怀旧而略带哀愁的抒情氛围
C'mon (feat. Aminé),JINI,urban;hopeful;restless,soft_synth;vocal_breath;electric_distant,,0.6,0.55,0.55,0.5,0.6,0.75,0.45,en,1,k_pop,"""{""""evening_city_walk"""":0.8,""""user_requested_explore"""":0.7,""""work_focus_low_vocal"""":0.65}""",city_to_inner_room,0.85,都市感的K-pop曲目，合成器与人声交织，带有希望与不安的律动
Lotus Flower,Tearwave,dreamy;melancholic;introspective,soft_synth;reverb_heavy;vocal_breath;ambient_pad,,0.35,0.4,0.45,0.5,0.3,0.6,0.7,en,1,dream_pop,"""{""""deep_night_introspective"""":0.85,""""night_rain_humid"""":0.8,""""evening_city_walk"""":0.75}""",fade_into_inner_space,0.85,梦幻流行风格，软合成器与厚重混响营造出迷离、内省的氛围，人声轻柔如雾
Pax Americana,André Bratten,restrained;urban;detached,cold_synth;minimal;reverb_heavy;electric_distant,,0.25,0.3,0.35,0.25,0.2,0,0.6,instrumental,0,ambient_techno,"""{""""evening_city_walk"""":0.85,""""deep_night_introspective"""":0.8,""""work_focus_low_vocal"""":0.75}""",city_to_inner_room,0.85,冷调合成器与深远混响构建的都市氛围，克制而疏离，适合夜晚或专注场景
水色,UA,dreamy;misty;nostalgic,ambient_pad;soft_synth;vocal_breath;reverb_heavy,,0.25,0.4,0.3,0.5,0.2,0.6,0.65,ja,1,shibuya_kei,"""{""""morning_cloudy_slow"""":0.85,""""evening_city_walk"""":0.8,""""deep_night_introspective"""":0.75}""",rain_on_glass,0.85,UA 空灵飘渺的人声与梦幻合成器氛围，营造出朦胧怀旧的日式质感
ii,Lowly,introspective;melancholic;restrained,ambient_pad;minimal;reverb_heavy,,0.25,0.3,0.35,0.4,0.2,0,0.7,instrumental,0,ambient,"""{""""work_focus_low_vocal"""":0.85,""""deep_night_introspective"""":0.8,""""night_rain_humid"""":0.75}""",fade_into_inner_space,0.85,极简氛围铺底，缓慢而内省，带有冷色调的忧郁与克制
Made For Me,Muni Long,warm;nostalgic;hopeful,vocal_breath;string;soft_synth,,0.45,0.5,0.45,0.7,0.4,0.8,0.65,en,1,r&b,"""{""""evening_city_walk"""":0.8,""""weekend_slow"""":0.75,""""morning_clear_light"""":0.7}""",slow_opening,0.85,温暖的人声和柔和的弦乐编排，传递出怀旧与希望交织的情感
Frédéric Chopin: Ballade No.2 in F,Op.38,introspective;melancholic;restless,piano;cinematic;minimal,,0.25,0.35,0.4,0.3,0.2,0,0.8,instrumental,0,classical,"""{""""work_focus_low_vocal"""":0.85,""""deep_night_introspective"""":0.8,""""night_rain_humid"""":0.75}""",slow_opening,0.9,肖邦第二叙事曲，钢琴独奏，情绪在忧郁与不安中起伏，充满内省与戏剧性张力
The Last Dance Of The Night,Desired,nostalgic;dreamy;urban,soft_synth;reverb_heavy;electric_distant,,0.5,0.5,0.5,0.5,0.5,0,0.5,instrumental,0,synthwave,"""{""""evening_city_walk"""":0.85,""""deep_night_introspective"""":0.8,""""night_clear_lonely"""":0.75}""",city_to_inner_room,0.85,复古合成器与深远混响营造出都市夜晚的怀旧与梦幻感，适合夜晚漫步或内省场景
"""Mia & Sebastian’s Theme (From """"La La Land"""" Soundtrack)""",Justin Hurwitz,nostalgic;bittersweet;dreamy,piano;string;cinematic;minimal,,0.2,0.4,0.3,0.5,0.15,0,0.8,instrumental,0,film_score,"""{""""evening_city_walk"""":0.85,""""deep_night_introspective"""":0.8,""""night_rain_humid"""":0.75}""",afterglow_fading,0.9,钢琴与弦乐交织的怀旧旋律，充满电影感的梦幻与淡淡忧伤
Better,EZRA,warm;hopeful;clear,acoustic;vocal_breath;soft_synth,,0.4,0.6,0.4,0.7,0.35,0.6,0.5,en,1,indie_pop,"""{""""morning_clear_light"""":0.8,""""afternoon_warm_idle"""":0.75,""""weekend_slow"""":0.7}""",soft_focus_work,0.85,温暖的木吉他与人声，轻快的节奏传递出希望与清晰的氛围
So Good,Bat For Lashes,dreamy;warm;nostalgic,soft_synth;vocal_breath;ambient_pad;reverb_heavy,,0.4,0.5,0.45,0.6,0.35,0.7,0.55,en,1,art_pop,"""{""""evening_city_walk"""":0.8,""""deep_night_introspective"""":0.75,""""work_focus_low_vocal"""":0.7}""",city_to_inner_room,0.85,梦幻合成器与温暖人声交织，营造怀旧而内省的都市夜晚氛围
Swallowing　the　sun,REDЯUM,melancholic;restrained;unresolved,piano;reverb_heavy;minimal,,0.25,0.3,0.35,0.3,0.2,0,0.75,instrumental,0,modern_classical,"""{""""deep_night_introspective"""":0.85,""""night_rain_humid"""":0.8,""""work_focus_low_vocal"""":0.75}""",afterglow_fading,0.85,极简钢琴与深远混响，克制而忧郁，如同吞下太阳后的余晖消散
"""Not from the Past, Not for the Future""",Fabrizio Paterlini,introspective;melancholic;restrained,piano;minimal;cinematic,,0.15,0.3,0.2,0.35,0.1,0,0.8,instrumental,0,modern_classical,"""{""""work_focus_low_vocal"""":0.9,""""deep_night_introspective"""":0.85,""""night_rain_humid"""":0.8}""",afterglow_fading,0.9,极简钢琴独奏，缓慢而克制，充满内省与留白，类似坂本龍一的静谧质感
Revenge - Extended Mix,Tontario,restless;urban;unresolved,cold_synth;electric_distant;reverb_heavy,,0.6,0.4,0.7,0.3,0.65,0,0.6,instrumental,0,electronic,"""{""""evening_city_walk"""":0.8,""""deep_night_introspective"""":0.75,""""night_clear_lonely"""":0.7}""",city_to_inner_room,0.85,冷合成器与深远混响营造出都市夜晚的躁动与未解情绪，Extended Mix 版本强化了律动感
Blow Your Mind (Mwah),Dua Lipa,restless;urban;hopeful,soft_synth;electric_distant,,0.7,0.7,0.65,0.5,0.7,0.8,0.4,en,1,pop,"""{""""evening_city_walk"""":0.7,""""user_requested_explore"""":0.65,""""weekend_slow"""":0.55}""",city_to_inner_room,0.85,Dua Lipa 的流行舞曲，能量较高，节奏明快，带有都市感和自信情绪
Ashes of Time,陈勋奇,melancholic;introspective;restrained,string;cinematic;minimal;reverb_heavy,,0.2,0.25,0.3,0.35,0.1,0,0.8,instrumental,0,film_score,"""{""""deep_night_introspective"""":0.9,""""night_rain_humid"""":0.85,""""work_focus_low_vocal"""":0.8}""",afterglow_fading,0.9,电影配乐风格，弦乐与极简编排营造出深沉内省与悲凉氛围
冬天游水,张玉华,melancholic;lonely;restrained,piano;string;vocal_breath;reverb_heavy,,0.25,0.3,0.35,0.3,0.2,0.6,0.75,zh,1,mandopop,"""{""""deep_night_introspective"""":0.85,""""night_rain_humid"""":0.8,""""work_focus_low_vocal"""":0.7}""",fade_into_inner_space,0.85,钢琴与弦乐铺垫的冷色调抒情曲，人声克制而忧郁，适合深夜内省场景
Worth It (feat. Kid Ink),Fifth Harmony,restless;urban;hopeful,soft_synth;electric_distant;vocal_breath,,0.7,0.6,0.65,0.5,0.7,0.8,0.4,en,1,pop,"""{""""evening_city_walk"""":0.8,""""user_requested_explore"""":0.75,""""work_focus_low_vocal"""":0.6}""",city_to_inner_room,0.85,流行舞曲节奏，合成器与说唱段落带来都市感与活力，但情感深度较浅
不值得,梦飞船,melancholic;bittersweet;restrained,piano;vocal_breath;reverb_heavy,,0.35,0.35,0.4,0.4,0.3,0.65,0.75,zh,1,mandopop,"""{""""evening_city_walk"""":0.8,""""deep_night_introspective"""":0.75,""""night_rain_humid"""":0.7}""",slow_opening,0.85,华语抒情，钢琴与克制人声表达失恋后的苦涩与内省
Scarlett,Kovlo,dreamy;melancholic;introspective,ambient_pad;soft_synth;reverb_heavy;minimal,,0.25,0.35,0.3,0.4,0.15,0,0.7,instrumental,0,ambient,"""{""""deep_night_introspective"""":0.85,""""night_rain_humid"""":0.8,""""work_focus_low_vocal"""":0.75}""",fade_into_inner_space,0.85,Kovlo 的这首作品以氛围合成器铺底和深远混响营造出梦幻而忧郁的声景，能量低缓，适合内省与深夜聆听
月の明り -ファイナルファンタジーIV 愛のテーマ-,伊田恵美,nostalgic;melancholic;dreamy,piano;string;vocal_breath;cinematic,,0.25,0.4,0.35,0.5,0.2,0.6,0.75,ja,1,game_soundtrack,"""{""""deep_night_introspective"""":0.85,""""night_rain_humid"""":0.8,""""evening_city_walk"""":0.7}""",afterglow_fading,0.9,FFIV主题曲的钢琴与弦乐编排，伊田恵美的空灵声线营造出怀旧而梦幻的夜晚氛围
Light It Up (Remix),Major Lazer,urban;restless;hopeful,soft_synth;electric_distant;reverb_heavy,,0.7,0.6,0.65,0.5,0.75,0.7,0.4,en,1,electronic_dance,"""{""""evening_city_walk"""":0.7,""""user_requested_explore"""":0.65,""""weekend_slow"""":0.5}""",city_to_inner_room,0.8,Major Lazer 的舞曲混音，节奏强烈、能量较高，带有都市感和电子质感，但人声和合成器营造出略带希望的氛围
Graveracer,Michael Malarkey,restless;urban;melancholic,electric_distant;reverb_heavy;soft_synth,,0.55,0.4,0.55,0.35,0.5,0.6,0.65,en,1,indie_rock,"""{""""evening_city_walk"""":0.8,""""deep_night_introspective"""":0.75,""""night_clear_lonely"""":0.7}""",city_to_inner_room,0.85,带有电子质感的独立摇滚，人声疏离而富有张力，营造出都市夜晚的躁动与孤独
ABC,The Jackson 5,hopeful;warm;restless,acoustic;jazz_brush;vocal_breath,,0.7,0.75,0.65,0.7,0.8,0.85,0.4,en,1,pop,"""{""""morning_clear_light"""":0.8,""""afternoon_warm_idle"""":0.7,""""weekend_slow"""":0.65}""",slow_opening,0.85,经典的流行歌曲，充满活力的节奏和温暖的人声，带来希望和快乐的情绪
Bx12 One,Ben Winkelman Trio,warm;clear;restrained,acoustic;jazz_brush;piano,,0.4,0.6,0.5,0.7,0.45,0,0.4,instrumental,0,jazz,"""{""""work_focus_low_vocal"""":0.85,""""afternoon_warm_idle"""":0.8,""""morning_clear_light"""":0.75}""",soft_focus_work,0.85,爵士钢琴三重奏，木吉他般的温暖音色与清晰的节奏，适合专注或休闲场景
"""Weep, Gently Weep""",MOLLY,melancholic;restrained;bittersweet,piano;string;vocal_breath;reverb_heavy,,0.25,0.3,0.35,0.4,0.2,0.6,0.75,en,1,art_pop,"""{""""deep_night_introspective"""":0.85,""""night_rain_humid"""":0.8,""""work_focus_low_vocal"""":0.7}""",fade_into_inner_space,0.85,钢琴与弦乐交织，人声轻柔而克制，营造出忧郁而内省的氛围
No One Else Like You,Adam Levine,warm;hopeful;nostalgic,acoustic;vocal_breath;string,,0.45,0.6,0.4,0.7,0.35,0.75,0.55,en,1,pop,"""{""""morning_clear_light"""":0.8,""""evening_city_walk"""":0.75,""""weekend_slow"""":0.7}""",slow_opening,0.85,Adam Levine 温暖的人声搭配原声吉他，营造出怀旧而充满希望的流行情歌氛围
Remembrance - Main Mix,ANNA,introspective;melancholic;restrained,ambient_pad;cold_synth;minimal;reverb_heavy,,0.2,0.25,0.3,0.3,0.15,0,0.75,instrumental,0,techno,"""{""""deep_night_introspective"""":0.85,""""night_rain_humid"""":0.8,""""work_focus_low_vocal"""":0.75}""",fade_into_inner_space,0.85,冷调氛围铺底与极简节拍，内省而克制，适合深夜沉浸
彩虹 (Live),信,nostalgic;hopeful;bittersweet,acoustic;vocal_breath;string;cinematic,,0.4,0.5,0.45,0.6,0.35,0.7,0.65,zh,1,mandopop,"""{""""evening_city_walk"""":0.8,""""weekend_slow"""":0.75,""""morning_clear_light"""":0.7}""",slow_opening,0.85,现场版以木吉他和弦乐为主，信的高亢声线带来怀旧与希望交织的温暖质感
Evergreen,Vol. 3,warm;nostalgic;hopeful,acoustic;string;vocal_breath,,0.4,0.55,0.45,0.65,0.35,0.6,0.6,en,1,folk_pop,"""{""""morning_clear_light"""":0.8,""""evening_city_walk"""":0.75,""""weekend_slow"""":0.7}""",slow_opening,0.85,温暖的木吉他和弦乐编排，人声轻柔，营造怀旧而充满希望的民谣流行氛围
Giving Up on Me,Malihini,melancholic;lonely;bittersweet,acoustic;vocal_breath;string;reverb_heavy,,0.25,0.3,0.35,0.4,0.2,0.6,0.75,en,1,indie_folk,"""{""""deep_night_introspective"""":0.85,""""night_rain_humid"""":0.8,""""work_focus_low_vocal"""":0.7}""",fade_into_inner_space,0.85,木吉他与人声主导，混响厚重，充满忧郁与放弃的苦涩感
Sand And Stone,Dylan LeBlanc,melancholic;restrained;bittersweet,acoustic;string;vocal_breath,,0.3,0.35,0.4,0.5,0.25,0.6,0.7,en,1,folk,"""{""""evening_city_walk"""":0.75,""""deep_night_introspective"""":0.8,""""night_rain_humid"""":0.7}""",slow_opening,0.85,Dylan LeBlanc 的民谣风格，木吉他与人声交织，带着克制的忧郁与苦涩的温暖
Your Sentries Will Be Met with Force,Steve Moore,restrained;melancholic;unresolved,cold_synth;ambient_pad;minimal;cinematic,,0.25,0.3,0.35,0.2,0.15,0,0.7,instrumental,0,ambient,"""{""""work_focus_low_vocal"""":0.85,""""deep_night_introspective"""":0.8,""""night_rain_humid"""":0.75}""",afterglow_fading,0.85,冷调合成器与极简氛围铺底，克制而忧郁，带有未解决的悬疑感
“diary” (RnB type beat),47号（No.FortySeven),introspective;melancholic;urban,soft_synth;lofi_dust;electric_distant,,0.35,0.4,0.45,0.5,0.4,0,0.6,instrumental,0,r_n_b,"""{""""deep_night_introspective"""":0.85,""""evening_city_walk"""":0.8,""""work_focus_low_vocal"""":0.75}""",city_to_inner_room,0.85,R&B 风格伴奏，软合成器与轻度 lo-fi 质感营造出内省而都市化的氛围
southern skies,The End Of The Ocean,dreamy;nostalgic;hopeful,ambient_pad;soft_synth;reverb_heavy;cinematic,,0.35,0.5,0.4,0.55,0.2,0,0.6,instrumental,0,post_rock,"""{""""morning_cloudy_slow"""":0.85,""""work_focus_low_vocal"""":0.8,""""evening_city_walk"""":0.75}""",slow_opening,0.85,后摇滚氛围器乐，宽广的合成器铺底与混响营造出梦幻而怀旧的声景
Consequence,Hundreds,melancholic;dreamy;restrained,soft_synth;ambient_pad;vocal_breath;reverb_heavy,,0.35,0.4,0.45,0.5,0.3,0.6,0.7,en,1,dream_pop,"""{""""deep_night_introspective"""":0.85,""""night_rain_humid"""":0.8,""""evening_city_walk"""":0.75}""",fade_into_inner_space,0.85,梦幻合成器与轻柔人声交织，营造出忧郁而克制的氛围，适合深夜内省场景
Sit Down,Flunk,melancholic;dreamy;detached,soft_synth;vocal_breath;reverb_heavy;electric_distant,,0.3,0.35,0.4,0.4,0.25,0.6,0.65,en,1,trip_hop,"""{""""evening_city_walk"""":0.85,""""deep_night_introspective"""":0.8,""""night_rain_humid"""":0.75}""",city_to_inner_room,0.85,慵懒的电子节拍与空灵女声，营造出都市夜晚的疏离与梦幻感
Johannes Brahms: 4 Ballades,Op.10 - No.3 in B minor,introspective;melancholic;restrained,piano;minimal;cinematic,,0.15,0.25,0.2,0.35,0.1,0,0.8,instrumental,0,classical,"""{""""work_focus_low_vocal"""":0.85,""""deep_night_introspective"""":0.9,""""night_rain_humid"""":0.75}""",slow_opening,0.95,勃拉姆斯B小调叙事曲，钢琴独奏，深沉内省，情感厚重而克制
Los Angeles,SEULGI,urban;dreamy;melancholic,soft_synth;cold_synth;reverb_heavy;vocal_breath,,0.45,0.4,0.55,0.35,0.5,0.7,0.6,en,1,art_pop,"""{""""evening_city_walk"""":0.85,""""deep_night_introspective"""":0.8,""""night_clear_lonely"""":0.75}""",city_to_inner_room,0.85,冷调合成器与空灵人声交织，营造出都市夜晚的梦幻与疏离感
水星 (The Mercury),堀越千史,dreamy;misty;introspective,piano;ambient_pad;reverb_heavy;minimal,,0.2,0.35,0.25,0.4,0.15,0,0.7,instrumental,0,ambient,"""{""""deep_night_introspective"""":0.85,""""night_clear_lonely"""":0.8,""""work_focus_low_vocal"""":0.75}""",fade_into_inner_space,0.85,钢琴与氛围音垫交织，朦胧而内省，如同水星在静谧夜空中的孤独闪烁
Audition (The Fools Who Dream),Emma Stone,hopeful;bittersweet;nostalgic,vocal_breath;piano;string;cinematic,,0.4,0.5,0.45,0.6,0.3,0.8,0.75,en,1,musical_theatre,"""{""""evening_city_walk"""":0.8,""""deep_night_introspective"""":0.75,""""weekend_slow"""":0.7}""",slow_opening,0.9,Emma Stone 脆弱而坚定的人声，钢琴与弦乐交织，充满梦想与遗憾的怀旧情绪
Manhattan,Cat Power,melancholic;lonely;bittersweet,piano;vocal_breath;reverb_heavy;minimal,,0.25,0.3,0.3,0.35,0.2,0.6,0.75,en,1,indie_folk,"""{""""deep_night_introspective"""":0.85,""""night_rain_humid"""":0.8,""""evening_city_walk"""":0.75}""",rain_on_glass,0.9,Cat Power 低沉而脆弱的人声搭配极简钢琴与混响，营造出都市夜晚的孤独与怀旧感
Rainy Airport,oNEwAY,melancholic;misty;lonely,ambient_pad;field_recording;reverb_heavy;minimal,,0.2,0.3,0.25,0.35,0.15,0,0.7,instrumental,0,ambient,"""{""""night_rain_humid"""":0.9,""""deep_night_introspective"""":0.85,""""work_focus_low_vocal"""":0.8}""",rain_on_glass,0.9,氛围声景结合雨声和机场环境录音，营造出潮湿、孤独的忧郁氛围
Villanelle,Jo Blankenburg,melancholic;restrained;bittersweet,piano;string;cinematic;minimal,,0.2,0.3,0.25,0.35,0.15,0,0.8,instrumental,0,modern_classical,"""{""""deep_night_introspective"""":0.85,""""night_rain_humid"""":0.8,""""work_focus_low_vocal"""":0.75}""",afterglow_fading,0.9,钢琴与弦乐交织的极简古典作品，旋律忧郁而克制，充满电影感的悲凉与余韵
FAKE LOVE,BTS,melancholic;restless;bittersweet,soft_synth;cold_synth;vocal_breath;electric_distant,,0.6,0.45,0.65,0.4,0.55,0.8,0.75,ko,1,k_pop,"""{""""evening_city_walk"""":0.8,""""deep_night_introspective"""":0.75,""""night_clear_lonely"""":0.7}""",city_to_inner_room,0.85,BTS 的暗黑流行曲，合成器与强烈人声交织出苦涩而躁动的情绪，适合都市夜晚的孤独漫步
Open Season - Une Autre Saison,Josef Salvat,melancholic;bittersweet;restrained,piano;string;vocal_breath;reverb_heavy,,0.35,0.4,0.45,0.5,0.3,0.6,0.7,en,1,art_pop,"""{""""deep_night_introspective"""":0.85,""""evening_city_walk"""":0.8,""""night_rain_humid"""":0.75}""",fade_into_inner_space,0.85,钢琴与弦乐交织，Josef Salvat 克制而深情的人声，营造出忧郁而怀旧的氛围
Summer Montage / Madeline,Justin Hurwitz,dreamy;nostalgic;warm,piano;soft_synth;vocal_breath;reverb_heavy,,0.35,0.5,0.4,0.6,0.3,0.4,0.55,en,1,soundtrack,"""{""""evening_city_walk"""":0.85,""""morning_cloudy_slow"""":0.75,""""weekend_slow"""":0.7}""",slow_opening,0.85,电影《爱乐之城》原声，钢琴与软合成器营造梦幻怀旧的夏日氛围，人声轻柔如呢喃
Waiting for Love,Avicii / Martin Garrix / Simon Aldred,hopeful;restless;nostalgic,soft_synth;electric_distant;vocal_breath,,0.65,0.7,0.6,0.55,0.7,0.75,0.5,en,1,progressive_house,"""{""""evening_city_walk"""":0.8,""""user_requested_explore"""":0.75,""""morning_clear_light"""":0.7}""",city_to_inner_room,0.85,Avicii 标志性的渐进式浩室，合成器铺底与充满希望的人声，能量较高但带有怀旧感
Begin (feat. Wales),Shallou,dreamy;warm;nostalgic,ambient_pad;soft_synth;reverb_heavy;vocal_breath,,0.3,0.45,0.35,0.6,0.2,0.4,0.5,en,1,ambient_pop,"""{""""morning_cloudy_slow"""":0.85,""""work_focus_low_vocal"""":0.8,""""evening_city_walk"""":0.75}""",soft_focus_work,0.85,梦幻氛围电子，温暖合成器与人声交织，适合清晨或专注场景
"""Andante festivo, JS 34b (Version for String Orchestra & Timpani)""",Jean Sibelius,restrained;melancholic;nostalgic,string;cinematic;minimal,,0.25,0.35,0.4,0.5,0.2,0,0.75,instrumental,0,classical,"""{""""work_focus_low_vocal"""":0.8,""""deep_night_introspective"""":0.85,""""morning_cloudy_slow"""":0.75}""",slow_opening,0.9,西贝柳斯弦乐与定音鼓的庄严行板，克制而怀旧的古典质感
春歌,何训田,introspective;dreamy;clear,piano;field_recording;minimal,,0.2,0.5,0.25,0.55,0.15,0,0.6,instrumental,0,new_age,"""{""""morning_cloudy_slow"""":0.85,""""work_focus_low_vocal"""":0.8,""""deep_night_introspective"""":0.75}""",slow_opening,0.9,极简钢琴与自然录音，空灵清澈，充满内省与禅意
oooshxt!,Samara Cyn,urban;restless;bittersweet,soft_synth;vocal_breath;electric_distant,,0.55,0.5,0.55,0.45,0.5,0.7,0.6,en,1,r&b,"""{""""evening_city_walk"""":0.8,""""deep_night_introspective"""":0.75,""""user_requested_explore"""":0.7}""",city_to_inner_room,0.85,都市R&B风格，合成器与呼吸感人声交织，略带不安与怀旧情绪
Streetcar,Daniel Caesar,introspective;melancholic;bittersweet,piano;string;vocal_breath;reverb_heavy,,0.3,0.35,0.4,0.5,0.25,0.7,0.75,en,1,r&b,"""{""""deep_night_introspective"""":0.85,""""evening_city_walk"""":0.8,""""night_rain_humid"""":0.75}""",fade_into_inner_space,0.9,Daniel Caesar 的温柔人声与钢琴弦乐交织，营造出内省而略带忧郁的深夜氛围
Ventus dea,R'entelica,dreamy;misty;restrained,ambient_pad;soft_synth;minimal,,0.2,0.35,0.25,0.4,0.15,0,0.55,instrumental,0,ambient,"""{""""work_focus_low_vocal"""":0.85,""""morning_cloudy_slow"""":0.8,""""deep_night_introspective"""":0.75}""",soft_focus_work,0.85,氛围电子作品，软合成器与空灵音色营造出朦胧而克制的梦幻感
Cupid,FIFTY FIFTY,hopeful;warm;nostalgic,soft_synth;vocal_breath;acoustic,,0.55,0.6,0.5,0.65,0.5,0.8,0.5,en,1,k_pop,"""{""""evening_city_walk"""":0.7,""""morning_clear_light"""":0.65,""""weekend_slow"""":0.6}""",soft_focus_work,0.85,轻快的K-pop流行曲，温暖人声与合成器交织，带有怀旧与希望感
Jupiter,The Legendary Horn,warm;nostalgic;hopeful,acoustic;string;jazz_brush,,0.4,0.55,0.45,0.7,0.35,0,0.5,instrumental,0,jazz,"""{""""morning_clear_light"""":0.8,""""afternoon_warm_idle"""":0.75,""""work_focus_low_vocal"""":0.7}""",soft_focus_work,0.85,温暖的爵士铜管与弦乐编排，怀旧而充满希望，适合悠闲工作或午后时光
Tryna Do (feat. Jeremih),Moneybagg Yo,urban;restless;sensual,soft_synth;electric_distant;vocal_breath,,0.65,0.5,0.6,0.55,0.7,0.8,0.5,en,1,hip_hop,"""{""""evening_city_walk"""":0.8,""""deep_night_introspective"""":0.7,""""user_requested_explore"""":0.75}""",city_to_inner_room,0.85,都市嘻哈节奏，慵懒而略带不安的人声与合成器营造出夜晚的躁动感
Ballade for Cello and Piano,Op.15,introspective;melancholic;restrained,piano;string;minimal;cinematic,,0.15,0.3,0.2,0.45,0.1,0,0.8,instrumental,0,modern_classical,"""{""""work_focus_low_vocal"""":0.85,""""deep_night_introspective"""":0.9,""""night_rain_humid"""":0.75}""",slow_opening,0.9,大提琴与钢琴的古典二重奏，旋律深沉内省，能量极低，充满克制与忧伤
日落大道 (Live),梁博,nostalgic;hopeful;bittersweet,acoustic;string;vocal_breath;cinematic,,0.45,0.5,0.55,0.6,0.4,0.7,0.65,zh,1,rock,"""{""""evening_city_walk"""":0.85,""""deep_night_introspective"""":0.75,""""afternoon_warm_idle"""":0.7}""",city_to_inner_room,0.85,梁博现场版以木吉他、弦乐和饱满人声营造出怀旧与希望交织的日落氛围，能量中等偏下，适合城市漫步与内省场景
Rollin,Calvin Harris / Future / Khalid,urban;hopeful;restless,soft_synth;vocal_breath;electric_distant,,0.65,0.6,0.55,0.5,0.7,0.75,0.45,en,1,electropop,"""{""""evening_city_walk"""":0.85,""""user_requested_explore"""":0.7,""""work_focus_low_vocal"""":0.6}""",city_to_inner_room,0.85,合成器驱动的流行舞曲，节奏明快，人声充满都市活力与期待感
The Mother We Share,CHVRCHES,urban;hopeful;bittersweet,soft_synth;cold_synth;vocal_breath,,0.6,0.55,0.55,0.45,0.6,0.7,0.5,en,1,synthpop,"""{""""evening_city_walk"""":0.85,""""deep_night_introspective"""":0.75,""""user_requested_explore"""":0.7}""",city_to_inner_room,0.9,合成器流行曲风，冷调电子音色搭配明亮人声，都市感与希望交织
GDFR,Flo Rida,restless;urban;hopeful,soft_synth;electric_distant;reverb_heavy,,0.8,0.7,0.75,0.4,0.85,0.9,0.3,en,1,hip_hop,"""{""""evening_city_walk"""":0.6,""""user_requested_explore"""":0.5,""""work_focus_low_vocal"""":0.3}""",city_to_inner_room,0.8,高能量嘻哈，节奏强劲，人声主导，适合都市夜行场景但情感较轻
远远的远远 远远,马格,dreamy;misty;lonely,ambient_pad;field_recording;minimal;reverb_heavy,,0.2,0.3,0.25,0.4,0.15,0,0.7,instrumental,0,ambient,"""{""""deep_night_introspective"""":0.85,""""night_rain_humid"""":0.8,""""work_focus_low_vocal"""":0.75}""",fade_into_inner_space,0.85,梦幻而疏离的氛围声景，空旷的混响与田野录音营造出孤独的远方感
Trust Nobody (ft. Adam Levine),Lil Wayne,urban;restless;unresolved,soft_synth;electric_distant;vocal_breath,,0.6,0.45,0.55,0.4,0.6,0.75,0.5,en,1,hip_hop,"""{""""evening_city_walk"""":0.75,""""deep_night_introspective"""":0.7,""""user_requested_explore"""":0.65}""",city_to_inner_room,0.8,Lil Wayne 的 rap 与 Adam Levine 的副歌交织，都市感与不安情绪并存，能量中等偏上
New York - Oliver Nelson Remix,Urban Cone,urban;restless;hopeful,soft_synth;electric_distant;reverb_heavy,,0.6,0.55,0.55,0.45,0.6,0.7,0.5,en,1,electropop,"""{""""evening_city_walk"""":0.85,""""deep_night_introspective"""":0.75,""""user_requested_explore"""":0.7}""",city_to_inner_room,0.85,都市感电子流行，合成器与混响营造出夜晚城市中不安又充满希望的氛围
escape,chimneycrow,dreamy;misty;restrained,ambient_pad;soft_synth;reverb_heavy;minimal,,0.25,0.35,0.3,0.45,0.2,0,0.5,instrumental,0,ambient,"""{""""work_focus_low_vocal"""":0.85,""""morning_cloudy_slow"""":0.8,""""deep_night_introspective"""":0.75}""",soft_focus_work,0.85,梦幻氛围电子，软合成器与深远混响营造出朦胧而克制的声景
ドビュッシー＝ハルトマン：亜麻色の髪の乙女 (亚麻色头发的少女),大森潤子,dreamy;nostalgic;warm,piano;string;soft_synth;vocal_breath,,0.25,0.5,0.3,0.6,0.2,0.4,0.55,ja,1,art_pop,"""{""""morning_cloudy_slow"""":0.85,""""afternoon_warm_idle"""":0.8,""""evening_city_walk"""":0.75}""",soft_focus_work,0.85,德彪西名曲改编，钢琴与弦乐交织，大森潤子轻柔人声带来梦幻怀旧的温暖质感
セーラーチーム,✿ MACROSS 82-99 ✿,dreamy;nostalgic;urban,soft_synth;lofi_dust;ambient_pad;electric_distant,,0.45,0.5,0.5,0.55,0.5,0,0.45,instrumental,0,vaporwave,"""{""""evening_city_walk"""":0.85,""""deep_night_introspective"""":0.8,""""work_focus_low_vocal"""":0.75}""",city_to_inner_room,0.85,未来放克风格的合成器与lo-fi质感，营造出怀旧而梦幻的都市夜晚氛围
"""Serenade for Strings in E Major, Op. 22, B. 52: II. Tempo di valse""",Antonín Dvořák,warm;nostalgic;hopeful,string;cinematic;acoustic,,0.4,0.6,0.5,0.7,0.5,0,0.5,instrumental,0,classical,"""{""""morning_clear_light"""":0.8,""""afternoon_warm_idle"""":0.75,""""evening_city_walk"""":0.7}""",slow_opening,0.9,德沃夏克的弦乐圆舞曲，温暖而怀旧的旋律，充满古典优雅的律动
Prologue/Babushka,Paul Cantelon,introspective;melancholic;restrained,piano;string;cinematic;minimal,,0.15,0.3,0.2,0.35,0.1,0,0.8,instrumental,0,modern_classical,"""{""""work_focus_low_vocal"""":0.85,""""deep_night_introspective"""":0.8,""""night_rain_humid"""":0.75}""",slow_opening,0.9,钢琴与弦乐交织，缓慢而克制，充满内省与淡淡的忧伤
Sacred Play Secret Place,Matryoshka,dreamy;melancholic;bittersweet,piano;string;vocal_breath;reverb_heavy,,0.35,0.4,0.5,0.45,0.3,0.6,0.7,en,1,art_pop,"""{""""deep_night_introspective"""":0.85,""""night_rain_humid"""":0.8,""""evening_city_walk"""":0.75}""",fade_into_inner_space,0.9,梦幻钢琴与弦乐交织，女声空灵而忧伤，营造出内省而略带苦涩的氛围
Ave Maria,马友友 / Kathryn Stott,introspective;melancholic;restrained,piano;string;cinematic;minimal,,0.15,0.3,0.2,0.45,0.1,0,0.8,instrumental,0,classical,"""{""""work_focus_low_vocal"""":0.85,""""deep_night_introspective"""":0.8,""""night_rain_humid"""":0.75}""",slow_opening,0.9,大提琴与钢琴的经典演绎，缓慢而庄重，充满内省与肃穆感
Numb,JT,melancholic;restrained;lonely,piano;reverb_heavy;vocal_breath;minimal,,0.25,0.3,0.35,0.3,0.2,0.6,0.75,en,1,art_pop,"""{""""deep_night_introspective"""":0.85,""""night_rain_humid"""":0.8,""""work_focus_low_vocal"""":0.7}""",fade_into_inner_space,0.85,钢琴与沉重混响，人声脆弱而克制，营造出孤独内省的情绪氛围
Never Let You Go,Wintersleep,melancholic;restrained;bittersweet,electric_distant;reverb_heavy;vocal_breath,,0.35,0.3,0.45,0.4,0.3,0.6,0.7,en,1,indie_rock,"""{""""deep_night_introspective"""":0.85,""""night_rain_humid"""":0.8,""""evening_city_walk"""":0.75}""",fade_into_inner_space,0.85,Wintersleep 的这首作品以疏离的电吉他、厚重混响和克制的人声营造出忧郁而苦涩的深夜氛围
Palm Trees,Lowell,dreamy;warm;nostalgic,soft_synth;ambient_pad;lofi_dust;vocal_breath,,0.35,0.5,0.4,0.65,0.3,0.6,0.5,en,1,dream_pop,"""{""""morning_cloudy_slow"""":0.8,""""afternoon_warm_idle"""":0.75,""""evening_city_walk"""":0.7}""",soft_focus_work,0.85,梦幻流行风格，软合成器与氛围铺垫营造温暖怀旧的午后氛围
With an Orchid,Yanni,dreamy;warm;nostalgic,piano;string;ambient_pad;cinematic,,0.3,0.55,0.4,0.7,0.2,0,0.5,instrumental,0,new_age,"""{""""morning_clear_light"""":0.85,""""afternoon_warm_idle"""":0.8,""""work_focus_low_vocal"""":0.75}""",slow_opening,0.9,Yanni 标志性的钢琴与弦乐编排，营造梦幻而温暖的氛围，适合宁静的清晨或午后
燈光,謝震廷,melancholic;introspective;restrained,acoustic;string;vocal_breath,,0.35,0.4,0.45,0.5,0.3,0.6,0.7,zh,1,mandopop,"""{""""evening_city_walk"""":0.8,""""deep_night_introspective"""":0.75,""""night_rain_humid"""":0.7}""",city_to_inner_room,0.85,木吉他与人声交织，克制而内省，带有忧郁的温暖质感
おかえりなさい.,柴田淳,warm;nostalgic;melancholic,piano;string;vocal_breath;acoustic,,0.3,0.45,0.4,0.7,0.25,0.6,0.65,ja,1,j_pop,"""{""""evening_city_walk"""":0.8,""""weekend_slow"""":0.75,""""night_rain_humid"""":0.7}""",slow_opening,0.85,柴田淳温暖而略带忧伤的声线，钢琴与弦乐交织，营造出怀旧而治愈的氛围
Mosambiquetravellplan,Ost & Kjex,dreamy;urban;restless,soft_synth;electric_distant;reverb_heavy;field_recording,,0.45,0.5,0.5,0.4,0.5,0,0.45,instrumental,0,electronic,"""{""""evening_city_walk"""":0.85,""""deep_night_introspective"""":0.8,""""user_requested_explore"""":0.75}""",city_to_inner_room,0.85,电子合成器与遥远电声交织，带有旅行感的都市梦幻氛围
Let It All Go,Jeremy Casella,introspective;melancholic;restrained,piano;acoustic;vocal_breath;reverb_heavy,,0.25,0.35,0.3,0.45,0.2,0.6,0.7,en,1,folk,"""{""""deep_night_introspective"""":0.85,""""night_rain_humid"""":0.8,""""work_focus_low_vocal"""":0.75}""",fade_into_inner_space,0.85,钢琴与木吉他交织，人声轻柔带有混响，营造内省而克制的忧郁氛围
Take California,Propellerheads,restless;urban;hopeful,electric_distant;cold_synth;soft_synth,,0.7,0.6,0.7,0.4,0.8,0,0.4,instrumental,0,big_beat,"""{""""evening_city_walk"""":0.85,""""user_requested_explore"""":0.8,""""work_focus_low_vocal"""":0.65}""",city_to_inner_room,0.85,强劲的电子节拍与冷调合成器，充满都市律动与探索感
CARNIVAL,¥$,urban;restless;melancholic,soft_synth;reverb_heavy;electric_distant;vocal_breath,,0.6,0.45,0.65,0.4,0.55,0.75,0.6,en,1,hip_hop,"""{""""evening_city_walk"""":0.8,""""deep_night_introspective"""":0.75,""""night_clear_lonely"""":0.7}""",city_to_inner_room,0.85,都市感强烈的嘻哈，合成器与混响营造出不安与怀旧交织的氛围
怪天气,YELLOW黃宣 / 9m88,urban;restless;bittersweet,jazz_brush;soft_synth;vocal_breath;electric_distant,,0.55,0.5,0.55,0.5,0.6,0.7,0.6,zh,1,jazz_pop,"""{""""evening_city_walk"""":0.85,""""night_clear_lonely"""":0.8,""""user_requested_explore"""":0.75}""",city_to_inner_room,0.85,都市感的爵士流行，黄宣与9m88的声线交织出不安与怀旧的情绪，节奏轻快但带一丝苦涩
风中的早晨,马宜中 / 王新莲,nostalgic;warm;bittersweet,acoustic;vocal_breath;string;jazz_brush,,0.35,0.5,0.4,0.6,0.3,0.65,0.6,zh,1,folk,"""{""""morning_clear_light"""":0.8,""""afternoon_warm_idle"""":0.75,""""weekend_slow"""":0.7}""",slow_opening,0.85,木吉他与人声交织的民谣，温暖怀旧，适合清晨或午后闲适时光
motherhood~me & my mom~<Vocal ver.>,澤野弘之,warm;nostalgic;bittersweet,piano;string;vocal_breath;cinematic,,0.35,0.5,0.4,0.7,0.3,0.6,0.75,ja,1,anime_soundtrack,"""{""""morning_clear_light"""":0.7,""""afternoon_warm_idle"""":0.8,""""deep_night_introspective"""":0.75}""",slow_opening,0.85,澤野弘之的钢琴与弦乐编排，人声轻柔，充满温暖怀旧与淡淡感伤
RAIN,SEKAI NO OWARI,melancholic;dreamy;bittersweet,piano;string;reverb_heavy;vocal_breath,,0.35,0.4,0.45,0.5,0.3,0.6,0.7,ja,1,j_pop,"""{""""night_rain_humid"""":0.85,""""evening_city_walk"""":0.8,""""deep_night_introspective"""":0.75}""",rain_on_glass,0.9,钢琴与弦乐交织，人声空灵，营造出雨夜中忧郁而梦幻的怀旧氛围
旺天下,窦唯 / 译乐队,restrained;melancholic;introspective,electric_distant;cold_synth;minimal;reverb_heavy,,0.25,0.2,0.3,0.2,0.15,0.3,0.7,zh,1,experimental_rock,"""{""""deep_night_introspective"""":0.85,""""night_rain_humid"""":0.75,""""work_focus_low_vocal"""":0.7}""",fade_into_inner_space,0.85,窦唯与译乐队的实验性作品，冷调合成器与深远混响营造出克制而内省的氛围，人声疏离如远处回声
all these years,Shing02 / 西原健一郎,nostalgic;warm;bittersweet,piano;soft_synth;lofi_dust;vocal_breath,,0.4,0.5,0.45,0.6,0.35,0.6,0.65,en,1,jazz_hop,"""{""""evening_city_walk"""":0.85,""""work_focus_low_vocal"""":0.8,""""deep_night_introspective"""":0.75}""",city_to_inner_room,0.85,Shing02的叙事性说唱与西原健一郎的爵士钢琴和软合成器交织，怀旧而温暖，带有lo-fi质感
Still Not Falling,Shy Girls,dreamy;melancholic;restrained,soft_synth;reverb_heavy;vocal_breath;electric_distant,,0.35,0.35,0.4,0.45,0.3,0.6,0.7,en,1,dream_pop,"""{""""deep_night_introspective"""":0.85,""""evening_city_walk"""":0.8,""""night_rain_humid"""":0.75}""",fade_into_inner_space,0.85,梦幻合成器与深远混响包裹着脆弱的人声，营造出克制而忧郁的夜晚氛围
Beautiful,Christina Aguilera,warm;hopeful;nostalgic,piano;string;vocal_breath,,0.5,0.6,0.5,0.7,0.4,0.8,0.7,en,1,pop,"""{""""morning_clear_light"""":0.8,""""evening_city_walk"""":0.75,""""weekend_slow"""":0.7}""",slow_opening,0.85,钢琴和弦乐支撑的抒情流行，Christina Aguilera 充满力量的人声传递温暖与希望
Winter,Tori Amos,melancholic;introspective;restrained,piano;vocal_breath;cinematic,,0.25,0.3,0.35,0.3,0.2,0.6,0.75,en,1,art_pop,"""{""""deep_night_introspective"""":0.85,""""night_rain_humid"""":0.8,""""work_focus_low_vocal"""":0.7}""",slow_opening,0.9,Tori Amos 的钢琴与脆弱人声交织，营造出寒冷而内省的冬日氛围
Closer,N u a g e s,dreamy;warm;nostalgic,soft_synth;ambient_pad;reverb_heavy,,0.35,0.45,0.4,0.6,0.3,0,0.5,instrumental,0,ambient,"""{""""work_focus_low_vocal"""":0.85,""""evening_city_walk"""":0.8,""""deep_night_introspective"""":0.75}""",soft_focus_work,0.85,温暖柔软的合成器氛围，带有怀旧与梦幻的质感，适合专注或漫步场景
"""Bist du bei mir (Formerly Attrib. J.S. Bach as BWV 508, Transcr. for Oboe, Solo Violin, Strings and Basso continuo)""",Gottfried Heinrich Stölzel,introspective;restrained;melancholic,string;minimal;cinematic,,0.15,0.35,0.3,0.5,0.1,0,0.8,instrumental,0,baroque,"""{""""work_focus_low_vocal"""":0.85,""""deep_night_introspective"""":0.8,""""night_rain_humid"""":0.75}""",slow_opening,0.9,巴洛克时期作品，双簧管与弦乐编制，旋律庄重而克制，充满内省与古典的忧伤
Step by Step,New Kids On The Block,hopeful;warm;urban,soft_synth;vocal_breath;electric_distant,,0.6,0.65,0.55,0.6,0.6,0.75,0.45,en,1,pop,"""{""""evening_city_walk"""":0.8,""""weekend_slow"""":0.7,""""morning_clear_light"""":0.65}""",city_to_inner_room,0.85,80年代末流行舞曲，节奏明快但温暖，人声主导，带有都市感和希望情绪
Surrender,Wintersleep,melancholic;restless;unresolved,electric_distant;reverb_heavy;vocal_breath,,0.4,0.35,0.5,0.4,0.45,0.6,0.7,en,1,indie_rock,"""{""""deep_night_introspective"""":0.8,""""night_rain_humid"""":0.75,""""evening_city_walk"""":0.7}""",fade_into_inner_space,0.85,Wintersleep 的另类摇滚风格，电吉他远距混响与人声的脆弱感交织，营造出不安而悬而未决的夜晚氛围
Cade Você,Bebel Gilberto,warm;sensual;dreamy,acoustic;soft_synth;vocal_breath;jazz_brush,,0.35,0.55,0.4,0.7,0.3,0.6,0.45,pt,1,bossa_nova,"""{""""afternoon_warm_idle"""":0.85,""""evening_city_walk"""":0.8,""""morning_clear_light"""":0.75}""",soft_focus_work,0.85,Bebel Gilberto 的轻柔波萨诺瓦，温暖声线与木吉他、爵士刷营造出慵懒而感性的氛围
Edvard Grieg: Ballade Op. 24,Edvard Grieg,melancholic;introspective;restrained,piano;cinematic;minimal,,0.2,0.3,0.3,0.35,0.15,0,0.8,instrumental,0,romantic_classical,"""{""""deep_night_introspective"""":0.85,""""work_focus_low_vocal"""":0.8,""""night_rain_humid"""":0.75}""",slow_opening,0.9,格里格叙事曲，钢琴独奏充满内省与忧郁，缓慢而克制
Sailing with No Wind,Carsten Dahl,introspective;restrained;melancholic,piano;minimal;reverb_heavy,,0.15,0.25,0.2,0.35,0.1,0,0.8,instrumental,0,modern_classical,"""{""""work_focus_low_vocal"""":0.85,""""deep_night_introspective"""":0.9,""""night_rain_humid"""":0.8}""",slow_opening,0.9,极简钢琴独奏，缓慢而内省，混响营造出空旷的孤独感，如同无风航行
因為愛情,陳奕迅,nostalgic;warm;bittersweet,acoustic;string;vocal_breath,,0.4,0.5,0.45,0.7,0.3,0.75,0.65,zh,1,mandopop,"""{""""evening_city_walk"""":0.8,""""weekend_slow"""":0.75,""""night_rain_humid"""":0.7}""",slow_opening,0.9,陳奕迅與王菲的對唱，溫暖的木吉他與弦樂編排，充滿懷舊與淡淡的苦澀
undefined,2020-05-18T02:00:15Z,introspective;melancholic;restrained,piano;minimal;reverb_heavy,,0.2,0.3,0.2,0.35,0.1,0,0.7,instrumental,0,modern_classical,"""{""""work_focus_low_vocal"""":0.85,""""deep_night_introspective"""":0.8,""""night_rain_humid"""":0.75}""",slow_opening,0.7,基于时间戳推测为极简钢琴独奏，情绪内敛且充满留白
everything i wanted,Billie Eilish,melancholic;introspective;lonely,soft_synth;vocal_breath;reverb_heavy;minimal,,0.25,0.3,0.35,0.4,0.2,0.6,0.8,en,1,alt_pop,"""{""""deep_night_introspective"""":0.9,""""night_clear_lonely"""":0.85,""""work_focus_low_vocal"""":0.7}""",fade_into_inner_space,0.9,Billie Eilish 脆弱耳语式人声与极简合成器，营造出深夜孤独内省的氛围
Wise Children,Vanishing Twin,dreamy;misty;restrained,ambient_pad;soft_synth;field_recording;minimal,,0.25,0.35,0.3,0.45,0.2,0,0.5,instrumental,0,ambient_pop,"""{""""morning_cloudy_slow"""":0.85,""""work_focus_low_vocal"""":0.8,""""deep_night_introspective"""":0.75}""",soft_focus_work,0.85,梦幻氛围铺底，轻柔合成器与田野录音交织，克制而朦胧的声景
Ślęża,EABS,restless;urban;melancholic,electric_distant;cold_synth;field_recording;jazz_brush,,0.45,0.4,0.55,0.35,0.5,0,0.6,instrumental,0,jazz,"""{""""evening_city_walk"""":0.8,""""deep_night_introspective"""":0.75,""""work_focus_low_vocal"""":0.7}""",city_to_inner_room,0.85,波兰现代爵士，冷调合成器与田野录音交织，带有都市不安与疏离感
日光倾城,卡奇社 / 颗粒 / 鹤这豹脾气,dreamy;urban;nostalgic,soft_synth;ambient_pad;vocal_breath;electric_distant,,0.45,0.6,0.5,0.55,0.4,0.65,0.5,zh,1,electropop,"""{""""evening_city_walk"""":0.85,""""morning_clear_light"""":0.75,""""afternoon_warm_idle"""":0.7}""",city_to_inner_room,0.85,电子合成器与颗粒空灵声线交织，营造出都市日光下的梦幻与怀旧感
寂寞绑架,刘思涵,melancholic;lonely;restrained,piano;string;vocal_breath;reverb_heavy,,0.3,0.3,0.4,0.35,0.2,0.7,0.8,zh,1,mandopop,"""{""""deep_night_introspective"""":0.85,""""night_rain_humid"""":0.8,""""work_focus_low_vocal"""":0.7}""",fade_into_inner_space,0.85,钢琴与弦乐铺垫，刘思涵低沉人声传递出克制的孤独与忧郁
Half Measures,H 3 F,introspective;restrained;melancholic,piano;minimal;reverb_heavy,,0.25,0.3,0.2,0.35,0.15,0,0.7,instrumental,0,modern_classical,"""{""""deep_night_introspective"""":0.85,""""work_focus_low_vocal"""":0.8,""""night_rain_humid"""":0.75}""",slow_opening,0.85,极简钢琴与厚重混响，营造内省而克制的氛围，能量较低，适合深夜或专注场景
评弹【天涯歌女】,鹤这豹脾气,nostalgic;warm;bittersweet,acoustic;string;vocal_breath;cinematic,,0.35,0.5,0.4,0.6,0.3,0.6,0.65,zh,1,chinese_traditional_fusion,"""{""""evening_city_walk"""":0.8,""""morning_cloudy_slow"""":0.75,""""deep_night_introspective"""":0.7}""",slow_opening,0.85,传统评弹唱腔与弦乐融合，怀旧温暖中带一丝苦涩，适合慢节奏场景
寂寞無害 - 八大韓劇”拜託了媽媽”片頭曲,艾怡良,melancholic;lonely;bittersweet,piano;string;vocal_breath,,0.35,0.4,0.45,0.5,0.3,0.7,0.75,zh,1,mandopop,"""{""""deep_night_introspective"""":0.85,""""night_rain_humid"""":0.8,""""evening_city_walk"""":0.75}""",slow_opening,0.85,艾怡良沙哑而富有情感的人声，搭配钢琴与弦乐，营造出孤独而略带苦涩的抒情氛围
Lorelei,Cocteau Twins,dreamy;misty;detached,reverb_heavy;vocal_breath;ambient_pad;electric_distant,,0.35,0.4,0.45,0.5,0.3,0.7,0.6,en,1,dream_pop,"""{""""deep_night_introspective"""":0.85,""""night_clear_lonely"""":0.8,""""evening_city_walk"""":0.75}""",fade_into_inner_space,0.9,Cocteau Twins标志性的空灵人声与厚重混响，营造出迷离、飘渺的梦幻氛围
Someone in the Crowd,Emma Stone,hopeful;urban;restless,soft_synth;vocal_breath;cinematic,,0.6,0.65,0.55,0.5,0.6,0.75,0.5,en,1,musical_theatre,"""{""""evening_city_walk"""":0.8,""""user_requested_explore"""":0.75,""""morning_clear_light"""":0.7}""",city_to_inner_room,0.85,电影《爱乐之城》插曲，充满都市感的希望与躁动，人声主导，合成器与弦乐交织出明亮而略带不安的氛围
m y . l i f e (with 21 Savage & Morray),J. Cole,introspective;urban;hopeful,soft_synth;vocal_breath;electric_distant,,0.55,0.5,0.6,0.5,0.55,0.8,0.65,en,1,hip_hop,"""{""""evening_city_walk"""":0.8,""""deep_night_introspective"""":0.75,""""work_focus_low_vocal"""":0.6}""",city_to_inner_room,0.85,J. Cole 的内省说唱搭配柔和合成器，都市感中带着希望与反思
My Bad,Khalid,urban;warm;bittersweet,soft_synth;vocal_breath;electric_distant,,0.45,0.5,0.5,0.6,0.5,0.7,0.55,en,1,r&b,"""{""""evening_city_walk"""":0.8,""""deep_night_introspective"""":0.75,""""work_focus_low_vocal"""":0.7}""",city_to_inner_room,0.85,Khalid 的温暖声线搭配软合成器与 R&B 节奏，营造出都市夜晚的怀旧与暧昧氛围
乱红,民谣,melancholic;nostalgic;introspective,piano;cinematic;minimal,,0.2,0.3,0.2,0.4,0.1,0,0.8,instrumental,0,chinese_folk,"""{""""deep_night_introspective"""":0.85,""""night_rain_humid"""":0.8,""""work_focus_low_vocal"""":0.75}""",slow_opening,0.9,钢琴主导的民谣器乐，旋律哀婉而留白，充满怀旧与内省
Flo Jackson,Flo Milli,urban;restless;hopeful,soft_synth;vocal_breath;electric_distant,,0.6,0.55,0.55,0.5,0.65,0.8,0.5,en,1,hip_hop,"""{""""evening_city_walk"""":0.8,""""user_requested_explore"""":0.75,""""work_focus_low_vocal"""":0.65}""",city_to_inner_room,0.85,Flo Milli 的自信说唱与都市感节奏，带有不安但充满希望的能量
Slow Dancing in a Burning Room,John Mayer,bittersweet;melancholic;restrained,acoustic;vocal_breath;string;reverb_heavy,,0.35,0.4,0.45,0.55,0.3,0.7,0.75,en,1,blues_rock,"""{""""evening_city_walk"""":0.8,""""deep_night_introspective"""":0.75,""""night_rain_humid"""":0.7}""",afterglow_fading,0.9,John Mayer 的细腻吉他与人声交织，克制而苦涩的抒情，如同在燃烧的房间中缓慢起舞
pale blue trees,tico moon,dreamy;melancholic;nostalgic,ambient_pad;soft_synth;reverb_heavy;minimal,,0.25,0.35,0.3,0.45,0.15,0,0.7,instrumental,0,ambient,"""{""""deep_night_introspective"""":0.9,""""night_clear_lonely"""":0.85,""""work_focus_low_vocal"""":0.8}""",fade_into_inner_space,0.9,梦幻而忧郁的氛围声景，软合成器与深远混响营造出静谧的怀旧感
メインテーマ「永遠の一瞬」,伊藤賢治,nostalgic;dreamy;warm,piano;string;cinematic;reverb_heavy,,0.3,0.5,0.4,0.6,0.2,0,0.7,instrumental,0,soundtrack,"""{""""morning_cloudy_slow"""":0.8,""""deep_night_introspective"""":0.75,""""evening_city_walk"""":0.7}""",slow_opening,0.85,钢琴与弦乐交织的日式配乐，温暖怀旧且充满梦幻感
Cruel World,Josh Homme,melancholic;restrained;unresolved,acoustic;reverb_heavy;vocal_breath,,0.35,0.3,0.4,0.35,0.25,0.6,0.75,en,1,alternative_rock,"""{""""deep_night_introspective"""":0.85,""""night_rain_humid"""":0.8,""""work_focus_low_vocal"""":0.7}""",fade_into_inner_space,0.85,Josh Homme 低沉而克制的人声与空旷的吉他混响，营造出忧郁而内省的氛围
Jolene,Dolly Parton,restless;bittersweet;hopeful,acoustic;vocal_breath;string,,0.45,0.6,0.4,0.55,0.5,0.8,0.6,en,1,country,"""{""""evening_city_walk"""":0.7,""""weekend_slow"""":0.65,""""morning_clear_light"""":0.6}""",slow_opening,0.85,乡村经典，Dolly Parton 的叙事性人声与木吉他交织，带着恳求与不安的复杂情感
Until Morning,James Vickery,warm;dreamy;nostalgic,soft_synth;vocal_breath;reverb_heavy,,0.35,0.5,0.4,0.65,0.3,0.7,0.6,en,1,r&b,"""{""""morning_cloudy_slow"""":0.8,""""evening_city_walk"""":0.75,""""deep_night_introspective"""":0.7}""",soft_focus_work,0.85,温暖柔和的R&B人声搭配软合成器与混响，营造出梦幻怀旧的清晨氛围
Life Is,Jessica Pratt,dreamy;nostalgic;bittersweet,acoustic;vocal_breath;minimal,,0.25,0.4,0.3,0.55,0.2,0.6,0.65,en,1,folk,"""{""""morning_cloudy_slow"""":0.8,""""afternoon_warm_idle"""":0.75,""""deep_night_introspective"""":0.7}""",slow_opening,0.85,Jessica Pratt 轻柔的民谣声线与极简木吉他，营造出梦幻而略带怀旧的氛围
Putting Ya Dine,Monaleo,urban;restless;hopeful,electric_distant;soft_synth;vocal_breath,,0.65,0.5,0.6,0.4,0.7,0.8,0.55,en,1,hip_hop,"""{""""evening_city_walk"""":0.8,""""user_requested_explore"""":0.75,""""night_clear_lonely"""":0.6}""",city_to_inner_room,0.85,都市感强烈的嘻哈曲目，Monaleo 的人声充满自信与不安，电子质感与律动感突出
Blame It on the Boogie,The Jacksons,restless;urban;hopeful,electric_distant;soft_synth,,0.7,0.75,0.7,0.6,0.8,0.7,0.3,en,1,disco,"""{""""evening_city_walk"""":0.85,""""weekend_slow"""":0.8,""""user_requested_explore"""":0.75}""",city_to_inner_room,0.85,经典迪斯科节奏，能量充沛，充满都市活力与乐观情绪
Love Burns,Black Rebel Motorcycle Club,restless;urban;melancholic,electric_distant;cold_synth;reverb_heavy,,0.6,0.35,0.7,0.3,0.55,0.6,0.75,en,1,alternative_rock,"""{""""evening_city_walk"""":0.8,""""deep_night_introspective"""":0.75,""""night_clear_lonely"""":0.7}""",city_to_inner_room,0.85,粗粝的吉他音色与低沉人声，充满都市夜晚的躁动与忧郁
Best of My Love,The Emotions,warm;hopeful;nostalgic,acoustic;string;vocal_breath,,0.6,0.7,0.55,0.7,0.6,0.75,0.5,en,1,disco,"""{""""evening_city_walk"""":0.8,""""weekend_slow"""":0.75,""""morning_clear_light"""":0.7}""",slow_opening,0.85,经典迪斯科，温暖的和声与弦乐带来怀旧而充满希望的氛围
Jet Lag,Joss Stone,restless;urban;bittersweet,acoustic;vocal_breath;jazz_brush;soft_synth,,0.55,0.5,0.5,0.5,0.5,0.7,0.6,en,1,soul,"""{""""evening_city_walk"""":0.8,""""deep_night_introspective"""":0.75,""""work_focus_low_vocal"""":0.7}""",city_to_inner_room,0.85,Joss Stone 的沙哑声线搭配原声乐器与轻合成器，营造出都市夜晚中略带不安与怀旧的氛围
白樺林,朴樹,melancholic;nostalgic;bittersweet,acoustic;string;vocal_breath,,0.3,0.35,0.4,0.5,0.2,0.6,0.75,zh,1,folk,"""{""""evening_city_walk"""":0.8,""""night_clear_lonely"""":0.75,""""deep_night_introspective"""":0.7}""",slow_opening,0.9,朴树木吉他叙事，怀旧而忧伤的民谣，人声与弦乐交织出淡淡的悲凉
