name,artist,mood_tags,texture_tags,negative_tags,energy,brightness,density,warmth,rhythmic_motion,vocal_presence,emotional_weight,language,has_vocal,genre_family,scene_fit,sequence_shape,label_confidence,reason
Amazing Grace,露崎春女,warm;nostalgic;hopeful,vocal_breath;piano;string,,0.35,0.5,0.4,0.7,0.2,0.8,0.65,en,1,gospel,"""{""""morning_clear_light"""":0.8,""""weekend_slow"""":0.75,""""evening_city_walk"""":0.7}""",slow_opening,0.85,露崎春女温暖而富有穿透力的嗓音演绎经典圣歌，钢琴与弦乐营造出怀旧而充满希望的庄严氛围
The Flight,Marcelina Gawron,introspective;melancholic;restrained,piano;string;cinematic;minimal,,0.2,0.3,0.25,0.35,0.15,0,0.8,instrumental,0,modern_classical,"""{""""work_focus_low_vocal"""":0.85,""""deep_night_introspective"""":0.9,""""night_rain_humid"""":0.8}""",slow_opening,0.9,钢琴与弦乐交织的极简古典作品，内省而克制，带有淡淡的忧郁与留白
夢桜,Jusqu'à Grand-Père,dreamy;nostalgic;melancholic,piano;string;reverb_heavy;minimal,,0.2,0.35,0.3,0.45,0.15,0,0.7,instrumental,0,modern_classical,"""{""""morning_cloudy_slow"""":0.85,""""deep_night_introspective"""":0.8,""""night_rain_humid"""":0.75}""",afterglow_fading,0.85,钢琴与弦乐交织的日式氛围，梦幻而略带哀愁，如同雨中樱花凋零
Melancholy Astronautic Man,Allie Moss,melancholic;lonely;dreamy,acoustic;vocal_breath;string;minimal,,0.25,0.3,0.35,0.4,0.2,0.6,0.7,en,1,indie_folk,"""{""""deep_night_introspective"""":0.85,""""night_clear_lonely"""":0.8,""""work_focus_low_vocal"""":0.7}""",fade_into_inner_space,0.85,木吉他与人声交织，孤独而梦幻的民谣，如同太空中的忧郁漫游
Better Late,Von Spar,restless;urban;unresolved,electric_distant;cold_synth;reverb_heavy,,0.55,0.4,0.6,0.3,0.6,0,0.5,instrumental,0,indie_rock,"""{""""evening_city_walk"""":0.8,""""deep_night_introspective"""":0.7,""""work_focus_low_vocal"""":0.65}""",city_to_inner_room,0.85,冷调合成器与遥远电吉他交织，都市夜晚的躁动与未决感
XSB,Prins Thomas,urban;restless;dreamy,soft_synth;electric_distant;reverb_heavy,,0.6,0.5,0.55,0.4,0.65,0,0.45,instrumental,0,electronic,"""{""""evening_city_walk"""":0.85,""""deep_night_introspective"""":0.75,""""user_requested_explore"""":0.7}""",city_to_inner_room,0.85,Prins Thomas 的电子作品，合成器纹理与都市律动结合，带有梦幻与不安的张力
STARDUST NIGHT,JADOES,dreamy;nostalgic;urban,soft_synth;reverb_heavy;electric_distant;ambient_pad,,0.4,0.5,0.45,0.55,0.35,0,0.5,instrumental,0,synthwave,"""{""""evening_city_walk"""":0.85,""""deep_night_introspective"""":0.8,""""night_clear_lonely"""":0.75}""",city_to_inner_room,0.85,梦幻合成器与深远混响营造出都市夜晚的怀旧氛围，适合城市漫步或深夜内省
Reunited,Haiku Salut,nostalgic;warm;hopeful,ambient_pad;acoustic;cinematic;field_recording,,0.35,0.5,0.4,0.6,0.3,0,0.55,instrumental,0,ambient_folk,"""{""""morning_cloudy_slow"""":0.8,""""evening_city_walk"""":0.75,""""work_focus_low_vocal"""":0.7}""",soft_focus_work,0.85,氛围感铺底与田野录音交织，温暖怀旧中带着希望，适合安静专注或漫步场景
Turn Down For What,Lil Jon,restless;urban;unresolved,electric_distant;cold_synth;reverb_heavy,,0.9,0.8,0.9,0.2,0.95,0.85,0.3,en,1,trap,"""{""""evening_city_walk"""":0.5,""""night_clear_lonely"""":0.4,""""user_requested_explore"""":0.5}""",city_to_inner_room,0.85,高能量陷阱舞曲，重低音和急促节奏主导，适合派对场景但情绪上偏向躁动和都市感
初恋,玉置浩二,nostalgic;warm;bittersweet,acoustic;vocal_breath;string;jazz_brush,,0.35,0.5,0.4,0.7,0.3,0.75,0.65,ja,1,j_pop,"""{""""evening_city_walk"""":0.8,""""weekend_slow"""":0.75,""""night_rain_humid"""":0.7}""",slow_opening,0.9,玉置浩二温暖而略带沙哑的嗓音，搭配木吉他、弦乐与爵士鼓刷，营造出怀旧而略带苦涩的初恋回忆氛围
Sun (The),UNKLE,restless;urban;melancholic,electric_distant;cold_synth;reverb_heavy;field_recording,,0.55,0.4,0.6,0.35,0.5,0,0.65,instrumental,0,trip_hop,"""{""""evening_city_walk"""":0.85,""""deep_night_introspective"""":0.8,""""night_clear_lonely"""":0.75}""",city_to_inner_room,0.85,冷调电子音色与深远混响营造出都市夜晚的躁动与忧郁
Lean Into This,sir Was,warm;dreamy;hopeful,soft_synth;lofi_dust;vocal_breath;ambient_pad,,0.35,0.5,0.4,0.65,0.3,0.4,0.5,en,1,lo_fi,"""{""""morning_cloudy_slow"""":0.8,""""work_focus_low_vocal"""":0.85,""""afternoon_warm_idle"""":0.75}""",soft_focus_work,0.85,温暖的 lo-fi 氛围，软合成器与轻度失真营造出梦幻而充满希望的质感
調和 oto~with reflection~,KOKIA,introspective;dreamy;nostalgic,piano;string;vocal_breath;ambient_pad,,0.25,0.4,0.35,0.55,0.2,0.6,0.7,ja,1,art_pop,"""{""""deep_night_introspective"""":0.85,""""morning_cloudy_slow"""":0.8,""""work_focus_low_vocal"""":0.75}""",afterglow_fading,0.85,KOKIA 空灵人声与钢琴弦乐交织，营造内省怀旧的梦幻氛围，能量偏低但情感饱满
Curious (Anton Borin Edition),Anton Borin,dreamy;restrained;unresolved,piano;ambient_pad;reverb_heavy;minimal,,0.2,0.35,0.25,0.4,0.15,0,0.65,instrumental,0,ambient,"""{""""work_focus_low_vocal"""":0.85,""""deep_night_introspective"""":0.8,""""night_rain_humid"""":0.75}""",fade_into_inner_space,0.85,钢琴与氛围垫交织，混响厚重，节奏缓慢，营造出克制而梦幻的内省空间
Run This Town,JAŸ-Z,urban;restless;hopeful,electric_distant;soft_synth;vocal_breath,,0.65,0.55,0.6,0.5,0.7,0.8,0.6,en,1,hip_hop,"""{""""evening_city_walk"""":0.85,""""work_focus_low_vocal"""":0.7,""""user_requested_explore"""":0.75}""",city_to_inner_room,0.85,都市感强烈的嘻哈，节奏有力，人声主导，带有野心与不安的张力
Fly Away,sir Was,dreamy;warm;hopeful,soft_synth;lofi_dust;ambient_pad;vocal_breath,,0.4,0.5,0.4,0.6,0.35,0.5,0.5,en,1,lo_fi,"""{""""morning_cloudy_slow"""":0.8,""""work_focus_low_vocal"""":0.75,""""evening_city_walk"""":0.7}""",soft_focus_work,0.85,温暖梦幻的 lo-fi 氛围，软合成器与轻度失真纹理，人声轻柔带来希望感
These Wicked Things,Beat Circus,restless;urban;unresolved,electric_distant;reverb_heavy;cinematic,,0.6,0.4,0.55,0.35,0.5,0.6,0.65,en,1,dark_cabaret,"""{""""evening_city_walk"""":0.8,""""deep_night_introspective"""":0.75,""""night_clear_lonely"""":0.7}""",city_to_inner_room,0.85,电声与混响营造出都市不安与悬疑氛围，带有戏剧化的质感
"""Symphony No. 40 in G Minor, K. 550: I. Molto allegro""",Wolfgang Amadeus Mozart,restless;clear;unresolved,string;cinematic;minimal,,0.7,0.6,0.7,0.4,0.7,0,0.6,instrumental,0,classical,"""{""""work_focus_low_vocal"""":0.6,""""evening_city_walk"""":0.5,""""deep_night_introspective"""":0.4}""",slow_opening,0.85,莫扎特G小调交响曲，弦乐快速演奏带来清晰而躁动的能量，充满未解决的张力
God Particle (Bonus Track),White Shape,introspective;melancholic;restrained,ambient_pad;cold_synth;minimal;reverb_heavy,,0.2,0.25,0.3,0.3,0.1,0,0.7,instrumental,0,ambient,"""{""""deep_night_introspective"""":0.85,""""night_rain_humid"""":0.8,""""work_focus_low_vocal"""":0.75}""",fade_into_inner_space,0.85,冷调氛围合成器与深远混响，缓慢内省，如同粒子消散于寂静空间
Dreams Come True,aespa,hopeful;urban;clear,soft_synth;cold_synth;vocal_breath,,0.65,0.6,0.65,0.5,0.6,0.8,0.5,en,1,k_pop,"""{""""evening_city_walk"""":0.8,""""user_requested_explore"""":0.75,""""morning_clear_light"""":0.7}""",city_to_inner_room,0.85,aespa 的合成器驱动流行曲，明亮都市感与希望情绪，人声突出且律动感强
"""Love, Hope And Misery""",Jake Bugg,melancholic;bittersweet;restless,acoustic;vocal_breath;string,,0.45,0.4,0.5,0.5,0.4,0.6,0.7,en,1,folk_rock,"""{""""evening_city_walk"""":0.8,""""deep_night_introspective"""":0.75,""""work_focus_low_vocal"""":0.7}""",slow_opening,0.85,Jake Bugg 的民谣摇滚，木吉他与人声交织出苦涩而略带不安的怀旧情绪
Love Song,方大同,warm;nostalgic;hopeful,acoustic;soft_synth;vocal_breath,,0.4,0.55,0.45,0.65,0.4,0.7,0.55,zh,1,mandopop,"""{""""evening_city_walk"""":0.8,""""morning_clear_light"""":0.7,""""weekend_slow"""":0.75}""",slow_opening,0.85,方大同的温暖声线搭配木吉他，怀旧而充满希望的抒情流行
Come Home Baby,The Charlatans,nostalgic;warm;hopeful,acoustic;string;vocal_breath;electric_distant,,0.45,0.55,0.5,0.65,0.4,0.6,0.55,en,1,britpop,"""{""""evening_city_walk"""":0.8,""""weekend_slow"""":0.75,""""morning_clear_light"""":0.7}""",slow_opening,0.85,英伦摇滚的温暖怀旧感，木吉他与弦乐交织，人声带着呼吸感，充满希望与归家的温情
Ozon_Mozart,Wolfgang Amadeus Mozart,clear;restrained;introspective,piano;minimal;cinematic,,0.2,0.5,0.2,0.4,0.15,0,0.6,instrumental,0,classical,"""{""""work_focus_low_vocal"""":0.85,""""morning_clear_light"""":0.8,""""deep_night_introspective"""":0.75}""",slow_opening,0.85,莫扎特钢琴作品，清晰而克制的古典质感，适合专注与内省场景
New York City,Norah Jones,warm;nostalgic;urban,acoustic;vocal_breath;jazz_brush;string,,0.35,0.5,0.4,0.7,0.3,0.6,0.55,en,1,jazz,"""{""""evening_city_walk"""":0.85,""""work_focus_low_vocal"""":0.8,""""afternoon_warm_idle"""":0.75}""",city_to_inner_room,0.9,Norah Jones 温暖醇厚的声线搭配爵士吉他、弦乐与刷镲，营造出都市夜晚的怀旧与舒适感
Wait,We're Dreaming,dreamy;nostalgic;hopeful,soft_synth;ambient_pad;reverb_heavy,,0.35,0.5,0.4,0.55,0.3,0,0.6,instrumental,0,ambient_pop,"""{""""evening_city_walk"""":0.85,""""deep_night_introspective"""":0.8,""""work_focus_low_vocal"""":0.75}""",city_to_inner_room,0.85,梦幻合成器与深远混响营造出怀旧而充满希望的氛围，适合城市夜晚的内心旅程
西街,48V,urban;nostalgic;restrained,electric_distant;cold_synth;minimal,,0.35,0.4,0.4,0.3,0.3,0,0.6,instrumental,0,post_rock,"""{""""evening_city_walk"""":0.85,""""deep_night_introspective"""":0.8,""""night_rain_humid"""":0.75}""",city_to_inner_room,0.85,冷调合成器与远距离电声，营造出城市夜晚的克制与怀旧氛围
Arse End Of The Moon,Special Request,melancholic;lonely;restrained,ambient_pad;cold_synth;minimal;field_recording,,0.2,0.2,0.3,0.25,0.15,0,0.7,instrumental,0,ambient,"""{""""deep_night_introspective"""":0.85,""""night_rain_humid"""":0.8,""""work_focus_low_vocal"""":0.75}""",fade_into_inner_space,0.85,冷调氛围铺底与田野录音交织，营造出孤寂而克制的深夜声景
今天没回家,陶喆,urban;restless;nostalgic,acoustic;electric_distant;jazz_brush;soft_synth,,0.6,0.55,0.55,0.5,0.65,0.7,0.45,zh,1,mandopop,"""{""""evening_city_walk"""":0.8,""""user_requested_explore"""":0.75,""""night_clear_lonely"""":0.7}""",city_to_inner_room,0.85,陶喆的R&B风格融合爵士元素，都市感强烈，节奏轻快但带有一丝怀旧与不安
Pipo Pipo,Serani Poji,dreamy;warm;hopeful,soft_synth;vocal_breath;lofi_dust,,0.45,0.6,0.5,0.65,0.5,0.7,0.4,ja,1,shibuya_kei,"""{""""morning_clear_light"""":0.8,""""afternoon_warm_idle"""":0.75,""""weekend_slow"""":0.7}""",soft_focus_work,0.85,轻快的合成器与甜美的人声，营造出梦幻而温暖的氛围，适合悠闲的午后
Miss Displacement,Bethany Curve,dreamy;melancholic;introspective,ambient_pad;reverb_heavy;electric_distant;vocal_breath,,0.25,0.3,0.35,0.4,0.2,0.4,0.7,en,1,dream_pop,"""{""""deep_night_introspective"""":0.85,""""night_rain_humid"""":0.8,""""work_focus_low_vocal"""":0.7}""",fade_into_inner_space,0.85,梦幻流行风格，厚重混响与遥远电吉他营造出迷离、内省的氛围，人声如呼吸般融入声景
Unreal Erections /// Severed Heads,Siskiyou,restless;unresolved;melancholic,electric_distant;cold_synth;reverb_heavy,,0.45,0.3,0.55,0.25,0.5,0.4,0.7,en,1,indie_rock,"""{""""deep_night_introspective"""":0.8,""""night_clear_lonely"""":0.75,""""evening_city_walk"""":0.7}""",city_to_inner_room,0.8,冷调合成器与遥远电吉他，不安的节奏与疏离人声，营造出城市夜晚的孤独与未解情绪
Strange Flower,Copeland,dreamy;melancholic;nostalgic,soft_synth;reverb_heavy;vocal_breath;electric_distant,,0.35,0.4,0.45,0.5,0.3,0.6,0.65,en,1,indie_rock,"""{""""evening_city_walk"""":0.8,""""deep_night_introspective"""":0.75,""""night_rain_humid"""":0.7}""",fade_into_inner_space,0.85,梦幻合成器与深远混响包裹着脆弱人声，怀旧而忧郁的独立摇滚质感
Endless Life,Friska Viljor,warm;nostalgic;hopeful,acoustic;vocal_breath;string,,0.45,0.55,0.4,0.65,0.35,0.6,0.5,en,1,indie_folk,"""{""""morning_clear_light"""":0.8,""""evening_city_walk"""":0.75,""""weekend_slow"""":0.7}""",slow_opening,0.85,温暖的木吉他与人声，怀旧而充满希望的独立民谣质感
Don't Stop 'Til You Get Enough,Michael Jackson,restless;urban;hopeful,soft_synth;electric_distant;vocal_breath,,0.75,0.7,0.65,0.6,0.8,0.85,0.4,en,1,disco,"""{""""evening_city_walk"""":0.8,""""user_requested_explore"""":0.75,""""weekend_slow"""":0.7}""",city_to_inner_room,0.9,迈克尔·杰克逊标志性的迪斯科节奏，充满活力与都市感，人声主导且律动强烈
Bee,Detwiije,dreamy;misty;restrained,ambient_pad;minimal;field_recording;grainy,,0.2,0.3,0.25,0.4,0.15,0,0.6,instrumental,0,ambient,"""{""""work_focus_low_vocal"""":0.85,""""morning_cloudy_slow"""":0.8,""""deep_night_introspective"""":0.75}""",soft_focus_work,0.85,朦胧的氛围声景，极简的田野录音与颗粒感纹理，内敛而梦幻
wisemen,Reuben And The Dark,introspective;melancholic;restrained,acoustic;vocal_breath;reverb_heavy;minimal,,0.25,0.3,0.35,0.4,0.2,0.6,0.7,en,1,indie_folk,"""{""""deep_night_introspective"""":0.85,""""night_rain_humid"""":0.8,""""work_focus_low_vocal"""":0.75}""",fade_into_inner_space,0.85,木吉他与人声主导，混响厚重，情绪内敛而忧郁，适合深夜独处场景
Intro,Haiku Salut,introspective;dreamy;restrained,ambient_pad;field_recording;minimal;cinematic,,0.15,0.3,0.2,0.4,0.1,0,0.6,instrumental,0,ambient,"""{""""work_focus_low_vocal"""":0.85,""""deep_night_introspective"""":0.8,""""morning_cloudy_slow"""":0.75}""",slow_opening,0.85,氛围电子开场，环境音与极简铺底营造内省而梦幻的声景
Them Crown,Bicolor,restrained;melancholic;unresolved,piano;reverb_heavy;minimal,,0.25,0.3,0.35,0.4,0.2,0,0.7,instrumental,0,modern_classical,"""{""""deep_night_introspective"""":0.85,""""night_rain_humid"""":0.8,""""work_focus_low_vocal"""":0.75}""",afterglow_fading,0.85,钢琴主导的极简编排，混响深沉，情绪克制而悬而未决，适合内省场景
WE GO,fromis_9,hopeful;urban;restless,soft_synth;vocal_breath;electric_distant,,0.65,0.7,0.6,0.5,0.7,0.8,0.4,ko,1,k_pop,"""{""""evening_city_walk"""":0.7,""""user_requested_explore"""":0.65,""""morning_clear_light"""":0.6}""",city_to_inner_room,0.85,K-pop 舞曲，充满活力的合成器与人声，都市感与希望并存
Rise to the Occasion,Benny Lackner Trio,warm;hopeful;clear,piano;acoustic;jazz_brush,,0.4,0.6,0.5,0.7,0.5,0,0.5,instrumental,0,jazz,"""{""""morning_clear_light"""":0.8,""""afternoon_warm_idle"""":0.75,""""work_focus_low_vocal"""":0.7}""",soft_focus_work,0.85,钢琴三重奏，温暖清晰的爵士律动，充满希望与明亮感
Serenity,J Majik,introspective;melancholic;restrained,ambient_pad;minimal;reverb_heavy,,0.2,0.3,0.25,0.35,0.15,0,0.7,instrumental,0,ambient_drum_and_bass,"""{""""work_focus_low_vocal"""":0.85,""""deep_night_introspective"""":0.8,""""night_rain_humid"""":0.75}""",fade_into_inner_space,0.85,氛围铺底与极简节奏，内省而克制，适合深夜专注或沉思
Remind You,FRENSHIP,nostalgic;warm;hopeful,soft_synth;vocal_breath;reverb_heavy,,0.45,0.5,0.5,0.6,0.4,0.7,0.6,en,1,indie_pop,"""{""""evening_city_walk"""":0.8,""""deep_night_introspective"""":0.75,""""work_focus_low_vocal"""":0.7}""",city_to_inner_room,0.85,温暖合成器与人声营造怀旧氛围，能量中等偏柔和，适合都市夜晚或内省场景
駅,中森明菜,nostalgic;urban;melancholic,soft_synth;reverb_heavy;vocal_breath;electric_distant,,0.4,0.45,0.5,0.5,0.4,0.7,0.65,ja,1,j_pop,"""{""""evening_city_walk"""":0.85,""""night_clear_lonely"""":0.8,""""deep_night_introspective"""":0.75}""",city_to_inner_room,0.9,中森明菜标志性的都市抒情，合成器与混响营造出夜晚车站的怀旧与忧郁
A Guide to Gothenburg for the Sleepless,Ben Osborn,introspective;melancholic;restrained,piano;reverb_heavy;minimal;vocal_breath,,0.25,0.3,0.25,0.35,0.15,0.4,0.75,en,1,art_folk,"""{""""deep_night_introspective"""":0.9,""""night_rain_humid"""":0.8,""""work_focus_low_vocal"""":0.7}""",late_night_descent,0.9,钢琴主导的极简编排，深沉混响与人声低语营造失眠夜的孤寂内省氛围
Love Theme from the Godfather,Nino Rota,melancholic;nostalgic;bittersweet,string;cinematic;piano;acoustic,,0.25,0.35,0.4,0.55,0.15,0,0.8,instrumental,0,film_score,"""{""""deep_night_introspective"""":0.85,""""night_rain_humid"""":0.8,""""work_focus_low_vocal"""":0.75}""",afterglow_fading,0.9,电影配乐经典，弦乐与钢琴交织出深沉而怀旧的西西里哀愁
食人夢,VH (Vast & Hazy),melancholic;restless;bittersweet,electric_distant;vocal_breath;reverb_heavy,,0.45,0.35,0.55,0.3,0.4,0.7,0.75,zh,1,indie_rock,"""{""""deep_night_introspective"""":0.85,""""night_rain_humid"""":0.8,""""evening_city_walk"""":0.75}""",fade_into_inner_space,0.85,VH 的迷幻摇滚风格，电吉他遥远而沉重，人声充满不安与苦涩，适合深夜内省
蘇州夜曲,Ann Sally,nostalgic;warm;melancholic,acoustic;jazz_brush;vocal_breath;string,,0.25,0.4,0.35,0.6,0.2,0.6,0.65,zh,1,jazz,"""{""""evening_city_walk"""":0.8,""""night_clear_lonely"""":0.75,""""morning_cloudy_slow"""":0.7}""",afterglow_fading,0.85,Ann Sally 温暖慵懒的声线搭配爵士吉他与弦乐，怀旧而略带忧伤的夜晚氛围
We All Were Swallowed by Sleep,Message To Bears,dreamy;melancholic;restrained,ambient_pad;field_recording;minimal;string,,0.2,0.3,0.25,0.4,0.1,0,0.7,instrumental,0,ambient,"""{""""deep_night_introspective"""":0.9,""""night_rain_humid"""":0.85,""""work_focus_low_vocal"""":0.8}""",fade_into_inner_space,0.9,氛围铺底+田野录音+弦乐，梦幻而克制的声景，如同被睡眠吞噬的静谧感
Novel (Mr. Carmack Tribute),Coubo,introspective;melancholic;dreamy,ambient_pad;soft_synth;minimal;lofi_dust,,0.25,0.3,0.35,0.4,0.2,0,0.65,instrumental,0,ambient,"""{""""deep_night_introspective"""":0.85,""""night_clear_lonely"""":0.8,""""work_focus_low_vocal"""":0.75}""",fade_into_inner_space,0.85,氛围电子作品，柔和合成器与低保真质感营造出内省而梦幻的深夜氛围
Travel Around Stars (vocal ver.),Kashiwa Daisuke,dreamy;nostalgic;hopeful,soft_synth;ambient_pad;cinematic;vocal_breath,,0.35,0.5,0.4,0.55,0.3,0.6,0.65,en,1,ambient_pop,"""{""""deep_night_introspective"""":0.85,""""evening_city_walk"""":0.8,""""work_focus_low_vocal"""":0.75}""",fade_into_inner_space,0.85,梦幻合成器与空灵人声交织，营造出星空漫游般的怀旧与希望感
The Danish Girl,Alexandre Desplat,introspective;melancholic;restrained,piano;string;cinematic;minimal,,0.15,0.3,0.2,0.35,0.1,0,0.8,instrumental,0,film_score,"""{""""work_focus_low_vocal"""":0.85,""""deep_night_introspective"""":0.8,""""night_rain_humid"""":0.75}""",slow_opening,0.9,Desplat 标志性的钢琴与弦乐编排，克制而内省，充满电影感的忧郁与留白
她说 (Live),黄丽玲,melancholic;bittersweet;nostalgic,piano;vocal_breath;string;reverb_heavy,,0.35,0.4,0.45,0.5,0.3,0.75,0.7,zh,1,mandopop,"""{""""evening_city_walk"""":0.8,""""deep_night_introspective"""":0.75,""""night_rain_humid"""":0.7}""",slow_opening,0.85,黄丽玲现场版钢琴抒情，人声充满情感张力，怀旧与苦涩交织
Can't Believe Anymore,Simon Bonney,melancholic;lonely;unresolved,acoustic;reverb_heavy;vocal_breath,,0.25,0.3,0.35,0.35,0.2,0.6,0.75,en,1,folk,"""{""""deep_night_introspective"""":0.85,""""night_rain_humid"""":0.8,""""work_focus_low_vocal"""":0.7}""",fade_into_inner_space,0.85,Simon Bonney 的沧桑人声与空旷吉他，弥漫着无法释怀的忧郁与孤独
The Light (Interlude),Talos,introspective;dreamy;restrained,ambient_pad;soft_synth;minimal;reverb_heavy,,0.25,0.35,0.3,0.45,0.15,0,0.65,instrumental,0,ambient_pop,"""{""""deep_night_introspective"""":0.85,""""work_focus_low_vocal"""":0.8,""""night_clear_lonely"""":0.75}""",fade_into_inner_space,0.85,氛围感强的间奏曲，软合成器与深远混响营造出内省而梦幻的声景
Still Waters,Maksim Mrvica,introspective;melancholic;restrained,piano;cinematic;minimal;string,,0.15,0.3,0.2,0.35,0.1,0,0.8,instrumental,0,modern_classical,"""{""""work_focus_low_vocal"""":0.85,""""deep_night_introspective"""":0.9,""""night_rain_humid"""":0.75}""",slow_opening,0.9,钢琴与弦乐交织，缓慢而克制，营造出内省与忧郁的静谧氛围
Ladbroke Grove Coda,The Waterboys,nostalgic;urban;bittersweet,acoustic;string;electric_distant;field_recording,,0.4,0.5,0.45,0.55,0.35,0,0.6,instrumental,0,folk_rock,"""{""""evening_city_walk"""":0.8,""""work_focus_low_vocal"""":0.75,""""night_clear_lonely"""":0.7}""",city_to_inner_room,0.85,木吉他与弦乐交织，带有城市漫步的怀旧与淡淡忧伤，器乐编排温暖而疏离
Into the blue,re:plus,dreamy;nostalgic;warm,piano;soft_synth;string;ambient_pad,,0.35,0.5,0.4,0.65,0.3,0,0.55,instrumental,0,jazz_hop,"""{""""evening_city_walk"""":0.85,""""work_focus_low_vocal"""":0.8,""""deep_night_introspective"""":0.75}""",city_to_inner_room,0.85,re:plus 标志性的钢琴与柔和合成器交织，营造出温暖怀旧的都市氛围，适合夜晚漫步或专注工作
LEFT-EYE,Yuki Hayashi,restless;urban;unresolved,electric_distant;cold_synth;cinematic,,0.6,0.45,0.55,0.3,0.65,0,0.5,instrumental,0,cinematic_orchestral,"""{""""evening_city_walk"""":0.8,""""work_focus_low_vocal"""":0.7,""""user_requested_explore"""":0.75}""",city_to_inner_room,0.85,林友树标志性的电子+管弦融合，急促的节奏与冷感合成器营造出都市不安与悬疑氛围
"""Tsar Saltan, Op. 57: Flight of the Bumblebee""",André Previn,restless;clear;urban,acoustic;cinematic;minimal,,0.8,0.7,0.6,0.3,0.9,0,0.3,instrumental,0,classical,"""{""""work_focus_low_vocal"""":0.4,""""evening_city_walk"""":0.3,""""user_requested_explore"""":0.5}""",slow_opening,0.85,快速密集的管弦乐演奏，充满动感和清晰度，但缺乏温暖和情感深度
You're Light,Harrison,warm;hopeful;clear,acoustic;soft_synth;vocal_breath,,0.4,0.6,0.4,0.7,0.35,0.6,0.5,en,1,indie_folk,"""{""""morning_clear_light"""":0.85,""""afternoon_warm_idle"""":0.8,""""weekend_slow"""":0.75}""",soft_focus_work,0.85,温暖的木吉他与人声，明亮而充满希望，适合轻松专注的场景
Hungry,Fergie,restless;urban;hopeful,electric_distant;soft_synth;vocal_breath,,0.65,0.6,0.7,0.4,0.7,0.85,0.5,en,1,pop,"""{""""evening_city_walk"""":0.6,""""user_requested_explore"""":0.55,""""work_focus_low_vocal"""":0.5}""",city_to_inner_room,0.8,Fergie 的流行曲目，能量较高，带有都市感和进取情绪，但人声主导且节奏强劲，不适合低能量场景
"""Wonderland, Pt. 1 (Comeback)""",Gentiane MG Trio,restrained;clear;bittersweet,piano;acoustic;jazz_brush;minimal,,0.35,0.55,0.4,0.5,0.4,0,0.6,instrumental,0,jazz,"""{""""work_focus_low_vocal"""":0.85,""""morning_clear_light"""":0.75,""""afternoon_warm_idle"""":0.7}""",soft_focus_work,0.85,钢琴三重奏，清晰而克制的爵士编排，带有淡淡的怀旧与苦甜感
Ambition For Cash,Key Glock,urban;restless;hopeful,electric_distant;cold_synth;soft_synth,,0.6,0.55,0.65,0.4,0.7,0.8,0.5,en,1,trap,"""{""""evening_city_walk"""":0.8,""""user_requested_explore"""":0.75,""""work_focus_low_vocal"""":0.65}""",city_to_inner_room,0.85,Key Glock 的 trap 风格，冷合成器与都市感节奏，充满野心与不安的律动
Monsoon,Run Child Run,melancholic;restrained;bittersweet,piano;string;reverb_heavy;vocal_breath,,0.35,0.3,0.4,0.45,0.25,0.6,0.7,en,1,indie_folk,"""{""""night_rain_humid"""":0.85,""""deep_night_introspective"""":0.8,""""work_focus_low_vocal"""":0.7}""",rain_on_glass,0.85,钢琴与弦乐交织，人声轻柔而克制，营造出雨季般的忧郁与怀旧氛围
Runaway,Abigail Lapell,melancholic;lonely;restrained,acoustic;vocal_breath;minimal,,0.25,0.35,0.3,0.4,0.2,0.6,0.7,en,1,folk,"""{""""deep_night_introspective"""":0.85,""""night_clear_lonely"""":0.8,""""work_focus_low_vocal"""":0.7}""",fade_into_inner_space,0.85,简约的民谣编配，脆弱的人声与孤独的逃离主题，充满内省与克制
Hedwig's Theme 3,David Helbock,introspective;melancholic;restrained,piano;cinematic;minimal,,0.15,0.3,0.2,0.35,0.1,0,0.8,instrumental,0,modern_classical,"""{""""work_focus_low_vocal"""":0.85,""""deep_night_introspective"""":0.8,""""night_rain_humid"""":0.75}""",slow_opening,0.9,钢琴独奏版本，极简而内省，带有电影配乐般的克制与忧郁
Subterranean Lakes,Pye Corner Audio,misty;detached;restrained,ambient_pad;cold_synth;minimal;field_recording,,0.2,0.25,0.3,0.3,0.15,0,0.6,instrumental,0,ambient,"""{""""deep_night_introspective"""":0.85,""""night_rain_humid"""":0.8,""""work_focus_low_vocal"""":0.75}""",fade_into_inner_space,0.85,冷调合成器与氛围铺底营造出地下湖般的迷离与疏离感，极简而克制
You Don't Know Love,Olly Murs,warm;hopeful;nostalgic,acoustic;vocal_breath;soft_synth,,0.55,0.6,0.5,0.65,0.5,0.7,0.5,en,1,pop,"""{""""morning_clear_light"""":0.7,""""evening_city_walk"""":0.75,""""weekend_slow"""":0.65}""",slow_opening,0.85,Olly Murs 温暖声线搭配轻快流行编曲，传递怀旧与希望感
I'm Sorry,顺子,melancholic;bittersweet;introspective,piano;vocal_breath;string,,0.35,0.4,0.45,0.5,0.3,0.7,0.75,zh,1,mandopop,"""{""""deep_night_introspective"""":0.85,""""night_rain_humid"""":0.8,""""evening_city_walk"""":0.7}""",slow_opening,0.9,顺子深情演绎的抒情曲，钢琴与弦乐交织，充满内省的悲伤与遗憾
Insight XVIII,Julien Marchal,introspective;melancholic;restrained,piano;minimal;reverb_heavy,,0.15,0.25,0.2,0.3,0.1,0,0.8,instrumental,0,modern_classical,"""{""""work_focus_low_vocal"""":0.9,""""deep_night_introspective"""":0.85,""""night_rain_humid"""":0.8}""",afterglow_fading,0.9,极简钢琴独奏，缓慢而内省，混响营造出孤独而克制的氛围
At the First Meeting,American Green,nostalgic;warm;bittersweet,acoustic;vocal_breath;string;soft_synth,,0.35,0.5,0.4,0.6,0.3,0.6,0.65,en,1,indie_folk,"""{""""morning_clear_light"""":0.8,""""evening_city_walk"""":0.75,""""weekend_slow"""":0.7}""",slow_opening,0.85,温暖的木吉他与人声交织，带有怀旧与淡淡的苦涩，适合清晨或傍晚的慢节奏场景
Target Market,Kaiser Chiefs,restless;urban;unresolved,electric_distant;soft_synth;reverb_heavy,,0.65,0.55,0.6,0.4,0.6,0.7,0.5,en,1,indie_rock,"""{""""evening_city_walk"""":0.7,""""work_focus_low_vocal"""":0.5,""""user_requested_explore"""":0.6}""",city_to_inner_room,0.8,Kaiser Chiefs 的 indie rock 风格，带有都市不安感和未解决的张力，能量中等偏高，适合城市漫步或探索场景
Intuition,Alphaxone,introspective;detached;misty,ambient_pad;cold_synth;minimal;field_recording,,0.15,0.2,0.2,0.3,0.1,0,0.7,instrumental,0,ambient,"""{""""work_focus_low_vocal"""":0.85,""""deep_night_introspective"""":0.8,""""night_rain_humid"""":0.75}""",afterglow_fading,0.9,冷调氛围电子，极简的合成器铺底与田野录音，营造内省而疏离的声景
Used to Be Yours,The Ninth Wave,melancholic;bittersweet;restrained,cold_synth;reverb_heavy;vocal_breath,,0.4,0.35,0.5,0.3,0.4,0.6,0.75,en,1,darkwave,"""{""""deep_night_introspective"""":0.85,""""night_rain_humid"""":0.8,""""evening_city_walk"""":0.75}""",fade_into_inner_space,0.85,冷调合成器与混响人声交织，克制而苦涩的怀旧情绪，适合深夜内省
Tele-Vangelis,Botany,dreamy;misty;restrained,ambient_pad;soft_synth;minimal;field_recording,,0.25,0.35,0.3,0.4,0.15,0,0.5,instrumental,0,ambient,"""{""""work_focus_low_vocal"""":0.85,""""morning_cloudy_slow"""":0.8,""""deep_night_introspective"""":0.75}""",soft_focus_work,0.85,迷离的氛围电子，软合成器与田野录音交织，克制而梦幻
Theme For The Oddmory Philosophies,The Seven Mile Journey,introspective;melancholic;restrained,piano;minimal;reverb_heavy;cinematic,,0.2,0.25,0.3,0.3,0.1,0,0.8,instrumental,0,post_rock,"""{""""deep_night_introspective"""":0.9,""""work_focus_low_vocal"""":0.85,""""night_rain_humid"""":0.8}""",slow_opening,0.9,极简钢琴与深远混响构建的内省氛围，缓慢而克制，充满哲学沉思感
Hearts Murmur Under Halogen Lights,Aurore Rien,introspective;melancholic;urban,piano;cold_synth;reverb_heavy;field_recording,,0.25,0.3,0.4,0.35,0.2,0,0.7,instrumental,0,ambient,"""{""""evening_city_walk"""":0.85,""""deep_night_introspective"""":0.8,""""night_rain_humid"""":0.75}""",city_to_inner_room,0.85,冷调钢琴与深远混响，结合城市环境录音，营造内省而疏离的都市夜晚氛围
[FREE]混沌武士 x Nujabes x 蛋堡 TYPE BEAT HBD,Keerad,nostalgic;urban;dreamy,lofi_dust;soft_synth;jazz_brush;ambient_pad,,0.4,0.5,0.45,0.55,0.5,0,0.45,instrumental,0,lo_fi_hip_hop,"""{""""evening_city_walk"""":0.85,""""work_focus_low_vocal"""":0.8,""""deep_night_introspective"""":0.75}""",city_to_inner_room,0.85,采样自混沌武士与Nujabes风格的lo-fi beat，带有爵士鼓刷和软合成器，营造怀旧而梦幻的都市氛围
JOY (Unspeakable),Voices of Fire / Pharrell Williams,hopeful;warm;clear,vocal_breath;acoustic;string,,0.6,0.7,0.55,0.7,0.5,0.85,0.65,en,1,gospel_pop,"""{""""morning_clear_light"""":0.85,""""weekend_slow"""":0.8,""""afternoon_warm_idle"""":0.75}""",gentle_recovery,0.85,福音合唱与Pharrell的温暖声线，充满希望与明亮的喜悦感
Merry Christmas Mr.Lawrence (Heart Of Asia) (Asia Hymne 2009 Remix),Watergate,nostalgic;melancholic;restrained,piano;ambient_pad;cinematic;reverb_heavy,,0.25,0.35,0.3,0.4,0.2,0,0.75,instrumental,0,ambient,"""{""""deep_night_introspective"""":0.85,""""night_rain_humid"""":0.8,""""work_focus_low_vocal"""":0.75}""",afterglow_fading,0.85,基于原曲的混音版本，保留钢琴与氛围铺垫，但能量略高于原版，仍以内省和怀旧为主
Don’t Go,GoGo Penguin,restless;urban;introspective,piano;electric_distant;minimal;cinematic,,0.6,0.45,0.55,0.4,0.7,0,0.65,instrumental,0,modern_jazz,"""{""""evening_city_walk"""":0.85,""""work_focus_low_vocal"""":0.7,""""deep_night_introspective"""":0.75}""",city_to_inner_room,0.9,急促的钢琴与电子感低音驱动，都市夜晚的躁动与内省交织
起点,铃凯,hopeful;warm;clear,acoustic;vocal_breath;string,,0.45,0.6,0.5,0.65,0.4,0.7,0.55,zh,1,mandopop,"""{""""morning_clear_light"""":0.8,""""afternoon_warm_idle"""":0.75,""""weekend_slow"""":0.7}""",slow_opening,0.85,温暖木吉他与人声交织，充满希望与清晰的明亮感，适合轻松场景
也罢,鲁向卉,melancholic;bittersweet;introspective,piano;vocal_breath;string,,0.35,0.4,0.45,0.5,0.3,0.7,0.75,zh,1,mandopop,"""{""""deep_night_introspective"""":0.85,""""night_rain_humid"""":0.8,""""work_focus_low_vocal"""":0.7}""",slow_opening,0.85,钢琴与弦乐铺垫，鲁向卉略带沙哑的声线传递出苦涩与内省的情绪
Zweibrütiger Scheckenfalter,Dominik Eulberg,restrained;melancholic;introspective,ambient_pad;field_recording;minimal;cold_synth,,0.2,0.3,0.25,0.35,0.15,0,0.6,instrumental,0,ambient,"""{""""work_focus_low_vocal"""":0.85,""""deep_night_introspective"""":0.8,""""night_rain_humid"""":0.75}""",soft_focus_work,0.85,冷调氛围电子，田野录音与极简合成器交织，克制而内省的自然声景
来不及,罗忆诗,nostalgic;bittersweet;melancholic,piano;string;vocal_breath,,0.35,0.4,0.4,0.5,0.3,0.6,0.7,zh,1,mandopop,"""{""""evening_city_walk"""":0.8,""""night_rain_humid"""":0.75,""""deep_night_introspective"""":0.7}""",slow_opening,0.85,钢琴与弦乐交织，罗忆诗柔缓声线传递出怀旧与遗憾交织的抒情质感
"""Writing's On The Wall - From """"""""Spectre"""""""" Soundtrack""",Sam Smith,melancholic;bittersweet;restrained,string;vocal_breath;cinematic;piano,,0.35,0.3,0.5,0.4,0.2,0.8,0.85,en,1,pop,"""{""""deep_night_introspective"""":0.85,""""night_rain_humid"""":0.8,""""work_focus_low_vocal"""":0.7}""",slow_opening,0.9,Sam Smith 标志性的假声与弦乐编排，营造出克制而沉重的忧郁氛围，情感重量极高
Maurice Ravel: Ballade de la reine morte d'aimer,Anne Sofie von Otter,melancholic;bittersweet;restrained,piano;string;vocal_breath;cinematic,,0.25,0.35,0.3,0.4,0.15,0.6,0.75,fr,1,classical,"""{""""deep_night_introspective"""":0.85,""""night_rain_humid"""":0.8,""""work_focus_low_vocal"""":0.7}""",slow_opening,0.9,拉威尔艺术歌曲，钢琴与弦乐伴奏下女中音演绎出克制而深沉的忧郁与怀旧
When I Fell For You (w/ Groovy Godzilla),Funky Feeling,warm;nostalgic;hopeful,soft_synth;acoustic;vocal_breath,,0.45,0.55,0.5,0.65,0.4,0.6,0.55,en,1,r&b,"""{""""evening_city_walk"""":0.8,""""weekend_slow"""":0.75,""""afternoon_warm_idle"""":0.7}""",slow_opening,0.85,温暖的人声与软合成器、木吉他交织，怀旧而充满希望的R&B情歌
New Woman (ft. ROSALíA),LISA / ROSALÍA,urban;restless;sensual,soft_synth;vocal_breath;electric_distant;reverb_heavy,,0.65,0.55,0.6,0.5,0.7,0.8,0.5,en,1,pop,"""{""""evening_city_walk"""":0.85,""""deep_night_introspective"""":0.7,""""user_requested_explore"""":0.75}""",city_to_inner_room,0.85,LISA 与 ROSALÍA 的跨界合作，合成器驱动的都市节拍，人声充满张力与性感
A Stilling Wind,Heather Woods Broderick,introspective;melancholic;restrained,piano;string;vocal_breath;reverb_heavy,,0.25,0.3,0.35,0.4,0.2,0.5,0.75,en,1,indie_folk,"""{""""deep_night_introspective"""":0.85,""""night_rain_humid"""":0.8,""""work_focus_low_vocal"""":0.7}""",fade_into_inner_space,0.9,钢琴与弦乐铺垫，人声轻柔而克制，营造内省、忧郁且静谧的氛围
紫藤花,S.H.E,nostalgic;warm;bittersweet,piano;string;vocal_breath,,0.45,0.5,0.45,0.6,0.35,0.7,0.65,zh,1,mandopop,"""{""""evening_city_walk"""":0.8,""""weekend_slow"""":0.7,""""night_rain_humid"""":0.75}""",slow_opening,0.85,S.H.E 的抒情曲，钢琴与弦乐铺垫，温暖声线带出怀旧与淡淡的苦涩
After The Carnival,Ed Harcourt,melancholic;nostalgic;bittersweet,piano;string;vocal_breath;reverb_heavy,,0.35,0.4,0.45,0.5,0.3,0.6,0.75,en,1,chamber_pop,"""{""""evening_city_walk"""":0.8,""""deep_night_introspective"""":0.85,""""night_rain_humid"""":0.75}""",afterglow_fading,0.85,钢琴与弦乐交织，Ed Harcourt 沙哑人声带着嘉年华后的落寞与怀旧
線形關係,鄒施如,introspective;melancholic;restrained,piano;string;minimal,,0.25,0.3,0.35,0.4,0.2,0.5,0.7,zh,1,mandopop,"""{""""deep_night_introspective"""":0.85,""""night_rain_humid"""":0.8,""""work_focus_low_vocal"""":0.75}""",slow_opening,0.85,钢琴与弦乐铺底，人声克制而内省，营造出线性关系中的孤独与沉思
帝女花 · 香夭 · 妆台秋思,新乐府,melancholic;nostalgic;restrained,string;cinematic;reverb_heavy;acoustic,,0.25,0.35,0.4,0.5,0.2,0,0.8,zh,1,chinese_traditional_fusion,"""{""""deep_night_introspective"""":0.85,""""night_rain_humid"""":0.8,""""work_focus_low_vocal"""":0.75}""",afterglow_fading,0.9,经典粤剧《帝女花》选段，新乐府以现代编曲保留原曲哀婉基调，弦乐与戏曲人声交织，充满历史悲情与克制之美
等你,A-Lin,nostalgic;warm;bittersweet,piano;string;vocal_breath,,0.45,0.5,0.5,0.6,0.35,0.7,0.65,zh,1,mandopop,"""{""""evening_city_walk"""":0.8,""""weekend_slow"""":0.7,""""night_rain_humid"""":0.75}""",slow_opening,0.85,A-Lin 深情声线搭配钢琴与弦乐，怀旧而温暖的抒情曲，能量略低于《红豆》
7 Years,Lukas Graham,nostalgic;melancholic;hopeful,acoustic;piano;vocal_breath,,0.45,0.5,0.5,0.55,0.4,0.7,0.75,en,1,pop,"""{""""evening_city_walk"""":0.8,""""deep_night_introspective"""":0.75,""""weekend_slow"""":0.7}""",slow_opening,0.9,钢琴与木吉他驱动的流行叙事，怀旧与成长主题，人声突出
Somebody Else's Song,Water From Your Eyes,detached;restless;unresolved,electric_distant;cold_synth;vocal_breath;reverb_heavy,,0.4,0.35,0.5,0.3,0.45,0.6,0.65,en,1,art_pop,"""{""""evening_city_walk"""":0.8,""""deep_night_introspective"""":0.75,""""work_focus_low_vocal"""":0.7}""",city_to_inner_room,0.85,疏离的电声质感与不安的人声，营造出都市夜晚中悬而未决的情绪氛围
夢幻抱擁,坂本昌一郎,dreamy;warm;nostalgic,piano;soft_synth;ambient_pad;reverb_heavy,,0.25,0.4,0.3,0.6,0.2,0,0.55,instrumental,0,ambient,"""{""""work_focus_low_vocal"""":0.85,""""morning_cloudy_slow"""":0.8,""""deep_night_introspective"""":0.75}""",soft_focus_work,0.85,钢琴与软合成器交织的梦幻氛围，温暖而怀旧，适合低干扰工作或清晨慢时光
"""Do Me, Baby (Live)""",Prince,sensual;warm;restrained,acoustic;vocal_breath;jazz_brush;electric_distant,,0.45,0.55,0.5,0.7,0.4,0.8,0.6,en,1,funk,"""{""""evening_city_walk"""":0.8,""""night_clear_lonely"""":0.7,""""user_requested_explore"""":0.75}""",city_to_inner_room,0.85,Prince 现场演绎的性感慢板放克，温暖声线与爵士鼓刷营造亲密氛围
If (Kaytranada Remix),Janet Jackson / Kaytranada,urban;restless;sensual,soft_synth;electric_distant;lofi_dust,,0.6,0.55,0.65,0.5,0.7,0.6,0.45,en,1,electronic,"""{""""evening_city_walk"""":0.85,""""deep_night_introspective"""":0.75,""""user_requested_explore"""":0.7}""",city_to_inner_room,0.85,Kaytranada 的 remix 赋予原曲都市感的律动与电气化质感，Janet Jackson 的人声在软合成器和轻微失真中显得性感而躁动
Here to Stay,Benny Lackner Trio,restrained;warm;bittersweet,piano;acoustic;jazz_brush;minimal,,0.3,0.5,0.4,0.6,0.3,0,0.65,instrumental,0,jazz,"""{""""work_focus_low_vocal"""":0.85,""""afternoon_warm_idle"""":0.8,""""evening_city_walk"""":0.75}""",soft_focus_work,0.85,钢琴三重奏，克制而温暖的爵士质感，适合专注或闲适场景
No Plan,Hozier,introspective;melancholic;restrained,acoustic;vocal_breath;string;minimal,,0.25,0.3,0.35,0.5,0.2,0.6,0.75,en,1,folk,"""{""""deep_night_introspective"""":0.85,""""night_rain_humid"""":0.8,""""work_focus_low_vocal"""":0.7}""",fade_into_inner_space,0.85,Hozier 低沉人声与简约木吉他、弦乐交织，营造内省而克制的忧郁氛围
Runaway,The Melodic,nostalgic;melancholic;restless,acoustic;string;vocal_breath,,0.4,0.45,0.5,0.55,0.4,0.65,0.7,en,1,indie_folk,"""{""""evening_city_walk"""":0.8,""""deep_night_introspective"""":0.75,""""work_focus_low_vocal"""":0.7}""",slow_opening,0.85,木吉他与弦乐交织，人声带着怀旧与不安，适合夜晚独处或漫步
Part 7,Eri Yamamoto Trio,restrained;introspective;melancholic,piano;acoustic;minimal,,0.2,0.35,0.3,0.4,0.2,0,0.7,instrumental,0,jazz,"""{""""work_focus_low_vocal"""":0.85,""""deep_night_introspective"""":0.8,""""night_rain_humid"""":0.75}""",slow_opening,0.85,Eri Yamamoto 的钢琴三重奏，以克制而内省的旋律展开，低能量密度，适合专注或深夜聆听
Deleted Conscious,Lake Haze,introspective;melancholic;restrained,ambient_pad;cold_synth;minimal;reverb_heavy,,0.2,0.25,0.3,0.3,0.15,0,0.7,instrumental,0,ambient,"""{""""deep_night_introspective"""":0.85,""""night_rain_humid"""":0.8,""""work_focus_low_vocal"""":0.75}""",fade_into_inner_space,0.85,冷调氛围合成器与深远混响，营造内省而克制的沉浸空间
Another Space Odyssey,Exxasens,dreamy;restless;urban,soft_synth;cold_synth;reverb_heavy;electric_distant,,0.55,0.5,0.6,0.35,0.5,0,0.5,instrumental,0,post_rock,"""{""""evening_city_walk"""":0.85,""""deep_night_introspective"""":0.8,""""work_focus_low_vocal"""":0.75}""",city_to_inner_room,0.85,合成器驱动的太空感后摇，冷调音色与律动交织出都市夜行的不安与梦幻
Flor,Alfredo Rodriguez,warm;clear;sensual,piano;acoustic;jazz_brush,,0.35,0.6,0.4,0.7,0.3,0,0.45,instrumental,0,jazz,"""{""""work_focus_low_vocal"""":0.85,""""morning_clear_light"""":0.75,""""afternoon_warm_idle"""":0.8}""",soft_focus_work,0.85,钢琴与爵士刷奏的温暖器乐，明亮而富有质感，适合专注或闲暇场景
接下来如何,Hello Nico,melancholic;introspective;restrained,electric_distant;reverb_heavy;vocal_breath;minimal,,0.35,0.3,0.4,0.3,0.25,0.6,0.75,zh,1,indie_rock,"""{""""deep_night_introspective"""":0.85,""""night_rain_humid"""":0.8,""""work_focus_low_vocal"""":0.7}""",fade_into_inner_space,0.85,Hello Nico 的冷调电吉他与克制人声，营造出内省而忧郁的深夜氛围
凪ぎ,吉田潔,introspective;melancholic;restrained,piano;string;cinematic;minimal,,0.15,0.3,0.2,0.35,0.1,0,0.8,instrumental,0,modern_classical,"""{""""work_focus_low_vocal"""":0.85,""""deep_night_introspective"""":0.9,""""night_rain_humid"""":0.75}""",slow_opening,0.9,钢琴与弦乐交织的极简主义作品，静谧而克制，充满内省与淡淡的忧伤
Camel Blues,Sir Hiss,warm;nostalgic;bittersweet,acoustic;jazz_brush;grainy,,0.3,0.5,0.35,0.7,0.3,0,0.5,instrumental,0,jazz,"""{""""work_focus_low_vocal"""":0.85,""""morning_cloudy_slow"""":0.8,""""afternoon_warm_idle"""":0.75}""",soft_focus_work,0.85,温暖的木吉他搭配爵士刷子鼓，略带颗粒感的复古质感，营造怀旧而略带忧伤的午后氛围
summer vi,The Tumbled Sea,introspective;melancholic;restrained,piano;minimal;reverb_heavy,,0.15,0.3,0.2,0.35,0.1,0,0.8,instrumental,0,modern_classical,"""{""""work_focus_low_vocal"""":0.85,""""deep_night_introspective"""":0.8,""""night_rain_humid"""":0.75}""",slow_opening,0.9,极简钢琴独奏，缓慢而内省，混响营造出孤独而克制的氛围
Drifting,Sam Loveridge,dreamy;introspective;restrained,ambient_pad;soft_synth;minimal,,0.25,0.35,0.3,0.5,0.2,0,0.6,instrumental,0,ambient,"""{""""work_focus_low_vocal"""":0.85,""""deep_night_introspective"""":0.8,""""morning_cloudy_slow"""":0.75}""",soft_focus_work,0.85,轻柔的氛围合成器与极简编排，营造出梦幻而内省的漂浮感
Hope,Takahiro Kido,introspective;melancholic;restrained,piano;string;cinematic;minimal,,0.2,0.3,0.25,0.4,0.15,0,0.75,instrumental,0,modern_classical,"""{""""work_focus_low_vocal"""":0.85,""""deep_night_introspective"""":0.8,""""night_rain_humid"""":0.75}""",slow_opening,0.9,钢琴与弦乐交织的极简现代古典，内省而克制，带有淡淡的忧伤与希望
P.I.A.N.O. Renovation. (MUSH UP ANTHEM) feat. 吉田兄弟,Daishi Dance,urban;restless;hopeful,piano;soft_synth;electric_distant;cinematic,,0.6,0.55,0.6,0.5,0.6,0,0.5,instrumental,0,electronic,"""{""""evening_city_walk"""":0.8,""""work_focus_low_vocal"""":0.7,""""user_requested_explore"""":0.75}""",city_to_inner_room,0.85,钢琴与电子节拍融合，吉田兄弟的三味线增添都市律动感，能量中等偏上，适合城市探索场景
Behind,黄淑惠,introspective;melancholic;restrained,piano;vocal_breath;minimal,,0.25,0.35,0.3,0.4,0.2,0.6,0.7,zh,1,mandopop,"""{""""deep_night_introspective"""":0.85,""""night_rain_humid"""":0.8,""""work_focus_low_vocal"""":0.75}""",slow_opening,0.85,钢琴与细腻人声交织，内省而克制的情绪表达，适合深夜独处
PDX,Little People,introspective;melancholic;restrained,piano;ambient_pad;minimal;field_recording,,0.2,0.3,0.25,0.4,0.15,0,0.7,instrumental,0,ambient,"""{""""work_focus_low_vocal"""":0.85,""""deep_night_introspective"""":0.8,""""night_rain_humid"""":0.75}""",slow_opening,0.85,极简钢琴与氛围垫音交织，带有田野录音的纹理，内省而克制
時の流れに身をまかせ,邓丽君,nostalgic;warm;bittersweet,string;piano;vocal_breath,,0.4,0.5,0.45,0.7,0.3,0.75,0.7,ja,1,enka_pop,"""{""""evening_city_walk"""":0.8,""""weekend_slow"""":0.75,""""night_rain_humid"""":0.7}""",slow_opening,0.9,邓丽君经典日语抒情，弦乐与钢琴伴奏烘托出怀旧与温暖交织的深情质感
Adventure of a Lifetime - Live from Spotify London,Coldplay,hopeful;restless;warm,acoustic;vocal_breath;reverb_heavy,,0.6,0.7,0.55,0.65,0.6,0.75,0.5,en,1,alternative_rock,"""{""""morning_clear_light"""":0.8,""""evening_city_walk"""":0.75,""""user_requested_explore"""":0.7}""",gentle_recovery,0.85,Coldplay现场版，温暖的人声与吉他带来希望与活力，节奏明快但不失细腻
Onwards and Upwards,Shalosh,restless;bittersweet;hopeful,piano;electric_distant;cinematic,,0.45,0.5,0.55,0.4,0.5,0,0.65,instrumental,0,jazz,"""{""""evening_city_walk"""":0.8,""""work_focus_low_vocal"""":0.7,""""deep_night_introspective"""":0.75}""",city_to_inner_room,0.85,钢琴驱动的现代爵士三重奏，不安中带着向上的希望，适合都市夜晚的内心旅程
奇迹の山 (Kisekino Yama),岸部眞明,introspective;warm;nostalgic,acoustic;minimal;field_recording,,0.2,0.5,0.25,0.7,0.2,0,0.6,instrumental,0,fingerstyle_guitar,"""{""""morning_clear_light"""":0.85,""""work_focus_low_vocal"""":0.8,""""afternoon_warm_idle"""":0.75}""",slow_opening,0.9,岸部眞明的指弹吉他独奏，温暖而内省，带有自然录音的质感，适合清晨或专注场景
Pirouette,Hail the Ghost,introspective;melancholic;restrained,piano;minimal;reverb_heavy,,0.25,0.3,0.25,0.35,0.2,0,0.75,instrumental,0,modern_classical,"""{""""deep_night_introspective"""":0.85,""""night_rain_humid"""":0.8,""""work_focus_low_vocal"""":0.75}""",fade_into_inner_space,0.85,极简钢琴与深远混响，营造内省而克制的孤独氛围
Waiting for My Baby,Sam Cohen,nostalgic;warm;hopeful,acoustic;jazz_brush;vocal_breath,,0.4,0.55,0.4,0.7,0.35,0.6,0.55,en,1,folk_rock,"""{""""evening_city_walk"""":0.8,""""morning_clear_light"""":0.7,""""weekend_slow"""":0.75}""",slow_opening,0.85,温暖的木吉他与人声，带有怀旧和期待的民谣摇滚质感
Mercury,Sufjan Stevens,introspective;melancholic;restrained,piano;string;minimal;reverb_heavy,,0.2,0.3,0.25,0.4,0.15,0.4,0.75,en,1,indie_folk,"""{""""deep_night_introspective"""":0.85,""""work_focus_low_vocal"""":0.8,""""night_rain_humid"""":0.75}""",fade_into_inner_space,0.85,Sufjan Stevens 的钢琴与弦乐交织，人声轻柔内省，营造出静谧而沉重的孤独氛围
Another One Bites the Dust,Queen,restless;urban;unresolved,electric_distant;cold_synth;minimal,,0.7,0.6,0.7,0.3,0.8,0.6,0.5,en,1,rock,"""{""""evening_city_walk"""":0.7,""""user_requested_explore"""":0.6,""""work_focus_low_vocal"""":0.5}""",city_to_inner_room,0.85,标志性的贝斯线驱动，节奏强烈而冷酷，充满都市不安感
銀の絨毯、一雫の花片,Foxtail-Grass Studio,dreamy;misty;nostalgic,piano;ambient_pad;field_recording;minimal,,0.2,0.35,0.25,0.5,0.15,0,0.6,instrumental,0,ambient,"""{""""morning_cloudy_slow"""":0.85,""""night_clear_lonely"""":0.8,""""work_focus_low_vocal"""":0.75}""",rain_on_glass,0.9,钢琴与氛围垫音交织，伴有田野录音的细微声响，营造出梦幻而朦胧的冬日清晨质感
Olur Ya,Mehmet Erdem,melancholic;nostalgic;bittersweet,acoustic;string;vocal_breath;cinematic,,0.4,0.45,0.5,0.55,0.3,0.7,0.75,tr,1,turkish_pop,"""{""""evening_city_walk"""":0.8,""""deep_night_introspective"""":0.75,""""night_rain_humid"""":0.7}""",slow_opening,0.85,土耳其语流行歌曲，木吉他与人声交织，弦乐烘托出怀旧而略带忧伤的氛围
Do You Wanna Build a Snowman,茶理理 / 水缘无忆 / 飞雪,warm;nostalgic;hopeful,piano;acoustic;vocal_breath;string,,0.4,0.6,0.45,0.7,0.3,0.75,0.55,zh,1,soundtrack,"""{""""morning_clear_light"""":0.8,""""weekend_slow"""":0.75,""""afternoon_warm_idle"""":0.7}""",slow_opening,0.85,温暖的人声与钢琴弦乐编排，充满童真与怀旧希望，适配轻松温馨场景
In Your Room,Airiel,dreamy;nostalgic;melancholic,soft_synth;reverb_heavy;electric_distant;vocal_breath,,0.4,0.45,0.5,0.5,0.35,0.6,0.65,en,1,shoegaze,"""{""""evening_city_walk"""":0.85,""""deep_night_introspective"""":0.8,""""night_clear_lonely"""":0.75}""",city_to_inner_room,0.85,梦幻吉他音墙与飘渺人声，营造出怀旧而忧郁的 shoegaze 氛围
A Higher Place,Adam Levine,hopeful;warm;nostalgic,acoustic;vocal_breath;string;soft_synth,,0.45,0.6,0.5,0.7,0.4,0.75,0.65,en,1,pop,"""{""""morning_clear_light"""":0.8,""""evening_city_walk"""":0.75,""""weekend_slow"""":0.7}""",slow_opening,0.85,Adam Levine温暖的人声与木吉他、弦乐交织，营造出怀旧而充满希望的流行质感
Before Sunrise III,LinFeng,introspective;dreamy;restrained,piano;ambient_pad;minimal,,0.2,0.35,0.25,0.45,0.15,0,0.7,instrumental,0,ambient,"""{""""work_focus_low_vocal"""":0.85,""""deep_night_introspective"""":0.8,""""morning_cloudy_slow"""":0.75}""",slow_opening,0.85,钢琴与氛围垫音交织，缓慢而内省，适合清晨或深夜的安静场景
Fly Away,Lenny Kravitz,hopeful;restless;nostalgic,acoustic;electric_distant;vocal_breath,,0.65,0.6,0.55,0.5,0.6,0.7,0.5,en,1,rock,"""{""""evening_city_walk"""":0.8,""""morning_clear_light"""":0.75,""""user_requested_explore"""":0.7}""",city_to_inner_room,0.85,Lenny Kravitz 的摇滚风格，充满希望与不安的张力，人声有力，节奏明快
Deserters,Haiku Salut,melancholic;dreamy;restrained,ambient_pad;field_recording;minimal;cinematic,,0.25,0.35,0.3,0.4,0.15,0,0.7,instrumental,0,ambient,"""{""""deep_night_introspective"""":0.85,""""night_rain_humid"""":0.8,""""work_focus_low_vocal"""":0.75}""",fade_into_inner_space,0.85,氛围电子与田野录音交织，忧郁而梦幻的极简声景，适合深夜内省
Apogee,The Racer,restless;urban;unresolved,electric_distant;cold_synth;reverb_heavy,,0.6,0.45,0.55,0.35,0.6,0,0.5,instrumental,0,electronic,"""{""""evening_city_walk"""":0.8,""""deep_night_introspective"""":0.75,""""work_focus_low_vocal"""":0.7}""",city_to_inner_room,0.85,冷调合成器与深远电声，营造都市夜晚的不安与未解情绪
真夏の通り雨,宇多田ヒカル,melancholic;bittersweet;nostalgic,piano;string;vocal_breath;reverb_heavy,,0.4,0.45,0.5,0.55,0.35,0.7,0.75,ja,1,j_pop,"""{""""evening_city_walk"""":0.8,""""night_rain_humid"""":0.85,""""deep_night_introspective"""":0.75}""",rain_on_glass,0.9,宇多田光标志性的情感声线搭配钢琴与弦乐，营造出夏雨般的怀旧与苦涩
暧昧,侯湘婷,nostalgic;bittersweet;melancholic,acoustic;vocal_breath;string;piano,,0.35,0.4,0.45,0.55,0.3,0.6,0.65,zh,1,mandopop,"""{""""evening_city_walk"""":0.8,""""weekend_slow"""":0.75,""""night_rain_humid"""":0.7}""",slow_opening,0.85,侯湘婷轻柔的声线搭配木吉他与弦乐，营造出怀旧而略带苦涩的暧昧氛围
Necessary Genius,David Holmes,restless;urban;unresolved,electric_distant;cold_synth;reverb_heavy;field_recording,,0.6,0.4,0.55,0.3,0.65,0,0.5,instrumental,0,electronic,"""{""""evening_city_walk"""":0.8,""""work_focus_low_vocal"""":0.7,""""deep_night_introspective"""":0.65}""",city_to_inner_room,0.85,冷调电子合成器与现场录音交织，营造出都市不安与悬而未决的氛围
Just A Girl,No Doubt,restless;urban;bittersweet,electric_distant;soft_synth;vocal_breath,,0.65,0.6,0.55,0.4,0.6,0.75,0.5,en,1,ska_punk,"""{""""evening_city_walk"""":0.7,""""user_requested_explore"""":0.65,""""work_focus_low_vocal"""":0.5}""",city_to_inner_room,0.8,ska punk 节奏明快，Gwen Stefani 的人声充满都市叛逆与不安，但略带苦涩
So Handsome Hello,Woodkid,restrained;melancholic;unresolved,cinematic;string;vocal_breath;reverb_heavy,,0.35,0.3,0.5,0.4,0.25,0.6,0.75,en,1,art_pop,"""{""""deep_night_introspective"""":0.85,""""night_rain_humid"""":0.8,""""work_focus_low_vocal"""":0.7}""",fade_into_inner_space,0.85,Woodkid 标志性的弦乐与低沉人声，营造出克制而沉重的内省氛围
Intell,When Saints Go Machine,dreamy;restrained;melancholic,soft_synth;reverb_heavy;vocal_breath;minimal,,0.35,0.4,0.35,0.45,0.3,0.6,0.65,en,1,art_pop,"""{""""deep_night_introspective"""":0.85,""""night_clear_lonely"""":0.8,""""work_focus_low_vocal"""":0.75}""",fade_into_inner_space,0.85,梦幻合成器与轻柔人声交织，克制而忧郁，适合深夜内省场景
All Souls Night (Live),齐豫,introspective;melancholic;bittersweet,vocal_breath;cinematic;string;reverb_heavy,,0.25,0.35,0.4,0.5,0.2,0.7,0.75,zh,1,art_pop,"""{""""deep_night_introspective"""":0.85,""""night_clear_lonely"""":0.8,""""work_focus_low_vocal"""":0.7}""",afterglow_fading,0.85,齐豫空灵而略带哀愁的声线，配合弦乐与混响，营造出内省、怀旧且略带悲凉的氛围
Gold,Akacia,warm;dreamy;hopeful,soft_synth;ambient_pad;vocal_breath,,0.4,0.55,0.4,0.65,0.35,0.6,0.5,en,1,dream_pop,"""{""""morning_clear_light"""":0.8,""""evening_city_walk"""":0.75,""""work_focus_low_vocal"""":0.7}""",soft_focus_work,0.85,温暖梦幻的合成器氛围搭配轻柔人声，营造出明亮而放松的聆听体验
雨空,α·Pav,melancholic;misty;lonely,piano;ambient_pad;reverb_heavy;minimal,,0.2,0.3,0.25,0.35,0.1,0,0.8,instrumental,0,ambient,"""{""""night_rain_humid"""":0.9,""""deep_night_introspective"""":0.85,""""work_focus_low_vocal"""":0.8}""",rain_on_glass,0.9,钢琴与氛围音垫交织，混响厚重，营造出雨天的忧郁与孤独感
Slumlord,Baxter Dury,urban;restless;detached,electric_distant;cold_synth;vocal_breath,,0.45,0.4,0.55,0.3,0.5,0.6,0.55,en,1,indie_rock,"""{""""evening_city_walk"""":0.8,""""deep_night_introspective"""":0.75,""""user_requested_explore"""":0.7}""",city_to_inner_room,0.85,Baxter Dury 慵懒疏离的念白式人声搭配冷调合成器，营造出都市夜晚的躁动与疏离感
Voltage,Digitalism,restless;urban;unresolved,cold_synth;electric_distant;reverb_heavy,,0.7,0.6,0.7,0.3,0.8,0,0.5,instrumental,0,electro_house,"""{""""evening_city_walk"""":0.8,""""deep_night_introspective"""":0.7,""""user_requested_explore"""":0.75}""",city_to_inner_room,0.85,高能量电子曲目，冷合成器与强劲节奏营造都市躁动感
Counting Stars,OneRepublic,hopeful;restless;urban,acoustic;electric_distant;soft_synth,,0.65,0.6,0.55,0.5,0.7,0.75,0.5,en,1,pop_rock,"""{""""evening_city_walk"""":0.8,""""work_focus_low_vocal"""":0.6,""""weekend_slow"""":0.7}""",city_to_inner_room,0.85,流行摇滚风格，节奏明快充满希望，木吉他与合成器交织出都市活力感
Free for All,Golden Fable,dreamy;warm;hopeful,soft_synth;ambient_pad;vocal_breath,,0.35,0.5,0.4,0.6,0.3,0.5,0.5,en,1,dream_pop,"""{""""morning_cloudy_slow"""":0.8,""""evening_city_walk"""":0.75,""""work_focus_low_vocal"""":0.7}""",soft_focus_work,0.85,梦幻合成器与轻柔人声营造温暖希望的氛围，适合低能量专注或漫步场景
"""說散就散 - """"""""前任3: 再見前任"""""""" 電影主題曲""",袁婭維,bittersweet;melancholic;nostalgic,piano;string;vocal_breath;reverb_heavy,,0.45,0.4,0.5,0.5,0.35,0.75,0.8,zh,1,mandopop,"""{""""evening_city_walk"""":0.8,""""deep_night_introspective"""":0.75,""""night_rain_humid"""":0.7}""",slow_opening,0.9,袁婭維強烈情感的人聲搭配鋼琴與弦樂，營造出分手後的苦澀與懷舊氛圍
Assassin's Creed III Main Theme,Lorne Balfe,restrained;melancholic;hopeful,cinematic;string;minimal;ambient_pad,,0.35,0.4,0.5,0.45,0.3,0,0.7,instrumental,0,cinematic_orchestral,"""{""""work_focus_low_vocal"""":0.8,""""deep_night_introspective"""":0.75,""""morning_cloudy_slow"""":0.7}""",slow_opening,0.85,管弦乐与氛围合成器交织，克制中带有史诗感与希望
Follow Your Feet,Y La Bamba,dreamy;introspective;hopeful,acoustic;vocal_breath;reverb_heavy;minimal,,0.3,0.5,0.35,0.55,0.25,0.6,0.6,en,1,indie_folk,"""{""""morning_cloudy_slow"""":0.8,""""work_focus_low_vocal"""":0.75,""""deep_night_introspective"""":0.7}""",soft_focus_work,0.85,木吉他与人声交织，轻柔混响营造梦幻内省氛围，带有淡淡的希望感
道玄坂,Maximilian Hecker,melancholic;dreamy;restrained,piano;reverb_heavy;vocal_breath;ambient_pad,,0.25,0.3,0.35,0.4,0.2,0.6,0.75,en,1,indie_pop,"""{""""deep_night_introspective"""":0.85,""""night_rain_humid"""":0.8,""""evening_city_walk"""":0.75}""",fade_into_inner_space,0.9,Maximilian Hecker 标志性的脆弱假声与钢琴混响，营造出忧郁而梦幻的深夜氛围
to be free,Night Tapes,dreamy;nostalgic;hopeful,soft_synth;reverb_heavy;vocal_breath;ambient_pad,,0.4,0.5,0.45,0.55,0.35,0.6,0.55,en,1,dream_pop,"""{""""evening_city_walk"""":0.8,""""deep_night_introspective"""":0.75,""""work_focus_low_vocal"""":0.7}""",city_to_inner_room,0.85,梦幻合成器与深远混响营造出怀旧而充满希望的都市夜晚氛围
RACE AGAINST,ionnalee,restless;urban;unresolved,cold_synth;electric_distant;reverb_heavy,,0.6,0.4,0.55,0.3,0.6,0.7,0.65,en,1,art_pop,"""{""""evening_city_walk"""":0.8,""""deep_night_introspective"""":0.75,""""user_requested_explore"""":0.7}""",city_to_inner_room,0.85,冷调合成器与急促节奏，ionnalee 的人声充满都市不安与未解情绪
The Flower Duet (from Lakmé),All Angels,dreamy;clear;warm,vocal_breath;string;cinematic;ambient_pad,,0.25,0.65,0.35,0.6,0.2,0.8,0.55,en,1,classical_crossover,"""{""""morning_clear_light"""":0.85,""""afternoon_warm_idle"""":0.8,""""evening_city_walk"""":0.7}""",slow_opening,0.9,空灵女声二重唱搭配弦乐与氛围铺底，清澈温暖如晨光中的花
KINDRED I,Kelsey Lu,introspective;melancholic;dreamy,string;cinematic;reverb_heavy;vocal_breath,,0.25,0.35,0.4,0.45,0.2,0.6,0.75,en,1,art_pop,"""{""""deep_night_introspective"""":0.85,""""night_rain_humid"""":0.8,""""work_focus_low_vocal"""":0.7}""",fade_into_inner_space,0.85,大提琴与空灵人声交织，缓慢而内省，充满电影感的梦幻忧郁
I'm Your Girl ?,KHAN,urban;restless;nostalgic,soft_synth;electric_distant;vocal_breath,,0.6,0.5,0.55,0.45,0.6,0.75,0.5,en,1,synthpop,"""{""""evening_city_walk"""":0.8,""""deep_night_introspective"""":0.7,""""user_requested_explore"""":0.65}""",city_to_inner_room,0.85,合成器驱动的都市感曲目，人声带有呼吸感，节奏略显不安但不过度激烈
消失,范晓萱,melancholic;introspective;restrained,piano;string;vocal_breath;reverb_heavy,,0.3,0.35,0.4,0.3,0.2,0.6,0.75,zh,1,mandopop,"""{""""deep_night_introspective"""":0.85,""""night_rain_humid"""":0.8,""""work_focus_low_vocal"""":0.7}""",fade_into_inner_space,0.85,范晓萱脆弱而内省的人声与钢琴弦乐交织，营造出忧郁而克制的氛围
GREEN SLEEVES,Various Artists,nostalgic;melancholic;warm,acoustic;string;minimal,,0.2,0.4,0.3,0.6,0.15,0,0.7,instrumental,0,folk,"""{""""morning_cloudy_slow"""":0.85,""""evening_city_walk"""":0.75,""""deep_night_introspective"""":0.7}""",slow_opening,0.9,经典民谣旋律，木吉他或弦乐演绎，怀旧而温暖，带有淡淡的忧伤
New York (Oliver Nelson Remix),Urban Cone,urban;restless;hopeful,soft_synth;electric_distant;reverb_heavy,,0.6,0.55,0.6,0.45,0.65,0.7,0.5,en,1,electro_pop,"""{""""evening_city_walk"""":0.85,""""deep_night_introspective"""":0.75,""""user_requested_explore"""":0.7}""",city_to_inner_room,0.85,都市感电子流行，合成器与混响营造出夜晚城市中的不安与期待
Murmuration,Lakker,restless;unresolved;urban,cold_synth;electric_distant;field_recording;minimal,,0.4,0.3,0.5,0.2,0.5,0,0.6,instrumental,0,experimental_techno,"""{""""evening_city_walk"""":0.7,""""deep_night_introspective"""":0.65,""""work_focus_low_vocal"""":0.6}""",city_to_inner_room,0.85,冰冷合成器与田野录音交织，营造出都市中不安而悬疑的声景
Outside,Cardi B,urban;restless;bittersweet,soft_synth;electric_distant;vocal_breath,,0.65,0.5,0.7,0.4,0.7,0.85,0.6,en,1,hip_hop,"""{""""evening_city_walk"""":0.8,""""deep_night_introspective"""":0.7,""""user_requested_explore"""":0.75}""",city_to_inner_room,0.8,Cardi B 的都市说唱，节奏感强，人声突出，带有不安与怀旧情绪
A Schoolgirl's Day,Mike Patton,dreamy;nostalgic;restrained,piano;field_recording;minimal;cinematic,,0.2,0.35,0.25,0.4,0.15,0,0.6,instrumental,0,modern_classical,"""{""""morning_cloudy_slow"""":0.85,""""work_focus_low_vocal"""":0.8,""""deep_night_introspective"""":0.75}""",soft_focus_work,0.85,钢琴与田野录音交织，营造出梦幻而怀旧的校园氛围，整体克制而内敛
Perfect,Mike Posner,introspective;melancholic;lonely,piano;reverb_heavy;vocal_breath,,0.25,0.3,0.35,0.4,0.2,0.6,0.75,en,1,indie_pop,"""{""""deep_night_introspective"""":0.85,""""night_rain_humid"""":0.8,""""work_focus_low_vocal"""":0.7}""",fade_into_inner_space,0.85,钢琴主导的抒情曲，Mike Posner 脆弱的人声与空旷混响营造出内省与孤独感
柿子 (国语) (Live),林忆莲,melancholic;restrained;unresolved,piano;string;vocal_breath;cinematic,,0.35,0.3,0.5,0.4,0.2,0.7,0.8,zh,1,art_pop,"""{""""deep_night_introspective"""":0.85,""""night_rain_humid"""":0.8,""""work_focus_low_vocal"""":0.7}""",fade_into_inner_space,0.85,林忆莲现场演绎，钢琴与弦乐交织，人声充满克制与未解的情绪张力
Sundown on Memory Point,Space Dimension Controller,dreamy;nostalgic;bittersweet,soft_synth;ambient_pad;reverb_heavy;electric_distant,,0.25,0.35,0.3,0.45,0.2,0,0.6,instrumental,0,ambient_techno,"""{""""evening_city_walk"""":0.85,""""night_clear_lonely"""":0.8,""""deep_night_introspective"""":0.75}""",afterglow_fading,0.85,梦幻合成器与深远混响营造出怀旧而略带苦涩的黄昏氛围，能量低缓，适合夜晚独处
Marseille,Ahmad Jamal,warm;clear;restrained,piano;acoustic;jazz_brush;minimal,,0.35,0.6,0.4,0.7,0.3,0,0.5,instrumental,0,jazz,"""{""""work_focus_low_vocal"""":0.85,""""afternoon_warm_idle"""":0.8,""""morning_clear_light"""":0.75}""",soft_focus_work,0.9,Ahmad Jamal 的钢琴三重奏，温暖而清晰的爵士质感，节奏轻柔克制，适合专注或悠闲场景
我的快乐大于我的悲哀,戴佩妮,warm;hopeful;bittersweet,acoustic;vocal_breath;string,,0.45,0.6,0.4,0.7,0.35,0.7,0.55,zh,1,mandopop,"""{""""morning_clear_light"""":0.8,""""afternoon_warm_idle"""":0.75,""""weekend_slow"""":0.7}""",slow_opening,0.85,戴佩妮温暖声线搭配木吉他，传递出希望中略带苦涩的复杂情绪
STRANGE DAYS (1999),HEALTH,restless;urban;unresolved,cold_synth;electric_distant;reverb_heavy,,0.65,0.35,0.7,0.25,0.6,0.4,0.7,en,1,industrial_rock,"""{""""evening_city_walk"""":0.8,""""deep_night_introspective"""":0.75,""""night_clear_lonely"""":0.7}""",city_to_inner_room,0.85,冷峻的工业合成器与失真人声，营造出都市夜晚的不安与疏离感
Les éclats,Ponteix,restless;urban;unresolved,electric_distant;reverb_heavy;cold_synth,,0.6,0.4,0.55,0.3,0.6,0,0.5,instrumental,0,electronic,"""{""""evening_city_walk"""":0.8,""""deep_night_introspective"""":0.75,""""night_clear_lonely"""":0.7}""",city_to_inner_room,0.85,冷调合成器与深远混响营造出都市夜晚的不安与疏离感
Need You,Flight Facilities / Nika,nostalgic;warm;bittersweet,soft_synth;vocal_breath;reverb_heavy,,0.45,0.5,0.5,0.6,0.4,0.7,0.65,en,1,electronic_pop,"""{""""evening_city_walk"""":0.85,""""deep_night_introspective"""":0.8,""""work_focus_low_vocal"""":0.7}""",city_to_inner_room,0.85,温暖合成器与人声交织，怀旧中带着淡淡的苦涩，适合夜晚城市漫步
Sidetrack,Catfish and the Bottlemen,restless;urban;unresolved,electric_distant;reverb_heavy;acoustic,,0.6,0.5,0.55,0.4,0.6,0.6,0.5,en,1,indie_rock,"""{""""evening_city_walk"""":0.8,""""night_clear_lonely"""":0.7,""""user_requested_explore"""":0.65}""",city_to_inner_room,0.85,英式独立摇滚，电吉他远距混响与不安的节奏，带有都市疏离感
Last Flowers,Radiohead,unresolved;melancholic;restless,piano;reverb_heavy;vocal_breath,,0.3,0.25,0.4,0.35,0.3,0.5,0.8,en,1,art_rock,"""{""""deep_night_introspective"""":0.9,""""night_rain_humid"""":0.8,""""work_focus_low_vocal"""":0.7}""",fade_into_inner_space,0.9,不安的钢琴与 Yorke 脆弱的人声，始终悬而未决的情绪
So Cold,Cat Clyde,melancholic;lonely;restrained,acoustic;vocal_breath;minimal,,0.25,0.3,0.3,0.35,0.2,0.6,0.75,en,1,folk,"""{""""deep_night_introspective"""":0.85,""""night_rain_humid"""":0.8,""""work_focus_low_vocal"""":0.7}""",fade_into_inner_space,0.85,Cat Clyde 的民谣风格，以简约的吉他和脆弱的人声传递出寒冷、孤独与克制的情绪
Where the Action is (Reprise),The Waterboys,restless;urban;hopeful,electric_distant;reverb_heavy;cinematic,,0.6,0.55,0.5,0.4,0.6,0.7,0.5,en,1,folk_rock,"""{""""evening_city_walk"""":0.8,""""user_requested_explore"""":0.75,""""night_clear_lonely"""":0.7}""",city_to_inner_room,0.85,电吉他混响与激昂人声，都市躁动中带着希望，能量中等偏上
Mr. Blue Sky,Electric Light Orchestra,hopeful;warm;clear,acoustic;string;soft_synth,,0.7,0.8,0.6,0.7,0.65,0.6,0.4,en,1,art_rock,"""{""""morning_clear_light"""":0.9,""""afternoon_warm_idle"""":0.8,""""weekend_slow"""":0.7}""",slow_opening,0.85,明亮欢快的旋律与弦乐编排，充满希望和温暖，适合清晨或午后场景
Oh Mary,Anna Ternheim,melancholic;introspective;restrained,acoustic;vocal_breath;reverb_heavy,,0.25,0.3,0.35,0.4,0.2,0.6,0.7,en,1,singer_songwriter,"""{""""deep_night_introspective"""":0.85,""""night_rain_humid"""":0.8,""""work_focus_low_vocal"""":0.7}""",fade_into_inner_space,0.85,Anna Ternheim 脆弱而克制的人声搭配原声吉他，营造出内省而忧郁的氛围
Run Through My Mind,Seahawks,dreamy;misty;detached,ambient_pad;soft_synth;reverb_heavy;field_recording,,0.2,0.35,0.3,0.45,0.15,0,0.5,instrumental,0,ambient,"""{""""work_focus_low_vocal"""":0.85,""""morning_cloudy_slow"""":0.8,""""deep_night_introspective"""":0.75}""",soft_focus_work,0.85,梦幻氛围电子，软合成器与田野录音交织，朦胧而疏离的声景
Move On,Mike Posner,nostalgic;hopeful;bittersweet,acoustic;vocal_breath;soft_synth,,0.45,0.5,0.4,0.55,0.4,0.7,0.6,en,1,pop,"""{""""evening_city_walk"""":0.8,""""work_focus_low_vocal"""":0.7,""""weekend_slow"""":0.75}""",slow_opening,0.85,Mike Posner 的温暖声线搭配木吉他，传递出怀旧与希望交织的复杂情感
Wildfire,Maps,dreamy;urban;hopeful,soft_synth;reverb_heavy;electric_distant,,0.45,0.5,0.5,0.5,0.45,0,0.5,instrumental,0,synthpop,"""{""""evening_city_walk"""":0.85,""""deep_night_introspective"""":0.8,""""work_focus_low_vocal"""":0.75}""",city_to_inner_room,0.85,梦幻合成器与深远混响营造出都市夜晚的清晰轮廓与希望感
Drop,Hope Sandoval & The Warm Inventions,dreamy;melancholic;detached,soft_synth;reverb_heavy;vocal_breath;electric_distant,,0.25,0.3,0.35,0.4,0.2,0.6,0.7,en,1,dream_pop,"""{""""deep_night_introspective"""":0.85,""""night_clear_lonely"""":0.8,""""evening_city_walk"""":0.75}""",fade_into_inner_space,0.9,Hope Sandoval 慵懒迷离的人声搭配深远混响的合成器，营造出梦幻而疏离的夜晚氛围
Escualo,Javier Girotto,restless;urban;clear,acoustic;jazz_brush;electric_distant,,0.6,0.7,0.55,0.5,0.65,0,0.4,instrumental,0,jazz,"""{""""evening_city_walk"""":0.8,""""work_focus_low_vocal"""":0.7,""""afternoon_warm_idle"""":0.65}""",city_to_inner_room,0.85,拉丁爵士风格，木管与爵士鼓带来都市感与清晰的律动
Love,Unloved,melancholic;urban;bittersweet,electric_distant;vocal_breath;reverb_heavy,,0.35,0.3,0.4,0.35,0.3,0.6,0.7,en,1,indie_pop,"""{""""evening_city_walk"""":0.8,""""deep_night_introspective"""":0.75,""""night_rain_humid"""":0.7}""",city_to_inner_room,0.85,疏离的电吉他与人声，混响厚重，营造出城市夜晚的忧郁与苦涩浪漫
Bedtime Story,Madonna,dreamy;introspective;detached,ambient_pad;soft_synth;reverb_heavy;minimal,,0.25,0.4,0.3,0.45,0.2,0.5,0.6,en,1,electronic,"""{""""deep_night_introspective"""":0.85,""""night_clear_lonely"""":0.8,""""work_focus_low_vocal"""":0.7}""",fade_into_inner_space,0.9,Madonna 的梦幻电子作品，氛围铺底与稀疏人声营造出内省而疏离的深夜质感
守護天使,王菲,warm;nostalgic;dreamy,piano;string;vocal_breath;reverb_heavy,,0.4,0.5,0.45,0.7,0.3,0.65,0.65,zh,1,mandopop,"""{""""evening_city_walk"""":0.8,""""weekend_slow"""":0.75,""""night_clear_lonely"""":0.7}""",slow_opening,0.85,王菲空灵声线搭配钢琴与弦乐，温暖怀旧中带有梦幻感，适合安静独处场景
Last Christmas,Wham!,nostalgic;warm;bittersweet,soft_synth;acoustic;vocal_breath,,0.6,0.65,0.55,0.7,0.5,0.75,0.6,en,1,synthpop,"""{""""evening_city_walk"""":0.8,""""weekend_slow"""":0.7,""""morning_clear_light"""":0.65}""",slow_opening,0.85,经典圣诞流行曲，合成器与温暖人声交织，怀旧而略带感伤
Nuvole bianche,Ludovico Einaudi,introspective;melancholic;restrained,piano;cinematic;minimal,,0.2,0.35,0.25,0.45,0.15,0,0.8,instrumental,0,modern_classical,"""{""""work_focus_low_vocal"""":0.85,""""deep_night_introspective"""":0.8,""""night_rain_humid"""":0.75}""",slow_opening,0.95,Einaudi标志性的极简钢琴，缓慢而富有情感重量，内省与克制并存
Galang,M.I.A.,restless;urban;unresolved,electric_distant;cold_synth;grainy,generic_radio_pop;mainstream_anthem,0.8,0.7,0.75,0.3,0.85,0.8,0.6,en,1,alternative_hip_hop,"""{""""evening_city_walk"""":0.5,""""user_requested_explore"""":0.55,""""night_clear_lonely"""":0.4}""",city_to_inner_room,0.85,M.I.A. 的 Galang 充满不安的都市能量，粗粝的电子音色和重复的节奏营造出紧张而叛逆的氛围，不适合主流场景推荐
In Degrees,Foals,restless;urban;bittersweet,electric_distant;soft_synth;reverb_heavy,,0.65,0.55,0.6,0.45,0.7,0.6,0.5,en,1,indie_rock,"""{""""evening_city_walk"""":0.85,""""deep_night_introspective"""":0.75,""""user_requested_explore"""":0.7}""",city_to_inner_room,0.85,Foals 标志性的吉他回响与律动感，营造出都市夜晚的躁动与怀旧
Tweet,VEE,dreamy;urban;clear,soft_synth;reverb_heavy;electric_distant,,0.45,0.5,0.5,0.5,0.45,0,0.5,instrumental,0,synthwave,"""{""""evening_city_walk"""":0.85,""""deep_night_introspective"""":0.8,""""work_focus_low_vocal"""":0.75}""",city_to_inner_room,0.85,梦幻合成器+深远混响，都市夜晚的清晰轮廓
Crowd,Boys Age,restless;urban;detached,electric_distant;reverb_heavy;cold_synth;minimal,,0.4,0.35,0.5,0.3,0.45,0,0.5,instrumental,0,post_punk,"""{""""evening_city_walk"""":0.8,""""deep_night_introspective"""":0.75,""""work_focus_low_vocal"""":0.7}""",city_to_inner_room,0.85,冷调合成器与深远混响营造出都市疏离感，节奏驱动但克制，适合夜晚城市漫步
Hopelessly Devoted to You,The Tierney Sutton Band,nostalgic;bittersweet;warm,jazz_brush;acoustic;vocal_breath;string,,0.35,0.5,0.4,0.7,0.3,0.6,0.65,en,1,jazz,"""{""""evening_city_walk"""":0.8,""""weekend_slow"""":0.75,""""night_rain_humid"""":0.7}""",afterglow_fading,0.85,爵士标准曲演绎，温暖的人声与轻柔的刷弦鼓、弦乐交织，怀旧而略带苦涩的深情
Hold On Tight,Boney James,warm;clear;sensual,acoustic;jazz_brush;soft_synth;electric_distant,,0.4,0.6,0.45,0.7,0.4,0,0.45,instrumental,0,smooth_jazz,"""{""""work_focus_low_vocal"""":0.85,""""afternoon_warm_idle"""":0.8,""""morning_clear_light"""":0.75}""",soft_focus_work,0.85,Boney James 标志性的温暖萨克斯与流畅节奏，明亮而富有质感的 smooth jazz 作品
Have You Ever Been in Love,Wy,warm;nostalgic;bittersweet,piano;string;vocal_breath,,0.4,0.5,0.45,0.65,0.3,0.7,0.7,en,1,pop,"""{""""evening_city_walk"""":0.8,""""night_clear_lonely"""":0.75,""""weekend_slow"""":0.7}""",slow_opening,0.85,温暖钢琴与弦乐编排，人声深情，怀旧中带一丝苦涩的抒情流行
Colors of Love,Thomas Bergersen,warm;hopeful;bittersweet,string;cinematic;piano;vocal_breath,,0.45,0.6,0.55,0.7,0.4,0.3,0.65,instrumental,0,cinematic_orchestral,"""{""""morning_clear_light"""":0.8,""""afternoon_warm_idle"""":0.75,""""evening_city_walk"""":0.7}""",slow_opening,0.85,史诗级管弦乐编排，弦乐与钢琴交织出温暖而略带感伤的希望感
Marilyn & John,Vanessa Paradis,nostalgic;warm;bittersweet,acoustic;vocal_breath;string;soft_synth,,0.35,0.5,0.4,0.6,0.3,0.6,0.65,en,1,chanson,"""{""""evening_city_walk"""":0.8,""""morning_cloudy_slow"""":0.7,""""weekend_slow"""":0.75}""",slow_opening,0.85,Vanessa Paradis 慵懒而温暖的声线，木吉他与人声交织，怀旧中带着淡淡的苦涩
If You Were There,Wham!,warm;nostalgic;hopeful,soft_synth;vocal_breath;electric_distant,,0.6,0.65,0.55,0.7,0.6,0.75,0.5,en,1,pop,"""{""""evening_city_walk"""":0.8,""""weekend_slow"""":0.7,""""morning_clear_light"""":0.65}""",slow_opening,0.85,Wham! 的经典流行曲风，温暖的人声与合成器营造怀旧而充满希望的氛围
Don't Want To Do It Again,The Leisure Society,melancholic;restrained;bittersweet,acoustic;string;vocal_breath;reverb_heavy,,0.35,0.4,0.45,0.5,0.3,0.6,0.7,en,1,indie_folk,"""{""""evening_city_walk"""":0.8,""""deep_night_introspective"""":0.75,""""work_focus_low_vocal"""":0.7}""",afterglow_fading,0.85,木吉他与弦乐交织，人声轻柔而克制，营造出略带忧郁的怀旧氛围
Kiss Me More (feat. SZA),Doja Cat,sensual;urban;hopeful,soft_synth;vocal_breath;electric_distant,,0.65,0.7,0.6,0.55,0.7,0.8,0.4,en,1,pop,"""{""""evening_city_walk"""":0.8,""""user_requested_explore"""":0.75,""""weekend_slow"""":0.7}""",city_to_inner_room,0.85,性感而自信的流行曲，合成器律动与人声交织，适合都市夜晚漫步
沐春風,謝安琪,warm;nostalgic;hopeful,acoustic;string;vocal_breath;piano,,0.4,0.55,0.45,0.7,0.35,0.65,0.6,zh,1,mandopop,"""{""""morning_clear_light"""":0.8,""""afternoon_warm_idle"""":0.75,""""weekend_slow"""":0.7}""",slow_opening,0.85,謝安琪溫暖聲線搭配鋼琴與弦樂，營造出懷舊而充滿希望的春日氛圍
Jello on my Mind,Half Moon Run,dreamy;restless;bittersweet,soft_synth;reverb_heavy;vocal_breath;electric_distant,,0.4,0.45,0.5,0.5,0.4,0.6,0.6,en,1,indie_rock,"""{""""evening_city_walk"""":0.8,""""deep_night_introspective"""":0.75,""""night_clear_lonely"""":0.7}""",city_to_inner_room,0.85,迷幻的合成器与深远混响，人声带着不安与怀旧，适合夜晚城市漫步
LEFT-EYE,林ゆうき,restrained;melancholic;introspective,piano;string;minimal;cinematic,,0.2,0.3,0.25,0.35,0.15,0,0.7,instrumental,0,modern_classical,"""{""""work_focus_low_vocal"""":0.85,""""deep_night_introspective"""":0.8,""""night_rain_humid"""":0.75}""",slow_opening,0.85,钢琴与弦乐交织的极简配乐，克制而内省，带有淡淡的忧郁
The One,JMSN,melancholic;bittersweet;restrained,soft_synth;vocal_breath;reverb_heavy;electric_distant,,0.35,0.4,0.45,0.5,0.3,0.6,0.7,en,1,alternative_r&b,"""{""""deep_night_introspective"""":0.85,""""evening_city_walk"""":0.8,""""night_rain_humid"""":0.75}""",fade_into_inner_space,0.85,JMSN 的脆弱人声与软合成器、深远混响交织，营造出克制而苦涩的深夜氛围
Hide And Seek,Onra,dreamy;urban;nostalgic,soft_synth;lofi_dust;reverb_heavy;electric_distant,,0.4,0.5,0.45,0.55,0.4,0,0.5,instrumental,0,lo_fi,"""{""""evening_city_walk"""":0.85,""""work_focus_low_vocal"""":0.8,""""deep_night_introspective"""":0.75}""",city_to_inner_room,0.85,梦幻的 lo-fi 节拍，软合成器与混响营造出都市夜晚的怀旧氛围
小城大事,杨千嬅,nostalgic;bittersweet;melancholic,piano;string;vocal_breath,,0.4,0.45,0.5,0.55,0.35,0.7,0.75,zh,1,cantopop,"""{""""evening_city_walk"""":0.8,""""night_rain_humid"""":0.75,""""deep_night_introspective"""":0.7}""",slow_opening,0.9,杨千嬅深情演绎的粤语抒情曲，钢琴与弦乐交织，怀旧与苦涩交织的情感重量
Push It,Salt-N-Pepa,urban;restless;hopeful,electric_distant;cold_synth;vocal_breath,,0.8,0.7,0.75,0.4,0.85,0.9,0.5,en,1,hip_hop,"""{""""evening_city_walk"""":0.85,""""user_requested_explore"""":0.8,""""afternoon_warm_idle"""":0.7}""",city_to_inner_room,0.85,经典嘻哈舞曲，强劲的节奏和自信的人声，充满都市活力与律动感
See U Again,sir Was,dreamy;warm;nostalgic,soft_synth;lofi_dust;ambient_pad;vocal_breath,,0.35,0.45,0.4,0.6,0.3,0.5,0.55,en,1,lo_fi,"""{""""work_focus_low_vocal"""":0.85,""""morning_cloudy_slow"""":0.8,""""evening_city_walk"""":0.75}""",soft_focus_work,0.85,温暖的 lo-fi 氛围，软合成器与轻度失真纹理，人声轻柔，适合专注或悠闲场景
Wildthing's Arm,Schroeder-Headz,dreamy;misty;restrained,piano;ambient_pad;minimal,,0.2,0.35,0.25,0.45,0.15,0,0.6,instrumental,0,modern_classical,"""{""""work_focus_low_vocal"""":0.85,""""deep_night_introspective"""":0.8,""""morning_cloudy_slow"""":0.75}""",soft_focus_work,0.85,钢琴与氛围垫交织，朦胧而克制的现代古典作品，适合专注或内省场景
Colorless,Copeland,melancholic;dreamy;restrained,soft_synth;reverb_heavy;vocal_breath;electric_distant,,0.35,0.4,0.45,0.5,0.3,0.6,0.7,en,1,indie_rock,"""{""""deep_night_introspective"""":0.85,""""night_rain_humid"""":0.8,""""work_focus_low_vocal"""":0.7}""",fade_into_inner_space,0.85,梦幻摇滚氛围，混响厚重的人声与合成器营造出克制而忧郁的夜晚质感
Chains & Whips,Clipse,urban;restless;unresolved,electric_distant;cold_synth;grainy,,0.7,0.4,0.7,0.3,0.75,0.8,0.6,en,1,hip_hop,"""{""""evening_city_walk"""":0.85,""""deep_night_introspective"""":0.7,""""user_requested_explore"""":0.75}""",city_to_inner_room,0.85,硬核说唱，冷峻合成器与粗粝质感，都市不安与未解情绪
ゴリラがバナナをくれる日,坂本龍一,warm;nostalgic;bittersweet,piano;acoustic;string;field_recording,,0.25,0.5,0.3,0.6,0.2,0,0.65,instrumental,0,modern_classical,"""{""""morning_cloudy_slow"""":0.8,""""afternoon_warm_idle"""":0.75,""""work_focus_low_vocal"""":0.7}""",slow_opening,0.85,坂本龍一的钢琴与弦乐交织，带有田野录音的自然感，温暖而略带怀旧
River Flows In You,Yiruma,introspective;melancholic;restrained,piano;minimal;cinematic,,0.15,0.35,0.2,0.45,0.1,0,0.8,instrumental,0,modern_classical,"""{""""work_focus_low_vocal"""":0.9,""""deep_night_introspective"""":0.85,""""night_rain_humid"""":0.8}""",slow_opening,0.95,钢琴独奏，旋律优美而克制，充满内省与淡淡的忧伤，能量极低
The Age Of Immunology,Vanishing Twin,restless;unresolved;dreamy,cold_synth;field_recording;reverb_heavy;electric_distant,,0.55,0.4,0.6,0.3,0.5,0.4,0.6,en,1,art_pop,"""{""""evening_city_walk"""":0.8,""""deep_night_introspective"""":0.75,""""user_requested_explore"""":0.7}""",city_to_inner_room,0.85,冷调合成器与实验性声景，不安且梦幻，适合都市夜晚的内省探索
What?,Soft Cell,urban;restless;melancholic,cold_synth;electric_distant;reverb_heavy,,0.6,0.4,0.55,0.3,0.6,0.7,0.65,en,1,synthpop,"""{""""evening_city_walk"""":0.8,""""deep_night_introspective"""":0.7,""""night_clear_lonely"""":0.65}""",city_to_inner_room,0.85,冷调合成器与疏离人声，都市夜晚的焦躁与怀旧
Graduation Song ~Pieces of Memory~ (Full Size),Kitkit Lu,nostalgic;warm;hopeful,piano;string;vocal_breath;acoustic,,0.45,0.55,0.5,0.65,0.4,0.7,0.6,zh,1,mandopop,"""{""""evening_city_walk"""":0.8,""""weekend_slow"""":0.75,""""morning_clear_light"""":0.7}""",slow_opening,0.85,温暖钢琴与弦乐编排，人声清澈，充满毕业季的怀旧与希望
People,Holy Holy,introspective;melancholic;restrained,acoustic;string;vocal_breath;reverb_heavy,,0.35,0.4,0.45,0.5,0.3,0.6,0.7,en,1,indie_folk,"""{""""deep_night_introspective"""":0.85,""""work_focus_low_vocal"""":0.8,""""night_rain_humid"""":0.75}""",fade_into_inner_space,0.85,木吉他与弦乐交织，人声带着呼吸感与混响，营造内省而克制的氛围
The Crave,Ennio Morricone / Amedeo Tommasi,warm;nostalgic;restrained,piano;acoustic;jazz_brush,,0.3,0.55,0.35,0.7,0.4,0,0.5,instrumental,0,jazz,"""{""""morning_clear_light"""":0.8,""""afternoon_warm_idle"""":0.75,""""work_focus_low_vocal"""":0.7}""",soft_focus_work,0.85,爵士钢琴独奏，温暖怀旧，节奏轻柔如午后阳光
Bellevue Bridge Club,Andrew Bird,warm;nostalgic;bittersweet,acoustic;string;vocal_breath;cinematic,,0.4,0.55,0.45,0.65,0.35,0.6,0.65,en,1,indie_folk,"""{""""evening_city_walk"""":0.8,""""afternoon_warm_idle"""":0.75,""""weekend_slow"""":0.7}""",slow_opening,0.85,Andrew Bird 的温暖声线与弦乐编排，营造怀旧而略带苦涩的午后氛围
Aye (feat. Travis Scott),Lil Uzi Vert,restless;urban;unresolved,soft_synth;electric_distant;reverb_heavy,,0.7,0.6,0.7,0.4,0.75,0.85,0.5,en,1,trap,"""{""""evening_city_walk"""":0.55,""""deep_night_introspective"""":0.5,""""user_requested_explore"""":0.6}""",city_to_inner_room,0.8,Trap 节拍与 Travis Scott 的 ad-libs 带来都市躁动感，但能量偏高且人声主导，不适合安静场景
Billie Jean,Michael Jackson,urban;restless;clear,cold_synth;electric_distant;soft_synth,,0.7,0.6,0.7,0.4,0.8,0.8,0.5,en,1,pop,"""{""""evening_city_walk"""":0.8,""""user_requested_explore"""":0.7,""""work_focus_low_vocal"""":0.5}""",city_to_inner_room,0.85,标志性的合成器贝斯和鼓机驱动，都市感强烈，节奏明快但带有克制和神秘感
Sexy Back,Justin Timberlake,sensual;urban;restless,electric_distant;cold_synth;vocal_breath,mainstream_anthem,0.8,0.7,0.75,0.4,0.85,0.9,0.3,en,1,pop,"""{""""evening_city_walk"""":0.55,""""user_requested_explore"""":0.5,""""night_clear_lonely"""":0.4}""",city_to_inner_room,0.85,高能量流行舞曲，性感节奏与冷调合成器营造都市夜店氛围，但带有主流 anthem 特质
Phone Number,Balthazar,urban;restless;bittersweet,electric_distant;soft_synth;vocal_breath,,0.55,0.5,0.55,0.4,0.5,0.6,0.6,en,1,indie_rock,"""{""""evening_city_walk"""":0.85,""""deep_night_introspective"""":0.75,""""user_requested_explore"""":0.7}""",city_to_inner_room,0.85,都市感独立摇滚，电吉他远距离音色与人声交织，带有一丝不安与怀旧
Feeling Ok,Best Coast,warm;hopeful;clear,acoustic;soft_synth;vocal_breath,,0.55,0.6,0.45,0.65,0.5,0.7,0.4,en,1,indie_pop,"""{""""morning_clear_light"""":0.8,""""afternoon_warm_idle"""":0.75,""""weekend_slow"""":0.7}""",soft_focus_work,0.85,温暖明亮的独立流行，轻快的吉他和人声传递出积极、放松的情绪
Departures ～あなたにおくるアイの歌～,EGOIST,melancholic;dreamy;nostalgic,soft_synth;vocal_breath;string;reverb_heavy,,0.4,0.45,0.5,0.5,0.35,0.75,0.7,ja,1,j_pop,"""{""""evening_city_walk"""":0.8,""""deep_night_introspective"""":0.75,""""night_clear_lonely"""":0.7}""",slow_opening,0.85,EGOIST 空灵的人声与合成器铺底，营造出忧郁而梦幻的离别氛围
"""Turandot (2008 Remastered Version), Act III""",Scene I:Nessum dorma! - Coro del Teatro alla Scala di Milano / Elisabeth Schwarzkopf / Elisabetta Fusco / Eugenio Fernandi / Giulio Mauri / Giuseppe Nessi / Maria Callas / Mario Borriello / Nicola Zaccaria / Orchestra Del Teatro Alla Scala Di Milan / Orchestra del Teatro alla Scala di Milano / Piero de Palma / Pinuccia Perotti,melancholic;bittersweet;restrained,string;cinematic;vocal_breath;piano,,0.6,0.4,0.7,0.5,0.3,0.9,0.85,it,1,opera,"""{""""deep_night_introspective"""":0.8,""""night_clear_lonely"""":0.75,""""work_focus_low_vocal"""":0.6}""",slow_opening,0.9,歌剧经典咏叹调，宏大的管弦乐与戏剧性人声交织，充满悲壮与渴望的张力
Mondrian,Ikarus,dreamy;clear;restrained,soft_synth;ambient_pad;minimal,,0.25,0.5,0.3,0.45,0.2,0,0.4,instrumental,0,ambient,"""{""""work_focus_low_vocal"""":0.85,""""morning_cloudy_slow"""":0.8,""""deep_night_introspective"""":0.75}""",soft_focus_work,0.85,柔和合成器与氛围铺垫，简约而清晰，适合专注或内省场景
Iolanda,Bill Pritchard,melancholic;nostalgic;bittersweet,acoustic;string;vocal_breath,,0.35,0.4,0.4,0.5,0.3,0.6,0.7,en,1,chamber_pop,"""{""""evening_city_walk"""":0.8,""""deep_night_introspective"""":0.75,""""night_rain_humid"""":0.7}""",slow_opening,0.85,Bill Pritchard 的轻柔声线与木吉他、弦乐交织，营造出怀旧而略带忧郁的室内流行氛围
Inorganic Streams,CFCF,detached;restrained;misty,cold_synth;ambient_pad;minimal;reverb_heavy,,0.25,0.3,0.25,0.2,0.15,0,0.6,instrumental,0,ambient,"""{""""work_focus_low_vocal"""":0.85,""""deep_night_introspective"""":0.8,""""night_rain_humid"""":0.75}""",afterglow_fading,0.85,冷调合成器与空旷混响营造出无机、疏离的氛围，适合专注或深夜聆听
Alia's Fane,Post Harbor.,dreamy;introspective;melancholic,ambient_pad;soft_synth;reverb_heavy;minimal,,0.2,0.35,0.25,0.4,0.15,0,0.7,instrumental,0,ambient,"""{""""deep_night_introspective"""":0.85,""""night_clear_lonely"""":0.8,""""work_focus_low_vocal"""":0.75}""",fade_into_inner_space,0.85,氛围电子作品，软合成器与深远混响营造出梦幻而内省的声景，能量低且密度稀疏
One Way Or Another - Remastered 2001,Blondie,restless;urban;hopeful,electric_distant;soft_synth;reverb_heavy,,0.7,0.6,0.65,0.5,0.7,0.8,0.4,en,1,new_wave,"""{""""evening_city_walk"""":0.8,""""user_requested_explore"""":0.75,""""morning_clear_light"""":0.65}""",city_to_inner_room,0.85,新浪潮经典，强劲的吉他节奏与Debbie Harry充满活力的嗓音，都市感与不安的律动
Burn,SUNMI,urban;restless;bittersweet,soft_synth;cold_synth;electric_distant,,0.6,0.5,0.6,0.4,0.6,0.7,0.6,ko,1,k_pop,"""{""""evening_city_walk"""":0.8,""""deep_night_introspective"""":0.75,""""user_requested_explore"""":0.7}""",city_to_inner_room,0.85,宣美的都市感流行，合成器与冷调音色交织，带有一丝不安与怀旧
Autumn Leaves,101 Strings Orchestra,melancholic;nostalgic;restrained,string;cinematic;reverb_heavy,,0.25,0.35,0.4,0.45,0.2,0,0.7,instrumental,0,easy_listening,"""{""""evening_city_walk"""":0.8,""""deep_night_introspective"""":0.75,""""night_rain_humid"""":0.7}""",afterglow_fading,0.85,经典弦乐编排的爵士标准曲，深沉而怀旧的秋日氛围
Tansman: Musique de cour d'après Robert de Visée: IV. Gavotte et Musette,Alexandre Tansman,restrained;clear;nostalgic,acoustic;minimal;cinematic,,0.25,0.5,0.3,0.45,0.25,0,0.5,instrumental,0,classical,"""{""""morning_clear_light"""":0.8,""""work_focus_low_vocal"""":0.75,""""afternoon_warm_idle"""":0.7}""",slow_opening,0.85,古典吉他作品，清晰而克制的巴洛克风格舞曲，带有怀旧与宫廷气息
Josef Suk: Ballade in D minor,Op.3,melancholic;introspective;restrained,piano;cinematic;minimal,,0.2,0.3,0.25,0.35,0.15,0,0.8,instrumental,0,classical,"""{""""work_focus_low_vocal"""":0.85,""""deep_night_introspective"""":0.8,""""night_rain_humid"""":0.75}""",slow_opening,0.9,德沃夏克风格的浪漫主义钢琴独奏，D小调带来深沉忧郁与内省，节奏缓慢而克制
Walk on By,Noosa,nostalgic;urban;bittersweet,soft_synth;reverb_heavy;vocal_breath;electric_distant,,0.4,0.45,0.5,0.5,0.4,0.7,0.65,en,1,synthpop,"""{""""evening_city_walk"""":0.85,""""deep_night_introspective"""":0.8,""""night_clear_lonely"""":0.75}""",city_to_inner_room,0.85,合成器驱动的都市感怀旧，人声空灵而略带苦涩，适合夜晚城市漫步
不想睡,梁静茹,warm;nostalgic;hopeful,acoustic;vocal_breath;string;soft_synth,,0.4,0.55,0.45,0.65,0.35,0.7,0.6,zh,1,mandopop,"""{""""evening_city_walk"""":0.8,""""weekend_slow"""":0.75,""""night_clear_lonely"""":0.7}""",slow_opening,0.85,梁静茹温暖声线搭配木吉他弦乐，怀旧中带着希望，适合夜晚独处
I Found Love,Massimo Amato,warm;hopeful;nostalgic,piano;string;soft_synth,,0.35,0.6,0.4,0.7,0.3,0,0.5,instrumental,0,neoclassical,"""{""""morning_clear_light"""":0.8,""""afternoon_warm_idle"""":0.75,""""work_focus_low_vocal"""":0.7}""",soft_focus_work,0.85,温暖的钢琴与弦乐编排，明亮而充满希望，适合专注或放松场景
Don’t Smile,Sabrina Carpenter,restrained;bittersweet;unresolved,soft_synth;vocal_breath;reverb_heavy,,0.4,0.45,0.5,0.4,0.35,0.75,0.65,en,1,pop,"""{""""evening_city_walk"""":0.7,""""deep_night_introspective"""":0.65,""""night_clear_lonely"""":0.6}""",city_to_inner_room,0.85,克制的人声与合成器氛围，带有未解的情感张力，适合夜晚独处场景
绿袖子,陈川,nostalgic;melancholic;warm,acoustic;string;minimal,,0.25,0.4,0.3,0.6,0.2,0,0.7,instrumental,0,folk,"""{""""morning_cloudy_slow"""":0.8,""""work_focus_low_vocal"""":0.75,""""night_rain_humid"""":0.7}""",slow_opening,0.85,经典民谣旋律的器乐改编，木吉他与弦乐交织出怀旧而温暖的忧伤
Side To Side,Ariana Grande,urban;restless;hopeful,soft_synth;vocal_breath;electric_distant,,0.7,0.6,0.65,0.5,0.7,0.85,0.4,en,1,pop,"""{""""evening_city_walk"""":0.7,""""user_requested_explore"""":0.65,""""work_focus_low_vocal"""":0.5}""",city_to_inner_room,0.85,Ariana Grande 的流行曲目，合成器驱动，节奏明快，人声突出，带有都市感和活力
Devoted To,Lightning Dust,introspective;melancholic;restrained,piano;reverb_heavy;vocal_breath;minimal,,0.25,0.3,0.35,0.4,0.2,0.6,0.75,en,1,indie_folk,"""{""""deep_night_introspective"""":0.85,""""night_rain_humid"""":0.8,""""work_focus_low_vocal"""":0.7}""",fade_into_inner_space,0.85,钢琴与空灵人声交织，缓慢而内省，带有克制的情感重量
Drip Drip Drip,植地雅哉,misty;restrained;melancholic,piano;ambient_pad;field_recording;minimal,,0.2,0.3,0.25,0.35,0.1,0,0.7,instrumental,0,ambient,"""{""""morning_cloudy_slow"""":0.85,""""night_rain_humid"""":0.8,""""work_focus_low_vocal"""":0.75}""",rain_on_glass,0.85,钢琴与氛围垫音交织，伴有环境录音，营造出朦胧而克制的雨滴质感
Black Hole Star - Demo,The Wolfgang Press,restless;melancholic;unresolved,electric_distant;cold_synth;reverb_heavy,,0.4,0.3,0.55,0.25,0.45,0.6,0.7,en,1,post_punk,"""{""""deep_night_introspective"""":0.8,""""night_clear_lonely"""":0.75,""""evening_city_walk"""":0.7}""",city_to_inner_room,0.85,Demo 质感带来未完成的不安，冷合成器与遥远电吉他营造出城市夜晚的疏离与内省
Amor Anciano,Maria Usbeck,nostalgic;warm;dreamy,acoustic;soft_synth;vocal_breath,,0.35,0.5,0.4,0.6,0.3,0.6,0.55,es,1,indie_pop,"""{""""morning_clear_light"""":0.8,""""afternoon_warm_idle"""":0.75,""""evening_city_walk"""":0.7}""",slow_opening,0.85,温暖的木吉他与软合成器交织，Maria Usbeck 轻柔人声带来怀旧而梦幻的拉丁风情
Answering The Door,Rachael Yamagata,introspective;melancholic;restrained,piano;vocal_breath;string,,0.25,0.3,0.35,0.4,0.2,0.6,0.75,en,1,singer_songwriter,"""{""""deep_night_introspective"""":0.85,""""night_rain_humid"""":0.8,""""work_focus_low_vocal"""":0.7}""",slow_opening,0.85,钢琴与弦乐铺垫，Rachael Yamagata 低沉脆弱的人声，内省而克制的情感表达
Silver Trees,Fire! Orchestra,restless;unresolved;melancholic,electric_distant;cinematic;reverb_heavy,,0.6,0.4,0.7,0.3,0.5,0,0.75,instrumental,0,experimental_jazz,"""{""""deep_night_introspective"""":0.8,""""night_rain_humid"""":0.7,""""work_focus_low_vocal"""":0.6}""",city_to_inner_room,0.85,大型爵士乐团编排，电声与混响营造不安而宏大的氛围，能量中等偏高但情绪沉重
氣球,許哲珮,dreamy;nostalgic;bittersweet,piano;vocal_breath;string;reverb_heavy,,0.35,0.5,0.4,0.55,0.3,0.7,0.65,zh,1,mandopop,"""{""""evening_city_walk"""":0.8,""""night_clear_lonely"""":0.75,""""weekend_slow"""":0.7}""",slow_opening,0.85,許哲珮的輕柔聲線與鋼琴弦樂交織，營造出夢幻懷舊又帶點苦澀的氛圍
Violeta,IZ*ONE,hopeful;warm;nostalgic,soft_synth;string;vocal_breath,,0.6,0.65,0.55,0.6,0.55,0.75,0.5,ko,1,k_pop,"""{""""morning_clear_light"""":0.7,""""evening_city_walk"""":0.65,""""weekend_slow"""":0.6}""",slow_opening,0.85,IZ*ONE 的明亮合成器与弦乐编排，温暖怀旧但充满希望，能量略高于中等抒情
Take My Chances,Charlie Collins,hopeful;warm;bittersweet,acoustic;vocal_breath;string,,0.45,0.55,0.4,0.65,0.4,0.7,0.6,en,1,folk_pop,"""{""""morning_clear_light"""":0.8,""""weekend_slow"""":0.75,""""evening_city_walk"""":0.7}""",slow_opening,0.85,温暖的木吉他与人声，带着希望与淡淡的苦涩，适合清晨或悠闲时刻
The Departure,Michael Nyman,melancholic;restrained;introspective,piano;string;cinematic;minimal,,0.2,0.3,0.25,0.35,0.15,0,0.85,instrumental,0,modern_classical,"""{""""deep_night_introspective"""":0.9,""""work_focus_low_vocal"""":0.85,""""night_rain_humid"""":0.8}""",slow_opening,0.95,Michael Nyman 标志性的极简钢琴与弦乐，缓慢而克制，充满离别与内省的情感重量
On The Nature Of Daylight - Piano Version,Michael Forster,introspective;melancholic;restrained,piano;minimal;cinematic,,0.15,0.3,0.2,0.35,0.1,0,0.8,instrumental,0,modern_classical,"""{""""work_focus_low_vocal"""":0.9,""""deep_night_introspective"""":0.85,""""night_rain_humid"""":0.8}""",afterglow_fading,0.9,钢琴独奏版本，极简而克制，旋律中充满内省与淡淡的忧伤，适合深度专注或夜晚沉思
It's About the Rose in the Vase On the Table,Karen Marie Garrett,introspective;melancholic;restrained,piano;minimal;cinematic,,0.15,0.3,0.2,0.45,0.1,0,0.8,instrumental,0,modern_classical,"""{""""work_focus_low_vocal"""":0.85,""""deep_night_introspective"""":0.8,""""night_rain_humid"""":0.75}""",slow_opening,0.9,钢琴独奏，缓慢而内省，充满留白与静谧的忧伤
Groovin',黒沢 薫,warm;nostalgic;hopeful,acoustic;soft_synth;vocal_breath,,0.45,0.55,0.4,0.65,0.5,0.6,0.5,ja,1,j_pop,"""{""""evening_city_walk"""":0.8,""""afternoon_warm_idle"""":0.75,""""weekend_slow"""":0.7}""",slow_opening,0.85,黒沢薫的温暖声线搭配轻快的节奏，带来怀旧而充满希望的午后律动
I'm Real,Jennifer Lopez,urban;restless;hopeful,soft_synth;vocal_breath;electric_distant,,0.65,0.6,0.55,0.5,0.7,0.8,0.45,en,1,pop,"""{""""evening_city_walk"""":0.75,""""user_requested_explore"""":0.7,""""weekend_slow"""":0.65}""",city_to_inner_room,0.85,都市流行风格，节奏感强，人声突出，带有不安与期待的情绪
Masterpiece,Madonna,urban;hopeful;clear,soft_synth;vocal_breath;electric_distant,,0.6,0.65,0.55,0.5,0.6,0.8,0.5,en,1,pop,"""{""""evening_city_walk"""":0.75,""""work_focus_low_vocal"""":0.65,""""user_requested_explore"""":0.7}""",city_to_inner_room,0.85,Madonna 的流行作品，合成器与自信人声营造都市感与希望氛围
人质,张惠妹,melancholic;restrained;bittersweet,piano;vocal_breath;string,,0.35,0.4,0.45,0.5,0.3,0.7,0.75,zh,1,mandopop,"""{""""deep_night_introspective"""":0.85,""""night_rain_humid"""":0.8,""""work_focus_low_vocal"""":0.7}""",slow_opening,0.9,张惠妹的深情演绎配合钢琴与弦乐，营造出克制而苦涩的抒情氛围
Expiry Date,Thomston,melancholic;bittersweet;restrained,soft_synth;vocal_breath;reverb_heavy,,0.35,0.4,0.45,0.35,0.3,0.6,0.7,en,1,art_pop,"""{""""deep_night_introspective"""":0.85,""""night_rain_humid"""":0.8,""""work_focus_low_vocal"""":0.7}""",fade_into_inner_space,0.85,Thomston 的脆弱人声与软合成器营造出克制而苦涩的怀旧氛围，适合深夜内省场景
Satisfaction Guaranteed,Two Door Cinema Club,restless;urban;hopeful,electric_distant;soft_synth;reverb_heavy,,0.65,0.6,0.55,0.4,0.7,0.6,0.45,en,1,indie_rock,"""{""""evening_city_walk"""":0.85,""""user_requested_explore"""":0.75,""""work_focus_low_vocal"""":0.7}""",city_to_inner_room,0.85,明快吉他驱动的独立摇滚，节奏感强，带有都市探索的活力与希望感
Farewell,Folding Leaves,melancholic;introspective;lonely,piano;minimal;reverb_heavy,,0.15,0.25,0.2,0.3,0.1,0,0.8,instrumental,0,modern_classical,"""{""""deep_night_introspective"""":0.9,""""night_rain_humid"""":0.85,""""work_focus_low_vocal"""":0.8}""",afterglow_fading,0.9,极简钢琴独奏，缓慢而空旷，充满告别与内省的孤独感
Movie (feat. Abra Cadabra),ONEFOUR,urban;restless;bittersweet,electric_distant;cold_synth;reverb_heavy,,0.65,0.4,0.7,0.3,0.7,0.8,0.6,en,1,drill,"""{""""evening_city_walk"""":0.8,""""deep_night_introspective"""":0.7,""""user_requested_explore"""":0.75}""",city_to_inner_room,0.85,硬朗的 drill 节拍与冷调合成器，都市街头的不安与坚韧
Talk,Two Door Cinema Club,restless;urban;hopeful,electric_distant;soft_synth;reverb_heavy,,0.65,0.6,0.55,0.45,0.7,0.6,0.4,en,1,indie_rock,"""{""""evening_city_walk"""":0.8,""""work_focus_low_vocal"""":0.6,""""user_requested_explore"""":0.7}""",city_to_inner_room,0.85,节奏明快的独立摇滚，电吉他远距混响搭配合成器，充满都市律动与希望感
Darkest Hour,Dez Mona,melancholic;restrained;unresolved,piano;vocal_breath;reverb_heavy;minimal,,0.25,0.2,0.3,0.3,0.15,0.6,0.8,en,1,art_pop,"""{""""deep_night_introspective"""":0.85,""""night_rain_humid"""":0.8,""""work_focus_low_vocal"""":0.7}""",fade_into_inner_space,0.85,钢琴与脆弱人声主导，深沉内省，充满未解的情感重量
Ocean Floor,Teen Daze,dreamy;misty;restrained,ambient_pad;soft_synth;field_recording;minimal,,0.2,0.35,0.3,0.45,0.15,0,0.5,instrumental,0,ambient,"""{""""work_focus_low_vocal"""":0.85,""""morning_cloudy_slow"""":0.8,""""deep_night_introspective"""":0.75}""",soft_focus_work,0.9,梦幻氛围电子，软合成器与田野录音营造出朦胧、克制的海底声景
MMX (The Social Song),Enigma,dreamy;misty;restrained,ambient_pad;soft_synth;reverb_heavy;minimal,,0.25,0.35,0.3,0.4,0.2,0,0.6,instrumental,0,new_age,"""{""""work_focus_low_vocal"""":0.85,""""deep_night_introspective"""":0.8,""""night_rain_humid"""":0.75}""",soft_focus_work,0.85,Enigma 标志性的氛围合成器与空灵声景，营造出梦幻而克制的冥想氛围
When Anger Turns to Honey,Chelsea Wolfe,melancholic;unresolved;restrained,reverb_heavy;electric_distant;vocal_breath;cinematic,,0.35,0.3,0.55,0.35,0.25,0.6,0.8,en,1,dark_folk,"""{""""deep_night_introspective"""":0.85,""""night_rain_humid"""":0.8,""""work_focus_low_vocal"""":0.7}""",fade_into_inner_space,0.85,Chelsea Wolfe 标志性的黑暗民谣，沉重混响与疏离人声交织出悬而未决的忧郁氛围
"""Petite Suite de Concert, Op. 77: III. Un sonnet d'amour""",Samuel Coleridge-Taylor,warm;nostalgic;bittersweet,string;piano;cinematic,,0.3,0.5,0.4,0.65,0.25,0,0.7,instrumental,0,classical,"""{""""morning_clear_light"""":0.8,""""afternoon_warm_idle"""":0.75,""""evening_city_walk"""":0.7}""",slow_opening,0.85,浪漫主义风格的弦乐与钢琴小品，温暖怀旧中带有一丝感伤
Hard Time - Kretsen Remix,Seinabo Sey,restless;urban;bittersweet,cold_synth;electric_distant;reverb_heavy,,0.6,0.4,0.6,0.35,0.65,0.7,0.6,en,1,electronic_pop,"""{""""evening_city_walk"""":0.8,""""deep_night_introspective"""":0.7,""""user_requested_explore"""":0.65}""",city_to_inner_room,0.85,冷调合成器与重混响营造出都市夜晚的躁动与苦涩，人声有力但疏离
Could've Been (feat. Bryson Tiller),H.E.R.,nostalgic;bittersweet;warm,acoustic;soft_synth;vocal_breath;string,,0.4,0.45,0.5,0.6,0.35,0.75,0.7,en,1,r&b,"""{""""evening_city_walk"""":0.85,""""deep_night_introspective"""":0.8,""""night_rain_humid"""":0.75}""",afterglow_fading,0.9,H.E.R. 的柔滑 R&B 声线与 Bryson Tiller 的和声交织，木吉他与合成器营造出怀旧而温暖的遗憾氛围
Eismeer,Ulrike Haage,introspective;melancholic;restrained,piano;minimal;cold_synth;ambient_pad,,0.12,0.25,0.2,0.3,0.08,0,0.8,instrumental,0,modern_classical,"""{""""work_focus_low_vocal"""":0.9,""""deep_night_introspective"""":0.85,""""night_rain_humid"""":0.8}""",afterglow_fading,0.9,极简钢琴与冷调合成器营造出冰海般的孤寂与内省，近乎静止的质感
Under Pressure (Remastered),David Bowie,restless;urban;bittersweet,electric_distant;vocal_breath;reverb_heavy,,0.65,0.55,0.6,0.5,0.6,0.8,0.7,en,1,art_rock,"""{""""evening_city_walk"""":0.85,""""deep_night_introspective"""":0.75,""""user_requested_explore"""":0.8}""",city_to_inner_room,0.9,标志性的贝斯线驱动，Bowie 与 Queen 的声线交织，都市压力下的不安与怀旧
Half Past Nine,Close Talker,nostalgic;warm;bittersweet,acoustic;soft_synth;vocal_breath,,0.4,0.5,0.45,0.6,0.35,0.6,0.65,en,1,indie_pop,"""{""""evening_city_walk"""":0.8,""""weekend_slow"""":0.75,""""morning_cloudy_slow"""":0.7}""",slow_opening,0.85,温暖的木吉他与轻柔合成器交织，怀旧而略带苦涩的独立流行质感
Longing for You,Carl Broemel,melancholic;nostalgic;bittersweet,acoustic;string;vocal_breath;reverb_heavy,,0.35,0.4,0.4,0.5,0.3,0.6,0.7,en,1,indie_folk,"""{""""evening_city_walk"""":0.8,""""deep_night_introspective"""":0.75,""""night_rain_humid"""":0.7}""",afterglow_fading,0.85,木吉他与弦乐交织，人声带着呼吸感与混响，营造出怀旧而略带苦涩的思念氛围
You Got Me,Guards,nostalgic;urban;hopeful,soft_synth;electric_distant;reverb_heavy,,0.55,0.5,0.55,0.5,0.5,0.7,0.5,en,1,indie_rock,"""{""""evening_city_walk"""":0.85,""""deep_night_introspective"""":0.8,""""user_requested_explore"""":0.7}""",city_to_inner_room,0.85,复古合成器与模糊人声交织，营造出都市夜晚的怀旧与期待感
Shadow,朱婧汐,introspective;melancholic;restrained,cold_synth;reverb_heavy;vocal_breath;minimal,,0.25,0.3,0.35,0.3,0.2,0.6,0.7,zh,1,art_pop,"""{""""deep_night_introspective"""":0.85,""""night_clear_lonely"""":0.8,""""work_focus_low_vocal"""":0.7}""",fade_into_inner_space,0.85,冷调合成器与空灵人声交织，营造内省而克制的暗夜氛围
"""You, Me and the Bourgeoisie - The Ship Session""",The Submarines,warm;nostalgic;hopeful,acoustic;vocal_breath;string;soft_synth,,0.4,0.55,0.45,0.65,0.4,0.6,0.5,en,1,indie_folk,"""{""""morning_clear_light"""":0.8,""""evening_city_walk"""":0.75,""""weekend_slow"""":0.7}""",slow_opening,0.85,温暖的木吉他与人声，带有怀旧与希望的 indie 民谣质感，适合清晨或悠闲场景
彩虹,梁靜茹,warm;nostalgic;hopeful,acoustic;string;vocal_breath,,0.45,0.55,0.4,0.7,0.35,0.7,0.6,zh,1,mandopop,"""{""""morning_clear_light"""":0.8,""""afternoon_warm_idle"""":0.75,""""evening_city_walk"""":0.7}""",slow_opening,0.9,梁靜茹温暖声线搭配木吉他与弦乐，传递怀旧与希望交织的治愈感
Diamonds,Rihanna,hopeful;urban;warm,soft_synth;vocal_breath;reverb_heavy,,0.6,0.65,0.55,0.6,0.55,0.8,0.5,en,1,pop,"""{""""evening_city_walk"""":0.85,""""morning_clear_light"""":0.7,""""user_requested_explore"""":0.75}""",city_to_inner_room,0.85,Rihanna 的流行金曲，合成器与鼓点营造都市感，人声充满希望与温暖
我对不起我 / 你太猖狂 (Live),田馥甄,melancholic;introspective;bittersweet,piano;string;vocal_breath;reverb_heavy,,0.35,0.4,0.45,0.5,0.3,0.7,0.75,zh,1,mandopop,"""{""""deep_night_introspective"""":0.85,""""night_rain_humid"""":0.8,""""evening_city_walk"""":0.75}""",afterglow_fading,0.85,田馥甄现场演绎，钢琴与弦乐铺垫，人声充满呼吸感与内省，情绪沉重而略带苦涩
似水年华,刘若英,nostalgic;warm;bittersweet,acoustic;string;vocal_breath,,0.4,0.5,0.45,0.6,0.35,0.65,0.65,zh,1,mandopop,"""{""""evening_city_walk"""":0.8,""""weekend_slow"""":0.75,""""night_rain_humid"""":0.7}""",slow_opening,0.85,刘若英温暖声线搭配木吉他弦乐，怀旧与淡淡忧伤交织的抒情曲
All in Black,Wildlife,restrained;melancholic;urban,electric_distant;reverb_heavy;minimal,,0.35,0.3,0.4,0.35,0.3,0.6,0.7,en,1,indie_rock,"""{""""evening_city_walk"""":0.8,""""deep_night_introspective"""":0.75,""""night_rain_humid"""":0.7}""",city_to_inner_room,0.85,克制而疏离的独立摇滚，电吉他远距离混响营造都市夜晚的忧郁氛围
Intervallo,La Batteria,restrained;melancholic;unresolved,piano;string;minimal;cinematic,,0.25,0.3,0.35,0.4,0.2,0,0.7,instrumental,0,modern_classical,"""{""""work_focus_low_vocal"""":0.85,""""deep_night_introspective"""":0.8,""""night_rain_humid"""":0.75}""",slow_opening,0.85,钢琴与弦乐交织的极简器乐，克制而略带忧郁，适合专注或内省场景
春天是一首浪漫诗,Youzee Music,warm;dreamy;hopeful,piano;string;soft_synth;reverb_heavy,,0.35,0.6,0.4,0.7,0.3,0,0.5,instrumental,0,ambient,"""{""""morning_clear_light"""":0.85,""""afternoon_warm_idle"""":0.8,""""weekend_slow"""":0.75}""",soft_focus_work,0.85,钢琴与弦乐交织，温暖梦幻的氛围如同春日阳光下的浪漫诗篇
M19 - 怒り,坂本龍一,restless;unresolved;melancholic,piano;cinematic;minimal;reverb_heavy,,0.25,0.3,0.35,0.3,0.2,0,0.8,instrumental,0,modern_classical,"""{""""deep_night_introspective"""":0.85,""""night_rain_humid"""":0.8,""""work_focus_low_vocal"""":0.75}""",afterglow_fading,0.9,坂本龍一的钢琴独奏，标题'怒り'暗示不安与未解的情绪，极简而充满张力
All In Vain (Thomston Remix),Thomston,melancholic;restrained;unresolved,soft_synth;reverb_heavy;electric_distant;vocal_breath,,0.35,0.3,0.4,0.35,0.3,0.5,0.7,en,1,electronic,"""{""""deep_night_introspective"""":0.85,""""night_rain_humid"""":0.8,""""work_focus_low_vocal"""":0.75}""",fade_into_inner_space,0.85,Thomston 的 remix 以冷调合成器和深远混响营造出克制而悬而未决的忧郁氛围，人声带有呼吸感
Til en ny vår,Spurv,introspective;melancholic;hopeful,string;ambient_pad;cinematic;field_recording,,0.35,0.4,0.5,0.45,0.2,0,0.7,instrumental,0,post_rock,"""{""""morning_cloudy_slow"""":0.85,""""deep_night_introspective"""":0.8,""""work_focus_low_vocal"""":0.75}""",slow_opening,0.85,挪威后摇滚乐团，弦乐与氛围铺底交织，缓慢展开的内省与希望感
ROSE QUARTZ,La Dispute,melancholic;introspective;restrained,piano;string;reverb_heavy;vocal_breath,,0.35,0.3,0.4,0.35,0.25,0.6,0.75,en,1,post_hardcore,"""{""""deep_night_introspective"""":0.85,""""night_rain_humid"""":0.8,""""work_focus_low_vocal"""":0.7}""",fade_into_inner_space,0.85,钢琴与弦乐铺垫的沉静开场，人声克制而内省，整体氛围忧郁且充满情感重量
几つもの悲しみを越えて,服部隆之,melancholic;restrained;nostalgic,piano;string;cinematic;minimal,,0.2,0.3,0.25,0.4,0.15,0,0.8,instrumental,0,modern_classical,"""{""""deep_night_introspective"""":0.85,""""night_rain_humid"""":0.8,""""work_focus_low_vocal"""":0.75}""",afterglow_fading,0.9,钢琴与弦乐交织的悲怆旋律，克制而深沉，充满跨越悲伤后的怀旧感
We Need A Mother,Ane Brun,melancholic;restrained;bittersweet,acoustic;vocal_breath;string;minimal,,0.25,0.3,0.3,0.4,0.2,0.6,0.75,en,1,singer_songwriter,"""{""""deep_night_introspective"""":0.85,""""night_rain_humid"""":0.8,""""work_focus_low_vocal"""":0.7}""",fade_into_inner_space,0.9,Ane Brun 脆弱而克制的人声搭配简约的吉他与弦乐，营造出忧郁而略带苦涩的内省氛围
沙滩,陶喆,nostalgic;melancholic;warm,acoustic;vocal_breath;soft_synth;reverb_heavy,,0.35,0.4,0.35,0.6,0.3,0.7,0.65,zh,1,mandopop,"""{""""evening_city_walk"""":0.8,""""night_clear_lonely"""":0.75,""""weekend_slow"""":0.7}""",slow_opening,0.85,陶喆的R&B抒情，木吉他与人声交织，怀旧中带着淡淡的忧伤与温暖
What Am I To You?,Norah Jones,warm;nostalgic;bittersweet,piano;acoustic;vocal_breath;jazz_brush,,0.35,0.5,0.4,0.7,0.3,0.6,0.65,en,1,jazz,"""{""""evening_city_walk"""":0.8,""""weekend_slow"""":0.75,""""work_focus_low_vocal"""":0.7}""",slow_opening,0.9,Norah Jones 温暖慵懒的声线搭配钢琴与爵士刷，营造怀旧而略带苦涩的抒情氛围
雨后花园,祁紫檀,misty;dreamy;restrained,ambient_pad;vocal_breath;field_recording;reverb_heavy,,0.25,0.4,0.3,0.5,0.2,0.6,0.65,zh,1,art_pop,"""{""""morning_cloudy_slow"""":0.85,""""night_rain_humid"""":0.8,""""deep_night_introspective"""":0.75}""",rain_on_glass,0.85,祁紫檀空灵的人声与氛围音效交织，营造出雨后朦胧、梦幻而克制的意境
Lament,Dez Mona,melancholic;restrained;bittersweet,piano;string;vocal_breath;cinematic,,0.25,0.3,0.35,0.4,0.2,0.6,0.8,en,1,art_song,"""{""""deep_night_introspective"""":0.85,""""night_rain_humid"""":0.8,""""work_focus_low_vocal"""":0.7}""",fade_into_inner_space,0.85,悲歌般的钢琴与弦乐，人声克制而充满哀愁，情感沉重但不过度戏剧化
Pushkin's Garland: Reveille,Georgy Sviridov,restrained;melancholic;nostalgic,string;cinematic;minimal,,0.25,0.35,0.3,0.4,0.2,0,0.7,instrumental,0,classical,"""{""""work_focus_low_vocal"""":0.85,""""deep_night_introspective"""":0.8,""""morning_cloudy_slow"""":0.75}""",slow_opening,0.85,弦乐主导的古典作品，克制而怀旧，带有淡淡的忧郁与内省
Time,Hans Zimmer,introspective;melancholic;restrained,piano;cinematic;minimal;string,,0.2,0.3,0.25,0.35,0.1,0,0.85,instrumental,0,film_score,"""{""""deep_night_introspective"""":0.9,""""work_focus_low_vocal"""":0.85,""""night_rain_humid"""":0.8}""",slow_opening,0.95,电影配乐大师的极简钢琴与弦乐，缓慢而深沉的内省氛围
"""Bagatelle No. 25 in A Minor, WoO 59 """"""""Für Elise""""""""""",Ludwig van Beethoven,introspective;melancholic;restrained,piano;minimal,,0.15,0.4,0.2,0.35,0.2,0,0.7,instrumental,0,classical,"""{""""work_focus_low_vocal"""":0.85,""""deep_night_introspective"""":0.8,""""morning_cloudy_slow"""":0.7}""",slow_opening,0.95,经典钢琴小品，旋律优美而略带忧郁，节奏平稳，适合内省与专注场景
Soften,Mats Eilertsen,introspective;restrained;melancholic,piano;minimal;ambient_pad,,0.15,0.3,0.2,0.4,0.1,0,0.7,instrumental,0,modern_classical,"""{""""work_focus_low_vocal"""":0.85,""""deep_night_introspective"""":0.8,""""night_rain_humid"""":0.75}""",slow_opening,0.9,极简钢琴与氛围铺垫，缓慢内省，带有克制的忧郁感
Kids,MGMT,dreamy;nostalgic;restless,soft_synth;ambient_pad;reverb_heavy,,0.6,0.55,0.55,0.5,0.6,0.6,0.5,en,1,indie_pop,"""{""""evening_city_walk"""":0.8,""""deep_night_introspective"""":0.7,""""user_requested_explore"""":0.75}""",city_to_inner_room,0.85,梦幻合成器与怀旧旋律交织，带有不安的青春能量，适合都市夜晚漫步
Vishnu <3,Peter Cat Recording Co.,warm;dreamy;nostalgic,acoustic;soft_synth;vocal_breath;reverb_heavy,,0.4,0.5,0.45,0.65,0.35,0.6,0.55,en,1,indie_rock,"""{""""evening_city_walk"""":0.8,""""deep_night_introspective"""":0.75,""""weekend_slow"""":0.7}""",city_to_inner_room,0.85,温暖的木吉他与软合成器交织，人声带有呼吸感，怀旧而梦幻的独立摇滚质感
Justify My Love,Madonna,sensual;restless;urban,cold_synth;vocal_breath;electric_distant,,0.6,0.4,0.65,0.35,0.7,0.85,0.5,en,1,pop,"""{""""evening_city_walk"""":0.8,""""deep_night_introspective"""":0.7,""""user_requested_explore"""":0.75}""",city_to_inner_room,0.85,冷调合成器与喘息式人声，充满都市夜晚的性感与不安
Camberwell,#1 Dads,warm;nostalgic;dreamy,acoustic;soft_synth;reverb_heavy;minimal,,0.3,0.5,0.35,0.65,0.25,0,0.55,instrumental,0,ambient_folk,"""{""""work_focus_low_vocal"""":0.85,""""morning_cloudy_slow"""":0.8,""""afternoon_warm_idle"""":0.75}""",soft_focus_work,0.85,温暖的木吉他旋律搭配软合成器氛围，轻柔混响营造怀旧而梦幻的质感
Hard to Hide,The Slow Show,melancholic;restrained;bittersweet,piano;string;vocal_breath;reverb_heavy,,0.3,0.35,0.4,0.45,0.25,0.6,0.75,en,1,indie_folk,"""{""""deep_night_introspective"""":0.85,""""night_rain_humid"""":0.8,""""work_focus_low_vocal"""":0.7}""",fade_into_inner_space,0.85,钢琴和弦乐铺垫的忧郁氛围，人声克制而充满情感重量，适合深夜内省场景
f a r a w a y,The Japanese House,dreamy;melancholic;detached,soft_synth;reverb_heavy;vocal_breath;ambient_pad,,0.25,0.35,0.3,0.4,0.2,0.5,0.7,en,1,dream_pop,"""{""""deep_night_introspective"""":0.85,""""night_clear_lonely"""":0.8,""""work_focus_low_vocal"""":0.7}""",fade_into_inner_space,0.85,梦幻流行风格，空灵人声与厚重混响营造出疏离而忧郁的远方感
Turtle Blues,Katarina Pejak,melancholic;restrained;bittersweet,piano;vocal_breath;jazz_brush,,0.35,0.4,0.45,0.5,0.3,0.6,0.7,en,1,jazz_blues,"""{""""deep_night_introspective"""":0.8,""""night_rain_humid"""":0.75,""""evening_city_walk"""":0.7}""",slow_opening,0.85,钢琴与爵士刷奏的蓝调风格，人声带着克制与苦涩的怀旧情绪
Nothing,KISS OF LIFE,melancholic;restrained;bittersweet,soft_synth;vocal_breath;reverb_heavy,,0.35,0.4,0.45,0.5,0.3,0.7,0.65,en,1,k_pop,"""{""""deep_night_introspective"""":0.8,""""evening_city_walk"""":0.75,""""night_rain_humid"""":0.7}""",late_night_descent,0.85,KISS OF LIFE 的这首歌曲以柔和合成器和呼吸感人声营造出克制而忧郁的氛围，适合深夜内省场景
Hypnos,Xeno & Oaklander,detached;urban;restless,cold_synth;soft_synth;electric_distant,,0.4,0.35,0.5,0.3,0.45,0,0.5,instrumental,0,synthwave,"""{""""evening_city_walk"""":0.8,""""deep_night_introspective"""":0.75,""""work_focus_low_vocal"""":0.7}""",city_to_inner_room,0.85,冷调合成器与疏离的都市感，节奏平稳但带有不安的暗流
光年之外,G.E.M.邓紫棋,hopeful;nostalgic;bittersweet,soft_synth;vocal_breath;string,,0.55,0.6,0.55,0.5,0.45,0.8,0.65,zh,1,mandopop,"""{""""evening_city_walk"""":0.8,""""deep_night_introspective"""":0.75,""""user_requested_explore"""":0.7}""",city_to_inner_room,0.85,邓紫棋高亢声线搭配合成器与弦乐，充满希望与怀旧交织的流行情歌
Our Love Can Destroy This Whole Fucking World,Teeth Of The Sea,restless;unresolved;melancholic,cold_synth;electric_distant;reverb_heavy;cinematic,,0.6,0.3,0.7,0.2,0.5,0,0.8,instrumental,0,post_rock,"""{""""deep_night_introspective"""":0.85,""""night_rain_humid"""":0.8,""""evening_city_walk"""":0.7}""",late_night_descent,0.85,冷峻合成器与厚重混响营造出不安而宏大的氛围，充满未解决的张力与沉重情感
Dance the Pain Away,Andreya Triana,hopeful;restless;bittersweet,acoustic;soft_synth;vocal_breath,,0.6,0.55,0.5,0.6,0.65,0.7,0.55,en,1,soul,"""{""""evening_city_walk"""":0.8,""""weekend_slow"""":0.75,""""user_requested_explore"""":0.7}""",city_to_inner_room,0.85,温暖的灵魂乐，人声充满力量与希望，节奏轻快但略带苦涩
All the Things We Do,The Ninth Wave,melancholic;dreamy;restless,cold_synth;reverb_heavy;vocal_breath;electric_distant,,0.4,0.35,0.5,0.3,0.4,0.6,0.7,en,1,dream_pop,"""{""""evening_city_walk"""":0.8,""""deep_night_introspective"""":0.75,""""night_rain_humid"""":0.7}""",city_to_inner_room,0.85,冷调合成器与深远混响，人声带着呼吸感，营造出忧郁而梦幻的都市夜晚氛围
是什麼讓我遇見這樣的你,白安,introspective;melancholic;dreamy,piano;vocal_breath;reverb_heavy,,0.3,0.4,0.35,0.45,0.25,0.7,0.65,zh,1,mandopop,"""{""""deep_night_introspective"""":0.85,""""night_clear_lonely"""":0.8,""""work_focus_low_vocal"""":0.7}""",fade_into_inner_space,0.85,白安独特的嗓音与钢琴伴奏营造出内省而梦幻的氛围，略带忧郁的抒情质感
Elegy,Dave Meder,melancholic;introspective;restrained,piano;cinematic;minimal,,0.2,0.25,0.2,0.3,0.1,0,0.8,instrumental,0,modern_classical,"""{""""work_focus_low_vocal"""":0.85,""""deep_night_introspective"""":0.9,""""night_rain_humid"""":0.8}""",slow_opening,0.9,钢琴独奏，缓慢而克制，充满哀悼与内省的情绪
Drowning,N i G H T S,melancholic;lonely;restrained,ambient_pad;reverb_heavy;cold_synth;minimal,,0.25,0.2,0.3,0.2,0.15,0,0.75,instrumental,0,ambient,"""{""""deep_night_introspective"""":0.85,""""night_rain_humid"""":0.8,""""work_focus_low_vocal"""":0.7}""",fade_into_inner_space,0.85,冷调氛围合成器与厚重混响营造出沉浸式的孤独与忧郁感
EXEC_COSMOFLIPS/.,KOKIA,dreamy;melancholic;unresolved,piano;string;vocal_breath;cinematic,,0.35,0.4,0.45,0.5,0.25,0.7,0.75,ja,1,art_pop,"""{""""deep_night_introspective"""":0.85,""""night_clear_lonely"""":0.8,""""work_focus_low_vocal"""":0.7}""",fade_into_inner_space,0.85,KOKIA 空灵而略带哀愁的人声与钢琴弦乐交织，营造出梦幻而悬疑的氛围
China wave,大囍记,restless;urban;bittersweet,electric_distant;cold_synth;grainy,,0.6,0.4,0.65,0.3,0.7,0,0.5,instrumental,0,electronic,"""{""""evening_city_walk"""":0.8,""""night_clear_lonely"""":0.7,""""user_requested_explore"""":0.75}""",city_to_inner_room,0.8,冷调电子音色与颗粒感纹理，带有都市不安与疏离感，节奏驱动明显
天际大厦,祁紫檀,dreamy;introspective;melancholic,ambient_pad;vocal_breath;reverb_heavy;minimal,,0.25,0.35,0.3,0.4,0.2,0.6,0.7,zh,1,art_pop,"""{""""deep_night_introspective"""":0.85,""""night_clear_lonely"""":0.8,""""work_focus_low_vocal"""":0.75}""",fade_into_inner_space,0.85,祁紫檀空灵缥缈的人声与氛围铺底，营造出梦幻而内省的都市孤独感
Fortify,Kate Miller-Heidke,restrained;hopeful;bittersweet,piano;string;vocal_breath,,0.4,0.5,0.45,0.55,0.35,0.7,0.65,en,1,art_pop,"""{""""work_focus_low_vocal"""":0.8,""""evening_city_walk"""":0.75,""""deep_night_introspective"""":0.7}""",slow_opening,0.85,钢琴与弦乐铺底，人声克制而充满希望，带有淡淡的苦涩与坚韧
無狀態,張懸,introspective;melancholic;restrained,acoustic;vocal_breath;minimal,,0.3,0.4,0.35,0.5,0.25,0.6,0.7,zh,1,singer_songwriter,"""{""""deep_night_introspective"""":0.85,""""work_focus_low_vocal"""":0.8,""""night_rain_humid"""":0.75}""",slow_opening,0.9,張懸的民謠風格，木吉他與輕聲吟唱交織，內省而克制，帶有淡淡的憂鬱與溫暖
All the Black,Cat Clyde,melancholic;lonely;restrained,acoustic;vocal_breath;minimal,,0.25,0.3,0.35,0.4,0.2,0.6,0.75,en,1,folk,"""{""""deep_night_introspective"""":0.85,""""night_rain_humid"""":0.8,""""work_focus_low_vocal"""":0.7}""",fade_into_inner_space,0.85,Cat Clyde 的民谣风格，以简约的吉他和脆弱的人声传递出忧郁与克制的情感
The Lugubrious Youth Of Lucky Luke,Rymden,introspective;melancholic;restrained,piano;cinematic;string;minimal,,0.25,0.3,0.35,0.4,0.2,0,0.75,instrumental,0,modern_jazz,"""{""""deep_night_introspective"""":0.85,""""work_focus_low_vocal"""":0.8,""""night_rain_humid"""":0.75}""",slow_opening,0.85,钢琴与弦乐交织的现代爵士，内省而克制，带有淡淡的忧郁与电影感
dark HORSE,The Shanghai Restoration Project,urban;restless;bittersweet,soft_synth;electric_distant;lofi_dust;field_recording,,0.55,0.5,0.6,0.45,0.6,0,0.5,instrumental,0,electronic,"""{""""evening_city_walk"""":0.85,""""deep_night_introspective"""":0.8,""""work_focus_low_vocal"""":0.75}""",city_to_inner_room,0.85,上海复兴计划标志性的都市电子风格，合成器与采样交织出不安而怀旧的夜晚氛围
Crystal,S.E.N.S.,dreamy;nostalgic;clear,piano;string;ambient_pad;cinematic,,0.25,0.5,0.35,0.45,0.2,0,0.6,instrumental,0,new_age,"""{""""morning_clear_light"""":0.85,""""work_focus_low_vocal"""":0.8,""""deep_night_introspective"""":0.75}""",slow_opening,0.9,钢琴与弦乐交织的纯净旋律，空灵而清澈，带有怀旧与梦幻感
Autumn Piece (For Jiri Kovanda) - Live,Arp,introspective;melancholic;restrained,piano;minimal;reverb_heavy,,0.15,0.3,0.2,0.35,0.1,0,0.8,instrumental,0,modern_classical,"""{""""work_focus_low_vocal"""":0.85,""""deep_night_introspective"""":0.9,""""night_rain_humid"""":0.8}""",afterglow_fading,0.9,现场钢琴独奏，极简而空旷，充满内省与秋日般的忧郁
The Synthesiser Service Centre Super Summer Sale,The Divine Comedy,nostalgic;warm;hopeful,soft_synth;string;acoustic,,0.45,0.6,0.5,0.65,0.4,0.7,0.55,en,1,baroque_pop,"""{""""evening_city_walk"""":0.8,""""morning_clear_light"""":0.75,""""weekend_slow"""":0.7}""",slow_opening,0.85,The Divine Comedy 的复古合成器与弦乐编排，带来温暖怀旧又充满希望的巴洛克流行质感
Romanzo,La Batteria,restrained;urban;nostalgic,acoustic;jazz_brush;electric_distant;minimal,,0.35,0.5,0.4,0.55,0.3,0,0.5,instrumental,0,jazz,"""{""""evening_city_walk"""":0.85,""""work_focus_low_vocal"""":0.8,""""afternoon_warm_idle"""":0.75}""",city_to_inner_room,0.85,意大利乐队 La Batteria 的器乐作品，以原声吉他、爵士鼓刷和远距离电声营造出克制而怀旧的都市氛围
Liekkas,Sofia Jannok,warm;dreamy;nostalgic,acoustic;vocal_breath;ambient_pad,,0.25,0.5,0.3,0.7,0.2,0.6,0.55,en,1,folk,"""{""""morning_cloudy_slow"""":0.85,""""afternoon_warm_idle"""":0.8,""""deep_night_introspective"""":0.7}""",soft_focus_work,0.9,轻柔的北欧民谣，温暖的人声与木吉他营造出梦幻而怀旧的氛围
Crepuscular Child,The Proper Ornaments,dreamy;nostalgic;melancholic,soft_synth;reverb_heavy;electric_distant;vocal_breath,,0.35,0.4,0.45,0.5,0.3,0.55,0.65,en,1,dream_pop,"""{""""evening_city_walk"""":0.8,""""deep_night_introspective"""":0.75,""""work_focus_low_vocal"""":0.7}""",city_to_inner_room,0.85,梦幻流行风格，软合成器与深远混响营造出怀旧而忧郁的黄昏氛围
Main Title,사랑한다 O.S.T,melancholic;nostalgic;restrained,piano;string;cinematic,,0.2,0.3,0.25,0.4,0.1,0,0.75,instrumental,0,film_score,"""{""""work_focus_low_vocal"""":0.85,""""deep_night_introspective"""":0.8,""""night_rain_humid"""":0.75}""",slow_opening,0.9,韩剧原声带主标题，钢琴与弦乐交织，克制而怀旧的电影感配乐
哭了,范晓萱,melancholic;introspective;bittersweet,piano;string;vocal_breath;reverb_heavy,,0.3,0.35,0.4,0.45,0.2,0.7,0.8,zh,1,mandopop,"""{""""deep_night_introspective"""":0.85,""""night_rain_humid"""":0.8,""""work_focus_low_vocal"""":0.7}""",fade_into_inner_space,0.9,范晓萱脆弱而真挚的声线，钢琴与弦乐交织出深沉的内省与忧伤
Caffeine,Thomston,restless;urban;unresolved,soft_synth;cold_synth;vocal_breath;electric_distant,,0.55,0.4,0.6,0.35,0.6,0.7,0.6,en,1,alt_pop,"""{""""evening_city_walk"""":0.8,""""deep_night_introspective"""":0.75,""""work_focus_low_vocal"""":0.7}""",city_to_inner_room,0.85,都市感电子流行，冷合成器与不安人声交织，如咖啡因般提神又焦躁
Piano Concerto No.2 In C,Rachmaninov: Piano Concerto No. 2,melancholic;introspective;restrained,piano;string;cinematic;minimal,,0.25,0.35,0.4,0.45,0.2,0,0.85,instrumental,0,classical,"""{""""deep_night_introspective"""":0.85,""""work_focus_low_vocal"""":0.8,""""night_rain_humid"""":0.75}""",slow_opening,0.95,拉赫玛尼诺夫第二钢琴协奏曲，钢琴与弦乐交织，深沉内省，情感厚重但克制
絶え间なく,福原美穂,restrained;melancholic;bittersweet,piano;string;vocal_breath,,0.35,0.4,0.45,0.5,0.3,0.6,0.7,ja,1,j_pop,"""{""""evening_city_walk"""":0.75,""""night_clear_lonely"""":0.7,""""deep_night_introspective"""":0.8}""",slow_opening,0.85,福原美穂的声线克制而深情，钢琴与弦乐交织出淡淡的哀愁与无奈
Beltway,Solange,urban;restless;introspective,soft_synth;electric_distant;reverb_heavy;vocal_breath,,0.45,0.4,0.55,0.5,0.5,0.6,0.6,en,1,art_pop,"""{""""evening_city_walk"""":0.85,""""deep_night_introspective"""":0.8,""""work_focus_low_vocal"""":0.7}""",city_to_inner_room,0.85,都市感强烈的艺术流行，合成器与深远混响营造出内省而略带不安的夜晚氛围
Thought & Act,Nick Waterhouse,restless;urban;clear,electric_distant;jazz_brush;acoustic,,0.6,0.65,0.55,0.5,0.6,0.7,0.5,en,1,soul,"""{""""evening_city_walk"""":0.8,""""work_focus_low_vocal"""":0.7,""""user_requested_explore"""":0.75}""",city_to_inner_room,0.85,Nick Waterhouse 的复古灵魂乐，节奏明快，电吉他与人声交织出都市的清晰躁动感
Ludwig van Beethoven: Piano Concerto No. 5 in E flat major ('Emperor'),Beethoven: Piano Concertos Nos. 1- 5 / Choral Fantasy,clear;restrained;hopeful,piano;cinematic;string;minimal,,0.4,0.7,0.6,0.5,0.3,0,0.6,instrumental,0,classical,"""{""""morning_clear_light"""":0.85,""""work_focus_low_vocal"""":0.7,""""afternoon_warm_idle"""":0.75}""",slow_opening,0.85,贝多芬第五钢琴协奏曲，钢琴与弦乐交织，明亮而庄重，充满古典的清晰与克制
夏光線、キラッ。,HITOMITOI,warm;nostalgic;hopeful,acoustic;soft_synth;vocal_breath,,0.45,0.6,0.4,0.7,0.4,0.6,0.5,ja,1,j_pop,"""{""""morning_clear_light"""":0.8,""""afternoon_warm_idle"""":0.75,""""evening_city_walk"""":0.7}""",slow_opening,0.85,日系流行曲，温暖明亮的声线与轻快吉他，充满夏日怀旧与希望感
スパークル (movie ver.),RADWIMPS,dreamy;nostalgic;hopeful,piano;string;vocal_breath;cinematic,,0.45,0.55,0.5,0.6,0.4,0.65,0.7,ja,1,j_pop,"""{""""evening_city_walk"""":0.8,""""deep_night_introspective"""":0.75,""""morning_clear_light"""":0.7}""",slow_opening,0.9,电影版钢琴与弦乐编排，RADWIMPS 的人声充满梦幻与怀旧，能量接近中等抒情
百鬼夜行抄,森英治,misty;melancholic;restrained,piano;string;cinematic;minimal,,0.2,0.25,0.3,0.35,0.1,0,0.75,instrumental,0,modern_classical,"""{""""deep_night_introspective"""":0.85,""""night_rain_humid"""":0.8,""""work_focus_low_vocal"""":0.75}""",slow_opening,0.9,钢琴与弦乐交织的日式氛围，朦胧而克制，充满幽玄的孤独感
Anomalie bleue,L'Impératrice,dreamy;sensual;urban,soft_synth;electric_distant;reverb_heavy;vocal_breath,,0.55,0.6,0.55,0.5,0.6,0.4,0.45,fr,1,nu_disco,"""{""""evening_city_walk"""":0.85,""""night_clear_lonely"""":0.75,""""user_requested_explore"""":0.7}""",city_to_inner_room,0.85,法式电子流行，梦幻合成器与性感人声交织，都市夜晚的律动感
Kawaii,Pop Up!,warm;dreamy;clear,soft_synth;ambient_pad;lofi_dust,,0.35,0.6,0.4,0.7,0.3,0,0.3,instrumental,0,lo_fi,"""{""""work_focus_low_vocal"""":0.85,""""morning_cloudy_slow"""":0.8,""""afternoon_warm_idle"""":0.75}""",soft_focus_work,0.85,温暖柔和的 lo-fi 氛围，软合成器与轻度失真营造出梦幻而清晰的质感
Drum + Fife,The Smashing Pumpkins,restless;melancholic;unresolved,electric_distant;reverb_heavy;cinematic,,0.6,0.4,0.7,0.3,0.5,0.6,0.75,en,1,alternative_rock,"""{""""evening_city_walk"""":0.7,""""deep_night_introspective"""":0.65,""""night_clear_lonely"""":0.6}""",city_to_inner_room,0.85,另类摇滚中不安的吉他失真与遥远人声，营造出悬而未决的忧郁氛围
3AM - Swindail Remix,Vaski,restless;urban;unresolved,soft_synth;electric_distant;reverb_heavy,,0.6,0.45,0.55,0.4,0.65,0,0.5,instrumental,0,electronic,"""{""""evening_city_walk"""":0.8,""""deep_night_introspective"""":0.75,""""user_requested_explore"""":0.7}""",city_to_inner_room,0.85,电子混音，合成器与深远混响营造出都市深夜的不安与未解情绪
追光者（Ánimo remix）,Ànimo,dreamy;nostalgic;hopeful,soft_synth;ambient_pad;reverb_heavy;vocal_breath,,0.4,0.5,0.45,0.55,0.35,0.6,0.6,zh,1,ambient_pop,"""{""""evening_city_walk"""":0.8,""""deep_night_introspective"""":0.75,""""work_focus_low_vocal"""":0.7}""",city_to_inner_room,0.85,remix版本以软合成器和氛围铺底为主，人声轻柔，营造梦幻而怀旧的都市夜晚氛围
Bamboo,Piano Master,introspective;restrained;melancholic,piano;minimal;cinematic,,0.15,0.3,0.2,0.35,0.1,0,0.7,instrumental,0,modern_classical,"""{""""work_focus_low_vocal"""":0.85,""""deep_night_introspective"""":0.8,""""night_rain_humid"""":0.75}""",slow_opening,0.85,钢琴独奏，简约而克制，带有内省与忧郁的质感
KINDRED II,Kelsey Lu,introspective;dreamy;bittersweet,string;ambient_pad;vocal_breath;cinematic,,0.35,0.4,0.45,0.5,0.25,0.6,0.7,en,1,art_pop,"""{""""deep_night_introspective"""":0.85,""""night_rain_humid"""":0.8,""""work_focus_low_vocal"""":0.75}""",fade_into_inner_space,0.85,Kelsey Lu 的大提琴与空灵人声交织，营造出内省而梦幻的声景，带有淡淡的苦涩与温暖
Night Drive,Laura Misch,urban;dreamy;nostalgic,soft_synth;reverb_heavy;vocal_breath;electric_distant,,0.4,0.45,0.5,0.5,0.4,0.6,0.55,en,1,art_pop,"""{""""evening_city_walk"""":0.85,""""deep_night_introspective"""":0.8,""""night_clear_lonely"""":0.75}""",city_to_inner_room,0.85,Laura Misch 的梦幻人声与合成器交织，营造出都市夜晚驾驶的怀旧与迷离感
爱久见人心,梁静茹,warm;nostalgic;bittersweet,acoustic;string;vocal_breath,,0.45,0.5,0.45,0.7,0.35,0.7,0.65,zh,1,mandopop,"""{""""evening_city_walk"""":0.8,""""weekend_slow"""":0.75,""""morning_clear_light"""":0.7}""",slow_opening,0.85,梁静茹温暖声线搭配木吉他弦乐，怀旧中带一丝苦涩，情感细腻
Ecstatic Beat,Octo Octa,hopeful;restless;urban,soft_synth;reverb_heavy;electric_distant,,0.7,0.6,0.65,0.5,0.75,0,0.4,instrumental,0,house,"""{""""evening_city_walk"""":0.85,""""user_requested_explore"""":0.8,""""night_clear_lonely"""":0.7}""",city_to_inner_room,0.85,充满活力的 house 节拍，合成器与混响营造出都市夜晚的律动与希望感
Euphoria,Wildlife,restless;urban;hopeful,electric_distant;soft_synth;reverb_heavy,,0.65,0.55,0.6,0.4,0.6,0.7,0.5,en,1,indie_rock,"""{""""evening_city_walk"""":0.8,""""deep_night_introspective"""":0.7,""""user_requested_explore"""":0.75}""",city_to_inner_room,0.85,充满动感的独立摇滚，电吉他与人声交织出都市中的躁动与希望
Henry in Forever Phases,Luke Temple,dreamy;nostalgic;bittersweet,acoustic;soft_synth;vocal_breath;reverb_heavy,,0.35,0.45,0.4,0.55,0.3,0.6,0.65,en,1,indie_folk,"""{""""morning_cloudy_slow"""":0.8,""""evening_city_walk"""":0.75,""""deep_night_introspective"""":0.7}""",afterglow_fading,0.85,木吉他与软合成器交织，人声带着呼吸感与混响，营造出梦幻而略带怀旧的氛围
Sleep,Son Lux,introspective;melancholic;restrained,piano;ambient_pad;minimal;reverb_heavy,,0.2,0.25,0.3,0.35,0.1,0,0.8,instrumental,0,modern_classical,"""{""""deep_night_introspective"""":0.9,""""night_rain_humid"""":0.85,""""work_focus_low_vocal"""":0.8}""",fade_into_inner_space,0.9,极简钢琴与氛围铺底，缓慢而内省，充满静谧的忧郁感
Stranger,Anne Paceo,dreamy;restrained;bittersweet,soft_synth;ambient_pad;vocal_breath;reverb_heavy,,0.3,0.4,0.35,0.5,0.25,0.6,0.65,en,1,art_pop,"""{""""deep_night_introspective"""":0.85,""""evening_city_walk"""":0.8,""""night_clear_lonely"""":0.75}""",fade_into_inner_space,0.85,梦幻合成器与深远混响包裹着克制的人声，营造出疏离而略带苦涩的夜晚氛围
如果你还在就好了,信,melancholic;nostalgic;bittersweet,piano;string;vocal_breath;reverb_heavy,,0.35,0.3,0.5,0.4,0.25,0.75,0.8,zh,1,mandopop,"""{""""deep_night_introspective"""":0.85,""""night_rain_humid"""":0.8,""""evening_city_walk"""":0.75}""",afterglow_fading,0.9,信的高亢声线在钢琴与弦乐中倾诉遗憾，充满怀旧与苦涩的抒情力量
White Tail,Heather Woods Broderick,introspective;melancholic;restrained,acoustic;string;vocal_breath;reverb_heavy,,0.25,0.3,0.35,0.45,0.2,0.6,0.7,en,1,indie_folk,"""{""""deep_night_introspective"""":0.85,""""night_rain_humid"""":0.8,""""work_focus_low_vocal"""":0.75}""",fade_into_inner_space,0.85,轻柔的木吉他与弦乐铺垫，人声带着呼吸感与混响，营造内省而克制的氛围
Afraid,Xavier Omär,introspective;melancholic;restrained,soft_synth;vocal_breath;reverb_heavy,,0.35,0.3,0.4,0.45,0.3,0.7,0.75,en,1,r&b,"""{""""deep_night_introspective"""":0.85,""""night_rain_humid"""":0.8,""""work_focus_low_vocal"""":0.7}""",fade_into_inner_space,0.85,Xavier Omär 的脆弱人声与软合成器、混响营造出内省而克制的深夜 R&B 氛围
Levels,Immanu El,dreamy;introspective;melancholic,ambient_pad;soft_synth;reverb_heavy;minimal,,0.25,0.35,0.3,0.4,0.2,0,0.7,instrumental,0,post_rock,"""{""""deep_night_introspective"""":0.85,""""night_clear_lonely"""":0.8,""""work_focus_low_vocal"""":0.75}""",fade_into_inner_space,0.85,氛围化的后摇滚，缓慢铺展的合成器与混响营造出梦幻而内省的声景
得知平淡珍贵的一天,祁紫檀,introspective;warm;nostalgic,acoustic;vocal_breath;string;ambient_pad,,0.35,0.5,0.4,0.7,0.3,0.6,0.65,zh,1,indie_folk,"""{""""morning_cloudy_slow"""":0.8,""""afternoon_warm_idle"""":0.75,""""weekend_slow"""":0.7}""",soft_focus_work,0.85,祁紫檀温暖细腻的人声搭配木吉他与弦乐，营造出内省而怀旧的日常氛围
I'll Show You,Bergrós,introspective;melancholic;restrained,piano;reverb_heavy;vocal_breath;minimal,,0.25,0.3,0.35,0.4,0.2,0.6,0.75,en,1,art_pop,"""{""""deep_night_introspective"""":0.85,""""night_rain_humid"""":0.8,""""work_focus_low_vocal"""":0.75}""",fade_into_inner_space,0.85,钢琴与空灵人声交织，混响厚重，营造内省而克制的氛围
The Shooting,Nils Frahm,introspective;restrained;melancholic,piano;minimal;cinematic;reverb_heavy,,0.2,0.3,0.25,0.35,0.15,0,0.8,instrumental,0,modern_classical,"""{""""work_focus_low_vocal"""":0.85,""""deep_night_introspective"""":0.9,""""night_rain_humid"""":0.8}""",slow_opening,0.9,Nils Frahm 的极简钢琴作品，缓慢、内省，带有电影般的空间感和淡淡的忧郁
Rachmaninov - Vocalise,Mstislav Rostropovich,melancholic;introspective;bittersweet,string;cinematic;minimal,,0.25,0.35,0.4,0.5,0.15,0,0.8,instrumental,0,classical,"""{""""deep_night_introspective"""":0.9,""""night_rain_humid"""":0.85,""""work_focus_low_vocal"""":0.8}""",slow_opening,0.95,大提琴演绎的拉赫玛尼诺夫无词歌，深沉悠长的旋律充满忧郁与内省
Supernova,Ponteix,restless;urban;hopeful,electric_distant;soft_synth;reverb_heavy,,0.6,0.55,0.55,0.45,0.6,0,0.5,instrumental,0,electronic,"""{""""evening_city_walk"""":0.8,""""work_focus_low_vocal"""":0.7,""""user_requested_explore"""":0.75}""",city_to_inner_room,0.85,电子合成器驱动的都市感曲目，能量中等偏高，带有探索与不安的混合情绪
尚好的青春,孙燕姿,nostalgic;warm;bittersweet,acoustic;vocal_breath;string,,0.4,0.5,0.45,0.65,0.35,0.7,0.65,zh,1,mandopop,"""{""""evening_city_walk"""":0.8,""""weekend_slow"""":0.75,""""morning_clear_light"""":0.7}""",slow_opening,0.9,孙燕姿温暖声线搭配木吉他与弦乐，怀旧中带着淡淡的苦涩与温暖
End Credits (Sober),Connie Constance,introspective;melancholic;restrained,piano;reverb_heavy;vocal_breath;cinematic,,0.3,0.35,0.4,0.45,0.25,0.6,0.75,en,1,art_pop,"""{""""deep_night_introspective"""":0.85,""""night_rain_humid"""":0.8,""""work_focus_low_vocal"""":0.75}""",fade_into_inner_space,0.85,钢琴与深远混响营造内省氛围，人声脆弱而克制，情感沉重但能量低
Guerilla Guru,The High Dials,restless;urban;unresolved,electric_distant;reverb_heavy;soft_synth,,0.6,0.5,0.55,0.4,0.6,0.6,0.5,en,1,indie_rock,"""{""""evening_city_walk"""":0.75,""""deep_night_introspective"""":0.7,""""user_requested_explore"""":0.65}""",city_to_inner_room,0.8,带有都市不安感的独立摇滚，电吉他遥远而混响厚重，节奏驱动但情绪悬而未决
Count on Me,Bruno Mars,warm;hopeful;nostalgic,acoustic;vocal_breath;string,,0.45,0.6,0.4,0.7,0.4,0.7,0.5,en,1,pop,"""{""""morning_clear_light"""":0.8,""""afternoon_warm_idle"""":0.75,""""weekend_slow"""":0.7}""",slow_opening,0.85,Bruno Mars 温暖声线搭配木吉他与弦乐，传递出怀旧与希望交织的轻松氛围
Lake Hums No More at Night,Turning Jewels Into Water,introspective;melancholic;restrained,piano;ambient_pad;minimal;field_recording,,0.2,0.3,0.25,0.35,0.1,0,0.75,instrumental,0,ambient,"""{""""deep_night_introspective"""":0.9,""""night_rain_humid"""":0.85,""""work_focus_low_vocal"""":0.8}""",fade_into_inner_space,0.9,极简钢琴与氛围垫音，辅以田野录音，营造内省而克制的夜晚声景
Calling Long Distance,Matthew And The Atlas,nostalgic;lonely;bittersweet,acoustic;vocal_breath;string,,0.35,0.4,0.4,0.5,0.3,0.6,0.7,en,1,folk,"""{""""evening_city_walk"""":0.8,""""deep_night_introspective"""":0.75,""""night_clear_lonely"""":0.7}""",slow_opening,0.85,木吉他与温暖人声交织，带着长途电话般的距离感与怀旧情绪
Radio Magallanes,Ibrahim Maalouf,introspective;melancholic;restrained,piano;string;cinematic;minimal,,0.25,0.35,0.3,0.4,0.15,0,0.75,instrumental,0,modern_classical,"""{""""deep_night_introspective"""":0.85,""""night_rain_humid"""":0.8,""""work_focus_low_vocal"""":0.75}""",afterglow_fading,0.9,钢琴与弦乐交织的极简主义作品，克制而内省，带有电影般的叙事感
4U/Lately,Jay Prince,warm;nostalgic;hopeful,acoustic;soft_synth;vocal_breath;lofi_dust,,0.35,0.5,0.4,0.65,0.35,0.6,0.5,en,1,lo_fi_hip_hop,"""{""""work_focus_low_vocal"""":0.85,""""morning_cloudy_slow"""":0.75,""""evening_city_walk"""":0.7}""",soft_focus_work,0.85,温暖的人声与柔和的 lo-fi 质感，怀旧中带着希望，适合低强度专注或悠闲漫步
TEAM EFFORT,J-E-T-S,restless;urban;unresolved,soft_synth;electric_distant;grainy;lofi_dust,,0.6,0.5,0.65,0.4,0.7,0,0.5,instrumental,0,electronic,"""{""""evening_city_walk"""":0.8,""""work_focus_low_vocal"""":0.7,""""deep_night_introspective"""":0.65}""",city_to_inner_room,0.85,电子节拍驱动，颗粒感与合成器交织出都市不安的律动
キャンパス・ガール,岩崎宏美,nostalgic;warm;clear,acoustic;string;vocal_breath,,0.45,0.6,0.4,0.7,0.4,0.7,0.5,ja,1,j_pop,"""{""""morning_clear_light"""":0.8,""""afternoon_warm_idle"""":0.75,""""evening_city_walk"""":0.7}""",slow_opening,0.85,岩崎宏美的清澈声线搭配木吉他与弦乐，怀旧而温暖的昭和歌谣曲风
Evolution Is Not A Theory,What The Blood Revealed,introspective;restrained;melancholic,piano;minimal;reverb_heavy,,0.2,0.3,0.25,0.35,0.15,0,0.7,instrumental,0,modern_classical,"""{""""deep_night_introspective"""":0.85,""""work_focus_low_vocal"""":0.8,""""night_rain_humid"""":0.75}""",slow_opening,0.85,极简钢琴与深远混响，营造内省而克制的氛围，适合深夜沉思
Toady Man's Hour,The Claypool Lennon Delirium,dreamy;restless;unresolved,electric_distant;reverb_heavy;soft_synth;vocal_breath,,0.55,0.5,0.6,0.4,0.5,0.6,0.6,en,1,psychedelic_rock,"""{""""evening_city_walk"""":0.8,""""deep_night_introspective"""":0.75,""""user_requested_explore"""":0.7}""",city_to_inner_room,0.85,迷幻摇滚风格，电声与混响营造出梦幻不安的都市夜晚氛围
BRING IT,nuphory / CLOUDER,urban;restless;hopeful,soft_synth;electric_distant;reverb_heavy,,0.6,0.55,0.6,0.5,0.65,0.7,0.5,en,1,synthpop,"""{""""evening_city_walk"""":0.8,""""deep_night_introspective"""":0.7,""""user_requested_explore"""":0.75}""",city_to_inner_room,0.85,都市感合成器与人声，节奏明快但带有内省张力，适合夜晚城市漫步
Imago,Oneohtrix Point Never,dreamy;detached;unresolved,ambient_pad;cold_synth;reverb_heavy;minimal,,0.25,0.3,0.35,0.2,0.15,0,0.6,instrumental,0,ambient,"""{""""deep_night_introspective"""":0.85,""""night_clear_lonely"""":0.8,""""work_focus_low_vocal"""":0.75}""",fade_into_inner_space,0.85,冷调合成器氛围与深远混响，构建出疏离而悬置的声景
Instruction (feat. Demi Lovato & Stefflon Don),Jax Jones,urban;restless;hopeful,soft_synth;electric_distant;vocal_breath,,0.7,0.6,0.65,0.5,0.75,0.85,0.4,en,1,dance_pop,"""{""""evening_city_walk"""":0.8,""""user_requested_explore"""":0.75,""""weekend_slow"""":0.7}""",city_to_inner_room,0.85,高能量舞曲流行，强劲节拍与人声驱动，都市感强烈但情感较轻
Both Of Us,Jayda G,warm;nostalgic;hopeful,soft_synth;vocal_breath;electric_distant,,0.45,0.55,0.5,0.6,0.5,0.6,0.55,en,1,house,"""{""""evening_city_walk"""":0.8,""""work_focus_low_vocal"""":0.7,""""afternoon_warm_idle"""":0.75}""",city_to_inner_room,0.85,温暖的合成器与人声交织，怀旧而充满希望的都市律动
Deep Distance,Ashra,dreamy;detached;restrained,ambient_pad;soft_synth;minimal,,0.2,0.35,0.25,0.4,0.15,0,0.5,instrumental,0,ambient,"""{""""work_focus_low_vocal"""":0.85,""""deep_night_introspective"""":0.8,""""night_clear_lonely"""":0.75}""",fade_into_inner_space,0.9,悠远的环境合成器声景，缓慢而空灵，带有太空般的疏离感
Encore,Brandt Brauer Frick,restrained;urban;unresolved,minimal;cold_synth;electric_distant,,0.4,0.35,0.5,0.3,0.45,0,0.55,instrumental,0,minimal_techno,"""{""""evening_city_walk"""":0.8,""""work_focus_low_vocal"""":0.75,""""deep_night_introspective"""":0.7}""",city_to_inner_room,0.85,冷调电子节拍与极简合成器，克制而都市化的律动感
Leaving the Plains,*shels,introspective;melancholic;restrained,piano;string;cinematic;reverb_heavy,,0.25,0.3,0.4,0.35,0.2,0,0.8,instrumental,0,post_rock,"""{""""deep_night_introspective"""":0.85,""""work_focus_low_vocal"""":0.8,""""night_rain_humid"""":0.75}""",slow_opening,0.9,钢琴与弦乐铺陈的缓慢后摇，空旷而内省，带有电影般的沉重感
海枯石爛,王儷婷,nostalgic;warm;bittersweet,piano;string;vocal_breath,,0.45,0.5,0.45,0.6,0.35,0.65,0.65,zh,1,mandopop,"""{""""evening_city_walk"""":0.8,""""weekend_slow"""":0.7,""""night_rain_humid"""":0.75}""",slow_opening,0.85,王儷婷温暖声线搭配钢琴与弦乐，营造怀旧而略带苦涩的抒情氛围
Paper Bag,Fiona Apple,restless;bittersweet;introspective,piano;vocal_breath;cinematic,,0.4,0.35,0.5,0.4,0.45,0.75,0.8,en,1,art_pop,"""{""""deep_night_introspective"""":0.85,""""evening_city_walk"""":0.8,""""work_focus_low_vocal"""":0.7}""",city_to_inner_room,0.9,Fiona Apple 的钢琴驱动与脆弱人声，交织着不安与苦涩的内省
Zoo Eyes,Aldous Harding,dreamy;unresolved;bittersweet,acoustic;vocal_breath;string;reverb_heavy,,0.35,0.4,0.45,0.5,0.3,0.6,0.65,en,1,indie_folk,"""{""""morning_cloudy_slow"""":0.8,""""evening_city_walk"""":0.75,""""deep_night_introspective"""":0.7}""",soft_focus_work,0.85,Aldous Harding 独特的声线与木吉他、弦乐交织，营造出梦幻而略带未解的怀旧氛围
天若有情,黄丽玲,melancholic;nostalgic;bittersweet,piano;string;vocal_breath,,0.4,0.45,0.5,0.55,0.35,0.7,0.75,zh,1,mandopop,"""{""""evening_city_walk"""":0.8,""""night_clear_lonely"""":0.75,""""deep_night_introspective"""":0.7}""",slow_opening,0.85,钢琴与弦乐交织，黄丽玲深情演绎，怀旧而略带苦涩的抒情曲
永遠,BoA,nostalgic;warm;bittersweet,piano;string;vocal_breath;soft_synth,,0.45,0.5,0.5,0.6,0.4,0.7,0.65,ja,1,j_pop,"""{""""evening_city_walk"""":0.8,""""weekend_slow"""":0.75,""""deep_night_introspective"""":0.7}""",slow_opening,0.85,BoA 的抒情曲，钢琴与弦乐交织，怀旧而温暖，略带苦涩的甜美
When I Say I Love U - Saux Remix,Shy Girls,dreamy;sensual;warm,soft_synth;vocal_breath;reverb_heavy;electric_distant,,0.4,0.5,0.45,0.6,0.4,0.7,0.5,en,1,electronic_r&b,"""{""""evening_city_walk"""":0.85,""""deep_night_introspective"""":0.8,""""user_requested_explore"""":0.75}""",city_to_inner_room,0.85,Saux Remix 带来梦幻合成器与温暖人声，营造出都市夜晚的感性氛围
First Prize Bravery,Sorcha Richardson,introspective;melancholic;hopeful,acoustic;vocal_breath;soft_synth;reverb_heavy,,0.35,0.4,0.35,0.5,0.3,0.6,0.65,en,1,indie_folk,"""{""""morning_cloudy_slow"""":0.8,""""evening_city_walk"""":0.75,""""deep_night_introspective"""":0.7}""",slow_opening,0.85,木吉他与人声主导的独立民谣，内省中带着一丝希望，混响营造出空旷感
Fenceline,Anna Tivel,introspective;melancholic;restrained,acoustic;vocal_breath;string;minimal,,0.25,0.35,0.3,0.45,0.2,0.6,0.7,en,1,folk,"""{""""deep_night_introspective"""":0.85,""""night_rain_humid"""":0.75,""""work_focus_low_vocal"""":0.7}""",slow_opening,0.85,Anna Tivel 的民谣叙事，木吉他与人声克制而内省，带有淡淡的忧郁与孤独感
Self Control,Frank Ocean,introspective;melancholic;bittersweet,soft_synth;reverb_heavy;vocal_breath;minimal,,0.35,0.4,0.45,0.5,0.3,0.7,0.75,en,1,art_r&b,"""{""""deep_night_introspective"""":0.9,""""night_clear_lonely"""":0.85,""""evening_city_walk"""":0.8}""",fade_into_inner_space,0.9,Frank Ocean 脆弱的人声与极简合成器氛围，营造出内省而苦涩的深夜情绪
One for Uchshplup,Alon Farber,warm;clear;hopeful,acoustic;jazz_brush;string,,0.4,0.6,0.45,0.7,0.35,0,0.4,instrumental,0,jazz,"""{""""work_focus_low_vocal"""":0.85,""""morning_clear_light"""":0.8,""""afternoon_warm_idle"""":0.75}""",soft_focus_work,0.85,温暖的爵士器乐，木吉他、刷鼓与弦乐营造明亮而放松的氛围
Dying Dying Dying /// Wake Wake Wake,Siskiyou,melancholic;restless;unresolved,acoustic;vocal_breath;reverb_heavy;electric_distant,,0.4,0.35,0.5,0.4,0.45,0.6,0.7,en,1,indie_folk,"""{""""deep_night_introspective"""":0.8,""""night_rain_humid"""":0.75,""""work_focus_low_vocal"""":0.7}""",fade_into_inner_space,0.85,木吉他与人声交织，混响深远，情绪在挣扎与未解之间徘徊，适合深夜内省
當時的月亮,王菲,nostalgic;melancholic;bittersweet,piano;string;vocal_breath,,0.4,0.5,0.45,0.55,0.35,0.7,0.7,zh,1,mandopop,"""{""""evening_city_walk"""":0.8,""""night_clear_lonely"""":0.75,""""deep_night_introspective"""":0.7}""",slow_opening,0.9,王菲空灵声线搭配钢琴与弦乐，怀旧而略带忧郁，适合夜晚独处场景
Multicolor,Bruno Sanfilippo,introspective;dreamy;restrained,piano;ambient_pad;minimal,,0.15,0.35,0.2,0.45,0.1,0,0.7,instrumental,0,modern_classical,"""{""""work_focus_low_vocal"""":0.85,""""deep_night_introspective"""":0.8,""""night_rain_humid"""":0.75}""",slow_opening,0.9,极简钢琴与氛围垫音交织，内省而梦幻，能量低但情感重量适中
Noted,Rejoicer,warm;dreamy;clear,soft_synth;ambient_pad;lofi_dust;electric_distant,,0.35,0.5,0.4,0.6,0.3,0,0.45,instrumental,0,lo_fi,"""{""""work_focus_low_vocal"""":0.85,""""morning_cloudy_slow"""":0.8,""""evening_city_walk"""":0.75}""",soft_focus_work,0.85,温暖的 lo-fi 氛围，软合成器与轻度失真纹理营造出梦幻而清晰的质感
Part 3,Eri Yamamoto Trio,introspective;restrained;melancholic,piano;acoustic;minimal,,0.25,0.4,0.3,0.5,0.2,0,0.7,instrumental,0,jazz,"""{""""work_focus_low_vocal"""":0.85,""""deep_night_introspective"""":0.8,""""night_rain_humid"""":0.75}""",slow_opening,0.85,钢琴三重奏的即兴对话，克制而内省，带有淡淡的忧郁质感
伸手摘下了（男孩 Part2）,Lu1,introspective;melancholic;urban,lofi_dust;soft_synth;vocal_breath;electric_distant,,0.35,0.4,0.45,0.5,0.3,0.6,0.7,zh,1,alternative_hip_hop,"""{""""deep_night_introspective"""":0.85,""""evening_city_walk"""":0.8,""""night_clear_lonely"""":0.75}""",city_to_inner_room,0.85,Lu1 的松弛说唱与 lo-fi 质感，内省而略带忧郁的都市夜晚情绪
"""Of All Living Creatures, Why a Human Being?""",Alondra Bentley,introspective;melancholic;dreamy,acoustic;string;vocal_breath;minimal,,0.3,0.4,0.35,0.5,0.2,0.6,0.7,en,1,indie_folk,"""{""""morning_cloudy_slow"""":0.85,""""work_focus_low_vocal"""":0.8,""""deep_night_introspective"""":0.75}""",slow_opening,0.85,轻柔的木吉他与弦乐衬托下，Alondra Bentley 细腻的人声营造出内省而梦幻的忧郁氛围
I Wanna Be Your Dog,Emilie Simon,restless;melancholic;bittersweet,piano;vocal_breath;reverb_heavy;minimal,,0.35,0.3,0.4,0.35,0.3,0.6,0.7,en,1,art_pop,"""{""""deep_night_introspective"""":0.8,""""night_rain_humid"""":0.75,""""work_focus_low_vocal"""":0.7}""",fade_into_inner_space,0.85,Emilie Simon 的脆弱人声与极简钢琴，在混响中呈现不安与怀旧的矛盾情绪
Detraction,Stenny,restrained;melancholic;detached,minimal;cold_synth;ambient_pad;reverb_heavy,,0.2,0.25,0.3,0.2,0.15,0,0.7,instrumental,0,ambient_techno,"""{""""deep_night_introspective"""":0.85,""""night_rain_humid"""":0.8,""""work_focus_low_vocal"""":0.75}""",fade_into_inner_space,0.85,极简冷调合成器与深远混响，营造克制而疏离的夜晚氛围
Decompression,Benny Lackner Trio,restrained;introspective;clear,piano;acoustic;minimal,,0.25,0.5,0.3,0.55,0.2,0,0.6,instrumental,0,jazz,"""{""""work_focus_low_vocal"""":0.85,""""morning_cloudy_slow"""":0.75,""""afternoon_warm_idle"""":0.7}""",soft_focus_work,0.85,钢琴三重奏，克制而清晰的爵士质感，适合专注或放松场景
岛上,艾敬,nostalgic;warm;bittersweet,acoustic;vocal_breath;string;field_recording,,0.35,0.5,0.4,0.6,0.3,0.6,0.65,zh,1,folk_pop,"""{""""morning_cloudy_slow"""":0.8,""""afternoon_warm_idle"""":0.75,""""evening_city_walk"""":0.7}""",slow_opening,0.85,艾敬的民谣流行风格，木吉他与人声交织，带有怀旧与温暖的岛屿意象
PTD,Rejoicer,dreamy;warm;clear,soft_synth;ambient_pad;lofi_dust,,0.35,0.5,0.4,0.6,0.3,0,0.45,instrumental,0,lo_fi,"""{""""work_focus_low_vocal"""":0.85,""""morning_cloudy_slow"""":0.8,""""evening_city_walk"""":0.75}""",soft_focus_work,0.85,温暖的 lo-fi 氛围，软合成器与轻度失真纹理营造梦幻而清晰的质感
WOAH,Flau'jae,urban;restless;hopeful,soft_synth;vocal_breath;electric_distant,,0.6,0.55,0.6,0.5,0.65,0.75,0.5,en,1,hip_hop,"""{""""evening_city_walk"""":0.8,""""user_requested_explore"""":0.75,""""deep_night_introspective"""":0.7}""",city_to_inner_room,0.85,都市感强烈的嘻哈曲目，合成器与人声交织，带有不安与希望的双重情绪
Milhaud : Ballade for Piano and Orchestre Op. 61,Claude Helffer,restrained;melancholic;unresolved,piano;cinematic;string;minimal,,0.25,0.35,0.4,0.3,0.2,0,0.7,instrumental,0,modern_classical,"""{""""work_focus_low_vocal"""":0.85,""""deep_night_introspective"""":0.8,""""night_rain_humid"""":0.75}""",slow_opening,0.85,钢琴与管弦乐对话，米约的新古典主义风格，克制而略带忧郁的室内乐质感
三寸天堂,嚴藝丹,melancholic;nostalgic;bittersweet,piano;string;vocal_breath;cinematic,,0.35,0.4,0.5,0.45,0.3,0.6,0.75,zh,1,mandopop,"""{""""deep_night_introspective"""":0.85,""""night_rain_humid"""":0.8,""""evening_city_walk"""":0.75}""",afterglow_fading,0.9,钢琴与弦乐交织的悲情旋律，嚴藝丹的声线带着怀旧与苦涩，适合深夜独处
The Woods,Emil Brandqvist,introspective;melancholic;restrained,piano;minimal;cinematic,,0.15,0.3,0.2,0.35,0.1,0,0.8,instrumental,0,modern_classical,"""{""""deep_night_introspective"""":0.9,""""work_focus_low_vocal"""":0.85,""""night_rain_humid"""":0.8}""",slow_opening,0.9,极简钢琴与静谧氛围，内省而克制，如同深夜独处时的沉思
Bring Her Back,Adia Victoria,melancholic;restless;bittersweet,electric_distant;reverb_heavy;vocal_breath,,0.4,0.35,0.5,0.3,0.4,0.6,0.7,en,1,blues_rock,"""{""""deep_night_introspective"""":0.8,""""night_rain_humid"""":0.75,""""evening_city_walk"""":0.7}""",late_night_descent,0.85,Adia Victoria 的声线带着忧郁与不安，电吉他遥远而混响厚重，营造出苦涩而动荡的夜晚氛围
Habanera Rocket,Elephant9,restless;urban;unresolved,electric_distant;cold_synth;cinematic;reverb_heavy,,0.65,0.4,0.7,0.3,0.6,0,0.6,instrumental,0,progressive_rock,"""{""""evening_city_walk"""":0.7,""""deep_night_introspective"""":0.65,""""user_requested_explore"""":0.6}""",city_to_inner_room,0.85,Elephant9 的器乐前卫摇滚，充满不安的合成器与强劲节奏，都市感强烈
后来,刘若英,nostalgic;warm;bittersweet,piano;string;vocal_breath,,0.45,0.5,0.45,0.6,0.35,0.7,0.7,zh,1,mandopop,"""{""""evening_city_walk"""":0.8,""""weekend_slow"""":0.75,""""night_rain_humid"""":0.7}""",slow_opening,0.9,刘若英的温暖声线搭配钢琴与弦乐，怀旧而略带苦涩的抒情经典
Auto & Allo,Oneohtrix Point Never,detached;restless;unresolved,cold_synth;electric_distant;reverb_heavy;minimal,,0.35,0.3,0.4,0.2,0.3,0,0.6,instrumental,0,experimental_electronic,"""{""""deep_night_introspective"""":0.8,""""night_rain_humid"""":0.75,""""work_focus_low_vocal"""":0.7}""",fade_into_inner_space,0.85,冷调合成器与深远混响，营造出疏离不安的电子声景
Circle,Hector Plimmer,warm;dreamy;restrained,soft_synth;ambient_pad;lofi_dust;minimal,,0.35,0.5,0.4,0.6,0.3,0,0.45,instrumental,0,lo_fi,"""{""""work_focus_low_vocal"""":0.85,""""morning_cloudy_slow"""":0.8,""""evening_city_walk"""":0.75}""",soft_focus_work,0.85,温暖的 lo-fi 氛围，软合成器与轻度失真纹理营造出克制而梦幻的质感
But Beautiful - Live,Chick Corea,warm;nostalgic;bittersweet,piano;jazz_brush;acoustic,,0.35,0.55,0.4,0.7,0.3,0,0.65,instrumental,0,jazz,"""{""""morning_clear_light"""":0.8,""""afternoon_warm_idle"""":0.85,""""work_focus_low_vocal"""":0.75}""",soft_focus_work,0.9,Chick Corea 的现场钢琴爵士演绎，温暖而怀旧，带有淡淡的苦涩与优雅
Crown (with Camila Cabello & Grey),Camila Cabello,hopeful;warm;urban,soft_synth;vocal_breath;electric_distant,,0.6,0.6,0.55,0.6,0.55,0.75,0.5,en,1,pop,"""{""""evening_city_walk"""":0.8,""""morning_clear_light"""":0.7,""""user_requested_explore"""":0.65}""",city_to_inner_room,0.85,流行曲风，Camila Cabello 的人声温暖且充满希望，合成器与节奏营造都市感
How to Navigate,Little People,introspective;melancholic;dreamy,ambient_pad;field_recording;minimal;soft_synth,,0.25,0.3,0.35,0.45,0.2,0,0.7,instrumental,0,ambient,"""{""""work_focus_low_vocal"""":0.85,""""deep_night_introspective"""":0.8,""""morning_cloudy_slow"""":0.75}""",soft_focus_work,0.85,氛围电子作品，轻柔合成器与田野录音交织，内省而略带忧郁的声景
Cupid,Twin Ver. (feat. Sabrina Carpenter) - FIFTY FIFTY / Sabrina Carpenter,warm;hopeful;bittersweet,soft_synth;vocal_breath;acoustic,,0.55,0.6,0.5,0.65,0.5,0.75,0.5,en,1,k_pop,"""{""""morning_clear_light"""":0.7,""""evening_city_walk"""":0.75,""""weekend_slow"""":0.7}""",soft_focus_work,0.85,温暖轻快的K-pop流行曲，甜美人声与柔和合成器交织，略带怀旧与希望感
Freestyle 4,Kanye West,restless;urban;unresolved,electric_distant;cold_synth;grainy,,0.7,0.4,0.8,0.3,0.75,0.9,0.6,en,1,hip_hop,"""{""""evening_city_walk"""":0.5,""""deep_night_introspective"""":0.55,""""user_requested_explore"""":0.6}""",city_to_inner_room,0.85,Kanye West 的激烈说唱与工业感制作，充满不安与都市躁动，能量较高但情绪未解
Song for My Mother (feat. Mark de Clive-Lowe),Dwight Trible,warm;nostalgic;hopeful,acoustic;jazz_brush;vocal_breath;string,,0.4,0.55,0.5,0.7,0.35,0.75,0.65,en,1,jazz,"""{""""morning_clear_light"""":0.8,""""afternoon_warm_idle"""":0.85,""""weekend_slow"""":0.75}""",slow_opening,0.85,温暖的爵士人声与木吉他、弦乐交织，充满对母亲的怀旧与感恩之情
Shadow Preachers,Zella Day,restless;urban;bittersweet,electric_distant;reverb_heavy;soft_synth;vocal_breath,,0.55,0.5,0.6,0.45,0.55,0.7,0.6,en,1,indie_pop,"""{""""evening_city_walk"""":0.85,""""deep_night_introspective"""":0.8,""""user_requested_explore"""":0.75}""",city_to_inner_room,0.85,Zella Day 的声线带着疏离与不安，合成器与混响营造出都市夜晚的躁动与怀旧
F.N.F. (Let's Go),Hitkidd,restless;urban;hopeful,electric_distant;soft_synth;vocal_breath,,0.7,0.6,0.65,0.5,0.75,0.8,0.5,en,1,hip_hop,"""{""""evening_city_walk"""":0.8,""""user_requested_explore"""":0.75,""""work_focus_low_vocal"""":0.6}""",city_to_inner_room,0.85,充满活力的都市嘻哈，节奏强劲，人声主导，适合夜晚城市漫步
Tinkerer,Vieo Abiungo,introspective;restrained;melancholic,piano;minimal;reverb_heavy,,0.2,0.3,0.25,0.35,0.15,0,0.7,instrumental,0,modern_classical,"""{""""work_focus_low_vocal"""":0.85,""""deep_night_introspective"""":0.8,""""night_rain_humid"""":0.75}""",slow_opening,0.85,极简钢琴与深远混响，营造出内省而克制的孤独氛围
So What,Montevideo,warm;clear;restrained,acoustic;jazz_brush;soft_synth,,0.35,0.55,0.4,0.65,0.3,0,0.4,instrumental,0,jazz,"""{""""work_focus_low_vocal"""":0.85,""""afternoon_warm_idle"""":0.8,""""morning_clear_light"""":0.75}""",soft_focus_work,0.85,温暖的爵士吉他搭配轻柔刷擦，明亮而克制，适合专注或闲适场景
I’m A Stranger Here,The Divine Comedy,melancholic;bittersweet;restrained,string;piano;vocal_breath,,0.35,0.4,0.45,0.5,0.3,0.6,0.7,en,1,chamber_pop,"""{""""evening_city_walk"""":0.8,""""deep_night_introspective"""":0.75,""""work_focus_low_vocal"""":0.7}""",slow_opening,0.85,弦乐与钢琴交织的室内流行，人声带着疏离的忧郁与苦涩的怀旧
Time,MKJ,melancholic;nostalgic;hopeful,piano;soft_synth;cinematic;vocal_breath,,0.45,0.5,0.5,0.55,0.4,0.6,0.7,en,1,electronic_pop,"""{""""evening_city_walk"""":0.8,""""deep_night_introspective"""":0.75,""""work_focus_low_vocal"""":0.7}""",slow_opening,0.85,钢琴与软合成器交织，人声带有呼吸感，营造出怀旧而略带希望的电子流行氛围
Wolves,Dez Mona,restrained;melancholic;unresolved,piano;string;vocal_breath;cinematic,,0.3,0.35,0.4,0.4,0.25,0.6,0.75,en,1,art_pop,"""{""""deep_night_introspective"""":0.85,""""night_rain_humid"""":0.8,""""work_focus_low_vocal"""":0.75}""",fade_into_inner_space,0.85,钢琴与弦乐铺垫，人声克制而充满未解的情绪，整体氛围内省而忧郁
Talk to Me,Little People,introspective;melancholic;restrained,piano;ambient_pad;field_recording;minimal,,0.25,0.3,0.3,0.4,0.2,0,0.7,instrumental,0,ambient,"""{""""work_focus_low_vocal"""":0.85,""""deep_night_introspective"""":0.8,""""night_rain_humid"""":0.75}""",rain_on_glass,0.85,钢琴与氛围垫交织，田野录音点缀，内省而克制，适合低能量专注或深夜沉思
Battle,Fenella,restless;unresolved;melancholic,cold_synth;electric_distant;reverb_heavy;minimal,,0.35,0.3,0.4,0.25,0.3,0,0.7,instrumental,0,ambient,"""{""""deep_night_introspective"""":0.85,""""night_rain_humid"""":0.75,""""work_focus_low_vocal"""":0.7}""",fade_into_inner_space,0.85,冷调合成器与深远混响营造出不安而悬而未决的氛围，适合内省场景
The Monster,Eminem,restless;urban;unresolved,electric_distant;cold_synth;vocal_breath,,0.7,0.4,0.7,0.3,0.7,0.9,0.6,en,1,hip_hop,"""{""""evening_city_walk"""":0.5,""""deep_night_introspective"""":0.5,""""user_requested_explore"""":0.5}""",city_to_inner_room,0.85,Eminem 的激烈说唱与 Rihanna 的副歌交织，充满都市不安与内心挣扎，能量较高但情感复杂
Wolly Wolly Gong,tUnE-yArDs,restless;urban;unresolved,electric_distant;vocal_breath;field_recording,,0.7,0.6,0.65,0.4,0.7,0.8,0.5,en,1,art_pop,"""{""""evening_city_walk"""":0.7,""""user_requested_explore"""":0.65,""""work_focus_low_vocal"""":0.5}""",city_to_inner_room,0.8,实验性艺术流行，不规则的节奏与失真的人声营造出都市中的不安与探索感
贝比,LÜCY / JOYCE 就以斯,dreamy;warm;nostalgic,soft_synth;vocal_breath;acoustic;reverb_heavy,,0.35,0.5,0.4,0.6,0.3,0.7,0.55,zh,1,indie_pop,"""{""""evening_city_walk"""":0.8,""""morning_cloudy_slow"""":0.75,""""weekend_slow"""":0.7}""",soft_focus_work,0.85,梦幻的独立流行，软合成器与温暖人声交织，带有怀旧与慵懒的质感
Driveway,Sorcha Richardson,nostalgic;urban;bittersweet,acoustic;vocal_breath;electric_distant,,0.4,0.5,0.45,0.55,0.35,0.6,0.65,en,1,indie_folk,"""{""""evening_city_walk"""":0.8,""""deep_night_introspective"""":0.75,""""night_clear_lonely"""":0.7}""",city_to_inner_room,0.85,木吉他与人声交织，带有都市夜晚的怀旧与淡淡苦涩
Daylight - Live From Paris,Taylor Swift,warm;nostalgic;hopeful,acoustic;vocal_breath;string,,0.45,0.55,0.4,0.7,0.35,0.7,0.65,en,1,pop,"""{""""evening_city_walk"""":0.8,""""morning_clear_light"""":0.75,""""weekend_slow"""":0.7}""",slow_opening,0.85,现场版木吉他与人声交织，温暖怀旧中带着希望，能量适中
Lingala - Beatless,Lee Burridge,dreamy;misty;restrained,ambient_pad;field_recording;minimal;reverb_heavy,,0.2,0.3,0.25,0.4,0.1,0,0.5,instrumental,0,ambient,"""{""""work_focus_low_vocal"""":0.9,""""morning_cloudy_slow"""":0.85,""""deep_night_introspective"""":0.8}""",soft_focus_work,0.85,无节奏的ambient声景，以氛围垫和田野录音营造朦胧、内省的空间感
Grenade,Bruno Mars,melancholic;restless;bittersweet,piano;vocal_breath;string;cinematic,,0.6,0.4,0.55,0.5,0.5,0.8,0.75,en,1,pop,"""{""""evening_city_walk"""":0.7,""""deep_night_introspective"""":0.65,""""night_rain_humid"""":0.6}""",city_to_inner_room,0.85,Bruno Mars 的强力抒情，钢琴与弦乐烘托出苦涩而躁动的情感爆发
Man As Ghost,The Yawpers,restless;melancholic;unresolved,electric_distant;reverb_heavy;cinematic,,0.6,0.35,0.65,0.3,0.55,0.6,0.7,en,1,alternative_rock,"""{""""deep_night_introspective"""":0.8,""""night_clear_lonely"""":0.75,""""evening_city_walk"""":0.7}""",city_to_inner_room,0.85,粗粝的吉他音色与不安的人声，营造出城市夜晚中疏离而悬而未决的情绪
催眠,许哲珮,dreamy;misty;restrained,piano;ambient_pad;vocal_breath;reverb_heavy,,0.25,0.3,0.35,0.4,0.2,0.6,0.55,zh,1,art_pop,"""{""""deep_night_introspective"""":0.85,""""night_rain_humid"""":0.8,""""work_focus_low_vocal"""":0.7}""",fade_into_inner_space,0.85,许哲珮的梦幻声线搭配钢琴与氛围铺底，营造出朦胧而克制的催眠氛围
喜帖街,谢安琪,nostalgic;melancholic;bittersweet,piano;string;vocal_breath,,0.4,0.45,0.5,0.55,0.35,0.7,0.75,zh,1,cantopop,"""{""""evening_city_walk"""":0.85,""""deep_night_introspective"""":0.8,""""night_rain_humid"""":0.75}""",city_to_inner_room,0.9,钢琴与弦乐交织，谢安琪的叙事性声线带出对旧日街景的怀旧与淡淡哀愁
Mother Town,Bill Pritchard,nostalgic;warm;bittersweet,acoustic;string;vocal_breath,,0.4,0.5,0.45,0.6,0.35,0.6,0.65,en,1,folk_pop,"""{""""evening_city_walk"""":0.8,""""morning_cloudy_slow"""":0.75,""""weekend_slow"""":0.7}""",slow_opening,0.85,温暖的木吉他与弦乐编排，Bill Pritchard 的声线带着怀旧与淡淡的忧伤，适合安静回味的时刻
This Is Slow,Water From Your Eyes,restrained;melancholic;unresolved,minimal;cold_synth;reverb_heavy;vocal_breath,,0.25,0.3,0.35,0.3,0.2,0.5,0.7,en,1,art_pop,"""{""""deep_night_introspective"""":0.85,""""night_rain_humid"""":0.8,""""work_focus_low_vocal"""":0.75}""",fade_into_inner_space,0.85,极简冷合成器与脆弱人声，克制而悬而未决的情绪，适合深夜内省
Amanecer,Matthieu Saglio,introspective;dreamy;restrained,piano;string;ambient_pad;minimal,,0.2,0.35,0.25,0.45,0.15,0,0.7,instrumental,0,modern_classical,"""{""""morning_cloudy_slow"""":0.85,""""work_focus_low_vocal"""":0.8,""""deep_night_introspective"""":0.75}""",slow_opening,0.85,钢琴与弦乐交织的极简氛围，内省而梦幻，如同黎明前的静谧
Interspecial Plum,Andrew Lawrence,dreamy;misty;restrained,ambient_pad;minimal;field_recording,,0.2,0.35,0.25,0.45,0.15,0,0.5,instrumental,0,ambient,"""{""""work_focus_low_vocal"""":0.85,""""morning_cloudy_slow"""":0.8,""""deep_night_introspective"""":0.75}""",soft_focus_work,0.85,氛围音乐，朦胧的合成器铺底与田野录音，克制而梦幻
舞池 Dance Floor,邱比,restrained;urban;unresolved,cold_synth;electric_distant;minimal,,0.35,0.4,0.45,0.3,0.4,0.5,0.6,zh,1,art_pop,"""{""""evening_city_walk"""":0.8,""""deep_night_introspective"""":0.75,""""work_focus_low_vocal"""":0.7}""",city_to_inner_room,0.85,冷调合成器与克制人声，都市夜晚的疏离与未解情绪
幸福,齊豫,warm;nostalgic;hopeful,acoustic;string;vocal_breath,,0.4,0.55,0.45,0.7,0.35,0.65,0.6,zh,1,mandopop,"""{""""morning_clear_light"""":0.8,""""afternoon_warm_idle"""":0.75,""""weekend_slow"""":0.7}""",slow_opening,0.85,齊豫溫暖空靈的聲線搭配木吉他與弦樂，營造懷舊而充滿希望的幸福感
Cross Talk II,Oneohtrix Point Never,detached;restless;unresolved,cold_synth;electric_distant;minimal;field_recording,,0.25,0.2,0.3,0.15,0.2,0,0.6,instrumental,0,experimental_electronic,"""{""""deep_night_introspective"""":0.8,""""night_rain_humid"""":0.7,""""work_focus_low_vocal"""":0.65}""",fade_into_inner_space,0.85,冷调合成器与田野录音交织，疏离而悬疑的实验电子声景
歡顏,齊豫,nostalgic;melancholic;warm,acoustic;string;vocal_breath,,0.3,0.5,0.4,0.6,0.2,0.7,0.75,zh,1,mandopop,"""{""""evening_city_walk"""":0.8,""""deep_night_introspective"""":0.75,""""morning_cloudy_slow"""":0.7}""",slow_opening,0.9,齊豫空靈悠遠的聲線搭配木吉他與弦樂，營造出懷舊而溫暖的淡淡憂傷
游园惊梦 (Album Preview Mix),白天不亮,dreamy;nostalgic;bittersweet,ambient_pad;soft_synth;field_recording;lofi_dust,,0.25,0.4,0.3,0.5,0.2,0,0.6,instrumental,0,lo_fi,"""{""""morning_cloudy_slow"""":0.85,""""evening_city_walk"""":0.8,""""deep_night_introspective"""":0.75}""",rain_on_glass,0.85,梦幻氛围铺底，融合田野录音与 lo-fi 质感，营造怀旧而略带怅惘的声景
WANT,W. H. Lung,urban;restless;unresolved,soft_synth;electric_distant;reverb_heavy,,0.6,0.5,0.55,0.4,0.6,0.7,0.5,en,1,synthpop,"""{""""evening_city_walk"""":0.8,""""deep_night_introspective"""":0.7,""""user_requested_explore"""":0.75}""",city_to_inner_room,0.85,合成器驱动的都市感，人声带有不安与渴望，节奏明快但情绪未解
Un couteau dans le coeur - Reprise,M83,melancholic;dreamy;unresolved,soft_synth;reverb_heavy;vocal_breath;cinematic,,0.35,0.4,0.5,0.45,0.3,0.6,0.75,en,1,dream_pop,"""{""""deep_night_introspective"""":0.85,""""night_rain_humid"""":0.8,""""evening_city_walk"""":0.75}""",fade_into_inner_space,0.85,M83 标志性的梦幻合成器与深远混响，人声脆弱而悬疑，营造出忧郁而未解的夜晚氛围
Sensitive Habitat,Stenny,introspective;restrained;melancholic,ambient_pad;minimal;cold_synth;reverb_heavy,,0.2,0.3,0.25,0.3,0.15,0,0.7,instrumental,0,ambient_techno,"""{""""work_focus_low_vocal"""":0.85,""""deep_night_introspective"""":0.8,""""night_rain_humid"""":0.75}""",fade_into_inner_space,0.85,冷调氛围铺底与极简节奏，内省而克制，适合深夜专注或沉思
Unspoken,Elizabeth Naccarato,introspective;melancholic;restrained,piano;minimal;reverb_heavy,,0.15,0.3,0.2,0.35,0.1,0,0.8,instrumental,0,modern_classical,"""{""""work_focus_low_vocal"""":0.85,""""deep_night_introspective"""":0.9,""""night_rain_humid"""":0.75}""",slow_opening,0.9,极简钢琴独奏，缓慢而内省，混响营造出静谧的孤独感
Stay - Original Mix,Yeah Boy,restless;urban;hopeful,soft_synth;cold_synth;reverb_heavy,,0.6,0.55,0.6,0.45,0.6,0,0.5,instrumental,0,electronic,"""{""""evening_city_walk"""":0.85,""""work_focus_low_vocal"""":0.7,""""user_requested_explore"""":0.75}""",city_to_inner_room,0.85,合成器驱动的电子曲目，节奏感强，带有都市夜晚的躁动与期待
手风琴与小提琴,刘瀚聪,nostalgic;warm;melancholic,acoustic;string;cinematic,,0.3,0.5,0.4,0.6,0.3,0,0.65,instrumental,0,folk_classical,"""{""""morning_cloudy_slow"""":0.8,""""afternoon_warm_idle"""":0.75,""""evening_city_walk"""":0.7}""",slow_opening,0.85,手风琴与小提琴的器乐组合，带来怀旧而温暖的民谣古典质感
Amphetamine,Smino,urban;restless;bittersweet,soft_synth;lofi_dust;vocal_breath;electric_distant,,0.6,0.5,0.6,0.4,0.65,0.75,0.55,en,1,alternative_hip_hop,"""{""""evening_city_walk"""":0.85,""""deep_night_introspective"""":0.8,""""user_requested_explore"""":0.75}""",city_to_inner_room,0.85,都市感强烈的另类嘻哈，节奏律动明显，人声带有呼吸感，情绪在不安与怀旧间游走
Always,Brett,warm;nostalgic;hopeful,acoustic;vocal_breath;string,,0.4,0.55,0.45,0.65,0.35,0.65,0.6,en,1,folk_pop,"""{""""evening_city_walk"""":0.75,""""morning_clear_light"""":0.7,""""weekend_slow"""":0.7}""",slow_opening,0.85,温暖的木吉他与人声，怀旧而充满希望的民谣流行质感
James Bond,Chris Minh Doky,urban;restless;clear,electric_distant;jazz_brush;cold_synth,,0.55,0.6,0.5,0.4,0.6,0,0.3,instrumental,0,jazz,"""{""""evening_city_walk"""":0.8,""""work_focus_low_vocal"""":0.7,""""user_requested_explore"""":0.65}""",city_to_inner_room,0.8,冷调电贝司与爵士鼓刷营造都市感，节奏清晰但不过于激烈，适合城市漫步或专注工作
The Hidden World,Lunaires,dreamy;misty;introspective,ambient_pad;soft_synth;reverb_heavy;minimal,,0.2,0.35,0.25,0.45,0.1,0,0.65,instrumental,0,ambient,"""{""""deep_night_introspective"""":0.85,""""night_clear_lonely"""":0.8,""""work_focus_low_vocal"""":0.75}""",fade_into_inner_space,0.85,梦幻氛围铺底，轻柔合成器与深远混响营造出朦胧内省的空间感
Anodyne Industries,CFCF,detached;urban;restrained,cold_synth;electric_distant;minimal,,0.35,0.4,0.4,0.3,0.3,0,0.5,instrumental,0,electronic,"""{""""work_focus_low_vocal"""":0.85,""""evening_city_walk"""":0.8,""""deep_night_introspective"""":0.75}""",city_to_inner_room,0.85,冷调合成器与极简编排，营造出都市疏离感与克制氛围
Salty Grautinn,Bjarki,restless;urban;unresolved,cold_synth;electric_distant;grainy;reverb_heavy,,0.65,0.4,0.7,0.3,0.6,0,0.55,instrumental,0,techno,"""{""""evening_city_walk"""":0.8,""""deep_night_introspective"""":0.75,""""work_focus_low_vocal"""":0.65}""",city_to_inner_room,0.85,冷峻的电子节拍与工业感合成器，营造出都市夜晚的不安与疏离
Rhys,Datach'i,restless;urban;detached,cold_synth;electric_distant;minimal,,0.6,0.4,0.7,0.2,0.65,0,0.3,instrumental,0,electronic,"""{""""evening_city_walk"""":0.7,""""work_focus_low_vocal"""":0.6,""""deep_night_introspective"""":0.55}""",city_to_inner_room,0.8,冷调合成器与疏离的电子节拍，营造出都市夜晚的躁动与抽离感
他们的季节,范晓萱+A,nostalgic;melancholic;bittersweet,piano;string;vocal_breath;reverb_heavy,,0.35,0.4,0.45,0.5,0.3,0.6,0.7,zh,1,mandopop,"""{""""evening_city_walk"""":0.8,""""night_rain_humid"""":0.75,""""deep_night_introspective"""":0.7}""",afterglow_fading,0.85,钢琴与弦乐交织，范晓萱略带沙哑的声线传递出怀旧与淡淡的忧伤，适合黄昏或雨夜聆听
Serpent In The Garden,Relaxer,unresolved;melancholic;restrained,piano;reverb_heavy;minimal;field_recording,,0.25,0.3,0.35,0.4,0.2,0,0.7,instrumental,0,ambient,"""{""""deep_night_introspective"""":0.85,""""night_rain_humid"""":0.8,""""work_focus_low_vocal"""":0.75}""",fade_into_inner_space,0.85,极简钢琴与深远混响，搭配田野录音细节，营造悬而未决的内省氛围
Waterfall (feat. Holysseus Fly),Ishmael Ensemble,dreamy;misty;restrained,ambient_pad;soft_synth;vocal_breath;reverb_heavy,,0.35,0.4,0.4,0.5,0.3,0.6,0.55,en,1,electronic,"""{""""work_focus_low_vocal"""":0.85,""""deep_night_introspective"""":0.8,""""evening_city_walk"""":0.75}""",soft_focus_work,0.85,梦幻氛围电子，人声轻柔如雾，合成器铺底营造朦胧而克制的空间感
Yesterday Once More,Carpenters,nostalgic;warm;bittersweet,acoustic;vocal_breath;string,,0.4,0.5,0.45,0.7,0.3,0.7,0.65,en,1,soft_rock,"""{""""evening_city_walk"""":0.8,""""weekend_slow"""":0.75,""""morning_cloudy_slow"""":0.7}""",slow_opening,0.9,Carpenters 温暖柔和的声线与木吉他、弦乐编排，唤起怀旧与淡淡的忧伤
FE!N (feat. Playboi Carti),Travis Scott,restless;urban;unresolved,electric_distant;cold_synth;reverb_heavy,,0.85,0.3,0.9,0.2,0.9,0.8,0.6,en,1,trap,"""{""""evening_city_walk"""":0.5,""""deep_night_introspective"""":0.4,""""user_requested_explore"""":0.5}""",city_to_inner_room,0.85,高能量陷阱节拍与失真合成器，营造出都市夜晚的躁动与悬而未决的氛围
Bola De Nieve,Fabian Almazan Trio,warm;introspective;bittersweet,piano;acoustic;jazz_brush;minimal,,0.3,0.5,0.4,0.7,0.3,0,0.6,instrumental,0,jazz,"""{""""work_focus_low_vocal"""":0.8,""""afternoon_warm_idle"""":0.75,""""evening_city_walk"""":0.7}""",soft_focus_work,0.85,爵士三重奏，钢琴与鼓刷营造温暖内省氛围，带有淡淡的怀旧与苦涩
Sad Eyed Lady of the Lowlands,Ratso,melancholic;lonely;bittersweet,acoustic;vocal_breath;reverb_heavy,,0.25,0.3,0.35,0.4,0.2,0.6,0.75,en,1,folk,"""{""""deep_night_introspective"""":0.85,""""night_rain_humid"""":0.8,""""work_focus_low_vocal"""":0.7}""",fade_into_inner_space,0.85,民谣风格，木吉他与人声交织，带着忧郁与孤独的怀旧感
Dream,Delicate Steve,dreamy;hopeful;clear,soft_synth;reverb_heavy;electric_distant,,0.4,0.6,0.4,0.5,0.35,0,0.45,instrumental,0,indie_rock,"""{""""morning_clear_light"""":0.8,""""evening_city_walk"""":0.75,""""work_focus_low_vocal"""":0.7}""",soft_focus_work,0.85,明亮的合成器旋律与深远混响，营造出梦幻而清晰的氛围
緋色の雪,N-tone,melancholic;misty;restrained,piano;cold_synth;reverb_heavy;minimal,,0.25,0.3,0.35,0.3,0.2,0,0.7,instrumental,0,ambient,"""{""""deep_night_introspective"""":0.85,""""night_rain_humid"""":0.8,""""work_focus_low_vocal"""":0.75}""",afterglow_fading,0.85,冷调钢琴与合成器营造出静谧而忧郁的氛围，如同绯色雪夜中的内省时刻
My Little World,Howe Gelb,introspective;warm;melancholic,acoustic;piano;vocal_breath;lofi_dust,,0.25,0.4,0.3,0.6,0.2,0.5,0.7,en,1,alt_folk,"""{""""morning_cloudy_slow"""":0.8,""""work_focus_low_vocal"""":0.75,""""deep_night_introspective"""":0.7}""",slow_opening,0.85,Howe Gelb 的松散木吉他与人声，带着 lo-fi 质感的温暖内省
Dancing On My Own,Calum Scott,melancholic;lonely;bittersweet,piano;vocal_breath;string,,0.4,0.35,0.5,0.45,0.3,0.75,0.8,en,1,pop,"""{""""evening_city_walk"""":0.8,""""deep_night_introspective"""":0.75,""""night_rain_humid"""":0.7}""",slow_opening,0.9,钢琴与弦乐铺垫，Calum Scott 脆弱而深情的人声传达出孤独与心碎的 bittersweet 情绪
Gabriel Fauré: Ballade pour piano seul,Op. 19 (1877-1879),introspective;restrained;melancholic,piano;cinematic;minimal,,0.2,0.35,0.25,0.4,0.15,0,0.75,instrumental,0,classical,"""{""""work_focus_low_vocal"""":0.85,""""deep_night_introspective"""":0.8,""""night_rain_humid"""":0.75}""",slow_opening,0.9,福雷的钢琴独奏叙事曲，优雅而克制，内省与忧郁交织的古典小品
Råk,Rymden,introspective;restrained;melancholic,piano;minimal;cold_synth;ambient_pad,,0.2,0.3,0.25,0.3,0.15,0,0.7,instrumental,0,modern_jazz,"""{""""work_focus_low_vocal"""":0.85,""""deep_night_introspective"""":0.8,""""night_rain_humid"""":0.75}""",slow_opening,0.85,北欧爵士三重奏，钢琴主导的极简冷调，内省而克制
Come to Atlanta,Faye Webster,warm;nostalgic;bittersweet,acoustic;vocal_breath;string;jazz_brush,,0.35,0.5,0.4,0.7,0.3,0.6,0.65,en,1,indie_folk,"""{""""evening_city_walk"""":0.8,""""afternoon_warm_idle"""":0.75,""""weekend_slow"""":0.7}""",afterglow_fading,0.85,Faye Webster 温暖慵懒的声线搭配木吉他与弦乐，营造出怀旧而略带苦涩的午后氛围
Stones,Sonic Youth,restless;unresolved;urban,electric_distant;grainy;reverb_heavy,,0.65,0.4,0.7,0.3,0.6,0.5,0.7,en,1,alternative_rock,"""{""""evening_city_walk"""":0.8,""""deep_night_introspective"""":0.75,""""night_rain_humid"""":0.7}""",city_to_inner_room,0.85,Sonic Youth 标志性的失真吉他噪音与不安的节奏，营造出都市夜晚的躁动与未解情绪
Links 2 3 4,Rammstein,restless;urban;unresolved,electric_distant;cold_synth;cinematic,,0.85,0.7,0.9,0.2,0.8,0.9,0.6,de,1,industrial_metal,"""{""""evening_city_walk"""":0.5,""""deep_night_introspective"""":0.4,""""user_requested_explore"""":0.5}""",city_to_inner_room,0.85,重型工业金属，高能量、高密度、冷硬质感，带有都市不安与未解决的张力
Killing Me,Omar Apollo,sensual;urban;bittersweet,soft_synth;vocal_breath;electric_distant;reverb_heavy,,0.45,0.5,0.55,0.5,0.5,0.7,0.6,en,1,r&b,"""{""""evening_city_walk"""":0.8,""""deep_night_introspective"""":0.75,""""night_clear_lonely"""":0.7}""",city_to_inner_room,0.85,Omar Apollo 的性感声线与合成器氛围交织，都市夜晚的甜蜜与苦涩
紅色高跟鞋,蔡健雅,warm;urban;hopeful,acoustic;jazz_brush;vocal_breath,,0.45,0.6,0.5,0.65,0.5,0.7,0.5,zh,1,mandopop,"""{""""evening_city_walk"""":0.85,""""afternoon_warm_idle"""":0.8,""""morning_clear_light"""":0.7}""",city_to_inner_room,0.85,蔡健雅温暖声线搭配轻快吉他节奏，都市感与希望并存
Meteora,Ehua,dreamy;misty;restrained,ambient_pad;soft_synth;minimal;reverb_heavy,,0.25,0.35,0.3,0.45,0.15,0,0.55,instrumental,0,ambient,"""{""""deep_night_introspective"""":0.85,""""night_clear_lonely"""":0.8,""""work_focus_low_vocal"""":0.75}""",fade_into_inner_space,0.85,梦幻氛围铺底，柔和合成器与深远混响营造出朦胧而内省的空间感
泡になった,monolog,dreamy;melancholic;lonely,ambient_pad;soft_synth;reverb_heavy;minimal,,0.2,0.3,0.25,0.35,0.15,0,0.7,instrumental,0,ambient,"""{""""deep_night_introspective"""":0.9,""""night_rain_humid"""":0.85,""""work_focus_low_vocal"""":0.8}""",fade_into_inner_space,0.85,梦幻而孤独的氛围声景，软合成器与深远混响营造出沉浸式的内省空间
Good Time Charlie,Priests,restless;urban;unresolved,electric_distant;reverb_heavy;grainy,,0.6,0.4,0.55,0.3,0.5,0.7,0.65,en,1,post_punk,"""{""""evening_city_walk"""":0.7,""""deep_night_introspective"""":0.65,""""night_clear_lonely"""":0.6}""",city_to_inner_room,0.8,粗糙的吉他音色与疏离人声，充满都市不安与未解情绪
4. Szene,"""Lied und Ballade.  """"""""Summ und Brumm""",introspective;restrained;melancholic,piano;minimal;cinematic,,0.2,0.3,0.25,0.35,0.1,0,0.7,instrumental,0,modern_classical,"""{""""work_focus_low_vocal"""":0.85,""""deep_night_introspective"""":0.8,""""night_rain_humid"""":0.75}""",slow_opening,0.85,古典钢琴小品，缓慢而内省，带有克制的情感重量
给路卡的摇篮曲,Standfast,warm;nostalgic;dreamy,acoustic;vocal_breath;string;ambient_pad,,0.25,0.4,0.3,0.7,0.2,0.6,0.6,en,1,folk_pop,"""{""""morning_cloudy_slow"""":0.85,""""weekend_slow"""":0.8,""""deep_night_introspective"""":0.75}""",slow_opening,0.85,轻柔的民谣流行，温暖的人声与弦乐营造出摇篮曲般的怀旧与梦幻感
Little Love Song,窦靖童,dreamy;warm;nostalgic,soft_synth;vocal_breath;reverb_heavy;electric_distant,,0.35,0.5,0.4,0.6,0.3,0.7,0.55,zh,1,art_pop,"""{""""evening_city_walk"""":0.8,""""deep_night_introspective"""":0.75,""""work_focus_low_vocal"""":0.7}""",city_to_inner_room,0.85,窦靖童慵懒空灵的人声搭配软合成器和混响，营造出梦幻而温暖的都市夜晚氛围
Rubberneck,Delicate Steve,restless;urban;clear,electric_distant;soft_synth;reverb_heavy,,0.6,0.55,0.5,0.4,0.65,0,0.35,instrumental,0,indie_rock,"""{""""evening_city_walk"""":0.85,""""work_focus_low_vocal"""":0.75,""""user_requested_explore"""":0.7}""",city_to_inner_room,0.85,电吉他主导的器乐摇滚，节奏明快，充满都市感的律动与清晰纹理
Is It Real?,Seatbelts,restless;unresolved;melancholic,electric_distant;reverb_heavy;jazz_brush;vocal_breath,,0.55,0.4,0.5,0.35,0.5,0.6,0.7,en,1,jazz,"""{""""evening_city_walk"""":0.8,""""deep_night_introspective"""":0.75,""""night_rain_humid"""":0.7}""",city_to_inner_room,0.85,爵士鼓刷与遥远电吉他营造出不安的都市夜晚氛围，人声带着悬而未决的疑问感
Part III,Crumb,dreamy;misty;restless,soft_synth;reverb_heavy;electric_distant;vocal_breath,,0.4,0.4,0.5,0.45,0.4,0.5,0.55,en,1,psychedelic_pop,"""{""""deep_night_introspective"""":0.85,""""evening_city_walk"""":0.8,""""night_clear_lonely"""":0.75}""",city_to_inner_room,0.85,迷幻合成器与朦胧人声交织，营造出梦幻而略带不安的都市夜晚氛围
Fluctuate,Catfish and the Bottlemen,restless;urban;hopeful,electric_distant;soft_synth;reverb_heavy,,0.6,0.55,0.6,0.5,0.65,0.7,0.5,en,1,indie_rock,"""{""""evening_city_walk"""":0.8,""""work_focus_low_vocal"""":0.7,""""user_requested_explore"""":0.75}""",city_to_inner_room,0.85,中速独立摇滚，电吉他混响与鼓点驱动，带有都市躁动与希望感
Island,Nujabes,warm;nostalgic;dreamy,lofi_dust;soft_synth;acoustic;jazz_brush,,0.35,0.5,0.4,0.7,0.4,0,0.5,instrumental,0,lo_fi_hip_hop,"""{""""work_focus_low_vocal"""":0.85,""""afternoon_warm_idle"""":0.8,""""evening_city_walk"""":0.75}""",soft_focus_work,0.9,Nujabes标志性的lo-fi hip hop，温暖爵士采样与柔和鼓点营造怀旧梦幻氛围
旺天下,窦唯,introspective;restrained;melancholic,piano;ambient_pad;minimal;field_recording,,0.2,0.3,0.25,0.35,0.15,0,0.7,instrumental,0,experimental_ambient,"""{""""deep_night_introspective"""":0.85,""""work_focus_low_vocal"""":0.8,""""night_rain_humid"""":0.75}""",fade_into_inner_space,0.85,窦唯的器乐作品以极简钢琴和氛围音景为主，内省而克制，适合深夜独处或专注工作
To Be With You (Original Song by MR. BIG),DJ Deckstream,nostalgic;warm;hopeful,acoustic;soft_synth;vocal_breath;lofi_dust,,0.4,0.55,0.45,0.6,0.35,0.6,0.5,en,1,lo_fi_remix,"""{""""morning_clear_light"""":0.8,""""afternoon_warm_idle"""":0.75,""""weekend_slow"""":0.7}""",soft_focus_work,0.85,DJ Deckstream 的 lo-fi 改编保留了原曲的温暖怀旧感，加入软合成器和轻度失真纹理，营造出慵懒舒适的午后氛围
Random Treasures,Martin Rude & Jakob Skøtt Duo,introspective;restrained;melancholic,acoustic;minimal;field_recording;jazz_brush,,0.25,0.35,0.3,0.5,0.2,0,0.6,instrumental,0,jazz,"""{""""work_focus_low_vocal"""":0.85,""""morning_cloudy_slow"""":0.75,""""deep_night_introspective"""":0.7}""",soft_focus_work,0.85,原声吉他、爵士鼓刷与田野录音营造的克制而内省氛围，能量低但温暖
Clouds Across The Moon,The Rah Band,dreamy;nostalgic;bittersweet,soft_synth;reverb_heavy;vocal_breath;electric_distant,,0.4,0.45,0.5,0.55,0.35,0.6,0.65,en,1,synthpop,"""{""""evening_city_walk"""":0.8,""""deep_night_introspective"""":0.75,""""night_clear_lonely"""":0.7}""",city_to_inner_room,0.85,复古合成器与空灵人声营造出梦幻而略带忧伤的都市夜晚氛围
How's The Weather?,aimi / AEMI MARI / Modesty Beats,dreamy;warm;nostalgic,soft_synth;lofi_dust;ambient_pad;vocal_breath,,0.35,0.5,0.4,0.65,0.3,0.55,0.5,en,1,lo_fi,"""{""""morning_cloudy_slow"""":0.85,""""work_focus_low_vocal"""":0.8,""""evening_city_walk"""":0.75}""",soft_focus_work,0.85,温暖慵懒的 lo-fi 氛围，轻柔人声与软合成器营造出怀旧而梦幻的午后质感
问,陈淑桦,melancholic;bittersweet;nostalgic,piano;string;vocal_breath,,0.35,0.4,0.45,0.5,0.3,0.7,0.75,zh,1,mandopop,"""{""""evening_city_walk"""":0.8,""""deep_night_introspective"""":0.75,""""night_rain_humid"""":0.7}""",slow_opening,0.85,陈淑桦深情演绎，钢琴与弦乐交织，怀旧而略带苦涩的抒情
WHATCHU KNO ABOUT ME (feat. Sexyy Red),GloRilla,urban;restless;unresolved,electric_distant;cold_synth;vocal_breath,generic_radio_pop;mainstream_anthem,0.85,0.7,0.8,0.3,0.9,0.9,0.5,en,1,hip_hop,"""{""""evening_city_walk"""":0.5,""""user_requested_explore"""":0.5,""""night_clear_lonely"""":0.4}""",city_to_inner_room,0.8,强劲的嘻哈节拍和自信的人声，充满都市躁动与未解决的张力，但负面标签限制了场景适配分数
太阳从西边升起 another sunshine,尚雯婕,dreamy;urban;unresolved,soft_synth;ambient_pad;reverb_heavy;electric_distant,,0.4,0.45,0.5,0.4,0.35,0.6,0.65,zh,1,art_pop,"""{""""evening_city_walk"""":0.8,""""deep_night_introspective"""":0.75,""""work_focus_low_vocal"""":0.7}""",city_to_inner_room,0.85,尚雯婕的电子艺术流行风格，梦幻合成器与深远混响营造都市夜晚的疏离与未解情绪
Faire des ronds dans l'eau,Henri Salvador,warm;nostalgic;dreamy,acoustic;jazz_brush;string;vocal_breath,,0.35,0.55,0.4,0.7,0.3,0.6,0.5,fr,1,chanson,"""{""""morning_clear_light"""":0.8,""""afternoon_warm_idle"""":0.85,""""weekend_slow"""":0.75}""",soft_focus_work,0.85,Henri Salvador 温暖慵懒的法语声线，搭配爵士吉他和弦乐，营造怀旧而梦幻的午后氛围
Profundis,Adam Baldych,introspective;melancholic;restrained,string;cinematic;minimal,,0.25,0.3,0.35,0.4,0.15,0,0.8,instrumental,0,contemporary_jazz,"""{""""deep_night_introspective"""":0.85,""""work_focus_low_vocal"""":0.8,""""night_rain_humid"""":0.75}""",afterglow_fading,0.85,弦乐主导的极简当代爵士，内省而克制，情感深沉如夜色中的低语
Andante Cantabile,Various Artists,introspective;melancholic;restrained,piano;string;cinematic;minimal,,0.15,0.3,0.2,0.35,0.1,0,0.8,instrumental,0,classical,"""{""""work_focus_low_vocal"""":0.85,""""deep_night_introspective"""":0.8,""""night_rain_humid"""":0.75}""",slow_opening,0.9,古典弦乐与钢琴的缓慢行板，内省而克制，情感深沉
代替,林倛玉,melancholic;nostalgic;bittersweet,piano;string;vocal_breath,,0.35,0.4,0.45,0.5,0.3,0.6,0.7,zh,1,mandopop,"""{""""evening_city_walk"""":0.8,""""night_rain_humid"""":0.75,""""deep_night_introspective"""":0.7}""",slow_opening,0.85,钢琴和弦乐铺垫的华语抒情，人声带着怀旧与苦涩的细腻情感
Natural Blues,Moby,melancholic;nostalgic;restrained,ambient_pad;grainy;vocal_breath,,0.35,0.3,0.4,0.4,0.3,0.5,0.7,en,1,electronic,"""{""""deep_night_introspective"""":0.85,""""night_rain_humid"""":0.8,""""work_focus_low_vocal"""":0.75}""",fade_into_inner_space,0.85,Moby 标志性的采样+氛围铺底，人声忧郁而克制，带有怀旧与内省感
La Gata Bajo la Lluvia,Rocío Dúrcal / Raúl Di Blasio,melancholic;nostalgic;bittersweet,piano;string;reverb_heavy;vocal_breath,,0.35,0.4,0.5,0.55,0.3,0.7,0.75,es,1,latin_ballad,"""{""""evening_city_walk"""":0.8,""""night_rain_humid"""":0.85,""""deep_night_introspective"""":0.75}""",rain_on_glass,0.9,钢琴与弦乐交织的拉丁抒情曲，人声充满怀旧与忧郁，如同雨夜中的孤独猫影
Deep Love Deep Pain,Chasms,melancholic;introspective;restrained,cold_synth;reverb_heavy;minimal;vocal_breath,,0.25,0.2,0.35,0.3,0.2,0.4,0.75,en,1,darkwave,"""{""""deep_night_introspective"""":0.85,""""night_rain_humid"""":0.8,""""work_focus_low_vocal"""":0.7}""",fade_into_inner_space,0.85,冷合成器与深远混响营造出克制而沉重的内省氛围，人声如雾般漂浮
Hope in a Box,Tomas Barfod,hopeful;restrained;urban,soft_synth;ambient_pad;minimal,,0.4,0.55,0.35,0.5,0.4,0,0.45,instrumental,0,electronic,"""{""""work_focus_low_vocal"""":0.85,""""evening_city_walk"""":0.8,""""morning_clear_light"""":0.75}""",soft_focus_work,0.85,温和的电子氛围，软合成器与极简编排带来克制而充满希望的都市感
in peace,梶浦由記,introspective;dreamy;restrained,piano;string;ambient_pad;cinematic,,0.2,0.35,0.3,0.45,0.15,0,0.7,instrumental,0,new_age,"""{""""deep_night_introspective"""":0.85,""""work_focus_low_vocal"""":0.8,""""night_clear_lonely"""":0.75}""",slow_opening,0.85,梶浦由記标志性的钢琴与弦乐交织，营造出宁静而内省的氛围，带有电影般的质感
Fade To Black (Instrumental Version),Apocalyptica,melancholic;restrained;lonely,string;cinematic;minimal,,0.25,0.3,0.4,0.35,0.2,0,0.8,instrumental,0,classical_crossover,"""{""""deep_night_introspective"""":0.85,""""night_rain_humid"""":0.8,""""work_focus_low_vocal"""":0.75}""",fade_into_inner_space,0.9,大提琴四重奏演绎金属经典，弦乐铺陈出沉重而克制的孤独感
Chant,Charlie Porter,introspective;melancholic;restrained,piano;minimal;reverb_heavy,,0.15,0.25,0.2,0.3,0.1,0,0.8,instrumental,0,modern_classical,"""{""""work_focus_low_vocal"""":0.85,""""deep_night_introspective"""":0.9,""""night_rain_humid"""":0.8}""",slow_opening,0.9,极简钢琴独奏，缓慢而内省，混响营造出空旷的孤独感
沉溺,金新菲,introspective;melancholic;bittersweet,piano;reverb_heavy;vocal_breath,,0.25,0.3,0.35,0.4,0.2,0.6,0.75,zh,1,mandopop,"""{""""deep_night_introspective"""":0.85,""""night_rain_humid"""":0.8,""""work_focus_low_vocal"""":0.7}""",fade_into_inner_space,0.85,钢琴与空灵人声交织，营造内省而略带忧伤的氛围，适合深夜独处
Martin: Ballade For Piano & Orchestra (1939),Christian Benda,introspective;melancholic;restrained,piano;string;cinematic;minimal,,0.2,0.3,0.25,0.35,0.15,0,0.8,instrumental,0,modern_classical,"""{""""work_focus_low_vocal"""":0.85,""""deep_night_introspective"""":0.8,""""night_rain_humid"""":0.75}""",slow_opening,0.9,钢琴与管弦乐队的叙事性作品，内省而克制，带有古典的忧郁与沉思
陀飞轮,关淑怡,melancholic;nostalgic;bittersweet,piano;string;vocal_breath;reverb_heavy,,0.35,0.4,0.45,0.5,0.3,0.7,0.75,zh,1,mandopop,"""{""""evening_city_walk"""":0.8,""""deep_night_introspective"""":0.75,""""night_rain_humid"""":0.7}""",slow_opening,0.85,关淑怡冷冽而富有情感的人声，钢琴与弦乐交织，营造出怀旧而略带苦涩的时光流逝感
Natures Law,Embrace,melancholic;bittersweet;hopeful,acoustic;string;vocal_breath;cinematic,,0.45,0.5,0.55,0.6,0.4,0.7,0.75,en,1,alternative_rock,"""{""""evening_city_walk"""":0.8,""""deep_night_introspective"""":0.75,""""night_rain_humid"""":0.7}""",slow_opening,0.85,英伦摇滚风格，弦乐与主唱深情嗓音交织，带来忧郁中带有希望的复杂情感
梦,Yo-Yo Ma,introspective;melancholic;restrained,piano;string;cinematic;minimal,,0.15,0.3,0.2,0.4,0.1,0,0.8,instrumental,0,modern_classical,"""{""""work_focus_low_vocal"""":0.85,""""deep_night_introspective"""":0.9,""""night_rain_humid"""":0.75}""",slow_opening,0.9,大提琴与钢琴的极简对话，缓慢而内省，充满静谧的忧伤与留白
To McQueen(Daniel Merlot Remix),尚雯婕,dreamy;urban;restless,soft_synth;cold_synth;reverb_heavy;electric_distant,,0.55,0.4,0.6,0.35,0.5,0.6,0.65,en,1,electronic,"""{""""evening_city_walk"""":0.85,""""deep_night_introspective"""":0.8,""""user_requested_explore"""":0.75}""",city_to_inner_room,0.85,冷调合成器与深远混响营造都市夜晚的梦幻与不安，人声飘渺但存在感适中
"""When You Believe (from """"""""The Prince of Egypt"""""""")""",Mariah Carey,hopeful;warm;nostalgic,vocal_breath;string;piano;cinematic,,0.55,0.6,0.6,0.7,0.4,0.85,0.75,en,1,pop,"""{""""morning_clear_light"""":0.8,""""evening_city_walk"""":0.75,""""weekend_slow"""":0.7}""",slow_opening,0.85,Mariah Carey 的强大人声与弦乐编排，传递希望与温暖，能量略高于王菲《红豆》
"""Piano Concerto No. 3 in C, Op. 26: 1. Andante - Allegro""",Sergei Prokofiev,restless;unresolved;melancholic,piano;cinematic;minimal,,0.6,0.5,0.6,0.4,0.5,0,0.7,instrumental,0,classical,"""{""""work_focus_low_vocal"""":0.7,""""deep_night_introspective"""":0.6,""""night_rain_humid"""":0.5}""",slow_opening,0.85,普罗科菲耶夫第三钢琴协奏曲，开篇缓慢而充满不安，随后转为激烈，能量较高但情感复杂
Re-Entry,Goldie,restless;urban;melancholic,cold_synth;electric_distant;reverb_heavy,,0.6,0.4,0.7,0.3,0.65,0,0.7,instrumental,0,drum_and_bass,"""{""""evening_city_walk"""":0.8,""""deep_night_introspective"""":0.75,""""night_clear_lonely"""":0.7}""",city_to_inner_room,0.85,急促的鼓点与冷调合成器营造出都市夜晚的躁动与疏离感
Iter X: Found,UNKLE,restless;urban;unresolved,electric_distant;cold_synth;reverb_heavy;cinematic,,0.45,0.35,0.55,0.3,0.5,0,0.65,instrumental,0,trip_hop,"""{""""evening_city_walk"""":0.85,""""deep_night_introspective"""":0.8,""""work_focus_low_vocal"""":0.7}""",city_to_inner_room,0.85,冷调合成器与深远混响营造出都市不安与悬而未决的氛围，节奏驱动但克制
"""Handel / Orch. Hale: Keyboard Suite No. 4 in D Minor, HWV 437: III. Sarabande""",George Frideric Handel,restrained;melancholic;bittersweet,string;cinematic;minimal,,0.25,0.35,0.4,0.3,0.2,0,0.8,instrumental,0,baroque,"""{""""work_focus_low_vocal"""":0.85,""""deep_night_introspective"""":0.8,""""night_rain_humid"""":0.75}""",slow_opening,0.9,巴洛克萨拉班德舞曲，弦乐编排庄重而克制，带有深沉的忧郁与高贵感
Cookie Gangster,Vinida (万妮达) / 3S,urban;restless;bittersweet,soft_synth;electric_distant;vocal_breath,,0.6,0.5,0.55,0.4,0.6,0.8,0.5,zh,1,hip_hop,"""{""""evening_city_walk"""":0.8,""""deep_night_introspective"""":0.7,""""user_requested_explore"""":0.75}""",city_to_inner_room,0.8,万妮达的都市说唱，电子合成器与节奏感带来不安与怀旧交织的质感
Run Me Out,Zola Jesus,restless;melancholic;unresolved,cold_synth;reverb_heavy;vocal_breath;cinematic,,0.6,0.35,0.7,0.3,0.55,0.75,0.8,en,1,darkwave,"""{""""deep_night_introspective"""":0.85,""""night_rain_humid"""":0.8,""""evening_city_walk"""":0.7}""",late_night_descent,0.85,冷峻合成器与Zola Jesus充满张力的嗓音，营造出不安而沉重的暗黑氛围
Lieben,PJ Harvey,restrained;melancholic;unresolved,piano;reverb_heavy;vocal_breath;minimal,,0.25,0.3,0.35,0.3,0.2,0.6,0.75,en,1,art_rock,"""{""""deep_night_introspective"""":0.85,""""night_rain_humid"""":0.8,""""work_focus_low_vocal"""":0.7}""",fade_into_inner_space,0.85,PJ Harvey 脆弱而克制的人声与极简钢琴，充满未解的忧郁与内省
보름달,宣美,urban;nostalgic;bittersweet,soft_synth;electric_distant;vocal_breath,,0.55,0.5,0.55,0.45,0.6,0.75,0.5,ko,1,k_pop,"""{""""evening_city_walk"""":0.8,""""night_clear_lonely"""":0.75,""""user_requested_explore"""":0.7}""",city_to_inner_room,0.85,宣美的都市感流行曲，合成器与鼓点营造出夜晚漫步的怀旧与淡淡苦涩
nine,Ours to Alibi,introspective;melancholic;restrained,piano;minimal;reverb_heavy,,0.25,0.3,0.25,0.35,0.15,0,0.7,instrumental,0,modern_classical,"""{""""work_focus_low_vocal"""":0.85,""""deep_night_introspective"""":0.8,""""night_rain_humid"""":0.75}""",slow_opening,0.85,极简钢琴与深远混响，营造内省而克制的孤独氛围
Peacon,The Workhouse,introspective;melancholic;restrained,piano;minimal;reverb_heavy,,0.2,0.3,0.25,0.35,0.15,0,0.7,instrumental,0,modern_classical,"""{""""work_focus_low_vocal"""":0.85,""""deep_night_introspective"""":0.8,""""night_rain_humid"""":0.75}""",slow_opening,0.85,极简钢琴与深远混响，营造内省而克制的氛围，能量低且情感沉重
Never Grow Old,The Cranberries,nostalgic;melancholic;dreamy,vocal_breath;acoustic;string,,0.35,0.45,0.4,0.55,0.3,0.7,0.65,en,1,alternative_rock,"""{""""morning_cloudy_slow"""":0.8,""""evening_city_walk"""":0.75,""""deep_night_introspective"""":0.7}""",slow_opening,0.85,Dolores O'Riordan 空灵而略带忧伤的声线，搭配木吉他与弦乐，营造出怀旧而梦幻的氛围
When It Comes To Us,Frances,warm;nostalgic;bittersweet,piano;string;vocal_breath;reverb_heavy,,0.35,0.45,0.4,0.6,0.3,0.7,0.65,en,1,singer_songwriter,"""{""""evening_city_walk"""":0.8,""""deep_night_introspective"""":0.75,""""weekend_slow"""":0.7}""",slow_opening,0.85,Frances 温暖而略带沙哑的人声搭配钢琴和弦乐，营造出怀旧又略带苦涩的抒情氛围
悲しみは地下鉄で,モーモールルギャバン,urban;melancholic;restless,electric_distant;reverb_heavy;soft_synth,,0.45,0.35,0.5,0.3,0.5,0.6,0.65,ja,1,j_rock,"""{""""evening_city_walk"""":0.8,""""night_clear_lonely"""":0.75,""""deep_night_introspective"""":0.7}""",city_to_inner_room,0.85,都市感的日式摇滚，人声带着疏离与不安，合成器与混响营造出地下铁般的压抑与流动感
Meditation,Shalosh,introspective;restrained;melancholic,piano;minimal;reverb_heavy,,0.2,0.3,0.25,0.35,0.1,0,0.7,instrumental,0,modern_classical,"""{""""work_focus_low_vocal"""":0.85,""""deep_night_introspective"""":0.8,""""night_rain_humid"""":0.75}""",slow_opening,0.9,极简钢琴独奏，缓慢而内省，混响营造出冥想般的静谧与忧郁
Jump!,Two Steps From Hell,restless;hopeful;unresolved,cinematic;string;electric_distant;reverb_heavy,,0.85,0.7,0.8,0.3,0.75,0,0.6,instrumental,0,epic_orchestral,"""{""""evening_city_walk"""":0.5,""""deep_night_introspective"""":0.4,""""user_requested_explore"""":0.6}""",slow_opening,0.85,史诗管弦乐，高能量、宏大且充满张力，但缺乏温暖感，适合探索或行动场景
Sauna,M83,dreamy;nostalgic;warm,soft_synth;ambient_pad;reverb_heavy,,0.35,0.5,0.4,0.6,0.3,0,0.5,instrumental,0,ambient,"""{""""evening_city_walk"""":0.85,""""deep_night_introspective"""":0.8,""""work_focus_low_vocal"""":0.75}""",fade_into_inner_space,0.85,梦幻合成器与深远混响营造出温暖怀旧的氛围，适合内省与放松场景
"""Sous le même soleil, vie disparu dans le ciel - Loops Variation""",Jane Weaver,dreamy;misty;detached,ambient_pad;soft_synth;reverb_heavy;field_recording,,0.25,0.35,0.3,0.45,0.2,0,0.55,instrumental,0,ambient,"""{""""morning_cloudy_slow"""":0.85,""""work_focus_low_vocal"""":0.8,""""deep_night_introspective"""":0.75}""",soft_focus_work,0.85,梦幻氛围电子，软合成器与混响营造出朦胧、疏离的声景
Saint,Silk Road Assassins,restless;urban;unresolved,cold_synth;electric_distant;reverb_heavy;grainy,,0.6,0.4,0.7,0.3,0.65,0,0.55,instrumental,0,electronic,"""{""""evening_city_walk"""":0.8,""""deep_night_introspective"""":0.75,""""night_clear_lonely"""":0.7}""",city_to_inner_room,0.85,冷峻的电子音色与颗粒感纹理，营造出都市夜晚的不安与疏离氛围
Just A Lil Bit,50 Cent,urban;restless;sensual,soft_synth;electric_distant;vocal_breath,,0.7,0.5,0.65,0.5,0.7,0.8,0.4,en,1,hip_hop,"""{""""evening_city_walk"""":0.8,""""deep_night_introspective"""":0.6,""""user_requested_explore"""":0.7}""",city_to_inner_room,0.85,50 Cent 的经典嘻哈，节奏感强，合成器铺垫带来都市夜晚的躁动与性感
満ちてゆく,藤井風,warm;nostalgic;hopeful,piano;acoustic;vocal_breath;string,,0.4,0.55,0.45,0.7,0.35,0.65,0.6,ja,1,j_pop,"""{""""morning_clear_light"""":0.8,""""evening_city_walk"""":0.75,""""weekend_slow"""":0.7}""",slow_opening,0.85,藤井風温暖而充满呼吸感的钢琴与声线，带来怀旧与希望交织的日式流行质感
Liturgy,Blackedout,melancholic;restrained;lonely,piano;reverb_heavy;minimal,,0.2,0.25,0.3,0.3,0.15,0,0.75,instrumental,0,modern_classical,"""{""""deep_night_introspective"""":0.85,""""night_rain_humid"""":0.8,""""work_focus_low_vocal"""":0.75}""",afterglow_fading,0.85,极简钢琴与深远混响，营造出克制而孤独的沉思氛围
Something's Got a Hold on Me,Sam Cohen,restless;unresolved;melancholic,electric_distant;reverb_heavy;vocal_breath;grainy,,0.45,0.35,0.5,0.4,0.4,0.6,0.7,en,1,indie_rock,"""{""""deep_night_introspective"""":0.8,""""night_rain_humid"""":0.75,""""evening_city_walk"""":0.7}""",fade_into_inner_space,0.85,模糊的电吉他与混响人声营造出不安而悬疑的独立摇滚氛围
Sensation des Normalen,Burnt Friedman,detached;restrained;urban,cold_synth;minimal;electric_distant;field_recording,,0.25,0.3,0.35,0.25,0.2,0,0.5,instrumental,0,electronic,"""{""""work_focus_low_vocal"""":0.85,""""evening_city_walk"""":0.8,""""deep_night_introspective"""":0.75}""",city_to_inner_room,0.85,冷调电子音乐，极简的合成器与田野录音营造出疏离而都市化的质感
阿楚姑娘,袁婭維,nostalgic;warm;bittersweet,acoustic;vocal_breath;string;piano,,0.35,0.5,0.4,0.7,0.3,0.75,0.65,zh,1,mandopop,"""{""""evening_city_walk"""":0.8,""""weekend_slow"""":0.7,""""night_clear_lonely"""":0.75}""",slow_opening,0.9,袁婭維溫暖而帶有敘事感的人聲，搭配木吉他與弦樂，營造懷舊與淡淡苦澀的氛圍
Peter Ilyich Tchaikovsky: Les saisons,Tchaikovsky: The Seasons,introspective;melancholic;restrained,piano;minimal;cinematic,,0.15,0.35,0.2,0.4,0.15,0,0.8,instrumental,0,classical,"""{""""work_focus_low_vocal"""":0.85,""""deep_night_introspective"""":0.8,""""morning_cloudy_slow"""":0.75}""",slow_opening,0.9,柴可夫斯基的钢琴套曲，古典乐中的内省与季节流转，旋律克制而富有情感重量
The Best is Yet to Come,at17,hopeful;warm;clear,acoustic;vocal_breath;string,,0.45,0.6,0.4,0.7,0.4,0.6,0.55,zh,1,mandopop,"""{""""morning_clear_light"""":0.8,""""afternoon_warm_idle"""":0.75,""""weekend_slow"""":0.7}""",slow_opening,0.85,at17 清新温暖的声线搭配木吉他，传递出明朗而充满希望的积极情绪
Caves,Haux,introspective;melancholic;lonely,piano;reverb_heavy;vocal_breath;minimal,,0.25,0.3,0.3,0.35,0.2,0.6,0.8,en,1,indie_folk,"""{""""deep_night_introspective"""":0.9,""""night_rain_humid"""":0.85,""""work_focus_low_vocal"""":0.75}""",fade_into_inner_space,0.9,钢琴与低沉人声交织，空旷混响营造出深邃的内省与孤独感
Between Worlds,Roger Subirana,introspective;dreamy;melancholic,piano;string;cinematic;reverb_heavy,,0.25,0.4,0.35,0.45,0.2,0,0.75,instrumental,0,modern_classical,"""{""""deep_night_introspective"""":0.9,""""night_rain_humid"""":0.8,""""work_focus_low_vocal"""":0.75}""",fade_into_inner_space,0.9,钢琴与弦乐交织的现代古典作品，深邃混响营造出介于现实与梦境之间的内省氛围
Hot Sauce,NCT DREAM,urban;restless;hopeful,soft_synth;electric_distant;vocal_breath,,0.7,0.65,0.7,0.5,0.75,0.85,0.4,ko,1,k_pop,"""{""""evening_city_walk"""":0.8,""""user_requested_explore"""":0.75,""""weekend_slow"""":0.7}""",city_to_inner_room,0.85,K-pop 舞曲，节奏感强，合成器与高能量人声营造都市活力氛围
Vortex,Rex The Dog,restless;urban;clear,soft_synth;cold_synth;electric_distant,,0.6,0.55,0.6,0.4,0.65,0,0.4,instrumental,0,electro,"""{""""evening_city_walk"""":0.8,""""work_focus_low_vocal"""":0.7,""""user_requested_explore"""":0.75}""",city_to_inner_room,0.85,合成器驱动的电子曲目，节奏清晰而略带冷感，适合都市夜晚的律动场景
Here to Stay,Lolo Zouaï,urban;dreamy;restless,soft_synth;vocal_breath;reverb_heavy;electric_distant,,0.45,0.5,0.55,0.5,0.5,0.75,0.5,en,1,alt_rnb,"""{""""evening_city_walk"""":0.85,""""deep_night_introspective"""":0.8,""""user_requested_explore"""":0.75}""",city_to_inner_room,0.85,都市感 R&B，软合成器与人声混响营造梦幻而略带不安的夜晚氛围
Shadow Realm (feat. WWWINGS),Silk Road Assassins,restless;urban;unresolved,cold_synth;electric_distant;reverb_heavy;grainy,,0.6,0.35,0.7,0.3,0.65,0.4,0.6,en,1,experimental_electronic,"""{""""evening_city_walk"""":0.8,""""deep_night_introspective"""":0.75,""""night_rain_humid"""":0.7}""",city_to_inner_room,0.85,冷调合成器与颗粒感纹理交织，人声遥远而模糊，营造出都市夜晚的躁动与悬而未决的氛围
Dearest (ストリングスVer.),和田薫,nostalgic;warm;bittersweet,string;piano;cinematic;reverb_heavy,,0.35,0.5,0.45,0.6,0.25,0,0.7,instrumental,0,classical_crossover,"""{""""evening_city_walk"""":0.8,""""deep_night_introspective"""":0.75,""""night_rain_humid"""":0.7}""",afterglow_fading,0.85,弦乐与钢琴交织的器乐版本，温暖而怀旧，带有淡淡的哀愁
一万小时,宇宙人,warm;hopeful;nostalgic,acoustic;soft_synth;vocal_breath,,0.45,0.55,0.4,0.7,0.4,0.65,0.6,zh,1,mandopop,"""{""""morning_clear_light"""":0.8,""""afternoon_warm_idle"""":0.75,""""weekend_slow"""":0.7}""",slow_opening,0.85,宇宙人的温暖声线搭配木吉他与软合成器，营造出怀旧而充满希望的抒情氛围
摆渡人之歌,范宗沛,introspective;melancholic;nostalgic,piano;string;cinematic;minimal,,0.25,0.35,0.3,0.45,0.2,0,0.75,instrumental,0,modern_classical,"""{""""deep_night_introspective"""":0.85,""""night_rain_humid"""":0.8,""""work_focus_low_vocal"""":0.75}""",afterglow_fading,0.9,钢琴与弦乐交织的极简叙事，内省而怀旧，如同摆渡人缓缓划过水面的孤独与沉思
Look Again,Water From Your Eyes,restless;unresolved;urban,cold_synth;electric_distant;reverb_heavy;vocal_breath,,0.45,0.4,0.5,0.3,0.5,0.6,0.6,en,1,art_pop,"""{""""evening_city_walk"""":0.8,""""deep_night_introspective"""":0.75,""""user_requested_explore"""":0.7}""",city_to_inner_room,0.85,冷调合成器与疏离人声交织，充满都市不安与未解情绪
在到处之间找我 (粤),梁翘柏,melancholic;introspective;restrained,piano;string;reverb_heavy;vocal_breath,,0.35,0.3,0.4,0.35,0.2,0.6,0.8,zh,1,art_pop,"""{""""deep_night_introspective"""":0.9,""""night_rain_humid"""":0.85,""""work_focus_low_vocal"""":0.75}""",fade_into_inner_space,0.9,梁翘柏的粤语演绎搭配钢琴与弦乐，深沉内省，充满克制与忧郁的留白
"""Pelléas et Mélisande Suite, Op. 80: III. Sicilienne. Allegretto molto moderato""",Gabriel Fauré,melancholic;restrained;bittersweet,string;piano;cinematic;minimal,,0.25,0.4,0.35,0.5,0.2,0,0.7,instrumental,0,classical,"""{""""work_focus_low_vocal"""":0.85,""""deep_night_introspective"""":0.8,""""night_rain_humid"""":0.75}""",afterglow_fading,0.9,福雷的西西里舞曲，弦乐与钢琴交织，旋律忧郁而克制，带有淡淡的怀旧与哀愁
东京铁塔下GULUGULU (粤),有耳非文,dreamy;nostalgic;bittersweet,ambient_pad;soft_synth;vocal_breath;lofi_dust,,0.35,0.4,0.35,0.5,0.3,0.6,0.65,zh,1,art_pop,"""{""""evening_city_walk"""":0.8,""""night_clear_lonely"""":0.75,""""deep_night_introspective"""":0.7}""",city_to_inner_room,0.85,粤语呢喃人声与梦幻合成器交织，营造出都市夜晚的怀旧与淡淡忧伤
DASH,NMIXX,restless;urban;hopeful,soft_synth;electric_distant;vocal_breath,,0.6,0.55,0.6,0.5,0.65,0.8,0.5,en,1,k_pop,"""{""""evening_city_walk"""":0.8,""""work_focus_low_vocal"""":0.6,""""user_requested_explore"""":0.7}""",city_to_inner_room,0.85,NMIXX 的活力合成器与强烈人声，都市感中带着不安与期待
Who's Gonna Be Your Baby Now,Glen Hansard,melancholic;restrained;bittersweet,acoustic;string;vocal_breath,,0.35,0.4,0.45,0.55,0.3,0.7,0.75,en,1,folk_rock,"""{""""evening_city_walk"""":0.8,""""deep_night_introspective"""":0.75,""""night_rain_humid"""":0.7}""",slow_opening,0.85,Glen Hansard 沙哑而克制的人声搭配木吉他与弦乐，营造出忧郁而温暖的怀旧氛围
House in the Shadows,Wildlife,melancholic;restrained;lonely,acoustic;string;reverb_heavy;minimal,,0.25,0.3,0.35,0.4,0.2,0,0.7,instrumental,0,ambient_folk,"""{""""deep_night_introspective"""":0.85,""""night_clear_lonely"""":0.8,""""work_focus_low_vocal"""":0.75}""",fade_into_inner_space,0.85,木吉他与弦乐交织，空旷混响营造出孤寂而内省的氛围
How Long Will I Love You - Bonus Track,Ellie Goulding,warm;nostalgic;hopeful,acoustic;vocal_breath;string;piano,,0.4,0.55,0.4,0.7,0.35,0.75,0.65,en,1,indie_pop,"""{""""morning_clear_light"""":0.8,""""weekend_slow"""":0.75,""""evening_city_walk"""":0.7}""",slow_opening,0.85,Ellie Goulding 温暖声线搭配钢琴与弦乐，营造怀旧而充满希望的抒情氛围
Deep State,HÆLOS,urban;restless;melancholic,cold_synth;electric_distant;reverb_heavy;soft_synth,,0.6,0.35,0.7,0.3,0.55,0.6,0.75,en,1,electronic,"""{""""evening_city_walk"""":0.85,""""deep_night_introspective"""":0.8,""""night_clear_lonely"""":0.75}""",city_to_inner_room,0.85,冷调合成器与深远混响营造出都市夜晚的躁动与忧郁，人声带着疏离感
Play我呸 - Alesso Remix Version,JOLIN蔡依林,urban;restless;hopeful,soft_synth;cold_synth;electric_distant,,0.7,0.6,0.7,0.4,0.8,0.8,0.4,zh,1,electro_pop,"""{""""evening_city_walk"""":0.8,""""user_requested_explore"""":0.75,""""work_focus_low_vocal"""":0.6}""",city_to_inner_room,0.85,Alesso的电子编曲赋予原曲高能量与都市律动感，但人声主导且情感较轻
Big FU,David Guetta / Ayra Starr / Lil Durk,urban;restless;unresolved,electric_distant;cold_synth;vocal_breath,,0.7,0.6,0.7,0.3,0.75,0.8,0.5,en,1,electronic_pop,"""{""""evening_city_walk"""":0.55,""""night_clear_lonely"""":0.5,""""user_requested_explore"""":0.6}""",city_to_inner_room,0.75,高能量电子流行，冷合成器与都市感人声交织，带有不安与未解决的张力
Marble Cross,Mikron,melancholic;restrained;lonely,piano;minimal;reverb_heavy;cold_synth,,0.2,0.25,0.3,0.3,0.15,0,0.8,instrumental,0,modern_classical,"""{""""deep_night_introspective"""":0.9,""""night_rain_humid"""":0.85,""""work_focus_low_vocal"""":0.8}""",afterglow_fading,0.85,极简钢琴与冷合成器交织，空旷混响营造出克制而孤独的忧郁氛围
Slowtime in Reflection,Space Dimension Controller,dreamy;nostalgic;restrained,soft_synth;ambient_pad;reverb_heavy;minimal,,0.25,0.35,0.3,0.45,0.2,0,0.55,instrumental,0,ambient_techno,"""{""""deep_night_introspective"""":0.85,""""work_focus_low_vocal"""":0.8,""""night_clear_lonely"""":0.75}""",fade_into_inner_space,0.85,缓慢的合成器氛围与深远混响，营造出梦幻而克制的内省空间
Cavalleria rusticana: Intermezzo,Pietro Mascagni,melancholic;nostalgic;restrained,string;cinematic;minimal,,0.2,0.4,0.3,0.5,0.15,0,0.8,instrumental,0,classical,"""{""""deep_night_introspective"""":0.85,""""night_rain_humid"""":0.8,""""work_focus_low_vocal"""":0.75}""",slow_opening,0.95,经典歌剧间奏曲，弦乐织体深沉而克制，充满怀旧与哀愁
Chrome.exe,Digitalism,restless;urban;detached,cold_synth;electric_distant;soft_synth,,0.65,0.55,0.7,0.3,0.7,0,0.4,instrumental,0,electro_rock,"""{""""evening_city_walk"""":0.85,""""work_focus_low_vocal"""":0.7,""""user_requested_explore"""":0.75}""",city_to_inner_room,0.85,冷调合成器与电子节拍驱动，都市感强烈，能量中等偏高但情感疏离
By the Suzhou River (feat. Zhang Le),The Shanghai Restoration Project / 张乐,nostalgic;urban;bittersweet,soft_synth;electric_distant;vocal_breath;lofi_dust,,0.35,0.45,0.4,0.55,0.3,0.6,0.65,zh,1,electronic,"""{""""evening_city_walk"""":0.85,""""night_clear_lonely"""":0.8,""""deep_night_introspective"""":0.75}""",city_to_inner_room,0.85,电子音色与张乐的人声交织，营造出苏州河畔的都市怀旧与淡淡忧伤
Hit 'Em Wit Da Hee,HTRK,restrained;melancholic;detached,cold_synth;reverb_heavy;electric_distant;minimal,,0.25,0.2,0.35,0.2,0.15,0.4,0.7,en,1,darkwave,"""{""""deep_night_introspective"""":0.85,""""night_rain_humid"""":0.8,""""work_focus_low_vocal"""":0.7}""",late_night_descent,0.85,冷调合成器与低沉人声营造出克制而疏离的暗黑氛围，能量极低
雨天,孙燕姿,melancholic;nostalgic;bittersweet,piano;string;vocal_breath;reverb_heavy,,0.35,0.4,0.45,0.5,0.3,0.7,0.75,zh,1,mandopop,"""{""""night_rain_humid"""":0.9,""""deep_night_introspective"""":0.8,""""evening_city_walk"""":0.75}""",rain_on_glass,0.9,孙燕姿的脆弱声线与钢琴弦乐交织，营造出雨天般的忧郁与怀旧氛围
Aquascape,CFCF,dreamy;misty;restrained,ambient_pad;soft_synth;minimal;field_recording,,0.2,0.35,0.3,0.45,0.1,0,0.5,instrumental,0,ambient,"""{""""work_focus_low_vocal"""":0.85,""""morning_cloudy_slow"""":0.8,""""deep_night_introspective"""":0.75}""",soft_focus_work,0.85,梦幻氛围电子，轻柔合成器与田野录音营造出水景般的朦胧与克制
Wake Me Up When September Ends,Green Day,melancholic;nostalgic;bittersweet,acoustic;string;vocal_breath,,0.4,0.35,0.5,0.45,0.3,0.65,0.75,en,1,alternative_rock,"""{""""evening_city_walk"""":0.8,""""deep_night_introspective"""":0.75,""""night_rain_humid"""":0.7}""",slow_opening,0.9,Green Day 的经典抒情摇滚，木吉他与人声交织出怀旧与悲伤交织的秋日氛围
Best Day of My Life,American Authors,hopeful;warm;clear,acoustic;soft_synth;vocal_breath,generic_radio_pop;overly_cheerful,0.7,0.8,0.6,0.7,0.7,0.7,0.4,en,1,indie_pop,"""{""""morning_clear_light"""":0.5,""""afternoon_warm_idle"""":0.5,""""weekend_slow"""":0.5}""",slow_opening,0.8,歌曲充满希望和温暖，但过于欢快的流行风格使其带有负面标签，场景适配分数受限
GOOD CREDIT (with Kendrick Lamar),Playboi Carti,restless;urban;unresolved,electric_distant;cold_synth;reverb_heavy,,0.7,0.4,0.7,0.3,0.7,0.8,0.6,en,1,hip_hop,"""{""""evening_city_walk"""":0.8,""""deep_night_introspective"""":0.7,""""user_requested_explore"""":0.75}""",city_to_inner_room,0.85,Playboi Carti 的急促说唱与 Kendrick Lamar 的复杂 flow，搭配冷合成器和深远混响，营造出都市不安与悬而未决的氛围
Come to Life,Kanye West,hopeful;restrained;bittersweet,piano;ambient_pad;vocal_breath;cinematic,,0.4,0.5,0.45,0.55,0.35,0.6,0.7,en,1,art_pop,"""{""""deep_night_introspective"""":0.8,""""evening_city_walk"""":0.75,""""morning_cloudy_slow"""":0.7}""",slow_opening,0.85,钢琴与氛围铺底，Kanye 的人声克制而充满希望，带有苦涩的温暖感
The Mind,Rich Aucoin,introspective;restrained;melancholic,piano;minimal;reverb_heavy,,0.2,0.3,0.25,0.35,0.15,0,0.7,instrumental,0,modern_classical,"""{""""deep_night_introspective"""":0.85,""""work_focus_low_vocal"""":0.8,""""night_rain_humid"""":0.75}""",slow_opening,0.85,极简钢琴与深远混响，营造内省而克制的氛围，适合深夜独处或专注工作
"""Standing in Silence, Pt. 12""",Rhian Sheehan,introspective;melancholic;restrained,piano;ambient_pad;minimal,,0.15,0.25,0.2,0.35,0.1,0,0.8,instrumental,0,ambient,"""{""""work_focus_low_vocal"""":0.9,""""deep_night_introspective"""":0.85,""""night_rain_humid"""":0.8}""",slow_opening,0.9,极简钢琴与氛围铺垫，静谧内省，充满留白与沉默感
LV Sandals,EsDeeKid,urban;restless;detached,electric_distant;cold_synth;lofi_dust,,0.6,0.4,0.55,0.3,0.65,0,0.35,instrumental,0,electronic,"""{""""evening_city_walk"""":0.8,""""work_focus_low_vocal"""":0.7,""""user_requested_explore"""":0.65}""",city_to_inner_room,0.8,冷调电子节拍搭配失真质感，营造都市疏离与不安的氛围
Honor Among Thieves,Dylan LeBlanc,melancholic;bittersweet;restrained,acoustic;string;vocal_breath;reverb_heavy,,0.35,0.4,0.45,0.5,0.3,0.6,0.7,en,1,folk,"""{""""evening_city_walk"""":0.8,""""deep_night_introspective"""":0.75,""""night_rain_humid"""":0.7}""",afterglow_fading,0.85,木吉他与弦乐交织，人声带着呼吸感与混响，营造出克制而苦涩的怀旧氛围
最好的... ... (Live),王菀之,warm;nostalgic;bittersweet,piano;vocal_breath;string,,0.4,0.5,0.45,0.65,0.3,0.7,0.7,zh,1,mandopop,"""{""""evening_city_walk"""":0.8,""""weekend_slow"""":0.75,""""night_rain_humid"""":0.7}""",slow_opening,0.85,王菀之现场演绎的抒情歌曲，钢琴与弦乐交织，温暖怀旧中带一丝苦涩
PUZZLE,中原めいこ,urban;restless;nostalgic,soft_synth;cold_synth;electric_distant,,0.6,0.55,0.55,0.4,0.6,0.7,0.5,ja,1,city_pop,"""{""""evening_city_walk"""":0.85,""""deep_night_introspective"""":0.75,""""user_requested_explore"""":0.7}""",city_to_inner_room,0.85,中原めいこ的经典city pop，合成器与都市感节奏交织，带有一丝怀旧与不安的律动
Metal Boy,charity,restless;urban;melancholic,electric_distant;cold_synth;reverb_heavy,,0.5,0.4,0.55,0.3,0.5,0.6,0.6,en,1,indie_rock,"""{""""evening_city_walk"""":0.8,""""deep_night_introspective"""":0.75,""""night_clear_lonely"""":0.7}""",city_to_inner_room,0.85,冷调合成器与遥远电吉他，城市夜晚的躁动与忧郁
Morning in America,Durand Jones & The Indications,warm;nostalgic;hopeful,acoustic;string;vocal_breath,,0.45,0.6,0.5,0.7,0.4,0.6,0.55,en,1,soul,"""{""""morning_clear_light"""":0.85,""""afternoon_warm_idle"""":0.8,""""weekend_slow"""":0.75}""",slow_opening,0.85,温暖灵魂乐，复古声线与弦乐编排营造出怀旧而充满希望的清晨氛围
Battle Ropes,Jane Weaver,restless;urban;unresolved,electric_distant;soft_synth;reverb_heavy,,0.6,0.45,0.55,0.4,0.6,0.5,0.5,en,1,art_pop,"""{""""evening_city_walk"""":0.8,""""deep_night_introspective"""":0.75,""""user_requested_explore"""":0.7}""",city_to_inner_room,0.85,电吉他失真与合成器交织，节奏驱动，充满都市躁动与未解情绪
Poor Fake,Kelsey Lu,introspective;melancholic;unresolved,piano;string;vocal_breath;reverb_heavy,,0.25,0.3,0.35,0.4,0.2,0.6,0.75,en,1,art_pop,"""{""""deep_night_introspective"""":0.85,""""night_rain_humid"""":0.8,""""work_focus_low_vocal"""":0.7}""",fade_into_inner_space,0.85,Kelsey Lu 的脆弱人声与钢琴、弦乐交织，充满内省与未解的情绪，混响营造出空旷的孤独感
We-i-wo-we,Lee Burridge,dreamy;misty;restrained,ambient_pad;soft_synth;minimal;field_recording,,0.2,0.3,0.25,0.4,0.15,0,0.5,instrumental,0,ambient,"""{""""work_focus_low_vocal"""":0.85,""""morning_cloudy_slow"""":0.8,""""deep_night_introspective"""":0.75}""",soft_focus_work,0.85,梦幻氛围电子，轻柔合成器与田野录音营造朦胧而克制的声景
A Deepening Sense,Charlie Porter,introspective;melancholic;restrained,piano;ambient_pad;reverb_heavy;minimal,,0.15,0.3,0.2,0.35,0.1,0,0.8,instrumental,0,modern_classical,"""{""""deep_night_introspective"""":0.9,""""night_rain_humid"""":0.85,""""work_focus_low_vocal"""":0.8}""",fade_into_inner_space,0.9,钢琴与氛围铺垫的极简作品，缓慢而内省，带有深沉的忧郁与克制感
Screws,The Little Unsaid,introspective;melancholic;restrained,piano;reverb_heavy;vocal_breath;minimal,,0.25,0.3,0.35,0.4,0.2,0.5,0.7,en,1,indie_folk,"""{""""deep_night_introspective"""":0.85,""""night_rain_humid"""":0.8,""""work_focus_low_vocal"""":0.75}""",fade_into_inner_space,0.85,钢琴主导的独立民谣，人声带有呼吸感与混响，整体克制而内省
Royals,Lorde,restrained;urban;bittersweet,minimal;soft_synth;vocal_breath,,0.4,0.35,0.4,0.3,0.4,0.7,0.6,en,1,art_pop,"""{""""evening_city_walk"""":0.8,""""deep_night_introspective"""":0.75,""""work_focus_low_vocal"""":0.7}""",city_to_inner_room,0.85,极简节拍与克制人声，反奢华主题带来都市疏离与苦涩感
你喜歡不如我喜歡,王菲,restless;urban;bittersweet,soft_synth;electric_distant;vocal_breath,,0.55,0.5,0.55,0.4,0.5,0.7,0.6,zh,1,mandopop,"""{""""evening_city_walk"""":0.8,""""deep_night_introspective"""":0.7,""""user_requested_explore"""":0.65}""",city_to_inner_room,0.85,王菲的冷感声线与电子编曲交织，都市疏离中带着不甘的苦涩
山林道,谢安琪,nostalgic;hopeful;bittersweet,acoustic;string;vocal_breath,,0.45,0.5,0.45,0.6,0.4,0.7,0.65,zh,1,cantopop,"""{""""evening_city_walk"""":0.8,""""morning_cloudy_slow"""":0.7,""""weekend_slow"""":0.75}""",slow_opening,0.85,谢安琪的温暖声线搭配木吉他与弦乐，怀旧中带着希望与淡淡的苦涩，适合城市漫步或周末慢时光
"""No Rank, No Hill""",Yves Theiler,introspective;restrained;melancholic,piano;minimal;cinematic,,0.15,0.25,0.2,0.3,0.1,0,0.8,instrumental,0,modern_classical,"""{""""work_focus_low_vocal"""":0.85,""""deep_night_introspective"""":0.8,""""night_rain_humid"""":0.75}""",slow_opening,0.9,极简钢琴作品，克制而内省，低能量与冷色调营造出沉静的孤独感
Plunge,The Melodic,restless;urban;melancholic,electric_distant;reverb_heavy;cold_synth,,0.6,0.4,0.55,0.3,0.65,0,0.6,instrumental,0,post_rock,"""{""""evening_city_walk"""":0.8,""""deep_night_introspective"""":0.75,""""night_rain_humid"""":0.7}""",city_to_inner_room,0.85,电吉他失真与深远混响营造出都市夜晚的躁动与忧郁，能量中等偏上，节奏感明显
Scalar Fields,Final Days Society,introspective;melancholic;restrained,ambient_pad;minimal;cold_synth,,0.15,0.2,0.2,0.3,0.1,0,0.7,instrumental,0,ambient,"""{""""work_focus_low_vocal"""":0.85,""""deep_night_introspective"""":0.8,""""night_rain_humid"""":0.75}""",afterglow_fading,0.85,冷调氛围铺底与极简结构，营造内省而克制的空间感
Love Is the Answer,Maureen Choi Quartet,warm;nostalgic;hopeful,acoustic;string;jazz_brush;vocal_breath,,0.4,0.55,0.45,0.7,0.35,0.6,0.6,en,1,jazz,"""{""""evening_city_walk"""":0.8,""""morning_clear_light"""":0.7,""""weekend_slow"""":0.75}""",slow_opening,0.85,温暖的爵士四重奏，人声与弦乐交织，怀旧而充满希望
Smokin Out The Window,Bruno Mars,nostalgic;bittersweet;urban,soft_synth;vocal_breath;jazz_brush,,0.5,0.55,0.5,0.6,0.5,0.8,0.6,en,1,pop_soul,"""{""""evening_city_walk"""":0.85,""""night_clear_lonely"""":0.75,""""weekend_slow"""":0.7}""",city_to_inner_room,0.85,Bruno Mars 的复古灵魂流行，柔滑的合成器与爵士鼓刷营造出都市夜晚的怀旧与苦涩
Impurities,LE SSERAFIM,urban;restless;clear,soft_synth;cold_synth;vocal_breath;electric_distant,,0.6,0.55,0.6,0.4,0.65,0.7,0.5,en,1,k_pop,"""{""""evening_city_walk"""":0.8,""""deep_night_introspective"""":0.7,""""work_focus_low_vocal"""":0.6}""",city_to_inner_room,0.85,冷感合成器与都市节奏，人声清晰但带有疏离感，适合夜晚城市漫步
Bolero Triste,Matthieu Saglio,melancholic;introspective;restrained,piano;string;minimal;reverb_heavy,,0.2,0.3,0.35,0.4,0.15,0,0.8,instrumental,0,modern_classical,"""{""""deep_night_introspective"""":0.85,""""night_rain_humid"""":0.8,""""work_focus_low_vocal"""":0.75}""",afterglow_fading,0.9,悲伤的波莱罗舞曲，钢琴与弦乐交织出克制而深沉的忧郁氛围
"""The Four Seasons - Violin Concerto in G Minor, Op. 8 No. 2, RV 315 """"""""Summer"""""""": III. Presto""",Antonio Vivaldi,restless;urban;unresolved,string;cinematic;acoustic,,0.9,0.8,0.85,0.3,0.9,0,0.6,instrumental,0,baroque,"""{""""evening_city_walk"""":0.5,""""night_clear_lonely"""":0.4,""""user_requested_explore"""":0.6}""",city_to_inner_room,0.85,维瓦尔第《夏》第三乐章，急速弦乐营造出不安与紧迫感，能量极高，适合都市快节奏场景
Masse,Brandt Brauer Frick,restrained;melancholic;unresolved,piano;minimal;cold_synth;cinematic,,0.25,0.3,0.35,0.3,0.2,0,0.7,instrumental,0,modern_classical,"""{""""work_focus_low_vocal"""":0.85,""""deep_night_introspective"""":0.8,""""night_rain_humid"""":0.75}""",afterglow_fading,0.85,极简钢琴与冷合成器交织，克制而忧郁，带有未解决的悬停感
Teardrop,Elizabeth Fraser,dreamy;melancholic;introspective,vocal_breath;ambient_pad;reverb_heavy;minimal,,0.25,0.3,0.35,0.4,0.2,0.8,0.75,en,1,trip_hop,"""{""""deep_night_introspective"""":0.9,""""night_rain_humid"""":0.85,""""work_focus_low_vocal"""":0.75}""",fade_into_inner_space,0.9,Elizabeth Fraser 空灵飘渺的人声在氛围铺底中游走，梦幻而忧郁，适合深夜内省
False God,Taylor Swift,sensual;urban;bittersweet,soft_synth;cold_synth;vocal_breath;reverb_heavy,,0.45,0.4,0.55,0.5,0.5,0.75,0.65,en,1,synthpop,"""{""""evening_city_walk"""":0.85,""""deep_night_introspective"""":0.8,""""night_clear_lonely"""":0.75}""",city_to_inner_room,0.9,都市感合成器与低沉人声交织，性感中带着苦涩与内省
No Taxi,Giovanni Guidi,introspective;melancholic;restrained,piano;minimal;cinematic,,0.15,0.25,0.2,0.35,0.1,0,0.8,instrumental,0,modern_jazz,"""{""""deep_night_introspective"""":0.9,""""night_rain_humid"""":0.85,""""work_focus_low_vocal"""":0.8}""",slow_opening,0.9,Giovanni Guidi 的钢琴独奏，极简而克制，充满内省与忧郁的爵士质感
Truth,Kamasi Washington,hopeful;introspective;bittersweet,string;jazz_brush;cinematic;acoustic,,0.45,0.5,0.55,0.6,0.4,0,0.7,instrumental,0,jazz,"""{""""work_focus_low_vocal"""":0.8,""""morning_clear_light"""":0.75,""""afternoon_warm_idle"""":0.7}""",slow_opening,0.85,Kamasi Washington 的爵士作品，弦乐与萨克斯交织，充满希望与内省的复杂情感
Taxonomy,Plastic Mermaids,dreamy;nostalgic;bittersweet,soft_synth;reverb_heavy;vocal_breath;ambient_pad,,0.35,0.45,0.4,0.5,0.3,0.6,0.65,en,1,dream_pop,"""{""""evening_city_walk"""":0.8,""""deep_night_introspective"""":0.75,""""night_clear_lonely"""":0.7}""",fade_into_inner_space,0.85,梦幻合成器与深远混响营造出怀旧而略带苦涩的梦境感，人声轻柔如呼吸
Murder,Jack Peñate,restless;unresolved;melancholic,electric_distant;reverb_heavy;vocal_breath,,0.6,0.4,0.55,0.3,0.5,0.7,0.75,en,1,indie_rock,"""{""""deep_night_introspective"""":0.85,""""night_rain_humid"""":0.8,""""evening_city_walk"""":0.75}""",city_to_inner_room,0.85,不安的吉他与人声，混响厚重，情绪悬而未决，带有都市夜晚的内省感
Total History,FACS,restrained;detached;melancholic,electric_distant;cold_synth;minimal;reverb_heavy,,0.25,0.2,0.35,0.2,0.2,0.3,0.7,en,1,post_punk,"""{""""deep_night_introspective"""":0.85,""""night_rain_humid"""":0.8,""""work_focus_low_vocal"""":0.7}""",fade_into_inner_space,0.85,冷峻的电吉他、稀疏的鼓点和低沉人声，营造出克制而疏离的阴暗氛围
Spem in Alium,Adam Baldych,introspective;melancholic;restrained,string;cinematic;minimal;reverb_heavy,,0.25,0.3,0.4,0.35,0.15,0,0.8,instrumental,0,contemporary_classical,"""{""""deep_night_introspective"""":0.85,""""night_rain_humid"""":0.8,""""work_focus_low_vocal"""":0.75}""",afterglow_fading,0.9,弦乐编排与极简氛围，深沉内省，带有古典的克制与悲悯
Indecision,Shura,restless;unresolved;urban,soft_synth;cold_synth;vocal_breath;reverb_heavy,,0.45,0.4,0.5,0.35,0.5,0.7,0.6,en,1,synthpop,"""{""""evening_city_walk"""":0.8,""""deep_night_introspective"""":0.75,""""work_focus_low_vocal"""":0.65}""",city_to_inner_room,0.85,合成器驱动的都市感，人声带着犹豫与不安，节奏中等偏缓
Dance of Shaman,Moderator,restless;urban;unresolved,electric_distant;cold_synth;reverb_heavy,,0.6,0.4,0.7,0.3,0.65,0,0.5,instrumental,0,electronic,"""{""""evening_city_walk"""":0.8,""""deep_night_introspective"""":0.7,""""night_clear_lonely"""":0.65}""",city_to_inner_room,0.85,冷调合成器与深远电声，营造都市夜晚的不安与未解氛围
Revolution,Exxasens,restless;urban;unresolved,electric_distant;cold_synth;reverb_heavy;cinematic,,0.7,0.6,0.7,0.3,0.65,0,0.6,instrumental,0,post_rock,"""{""""evening_city_walk"""":0.8,""""deep_night_introspective"""":0.75,""""work_focus_low_vocal"""":0.7}""",city_to_inner_room,0.85,后摇滚器乐，冷调合成器与失真电吉他营造出都市不安与未解决的张力
I LOVE YOU 愛してる,Future Girlfriend 音楽,warm;nostalgic;dreamy,soft_synth;vocal_breath;reverb_heavy,,0.4,0.5,0.4,0.7,0.3,0.6,0.6,ja,1,j_pop,"""{""""evening_city_walk"""":0.8,""""deep_night_introspective"""":0.75,""""weekend_slow"""":0.7}""",slow_opening,0.85,温暖梦幻的日系流行，软合成器与人声混响营造怀旧氛围
Dynamo,Matthias Bartolomey,restrained;melancholic;introspective,piano;cinematic;minimal;string,,0.25,0.4,0.3,0.35,0.2,0,0.7,instrumental,0,modern_classical,"""{""""work_focus_low_vocal"""":0.85,""""deep_night_introspective"""":0.8,""""night_rain_humid"""":0.75}""",slow_opening,0.85,大提琴与钢琴的极简对话，克制而内省，带有淡淡的忧郁与电影感
Hector Berlioz: Tristia,Op.18 - 2. La mort d'Ophélie. Ballade,melancholic;introspective;restrained,piano;string;cinematic;minimal,,0.15,0.2,0.3,0.25,0.1,0,0.85,instrumental,0,classical,"""{""""deep_night_introspective"""":0.9,""""night_rain_humid"""":0.85,""""work_focus_low_vocal"""":0.8}""",afterglow_fading,0.9,柏辽兹的古典叙事曲，钢琴与弦乐交织出深沉哀婉的葬礼氛围，能量极低，情感重量极高
Touch feat. Daniela Andrade - Original Mix,Dabin,dreamy;warm;sensual,soft_synth;vocal_breath;reverb_heavy;ambient_pad,,0.35,0.5,0.4,0.6,0.3,0.6,0.55,en,1,melodic_bass,"""{""""evening_city_walk"""":0.85,""""deep_night_introspective"""":0.8,""""night_clear_lonely"""":0.75}""",city_to_inner_room,0.85,梦幻的合成器铺底与 Daniela Andrade 轻柔的人声，温暖而感性，适合夜晚独处或漫步
How It's Supposed To Be,Mike Posner,introspective;melancholic;restrained,piano;vocal_breath;reverb_heavy,,0.25,0.3,0.35,0.4,0.2,0.6,0.7,en,1,singer_songwriter,"""{""""deep_night_introspective"""":0.85,""""night_rain_humid"""":0.75,""""work_focus_low_vocal"""":0.7}""",fade_into_inner_space,0.85,钢琴主导的抒情曲，Mike Posner 脆弱的人声配合深沉混响，营造内省而克制的氛围
回忆,范晓萱,nostalgic;melancholic;warm,piano;string;vocal_breath,,0.35,0.45,0.4,0.6,0.3,0.6,0.7,zh,1,mandopop,"""{""""evening_city_walk"""":0.8,""""night_clear_lonely"""":0.75,""""weekend_slow"""":0.7}""",slow_opening,0.85,范晓萱的抒情演绎，钢琴与弦乐交织，怀旧而略带忧伤的温暖质感
Let It Rain,王儷婷,melancholic;bittersweet;nostalgic,piano;string;vocal_breath;reverb_heavy,,0.35,0.4,0.45,0.5,0.3,0.6,0.7,zh,1,mandopop,"""{""""night_rain_humid"""":0.85,""""evening_city_walk"""":0.8,""""deep_night_introspective"""":0.75}""",rain_on_glass,0.85,钢琴与弦乐交织，人声轻柔带混响，营造出雨夜怀旧的忧郁氛围
Hope,Abi Wade,introspective;melancholic;restrained,piano;string;minimal,,0.25,0.3,0.25,0.4,0.15,0,0.7,instrumental,0,modern_classical,"""{""""work_focus_low_vocal"""":0.85,""""deep_night_introspective"""":0.8,""""night_rain_humid"""":0.75}""",slow_opening,0.85,钢琴与弦乐交织的极简器乐，内省而克制，带有淡淡的忧郁与希望
Maybe You're the Reason,The Japanese House,dreamy;nostalgic;bittersweet,soft_synth;reverb_heavy;vocal_breath;electric_distant,,0.35,0.4,0.45,0.5,0.3,0.6,0.65,en,1,indie_pop,"""{""""evening_city_walk"""":0.8,""""deep_night_introspective"""":0.75,""""work_focus_low_vocal"""":0.7}""",fade_into_inner_space,0.85,梦幻的合成器与深远混响，人声轻柔而怀旧，营造出略带苦涩的甜蜜感
Dreaming Of,Foals,dreamy;restless;nostalgic,soft_synth;reverb_heavy;electric_distant,,0.45,0.5,0.5,0.45,0.5,0,0.55,instrumental,0,indie_rock,"""{""""evening_city_walk"""":0.8,""""deep_night_introspective"""":0.75,""""work_focus_low_vocal"""":0.7}""",city_to_inner_room,0.85,梦幻合成器与深远混响营造出怀旧而略带不安的都市夜晚氛围
Wu Ji - Instrumental Ver.,Hai Lin,introspective;melancholic;restrained,piano;string;cinematic;minimal,,0.15,0.3,0.2,0.35,0.1,0,0.8,instrumental,0,modern_classical,"""{""""work_focus_low_vocal"""":0.85,""""deep_night_introspective"""":0.8,""""night_rain_humid"""":0.75}""",slow_opening,0.9,钢琴与弦乐交织的器乐版本，缓慢而克制，充满内省与忧伤的留白
Nightfall,Lunaires,melancholic;dreamy;lonely,ambient_pad;soft_synth;reverb_heavy;minimal,,0.25,0.3,0.35,0.4,0.2,0,0.7,instrumental,0,ambient,"""{""""deep_night_introspective"""":0.85,""""night_clear_lonely"""":0.8,""""work_focus_low_vocal"""":0.75}""",fade_into_inner_space,0.85,氛围合成器铺底+深远混响，营造出夜晚的忧郁与梦幻孤独感
Mental Model No. 2,John Roberts,introspective;restrained;melancholic,minimal;piano;ambient_pad,,0.2,0.3,0.25,0.35,0.15,0,0.7,instrumental,0,minimal_techno,"""{""""work_focus_low_vocal"""":0.85,""""deep_night_introspective"""":0.8,""""night_rain_humid"""":0.75}""",slow_opening,0.85,极简的钢琴与氛围铺垫，克制而内省，带有淡淡的忧郁感
Little Girl In The World,林二汶,nostalgic;warm;bittersweet,acoustic;vocal_breath;string,,0.4,0.5,0.4,0.6,0.35,0.7,0.65,zh,1,mandopop,"""{""""evening_city_walk"""":0.8,""""morning_clear_light"""":0.7,""""weekend_slow"""":0.75}""",slow_opening,0.85,林二汶温暖细腻的声线搭配木吉他与弦乐，营造怀旧而略带苦涩的抒情氛围
Untitled (Part II),Run Child Run,introspective;melancholic;restrained,piano;reverb_heavy;minimal;vocal_breath,,0.25,0.3,0.35,0.4,0.2,0.4,0.75,en,1,indie_folk,"""{""""deep_night_introspective"""":0.85,""""night_rain_humid"""":0.8,""""work_focus_low_vocal"""":0.7}""",fade_into_inner_space,0.85,极简钢琴与脆弱人声，深沉混响营造内省而克制的氛围
Running,Jessie Ware,urban;hopeful;restless,soft_synth;vocal_breath;electric_distant,,0.6,0.55,0.55,0.5,0.6,0.75,0.5,en,1,art_pop,"""{""""evening_city_walk"""":0.85,""""work_focus_low_vocal"""":0.7,""""user_requested_explore"""":0.75}""",city_to_inner_room,0.85,都市感合成器与Jessie Ware充满动感的人声，营造出奔跑般的节奏与希望情绪
Wanna See U (Original Mix),Lemtom,urban;dreamy;restless,soft_synth;reverb_heavy;electric_distant,,0.6,0.55,0.6,0.45,0.65,0,0.5,instrumental,0,deep_house,"""{""""evening_city_walk"""":0.85,""""deep_night_introspective"""":0.8,""""user_requested_explore"""":0.75}""",city_to_inner_room,0.85,深沉的电子节拍与梦幻合成器，营造出都市夜晚的律动与内省氛围
Burnout - Dawn,Space Dimension Controller,restrained;melancholic;urban,soft_synth;cold_synth;electric_distant;minimal,,0.35,0.3,0.4,0.3,0.4,0,0.6,instrumental,0,electronic,"""{""""evening_city_walk"""":0.8,""""deep_night_introspective"""":0.75,""""work_focus_low_vocal"""":0.7}""",city_to_inner_room,0.85,冷调合成器与极简编排，营造出都市夜晚的克制与疏离感
Roman Holiday,The National,melancholic;introspective;restrained,piano;string;vocal_breath;reverb_heavy,,0.35,0.3,0.45,0.4,0.3,0.6,0.75,en,1,indie_rock,"""{""""deep_night_introspective"""":0.85,""""night_rain_humid"""":0.8,""""work_focus_low_vocal"""":0.7}""",fade_into_inner_space,0.9,Matt Berninger 低沉克制的人声与钢琴弦乐交织，营造出忧郁内省的夜晚氛围
FEEL NOTHING,HEALTH,restless;detached;melancholic,cold_synth;electric_distant;reverb_heavy,,0.7,0.3,0.7,0.2,0.6,0.5,0.75,en,1,industrial_rock,"""{""""deep_night_introspective"""":0.55,""""night_rain_humid"""":0.5,""""evening_city_walk"""":0.45}""",late_night_descent,0.85,冰冷合成器与失真音墙，人声疏离而压抑，能量较高但情感沉重，适合深夜内省场景
Fairytale,Milky Chance,dreamy;nostalgic;hopeful,acoustic;soft_synth;vocal_breath,,0.45,0.55,0.4,0.6,0.45,0.6,0.5,en,1,indie_folk,"""{""""evening_city_walk"""":0.8,""""morning_clear_light"""":0.7,""""weekend_slow"""":0.75}""",slow_opening,0.85,木吉他与人声交织，轻快的节奏中带着梦幻与怀旧，适合悠闲场景
Dmitri Shostakovich: Suite for Jazz Orchestra No.2 - 7. Waltz No.2,Concertos,nostalgic;bittersweet;restrained,string;jazz_brush;cinematic;acoustic,,0.35,0.55,0.5,0.6,0.4,0,0.65,instrumental,0,classical,"""{""""evening_city_walk"""":0.85,""""morning_cloudy_slow"""":0.8,""""afternoon_warm_idle"""":0.75}""",afterglow_fading,0.9,肖斯塔科维奇的经典华尔兹，弦乐与爵士鼓刷营造出怀旧而略带忧伤的优雅氛围
亲爱的你怎么不在我身边,江美琪,lonely;nostalgic;bittersweet,piano;string;vocal_breath,,0.35,0.4,0.45,0.5,0.3,0.7,0.75,zh,1,mandopop,"""{""""evening_city_walk"""":0.8,""""night_clear_lonely"""":0.85,""""deep_night_introspective"""":0.75}""",slow_opening,0.9,江美琪温柔而略带伤感的人声，钢琴与弦乐编织出思念与孤独的抒情氛围
May Rain,窦靖童,melancholic;urban;restrained,electric_distant;reverb_heavy;soft_synth;vocal_breath,,0.35,0.4,0.45,0.4,0.3,0.6,0.7,zh,1,art_pop,"""{""""evening_city_walk"""":0.85,""""night_rain_humid"""":0.8,""""deep_night_introspective"""":0.75}""",city_to_inner_room,0.85,窦靖童慵懒疏离的声线搭配冷调合成器与混响，营造出都市雨夜的忧郁与克制感
IN NORTHERN MICHIGAN,La Dispute,introspective;melancholic;restless,acoustic;vocal_breath;reverb_heavy;cinematic,,0.35,0.3,0.4,0.35,0.25,0.6,0.8,en,1,post_hardcore,"""{""""deep_night_introspective"""":0.85,""""night_rain_humid"""":0.8,""""work_focus_low_vocal"""":0.7}""",fade_into_inner_space,0.85,木吉他与人声主导，混响厚重，充满内省与不安的叙事感
Erde,Chelsea Wolfe,melancholic;restrained;lonely,cold_synth;reverb_heavy;electric_distant,,0.25,0.2,0.5,0.3,0.2,0.6,0.8,en,1,dark_folk,"""{""""deep_night_introspective"""":0.85,""""night_rain_humid"""":0.8,""""work_focus_low_vocal"""":0.7}""",fade_into_inner_space,0.9,Chelsea Wolfe 的黑暗民谣，冷合成器与深远混响营造出压抑而孤独的氛围
Der Schwarm,Voigt & Voigt,restless;urban;detached,cold_synth;electric_distant;reverb_heavy;minimal,,0.4,0.3,0.5,0.25,0.5,0,0.5,instrumental,0,electronic,"""{""""evening_city_walk"""":0.8,""""deep_night_introspective"""":0.75,""""work_focus_low_vocal"""":0.7}""",city_to_inner_room,0.85,冷调合成器与深远混响，营造出都市夜晚的疏离与不安感
Miss H.I.V. - Demo,The Wolfgang Press,restless;urban;melancholic,electric_distant;cold_synth;reverb_heavy;vocal_breath,,0.55,0.4,0.6,0.3,0.5,0.6,0.7,en,1,post_punk,"""{""""evening_city_walk"""":0.8,""""deep_night_introspective"""":0.75,""""night_rain_humid"""":0.7}""",city_to_inner_room,0.85,Demo 质感带有粗糙边缘，冷合成器与遥远电吉他营造都市不安与忧郁氛围
Don't Close Your Eyes,Finn Andrews,melancholic;introspective;restrained,piano;reverb_heavy;vocal_breath;string,,0.25,0.3,0.35,0.4,0.2,0.6,0.75,en,1,art_pop,"""{""""deep_night_introspective"""":0.85,""""night_rain_humid"""":0.8,""""work_focus_low_vocal"""":0.7}""",fade_into_inner_space,0.85,Finn Andrews 脆弱的人声与钢琴、弦乐交织，充满内省与忧郁的质感
I was made for you,Mzai,warm;nostalgic;hopeful,acoustic;vocal_breath;string;soft_synth,,0.4,0.55,0.45,0.65,0.35,0.7,0.6,en,1,indie_folk,"""{""""evening_city_walk"""":0.8,""""morning_clear_light"""":0.75,""""weekend_slow"""":0.7}""",slow_opening,0.85,温暖的木吉他与人声，怀旧而充满希望的独立民谣质感
"""Ave Maria, D. 839""",Franz Schubert,introspective;melancholic;restrained,piano;string;vocal_breath;cinematic,,0.15,0.3,0.25,0.5,0.1,0.8,0.85,en,1,classical,"""{""""deep_night_introspective"""":0.9,""""night_rain_humid"""":0.85,""""work_focus_low_vocal"""":0.8}""",slow_opening,0.95,舒伯特经典艺术歌曲，人声与钢琴的虔诚对话，充满内省与神圣的忧伤
Aces,dkj,restless;urban;unresolved,electric_distant;soft_synth;reverb_heavy,,0.55,0.45,0.5,0.4,0.5,0,0.5,instrumental,0,electronic,"""{""""evening_city_walk"""":0.8,""""work_focus_low_vocal"""":0.75,""""deep_night_introspective"""":0.7}""",city_to_inner_room,0.8,电子合成器驱动的都市感，略带不安与疏离，适合夜晚城市漫步
12月の街,具島直子,nostalgic;urban;melancholic,soft_synth;electric_distant;vocal_breath;reverb_heavy,,0.35,0.4,0.45,0.5,0.3,0.6,0.65,ja,1,j_pop,"""{""""evening_city_walk"""":0.85,""""deep_night_introspective"""":0.8,""""night_clear_lonely"""":0.75}""",city_to_inner_room,0.85,具島直子温柔的人声与软合成器营造出冬日都市的怀旧与淡淡忧伤
Generationwhy,ZHU,urban;restless;bittersweet,soft_synth;cold_synth;electric_distant;reverb_heavy,,0.6,0.45,0.55,0.4,0.6,0.7,0.55,en,1,electronic,"""{""""evening_city_walk"""":0.85,""""deep_night_introspective"""":0.75,""""user_requested_explore"""":0.7}""",city_to_inner_room,0.85,冷调合成器与深沉人声交织，都市夜晚的躁动与疏离感
Roxanne,George Michael,urban;restless;bittersweet,soft_synth;electric_distant;vocal_breath,,0.6,0.5,0.55,0.4,0.55,0.75,0.65,en,1,pop,"""{""""evening_city_walk"""":0.85,""""deep_night_introspective"""":0.8,""""user_requested_explore"""":0.7}""",city_to_inner_room,0.85,George Michael 的演绎带有都市夜晚的躁动与苦涩，合成器与人声交织出内省氛围
Just The Two Of Us,Bill Withers,warm;hopeful;nostalgic,acoustic;jazz_brush;soft_synth;vocal_breath,,0.45,0.6,0.5,0.7,0.5,0.75,0.5,en,1,soul,"""{""""morning_clear_light"""":0.8,""""afternoon_warm_idle"""":0.75,""""evening_city_walk"""":0.7}""",soft_focus_work,0.9,温暖的灵魂乐经典，Grover Washington Jr.的萨克斯与Bill Withers的磁性声线交织出怀旧而充满希望的氛围
愛的一生,刘欢,warm;nostalgic;bittersweet,acoustic;string;vocal_breath;cinematic,,0.45,0.5,0.5,0.7,0.35,0.75,0.7,zh,1,mandopop,"""{""""evening_city_walk"""":0.8,""""weekend_slow"""":0.75,""""morning_clear_light"""":0.7}""",slow_opening,0.85,刘欢深情演绎，木吉他与弦乐交织，温暖怀旧中带一丝苦涩，适合安静回顾的夜晚
Himmelsbaum (prelude),Ulrike Haage,introspective;melancholic;restrained,piano;minimal;ambient_pad,,0.15,0.25,0.2,0.3,0.1,0,0.8,instrumental,0,modern_classical,"""{""""work_focus_low_vocal"""":0.85,""""deep_night_introspective"""":0.9,""""night_rain_humid"""":0.75}""",slow_opening,0.9,极简钢琴前奏，缓慢而内省，冷调氛围铺底营造出孤独与沉思的质感
Fire and Smoke,Xeno & Oaklander,detached;urban;restless,cold_synth;electric_distant;reverb_heavy,,0.55,0.4,0.5,0.3,0.5,0.6,0.5,en,1,synthpop,"""{""""evening_city_walk"""":0.8,""""deep_night_introspective"""":0.75,""""night_clear_lonely"""":0.7}""",city_to_inner_room,0.85,冷调合成器与遥远人声，营造出都市夜晚的疏离与不安感
Mariner's Cross,Gdansk,melancholic;lonely;restrained,piano;minimal;reverb_heavy;cold_synth,,0.2,0.25,0.2,0.3,0.1,0,0.8,instrumental,0,modern_classical,"""{""""deep_night_introspective"""":0.9,""""night_rain_humid"""":0.85,""""work_focus_low_vocal"""":0.8}""",afterglow_fading,0.85,极简钢琴与冷合成器，空旷混响营造出孤独而克制的氛围
Swells,I Am Oak,introspective;melancholic;restrained,acoustic;minimal;field_recording,,0.25,0.35,0.3,0.45,0.2,0.4,0.6,en,1,indie_folk,"""{""""morning_cloudy_slow"""":0.8,""""work_focus_low_vocal"""":0.75,""""deep_night_introspective"""":0.7}""",slow_opening,0.85,木吉他与人声交织的极简民谣，克制而内省，带有自然录音的质感
Signal In The Noise,GoGo Penguin,restless;introspective;urban,piano;cinematic;minimal;electric_distant,,0.45,0.4,0.5,0.35,0.5,0,0.6,instrumental,0,modern_jazz,"""{""""work_focus_low_vocal"""":0.8,""""evening_city_walk"""":0.75,""""deep_night_introspective"""":0.7}""",city_to_inner_room,0.85,钢琴与电子元素交织的现代爵士，节奏驱动中带着内省与都市感
Goor Katan,Anat Fort Trio,introspective;restrained;bittersweet,piano;acoustic;jazz_brush;minimal,,0.25,0.4,0.35,0.5,0.2,0,0.7,instrumental,0,jazz,"""{""""work_focus_low_vocal"""":0.85,""""deep_night_introspective"""":0.8,""""morning_cloudy_slow"""":0.75}""",slow_opening,0.85,Anat Fort Trio 的钢琴三重奏，以钢琴为主导，鼓刷与贝斯营造出克制而内省的爵士氛围，略带苦涩的温暖
"""Hello, I'm Sorry""",Baxter Dury,urban;restless;bittersweet,electric_distant;soft_synth;vocal_breath;reverb_heavy,,0.4,0.45,0.5,0.4,0.45,0.6,0.55,en,1,indie_pop,"""{""""evening_city_walk"""":0.8,""""deep_night_introspective"""":0.75,""""work_focus_low_vocal"""":0.7}""",city_to_inner_room,0.85,Baxter Dury 慵懒而疏离的念白式人声，搭配远距离电声和混响，营造出都市夜晚的躁动与苦涩
Relax In Mui Ne,Onra,warm;dreamy;restrained,soft_synth;lofi_dust;ambient_pad;field_recording,,0.3,0.4,0.35,0.65,0.25,0,0.4,instrumental,0,lo_fi,"""{""""morning_cloudy_slow"""":0.85,""""work_focus_low_vocal"""":0.8,""""afternoon_warm_idle"""":0.75}""",soft_focus_work,0.85,温暖慵懒的 lo-fi 氛围，软合成器与轻微失真营造出度假般的放松感
guilin,Miss Woman,dreamy;misty;nostalgic,ambient_pad;field_recording;minimal;reverb_heavy,,0.25,0.35,0.3,0.45,0.15,0,0.6,instrumental,0,ambient,"""{""""morning_cloudy_slow"""":0.85,""""work_focus_low_vocal"""":0.8,""""night_rain_humid"""":0.75}""",soft_focus_work,0.85,氛围声景搭配田野录音，朦胧而怀旧，适合低能量专注或阴雨场景
独善其身,田馥甄,introspective;dreamy;detached,ambient_pad;soft_synth;vocal_breath;minimal,,0.3,0.4,0.35,0.5,0.25,0.6,0.65,zh,1,art_pop,"""{""""deep_night_introspective"""":0.85,""""work_focus_low_vocal"""":0.8,""""night_clear_lonely"""":0.75}""",fade_into_inner_space,0.85,田馥甄空灵声线搭配氛围合成器与极简编排，营造出内省而疏离的梦幻感
Wilderness,Susanna,introspective;melancholic;restrained,piano;reverb_heavy;vocal_breath;minimal,,0.2,0.25,0.2,0.3,0.15,0.6,0.8,en,1,art_folk,"""{""""deep_night_introspective"""":0.9,""""night_rain_humid"""":0.8,""""work_focus_low_vocal"""":0.7}""",fade_into_inner_space,0.9,Susanna 脆弱而空灵的人声与极简钢琴交织，营造出内省而克制的荒野孤寂感
Snowfall,God Is An Astronaut,introspective;melancholic;dreamy,ambient_pad;cinematic;reverb_heavy;minimal,,0.25,0.3,0.35,0.4,0.15,0,0.75,instrumental,0,post_rock,"""{""""deep_night_introspective"""":0.9,""""night_clear_lonely"""":0.85,""""work_focus_low_vocal"""":0.8}""",fade_into_inner_space,0.9,后摇氛围声景，宏大而内敛的混响与铺垫，营造出雪夜般的孤独与沉思
Northern Holiday,Kaiser Chiefs,restless;urban;hopeful,electric_distant;soft_synth;reverb_heavy,,0.65,0.6,0.55,0.5,0.6,0.7,0.5,en,1,indie_rock,"""{""""evening_city_walk"""":0.8,""""work_focus_low_vocal"""":0.7,""""user_requested_explore"""":0.75}""",city_to_inner_room,0.85,Kaiser Chiefs 的独立摇滚风格，充满都市感的躁动与希望，能量中等偏高，人声突出
All I Can Say,Kali Uchis,dreamy;warm;bittersweet,soft_synth;vocal_breath;reverb_heavy,,0.4,0.5,0.45,0.6,0.35,0.7,0.55,en,1,r&b,"""{""""evening_city_walk"""":0.8,""""deep_night_introspective"""":0.75,""""weekend_slow"""":0.7}""",city_to_inner_room,0.85,Kali Uchis 梦幻而温暖的声线，软合成器与混响营造出怀旧又略带苦涩的 R&B 氛围
The Keeper,Bill Laurance,introspective;warm;nostalgic,piano;string;cinematic;acoustic,,0.3,0.5,0.4,0.7,0.2,0,0.6,instrumental,0,modern_classical,"""{""""work_focus_low_vocal"""":0.85,""""morning_cloudy_slow"""":0.8,""""deep_night_introspective"""":0.75}""",slow_opening,0.85,钢琴与弦乐交织的器乐作品，温暖而内省，带有怀旧质感，适合专注或沉思场景
Business & Personal (Intro),Latto,urban;restless;hopeful,soft_synth;vocal_breath;electric_distant,,0.6,0.55,0.6,0.45,0.6,0.8,0.5,en,1,hip_hop,"""{""""evening_city_walk"""":0.8,""""work_focus_low_vocal"""":0.6,""""user_requested_explore"""":0.7}""",city_to_inner_room,0.85,都市嘻哈intro，合成器与自信人声营造出不安但充满希望的都市氛围
Tout Va Bien,Zazie,urban;hopeful;bittersweet,acoustic;soft_synth;vocal_breath,,0.55,0.6,0.5,0.55,0.5,0.7,0.5,fr,1,chanson,"""{""""evening_city_walk"""":0.8,""""morning_clear_light"""":0.7,""""weekend_slow"""":0.7}""",city_to_inner_room,0.85,Zazie 的都市感法语流行，木吉他与软合成器交织，带着希望与一丝苦涩的平衡
Ad Victoriam,Pure Bathing Culture,dreamy;nostalgic;hopeful,soft_synth;reverb_heavy;vocal_breath,,0.4,0.5,0.45,0.55,0.4,0.6,0.5,en,1,dream_pop,"""{""""evening_city_walk"""":0.8,""""deep_night_introspective"""":0.75,""""work_focus_low_vocal"""":0.7}""",city_to_inner_room,0.85,梦幻流行风格，软合成器与深远混响营造怀旧而充满希望的都市氛围
Letting Go,Sawyer,nostalgic;bittersweet;hopeful,acoustic;vocal_breath;string,,0.4,0.5,0.4,0.6,0.35,0.7,0.65,en,1,indie_folk,"""{""""evening_city_walk"""":0.8,""""weekend_slow"""":0.75,""""morning_clear_light"""":0.7}""",slow_opening,0.85,轻柔的木吉他和温暖人声，营造出怀旧与释然交织的独立民谣氛围
Automatic,宇多田ヒカル,urban;restrained;bittersweet,soft_synth;electric_distant;vocal_breath,,0.45,0.5,0.5,0.4,0.5,0.7,0.6,ja,1,j_pop,"""{""""evening_city_walk"""":0.8,""""deep_night_introspective"""":0.75,""""work_focus_low_vocal"""":0.7}""",city_to_inner_room,0.85,宇多田光标志性的R&B风格，电子合成器与克制的人声交织，营造出都市夜晚的疏离与怀旧感
seiren,mouse on the keys,restless;melancholic;introspective,piano;cinematic;minimal;electric_distant,,0.4,0.35,0.5,0.3,0.45,0,0.7,instrumental,0,post_rock,"""{""""deep_night_introspective"""":0.85,""""work_focus_low_vocal"""":0.8,""""night_rain_humid"""":0.75}""",city_to_inner_room,0.85,钢琴与电子元素交织，节奏感强但情绪内敛，带有不安与电影感
Moi,Lolo Zouaï,dreamy;sensual;urban,soft_synth;vocal_breath;reverb_heavy,,0.4,0.5,0.45,0.55,0.4,0.7,0.5,en,1,art_pop,"""{""""evening_city_walk"""":0.85,""""deep_night_introspective"""":0.8,""""user_requested_explore"""":0.7}""",city_to_inner_room,0.85,梦幻合成器与轻柔人声交织，带有都市夜晚的性感与内省氛围
"""Orchestral Suite No. 2 in B Minor, BWV 1067: VII. Badinerie""",Johann Sebastian Bach,clear;restless;hopeful,acoustic;string;minimal,,0.7,0.8,0.6,0.5,0.8,0,0.3,instrumental,0,baroque,"""{""""morning_clear_light"""":0.85,""""afternoon_warm_idle"""":0.7,""""weekend_slow"""":0.6}""",slow_opening,0.9,巴赫的巴洛克舞曲，快速清晰的弦乐演奏，充满活力与明快感
Vibe (If I Back It Up),Cookiee Kawaii,urban;restless;hopeful,soft_synth;vocal_breath;electric_distant,,0.7,0.65,0.6,0.5,0.75,0.8,0.4,en,1,club_pop,"""{""""evening_city_walk"""":0.85,""""user_requested_explore"""":0.8,""""weekend_slow"""":0.7}""",city_to_inner_room,0.85,都市感强烈的俱乐部流行曲，节奏明快，人声充满自信与活力
LMLY,王嘉尔,urban;hopeful;nostalgic,soft_synth;vocal_breath;electric_distant,,0.6,0.55,0.55,0.5,0.6,0.75,0.5,en,1,pop,"""{""""evening_city_walk"""":0.8,""""work_focus_low_vocal"""":0.7,""""user_requested_explore"""":0.75}""",city_to_inner_room,0.85,王嘉尔的都市感流行，合成器与人声交织，怀旧中带着希望与律动
More~Fly Me To The Moon~Moon River,森田葉月&森川七月,warm;nostalgic;dreamy,acoustic;jazz_brush;vocal_breath;string,,0.35,0.55,0.4,0.7,0.3,0.6,0.5,en,1,jazz,"""{""""morning_clear_light"""":0.8,""""afternoon_warm_idle"""":0.75,""""evening_city_walk"""":0.7}""",soft_focus_work,0.85,经典爵士标准曲串烧，温暖的人声与木吉他、弦乐交织，怀旧而梦幻
Valg,Neun Welten,introspective;melancholic;restrained,piano;string;minimal;reverb_heavy,,0.2,0.3,0.25,0.35,0.1,0,0.8,instrumental,0,modern_classical,"""{""""deep_night_introspective"""":0.9,""""work_focus_low_vocal"""":0.85,""""night_rain_humid"""":0.8}""",afterglow_fading,0.9,极简钢琴与弦乐交织，缓慢而克制，充满内省与忧郁的古典氛围
Songs of the Forgotten,Fabian Almazan Trio,introspective;melancholic;restrained,piano;string;minimal;cinematic,,0.25,0.3,0.35,0.4,0.2,0,0.75,instrumental,0,jazz,"""{""""work_focus_low_vocal"""":0.85,""""deep_night_introspective"""":0.8,""""night_rain_humid"""":0.75}""",afterglow_fading,0.85,钢琴三重奏，内省而克制的爵士质感，弦乐般的铺底带来电影感与忧郁
那件疯狂的小事叫爱情,袁泉,nostalgic;bittersweet;introspective,piano;string;vocal_breath,,0.35,0.4,0.4,0.5,0.3,0.6,0.7,zh,1,mandopop,"""{""""evening_city_walk"""":0.8,""""deep_night_introspective"""":0.75,""""night_rain_humid"""":0.7}""",slow_opening,0.85,袁泉清冷而克制的人声配合钢琴与弦乐，营造出怀旧而略带苦涩的内省氛围
"""Spider Web, Pt. 1""",The Budos Band,restless;urban;unresolved,electric_distant;jazz_brush;grainy,,0.6,0.45,0.55,0.4,0.65,0,0.5,instrumental,0,jazz,"""{""""evening_city_walk"""":0.8,""""work_focus_low_vocal"""":0.7,""""user_requested_explore"""":0.75}""",city_to_inner_room,0.85,器乐爵士放克，粗粝的失真音色与律动感营造出都市不安与未解的情绪
北极光,莫文蔚,melancholic;bittersweet;nostalgic,piano;string;vocal_breath;reverb_heavy,,0.35,0.4,0.45,0.5,0.3,0.7,0.75,zh,1,mandopop,"""{""""evening_city_walk"""":0.8,""""deep_night_introspective"""":0.85,""""night_rain_humid"""":0.75}""",afterglow_fading,0.85,莫文蔚低沉嗓音搭配钢琴与弦乐，营造出怀旧而略带苦涩的抒情氛围
Walking Iris,Luke Temple,dreamy;warm;nostalgic,acoustic;soft_synth;vocal_breath;reverb_heavy,,0.35,0.5,0.4,0.6,0.3,0.5,0.55,en,1,indie_folk,"""{""""morning_cloudy_slow"""":0.8,""""afternoon_warm_idle"""":0.75,""""evening_city_walk"""":0.7}""",soft_focus_work,0.85,温暖的木吉他与人声，混响营造梦幻怀旧氛围，适合悠闲场景
Lovely Head,Goldfrapp,dreamy;sensual;restrained,soft_synth;vocal_breath;minimal;reverb_heavy,,0.25,0.35,0.3,0.45,0.2,0.6,0.55,en,1,trip_hop,"""{""""deep_night_introspective"""":0.85,""""night_clear_lonely"""":0.8,""""work_focus_low_vocal"""":0.7}""",fade_into_inner_space,0.85,Goldfrapp 慵懒而性感的人声搭配极简合成器与厚重混响，营造出梦幻而克制的深夜氛围
Our Last Goodbye,Claude Fontaine,melancholic;bittersweet;nostalgic,acoustic;vocal_breath;string;reverb_heavy,,0.3,0.35,0.4,0.5,0.25,0.6,0.75,en,1,indie_folk,"""{""""evening_city_walk"""":0.8,""""deep_night_introspective"""":0.75,""""night_rain_humid"""":0.7}""",afterglow_fading,0.85,木吉他与人声交织，混响营造出怀旧而忧伤的告别氛围
赤道和北极,卢西,melancholic;nostalgic;bittersweet,piano;string;vocal_breath;reverb_heavy,,0.35,0.4,0.45,0.5,0.3,0.6,0.7,zh,1,mandopop,"""{""""evening_city_walk"""":0.8,""""deep_night_introspective"""":0.75,""""night_rain_humid"""":0.7}""",slow_opening,0.85,钢琴与弦乐铺底，人声带着呼吸感，怀旧而略带忧伤的抒情曲
不擅長的事,週休八日,introspective;melancholic;restrained,piano;acoustic;vocal_breath;minimal,,0.25,0.35,0.3,0.45,0.2,0.6,0.7,zh,1,indie_pop,"""{""""deep_night_introspective"""":0.85,""""night_clear_lonely"""":0.8,""""work_focus_low_vocal"""":0.75}""",fade_into_inner_space,0.85,钢琴与木吉他伴奏，主唱声线轻柔克制，整体氛围内省而略带忧郁，适合深夜独处
祈りとシュルッセル,UTANOHA,introspective;melancholic;restrained,piano;minimal;reverb_heavy,,0.15,0.3,0.2,0.35,0.1,0,0.8,instrumental,0,modern_classical,"""{""""deep_night_introspective"""":0.9,""""night_rain_humid"""":0.85,""""work_focus_low_vocal"""":0.8}""",afterglow_fading,0.9,极简钢琴与深远混响，内省而克制，如同深夜的祈祷与沉思
Off Me,Bri3,urban;restless;unresolved,soft_synth;electric_distant;reverb_heavy,,0.6,0.45,0.55,0.4,0.6,0.7,0.5,en,1,alternative_r&b,"""{""""evening_city_walk"""":0.8,""""deep_night_introspective"""":0.7,""""user_requested_explore"""":0.65}""",city_to_inner_room,0.8,都市感电子R&B，合成器与混响营造不安与未解决的氛围，能量中等偏上
妖 (Ayakashi),我々楽,misty;melancholic;unresolved,ambient_pad;cold_synth;minimal;field_recording,,0.25,0.3,0.35,0.3,0.2,0,0.7,instrumental,0,ambient,"""{""""deep_night_introspective"""":0.85,""""night_rain_humid"""":0.8,""""work_focus_low_vocal"""":0.75}""",fade_into_inner_space,0.85,冷调氛围铺底与田野录音，营造出迷雾般未解的幽寂感
"""Never Alone, Always Lonesome""",Dorena,melancholic;lonely;introspective,piano;string;reverb_heavy;minimal,,0.2,0.3,0.25,0.35,0.15,0,0.8,instrumental,0,post_rock,"""{""""deep_night_introspective"""":0.9,""""night_rain_humid"""":0.8,""""work_focus_low_vocal"""":0.75}""",afterglow_fading,0.9,钢琴与弦乐交织的器乐后摇，空旷混响营造出孤独而内省的氛围
Neptun,Matthias Bartolomey,introspective;melancholic;restrained,piano;string;minimal,,0.2,0.3,0.25,0.35,0.15,0,0.75,instrumental,0,modern_classical,"""{""""work_focus_low_vocal"""":0.85,""""deep_night_introspective"""":0.8,""""night_rain_humid"""":0.75}""",slow_opening,0.9,大提琴与钢琴的极简对话，低沉而内省，充满古典的克制与忧郁
分开旅行,黄立行,restless;urban;bittersweet,electric_distant;cold_synth;vocal_breath,,0.65,0.5,0.6,0.35,0.6,0.75,0.6,zh,1,mandopop,"""{""""evening_city_walk"""":0.8,""""deep_night_introspective"""":0.7,""""work_focus_low_vocal"""":0.6}""",city_to_inner_room,0.85,黄立行冷峻的声线与电子编曲，营造出都市中不安与疏离的旅行感
"""24 Caprices, Op. 1: 24 Caprices, Op. 1: No. 24 In A Minor""",Ilya Kaler,restless;unresolved;melancholic,acoustic;cinematic;minimal,,0.7,0.6,0.65,0.3,0.75,0,0.6,instrumental,0,classical,"""{""""work_focus_low_vocal"""":0.7,""""deep_night_introspective"""":0.65,""""evening_city_walk"""":0.6}""",slow_opening,0.85,帕格尼尼第24随想曲，小提琴独奏技巧性极强，急促而充满未解决的张力，能量较高但情感克制
2046,The Lee's,nostalgic;urban;bittersweet,acoustic;vocal_breath;string;field_recording,,0.35,0.4,0.4,0.5,0.3,0.6,0.7,zh,1,indie_folk,"""{""""evening_city_walk"""":0.8,""""deep_night_introspective"""":0.75,""""night_rain_humid"""":0.7}""",city_to_inner_room,0.85,木吉他与人声交织，带有怀旧与都市漂泊感的独立民谣
Intro(AE86),陈光荣,restrained;melancholic;nostalgic,piano;cinematic;minimal,,0.2,0.3,0.2,0.35,0.1,0,0.75,instrumental,0,film_score,"""{""""work_focus_low_vocal"""":0.85,""""deep_night_introspective"""":0.8,""""night_rain_humid"""":0.75}""",slow_opening,0.85,钢琴主导的极简电影配乐，克制而怀旧，带有淡淡的忧郁
Know Who You Are at Every Age,Cocteau Twins,dreamy;misty;detached,ambient_pad;reverb_heavy;vocal_breath;electric_distant,,0.25,0.35,0.3,0.45,0.2,0.6,0.5,en,1,dream_pop,"""{""""morning_cloudy_slow"""":0.85,""""night_clear_lonely"""":0.8,""""deep_night_introspective"""":0.75}""",fade_into_inner_space,0.9,Cocteau Twins标志性的空灵人声与氛围铺底，营造出迷蒙、疏离的梦幻感
The Weeping of the Rain,Josephine Wiggs,melancholic;lonely;introspective,piano;reverb_heavy;minimal;field_recording,,0.15,0.2,0.25,0.3,0.1,0,0.8,instrumental,0,modern_classical,"""{""""deep_night_introspective"""":0.85,""""night_rain_humid"""":0.8,""""work_focus_low_vocal"""":0.75}""",rain_on_glass,0.9,钢琴主导的极简氛围，混响与雨声采样营造出孤独而内省的忧郁质感
Stones (tidal pool version),Barbarossa,introspective;melancholic;restrained,piano;ambient_pad;field_recording;minimal,,0.2,0.3,0.25,0.4,0.15,0,0.7,instrumental,0,ambient,"""{""""work_focus_low_vocal"""":0.85,""""deep_night_introspective"""":0.8,""""night_rain_humid"""":0.75}""",rain_on_glass,0.85,极简钢琴与氛围铺底，结合田野录音，营造内省而克制的潮湿静谧感
Which One (feat. Central Cee),Drake,urban;restless;bittersweet,soft_synth;electric_distant;vocal_breath,,0.6,0.5,0.6,0.4,0.65,0.8,0.55,en,1,hip_hop,"""{""""evening_city_walk"""":0.8,""""deep_night_introspective"""":0.7,""""user_requested_explore"""":0.75}""",city_to_inner_room,0.85,Drake 的都市说唱与 Central Cee 的客串，合成器铺垫带来不安与怀旧交织的夜晚氛围
Tens,Nana Caymmi,warm;nostalgic;bittersweet,acoustic;string;vocal_breath;jazz_brush,,0.35,0.5,0.4,0.7,0.3,0.6,0.65,pt,1,bossa_nova,"""{""""morning_clear_light"""":0.8,""""afternoon_warm_idle"""":0.85,""""evening_city_walk"""":0.75}""",soft_focus_work,0.85,Nana Caymmi 温暖而略带沙哑的嗓音，搭配木吉他、弦乐和爵士鼓刷，营造出怀旧而略带苦涩的午后氛围
Stand (Chant),Son Lux,restrained;hopeful;bittersweet,piano;string;vocal_breath;cinematic,,0.35,0.45,0.5,0.55,0.3,0.6,0.7,en,1,art_pop,"""{""""deep_night_introspective"""":0.8,""""work_focus_low_vocal"""":0.75,""""evening_city_walk"""":0.7}""",slow_opening,0.85,钢琴与弦乐铺垫，人声克制而充满希望，带有淡淡的苦涩与内省
California Winter,Dhruv,nostalgic;melancholic;warm,piano;string;vocal_breath;reverb_heavy,,0.35,0.4,0.45,0.6,0.3,0.6,0.7,en,1,indie_pop,"""{""""evening_city_walk"""":0.8,""""deep_night_introspective"""":0.75,""""night_clear_lonely"""":0.7}""",slow_opening,0.85,钢琴与弦乐交织，人声轻柔带混响，营造出怀旧而温暖的冬日氛围
Dynasty,Rina Sawayama,melancholic;restless;bittersweet,soft_synth;electric_distant;reverb_heavy;vocal_breath,,0.55,0.45,0.6,0.4,0.5,0.75,0.7,en,1,art_pop,"""{""""evening_city_walk"""":0.8,""""deep_night_introspective"""":0.75,""""night_clear_lonely"""":0.7}""",city_to_inner_room,0.85,Rina Sawayama 的流行编曲中带有忧郁与不安，合成器与人声交织出都市夜晚的疏离感
Ain't No Mountain High Enough (Single Version),Diana Ross,hopeful;warm;nostalgic,string;vocal_breath;acoustic,,0.65,0.7,0.6,0.75,0.6,0.8,0.5,en,1,motown_soul,"""{""""morning_clear_light"""":0.8,""""afternoon_warm_idle"""":0.75,""""weekend_slow"""":0.7}""",slow_opening,0.85,经典摩城灵魂乐，弦乐与Diana Ross充满力量的人声传递温暖与希望
Wonderful U - Demo Version,AGA,nostalgic;bittersweet;warm,piano;vocal_breath;minimal,,0.3,0.4,0.35,0.55,0.25,0.6,0.65,zh,1,mandopop,"""{""""evening_city_walk"""":0.8,""""deep_night_introspective"""":0.75,""""work_focus_low_vocal"""":0.7}""",slow_opening,0.85,Demo版以钢琴为主，人声细腻带呼吸感，怀旧而略带苦涩的温暖情绪
Into the Drama,HTRK,detached;melancholic;restrained,cold_synth;reverb_heavy;electric_distant;minimal,,0.25,0.2,0.3,0.2,0.15,0.4,0.7,en,1,darkwave,"""{""""deep_night_introspective"""":0.85,""""night_rain_humid"""":0.8,""""work_focus_low_vocal"""":0.7}""",late_night_descent,0.9,冷调合成器与深远混响，低沉人声营造出疏离而忧郁的暗夜氛围
Surround Sound (feat. 21 Savage & Baby Tate),JID,urban;restless;unresolved,electric_distant;soft_synth;reverb_heavy,,0.7,0.55,0.65,0.4,0.7,0.8,0.5,en,1,hip_hop,"""{""""evening_city_walk"""":0.8,""""deep_night_introspective"""":0.7,""""user_requested_explore"""":0.75}""",city_to_inner_room,0.85,JID 的复杂说唱与 21 Savage 的冷峻人声，在都市感合成器与重混响中呈现不安与张力
Fever,GFRIEND,restless;urban;nostalgic,soft_synth;electric_distant;vocal_breath,,0.55,0.5,0.55,0.45,0.55,0.7,0.5,ko,1,k_pop,"""{""""evening_city_walk"""":0.8,""""deep_night_introspective"""":0.7,""""user_requested_explore"""":0.65}""",city_to_inner_room,0.85,GFRIEND 的 Fever 以合成器驱动，带有都市感的躁动与怀旧情绪，人声清晰但不过分甜美
Margins,Jane Weaver,dreamy;misty;restrained,soft_synth;ambient_pad;reverb_heavy;electric_distant,,0.35,0.4,0.45,0.5,0.3,0.4,0.6,en,1,dream_pop,"""{""""evening_city_walk"""":0.8,""""deep_night_introspective"""":0.75,""""work_focus_low_vocal"""":0.7}""",city_to_inner_room,0.85,梦幻合成器与深远混响营造朦胧氛围，人声漂浮其中，克制而内省
Miserere Mei,Gregorio Allegri,introspective;melancholic;restrained,string;cinematic;reverb_heavy,,0.15,0.3,0.4,0.35,0.1,0.8,0.9,la,1,classical,"""{""""deep_night_introspective"""":0.9,""""night_rain_humid"""":0.85,""""work_focus_low_vocal"""":0.7}""",slow_opening,0.95,文艺复兴时期复调圣咏，人声纯净而克制，充满宗教性的内省与哀悼
They Could Feel The End Of All Things,Dakota Suite,melancholic;restrained;lonely,piano;string;reverb_heavy;minimal,,0.15,0.2,0.25,0.3,0.1,0,0.85,instrumental,0,modern_classical,"""{""""deep_night_introspective"""":0.9,""""night_rain_humid"""":0.85,""""work_focus_low_vocal"""":0.8}""",afterglow_fading,0.9,极简钢琴与弦乐交织，厚重混响营造出克制而深沉的孤独与终结感
メトロノーム,toe,restless;urban;introspective,acoustic;minimal;electric_distant,,0.55,0.5,0.6,0.4,0.7,0,0.5,instrumental,0,math_rock,"""{""""evening_city_walk"""":0.85,""""work_focus_low_vocal"""":0.8,""""deep_night_introspective"""":0.75}""",city_to_inner_room,0.9,toe 标志性的数学摇滚器乐，复杂的吉他节奏与鼓点交织，都市感与内省并存
神様のヒマ潰し,Go!Go!7188,restless;urban;unresolved,electric_distant;reverb_heavy;vocal_breath,,0.6,0.5,0.6,0.4,0.55,0.7,0.55,ja,1,j_rock,"""{""""evening_city_walk"""":0.8,""""deep_night_introspective"""":0.7,""""user_requested_explore"""":0.65}""",city_to_inner_room,0.85,日式摇滚的急促节奏与疏离感，人声带着不安与都市漂泊的情绪
Little Ones out of Time Mix,SPC ECO,dreamy;misty;detached,ambient_pad;reverb_heavy;electric_distant;soft_synth,,0.25,0.3,0.35,0.4,0.2,0,0.5,instrumental,0,shoegaze,"""{""""deep_night_introspective"""":0.85,""""night_clear_lonely"""":0.8,""""work_focus_low_vocal"""":0.75}""",fade_into_inner_space,0.85,梦幻的混响与合成器声景，人声模糊处理，营造出迷离而疏离的氛围
LG_Amb,Andrea,introspective;misty;restrained,ambient_pad;minimal;field_recording,,0.15,0.3,0.2,0.35,0.1,0,0.6,instrumental,0,ambient,"""{""""work_focus_low_vocal"""":0.85,""""deep_night_introspective"""":0.8,""""morning_cloudy_slow"""":0.75}""",soft_focus_work,0.85,氛围音乐，以环境音垫和田野录音为主，低能量、内省且朦胧
Miles and Miles,Graveyard Club,nostalgic;dreamy;melancholic,soft_synth;reverb_heavy;vocal_breath;electric_distant,,0.4,0.4,0.5,0.5,0.35,0.6,0.65,en,1,dream_pop,"""{""""evening_city_walk"""":0.8,""""deep_night_introspective"""":0.75,""""night_clear_lonely"""":0.7}""",city_to_inner_room,0.85,梦幻合成器与深远混响人声，营造出怀旧而略带忧郁的都市夜晚氛围
E.W.B.A.,DJ Balduin,urban;restless;nostalgic,soft_synth;electric_distant;lofi_dust,,0.55,0.5,0.55,0.45,0.6,0,0.5,instrumental,0,electronic,"""{""""evening_city_walk"""":0.85,""""work_focus_low_vocal"""":0.75,""""deep_night_introspective"""":0.7}""",city_to_inner_room,0.85,电子节拍与合成器营造出都市夜晚的躁动与怀旧感
Sophie and the Hacker,Parov Stelar,urban;restless;nostalgic,electric_distant;jazz_brush;soft_synth;lofi_dust,,0.6,0.55,0.6,0.5,0.7,0,0.45,instrumental,0,electro_swing,"""{""""evening_city_walk"""":0.85,""""work_focus_low_vocal"""":0.7,""""user_requested_explore"""":0.75}""",city_to_inner_room,0.85,电子摇摆风格，爵士鼓刷与复古合成器交织，都市律动中带着怀旧与不安
夏影,麻枝准,nostalgic;warm;dreamy,piano;string;ambient_pad;minimal,,0.25,0.5,0.3,0.6,0.2,0,0.6,instrumental,0,new_age,"""{""""morning_clear_light"""":0.85,""""afternoon_warm_idle"""":0.8,""""weekend_slow"""":0.75}""",slow_opening,0.85,钢琴与弦乐交织的夏日记忆，温暖而怀旧的氛围音乐
River Flows in You,Martin Ermen,introspective;melancholic;restrained,piano;cinematic;minimal,,0.15,0.3,0.2,0.35,0.1,0,0.8,instrumental,0,modern_classical,"""{""""work_focus_low_vocal"""":0.9,""""deep_night_introspective"""":0.85,""""night_rain_humid"""":0.8}""",slow_opening,0.95,钢琴独奏，旋律流畅而克制，充满内省与淡淡的忧伤，适合专注或深夜聆听
Halo,Matthew And The Atlas,melancholic;nostalgic;bittersweet,acoustic;string;vocal_breath;reverb_heavy,,0.35,0.4,0.45,0.55,0.3,0.6,0.7,en,1,indie_folk,"""{""""evening_city_walk"""":0.8,""""deep_night_introspective"""":0.75,""""night_rain_humid"""":0.7}""",afterglow_fading,0.85,木吉他与弦乐交织，人声带着呼吸感与混响，营造出怀旧而略带忧伤的民谣氛围
苏州夜曲,李香兰,nostalgic;melancholic;warm,string;piano;vocal_breath,,0.3,0.4,0.35,0.6,0.2,0.7,0.75,zh,1,shidaiqu,"""{""""evening_city_walk"""":0.8,""""night_clear_lonely"""":0.75,""""deep_night_introspective"""":0.7}""",slow_opening,0.85,李香兰的经典时代曲，弦乐与钢琴交织，怀旧而略带忧伤的温暖氛围
Faux pas,Ponteix,restless;urban;unresolved,electric_distant;cold_synth;reverb_heavy,,0.6,0.45,0.55,0.3,0.65,0.7,0.5,en,1,indie_rock,"""{""""evening_city_walk"""":0.8,""""deep_night_introspective"""":0.7,""""user_requested_explore"""":0.65}""",city_to_inner_room,0.85,冷调合成器与远距离电吉他营造都市不安感，节奏驱动但情绪悬而未决
Monday,Ludovico Einaudi,introspective;melancholic;restrained,piano;minimal;cinematic,,0.15,0.3,0.2,0.35,0.1,0,0.8,instrumental,0,modern_classical,"""{""""work_focus_low_vocal"""":0.85,""""deep_night_introspective"""":0.8,""""morning_cloudy_slow"""":0.75}""",slow_opening,0.9,Einaudi标志性的简约钢琴，缓慢而内省，带有淡淡的忧郁与克制
"""Immortality, Pt. 2""",All India Radio,dreamy;introspective;melancholic,ambient_pad;soft_synth;electric_distant;reverb_heavy,,0.25,0.3,0.35,0.4,0.2,0,0.7,instrumental,0,ambient,"""{""""deep_night_introspective"""":0.85,""""work_focus_low_vocal"""":0.8,""""night_rain_humid"""":0.75}""",fade_into_inner_space,0.9,空灵的氛围铺底与遥远电音，营造出梦幻而内省的沉浸感
The Second Spell,Charles Webster,introspective;melancholic;restrained,piano;ambient_pad;minimal,,0.2,0.3,0.25,0.4,0.15,0,0.7,instrumental,0,ambient,"""{""""deep_night_introspective"""":0.85,""""work_focus_low_vocal"""":0.8,""""night_rain_humid"""":0.75}""",slow_opening,0.85,钢琴与氛围垫交织，缓慢而内省，带有克制的情感重量
Nobody Else,THE S.L.P.,urban;restless;bittersweet,soft_synth;electric_distant;reverb_heavy,,0.55,0.45,0.55,0.4,0.5,0.6,0.6,en,1,indie_rock,"""{""""evening_city_walk"""":0.8,""""deep_night_introspective"""":0.75,""""work_focus_low_vocal"""":0.7}""",city_to_inner_room,0.85,都市感的合成器与电吉他，略带不安与怀旧的人声，适合夜晚城市漫步
Ready Shaking Silent,Hundreds,restrained;melancholic;unresolved,piano;cold_synth;minimal,,0.25,0.3,0.35,0.3,0.2,0,0.7,instrumental,0,modern_classical,"""{""""deep_night_introspective"""":0.85,""""night_rain_humid"""":0.8,""""work_focus_low_vocal"""":0.75}""",fade_into_inner_space,0.85,冷调钢琴与合成器交织，克制而悬而未决，适合深夜内省场景
钟无艳,谢安琪,melancholic;bittersweet;restrained,piano;string;vocal_breath,,0.4,0.4,0.5,0.5,0.3,0.7,0.75,zh,1,mandopop,"""{""""evening_city_walk"""":0.8,""""deep_night_introspective"""":0.75,""""night_rain_humid"""":0.7}""",slow_opening,0.9,钢琴与弦乐铺垫，谢安琪克制而深情的演绎传递出苦涩与无奈，能量中等偏低
She's Coming After You,Katarina Pejak,restless;urban;bittersweet,electric_distant;vocal_breath;jazz_brush;soft_synth,,0.55,0.5,0.6,0.5,0.6,0.7,0.6,en,1,jazz,"""{""""evening_city_walk"""":0.8,""""deep_night_introspective"""":0.75,""""user_requested_explore"""":0.7}""",city_to_inner_room,0.85,都市感爵士流行，人声带着疏离与不安，电子元素与爵士鼓刷交织出夜晚的复杂情绪
Cat In The Rain,Anoice,introspective;melancholic;restrained,piano;string;cinematic;minimal,,0.2,0.3,0.25,0.35,0.1,0,0.8,instrumental,0,modern_classical,"""{""""work_focus_low_vocal"""":0.85,""""deep_night_introspective"""":0.9,""""night_rain_humid"""":0.8}""",rain_on_glass,0.9,钢琴与弦乐交织的极简氛围，克制而内省，如同雨中的孤独凝视
once upon a time there was you and me~,梶浦由記,dreamy;nostalgic;bittersweet,string;piano;cinematic;vocal_breath,,0.3,0.45,0.4,0.55,0.2,0.3,0.7,instrumental,1,anime_soundtrack,"""{""""deep_night_introspective"""":0.85,""""night_clear_lonely"""":0.8,""""evening_city_walk"""":0.75}""",afterglow_fading,0.85,梶浦由記标志性的弦乐与钢琴交织，人声吟唱营造梦幻而怀旧的氛围，略带感伤
Hips Don't Lie (feat. Wyclef Jean),Shakira,urban;restless;sensual,acoustic;jazz_brush;electric_distant,,0.7,0.65,0.6,0.55,0.8,0.75,0.4,en,1,latin_pop,"""{""""evening_city_walk"""":0.8,""""weekend_slow"""":0.7,""""user_requested_explore"""":0.75}""",city_to_inner_room,0.85,拉丁流行节奏强劲，Shakira 的声线充满都市感和动感，适合夜晚漫步或派对场景
Skinny Love,Forever Ago,melancholic;restrained;bittersweet,acoustic;vocal_breath;minimal,,0.25,0.3,0.35,0.4,0.2,0.6,0.75,en,1,indie_folk,"""{""""deep_night_introspective"""":0.85,""""night_rain_humid"""":0.8,""""work_focus_low_vocal"""":0.7}""",fade_into_inner_space,0.85,原声吉他与人声的极简编排，克制中透着苦涩与内省
"""With Arms and Legs Moving, The Tell Tales""",Sigur Rós,dreamy;introspective;bittersweet,ambient_pad;string;reverb_heavy;minimal,,0.25,0.35,0.3,0.5,0.2,0,0.7,instrumental,0,post_rock,"""{""""deep_night_introspective"""":0.9,""""night_rain_humid"""":0.85,""""work_focus_low_vocal"""":0.8}""",fade_into_inner_space,0.9,Sigur Rós标志性的空灵弦乐与氛围铺垫，营造出梦幻而略带忧伤的内省空间
I Got You (I Feel Good),James Brown & The Famous Flames,restless;hopeful;urban,acoustic;jazz_brush;vocal_breath,,0.85,0.8,0.7,0.6,0.9,0.9,0.4,en,1,funk,"""{""""morning_clear_light"""":0.85,""""evening_city_walk"""":0.8,""""user_requested_explore"""":0.75}""",slow_opening,0.9,James Brown 标志性的放克节奏与激昂人声，充满活力与律动感
Welcome To New York,Taylor Swift,hopeful;urban;clear,soft_synth;cold_synth;vocal_breath,,0.65,0.7,0.6,0.5,0.6,0.8,0.4,en,1,pop,"""{""""evening_city_walk"""":0.85,""""morning_clear_light"""":0.8,""""user_requested_explore"""":0.75}""",city_to_inner_room,0.85,明亮合成器与鼓点驱动，充满都市新开始的希望与活力
BAD GIRL,NONA REEVES,urban;restless;sensual,soft_synth;electric_distant;vocal_breath;cold_synth,,0.6,0.5,0.55,0.4,0.6,0.7,0.45,ja,1,j_pop,"""{""""evening_city_walk"""":0.8,""""deep_night_introspective"""":0.7,""""user_requested_explore"""":0.75}""",city_to_inner_room,0.85,都市感强烈的日式流行，合成器与节奏驱动，带有一丝冷艳与不安
Lita og Leira,Bjarki,introspective;melancholic;restrained,ambient_pad;minimal;field_recording;cold_synth,,0.2,0.25,0.3,0.3,0.1,0,0.7,instrumental,0,ambient,"""{""""deep_night_introspective"""":0.85,""""night_rain_humid"""":0.8,""""work_focus_low_vocal"""":0.75}""",fade_into_inner_space,0.85,冰岛氛围电子，冷调合成器与田野录音营造出内省而克制的声景
Gradients Of Bliss,Barker,dreamy;introspective;restrained,ambient_pad;minimal;cold_synth;reverb_heavy,,0.2,0.3,0.25,0.35,0.15,0,0.6,instrumental,0,ambient_techno,"""{""""deep_night_introspective"""":0.85,""""work_focus_low_vocal"""":0.8,""""night_rain_humid"""":0.75}""",fade_into_inner_space,0.85,极简的冷调合成器氛围，缓慢铺展的声景带来内省与梦幻感
想自由,林宥嘉,melancholic;restrained;bittersweet,piano;string;vocal_breath,,0.4,0.4,0.5,0.5,0.3,0.7,0.75,zh,1,mandopop,"""{""""deep_night_introspective"""":0.85,""""night_rain_humid"""":0.8,""""work_focus_low_vocal"""":0.7}""",slow_opening,0.9,林宥嘉的克制声线与钢琴弦乐交织，表达被困与渴望自由的忧郁与苦涩
Lonesome Jim,Beach Baby,melancholic;lonely;restrained,acoustic;reverb_heavy;vocal_breath,,0.3,0.35,0.4,0.4,0.25,0.6,0.7,en,1,indie_folk,"""{""""deep_night_introspective"""":0.85,""""night_rain_humid"""":0.8,""""work_focus_low_vocal"""":0.7}""",afterglow_fading,0.85,木吉他与人声在空旷混响中显得孤独而克制，情绪低沉但不过度戏剧化
Earned It,The Weeknd,sensual;melancholic;bittersweet,soft_synth;string;vocal_breath;reverb_heavy,,0.4,0.45,0.55,0.5,0.35,0.75,0.7,en,1,alternative_rnb,"""{""""evening_city_walk"""":0.8,""""deep_night_introspective"""":0.75,""""night_clear_lonely"""":0.7}""",city_to_inner_room,0.9,The Weeknd 性感而忧郁的嗓音搭配弦乐与软合成器，营造出暗夜中既诱惑又悲伤的张力
Shushtari,Ali Latif Shushtari,introspective;melancholic;restrained,piano;minimal;field_recording,,0.15,0.25,0.2,0.3,0.1,0,0.8,instrumental,0,modern_classical,"""{""""deep_night_introspective"""":0.9,""""night_rain_humid"""":0.85,""""work_focus_low_vocal"""":0.8}""",slow_opening,0.85,极简钢琴与田野录音，克制而内省，带有孤独的忧郁感
Loving You Strings no.23,群星,warm;nostalgic;bittersweet,string;piano;cinematic;minimal,,0.25,0.5,0.35,0.7,0.2,0,0.65,instrumental,0,classical_crossover,"""{""""morning_clear_light"""":0.8,""""afternoon_warm_idle"""":0.75,""""evening_city_walk"""":0.7}""",slow_opening,0.85,弦乐与钢琴的纯器乐编排，温暖怀旧中带一丝感伤，适合安静时刻
Rue Hautefeuille,Chris Minh Doky,warm;nostalgic;clear,acoustic;jazz_brush;string;minimal,,0.35,0.55,0.4,0.7,0.3,0,0.5,instrumental,0,jazz,"""{""""morning_clear_light"""":0.8,""""afternoon_warm_idle"""":0.75,""""work_focus_low_vocal"""":0.7}""",soft_focus_work,0.85,温暖的爵士三重奏，尼龙弦吉他搭配刷鼓与弦乐，明亮而放松
All My Feeling Were Fake,RQTN,melancholic;introspective;lonely,piano;minimal;reverb_heavy,,0.15,0.2,0.2,0.3,0.1,0,0.8,instrumental,0,modern_classical,"""{""""deep_night_introspective"""":0.9,""""night_rain_humid"""":0.85,""""work_focus_low_vocal"""":0.8}""",afterglow_fading,0.9,极简钢琴与厚重混响，营造出内省而孤独的忧郁氛围，能量极低
Let Me F*** You,Sartana,sensual;urban;restless,soft_synth;electric_distant;reverb_heavy,,0.6,0.5,0.6,0.55,0.65,0,0.5,instrumental,0,electronic,"""{""""evening_city_walk"""":0.8,""""deep_night_introspective"""":0.75,""""user_requested_explore"""":0.7}""",city_to_inner_room,0.8,合成器驱动的都市感电子曲，节奏感强，带有性感与不安的张力
Nature's Course,David Allred,introspective;melancholic;restrained,piano;ambient_pad;minimal,,0.15,0.3,0.2,0.35,0.1,0,0.75,instrumental,0,modern_classical,"""{""""work_focus_low_vocal"""":0.85,""""deep_night_introspective"""":0.8,""""night_rain_humid"""":0.75}""",slow_opening,0.9,极简钢琴与氛围铺垫，内省而克制，如同自然中缓慢流动的思绪
Wing,Doon Kanda,dreamy;misty;detached,ambient_pad;soft_synth;reverb_heavy;minimal,,0.2,0.3,0.25,0.4,0.15,0,0.5,instrumental,0,ambient,"""{""""morning_cloudy_slow"""":0.85,""""work_focus_low_vocal"""":0.8,""""deep_night_introspective"""":0.75}""",soft_focus_work,0.85,空灵的氛围合成器与深远混响，营造出梦幻而疏离的声景
How They Remember You,Rascal Flatts,nostalgic;warm;bittersweet,acoustic;string;vocal_breath,,0.45,0.5,0.5,0.6,0.35,0.7,0.7,en,1,country,"""{""""evening_city_walk"""":0.8,""""weekend_slow"""":0.75,""""morning_clear_light"""":0.7}""",slow_opening,0.85,乡村抒情曲，温暖声线与木吉他弦乐交织，怀旧中带着淡淡的苦涩与希望
luv luv,RIRI,warm;dreamy;hopeful,soft_synth;vocal_breath;acoustic,,0.45,0.55,0.4,0.6,0.4,0.7,0.5,en,1,r&b,"""{""""evening_city_walk"""":0.8,""""weekend_slow"""":0.75,""""morning_clear_light"""":0.7}""",soft_focus_work,0.85,RIRI 温暖柔和的 R&B 声线搭配软合成器和原声乐器，营造出梦幻而充满希望的质感
Feel Good,Gibbz,warm;hopeful;clear,soft_synth;acoustic;vocal_breath,,0.55,0.6,0.5,0.65,0.5,0.7,0.5,en,1,indie_pop,"""{""""morning_clear_light"""":0.8,""""afternoon_warm_idle"""":0.75,""""weekend_slow"""":0.7}""",gentle_recovery,0.85,温暖明亮的独立流行，软合成器与木吉他交织，人声柔和带来积极情绪
"""Now He Sings, Now He Sobs - Live""",Chick Corea,restrained;introspective;clear,piano;minimal;cinematic,,0.35,0.5,0.4,0.5,0.3,0,0.6,instrumental,0,jazz,"""{""""work_focus_low_vocal"""":0.85,""""deep_night_introspective"""":0.8,""""morning_clear_light"""":0.75}""",soft_focus_work,0.9,Chick Corea 的爵士钢琴独奏，克制而清晰，内省中带有明亮的质感
Wild Eyes,Broiler,urban;restless;hopeful,soft_synth;electric_distant;reverb_heavy,,0.65,0.6,0.55,0.5,0.7,0,0.45,instrumental,0,electronic,"""{""""evening_city_walk"""":0.85,""""work_focus_low_vocal"""":0.7,""""user_requested_explore"""":0.75}""",city_to_inner_room,0.85,电子舞曲风格，合成器驱动，节奏明快，带有都市感和探索情绪
Stars,Anna Ternheim,melancholic;introspective;bittersweet,acoustic;vocal_breath;reverb_heavy,,0.3,0.35,0.4,0.45,0.25,0.6,0.7,en,1,singer_songwriter,"""{""""deep_night_introspective"""":0.85,""""night_rain_humid"""":0.8,""""work_focus_low_vocal"""":0.7}""",fade_into_inner_space,0.85,Anna Ternheim 的脆弱人声与木吉他交织，营造出内省而略带苦涩的夜晚氛围
下一秒鐘,梁靜茹,warm;nostalgic;hopeful,acoustic;vocal_breath;string,,0.4,0.55,0.45,0.65,0.35,0.65,0.6,zh,1,mandopop,"""{""""evening_city_walk"""":0.75,""""morning_clear_light"""":0.7,""""weekend_slow"""":0.7}""",slow_opening,0.85,梁靜茹溫暖的聲線搭配木吉他與弦樂，營造懷舊而充滿希望的抒情氛圍
Personal Jesus,Depeche Mode,restless;urban;unresolved,cold_synth;electric_distant;reverb_heavy,,0.7,0.4,0.7,0.3,0.7,0.8,0.6,en,1,synthpop,"""{""""evening_city_walk"""":0.8,""""deep_night_introspective"""":0.7,""""user_requested_explore"""":0.7}""",city_to_inner_room,0.85,冷峻的合成器与沉重鼓点，都市不安与疏离感的标志性作品
A Lunar Sanctuary,吉田潔,introspective;dreamy;restrained,piano;string;ambient_pad;cinematic,,0.2,0.35,0.3,0.45,0.15,0,0.75,instrumental,0,ambient,"""{""""deep_night_introspective"""":0.9,""""night_clear_lonely"""":0.85,""""work_focus_low_vocal"""":0.8}""",slow_opening,0.9,钢琴与弦乐交织的静谧氛围，如同月光下的内省空间
FOREVER YOUNG -JP Ver.-,BLACKPINK,urban;restless;hopeful,soft_synth;cold_synth;vocal_breath;electric_distant,,0.6,0.55,0.6,0.45,0.6,0.75,0.5,ja,1,k_pop,"""{""""evening_city_walk"""":0.8,""""deep_night_introspective"""":0.7,""""user_requested_explore"""":0.75}""",city_to_inner_room,0.85,BLACKPINK的日文版，合成器驱动的都市感与青春不羁的期待情绪
Bow Down - Homecoming Live,Beyoncé,restless;urban;hopeful,electric_distant;vocal_breath;cinematic,,0.7,0.6,0.7,0.5,0.65,0.9,0.75,en,1,r&b,"""{""""evening_city_walk"""":0.8,""""deep_night_introspective"""":0.7,""""user_requested_explore"""":0.75}""",city_to_inner_room,0.85,Beyoncé 现场版充满力量与都市感，人声主导，能量较高但带有内省张力
Nothing's Gonna Stop Me Now,Max Richter,introspective;melancholic;restrained,piano;string;cinematic;minimal,,0.15,0.3,0.2,0.35,0.1,0,0.8,instrumental,0,modern_classical,"""{""""deep_night_introspective"""":0.9,""""work_focus_low_vocal"""":0.85,""""night_rain_humid"""":0.8}""",slow_opening,0.9,Max Richter 标志性的极简钢琴与弦乐，缓慢而内省，充满克制的情感重量
悲しみは地下鉄で,Mowmow Lulu Gyaban,urban;melancholic;restless,soft_synth;electric_distant;reverb_heavy;lofi_dust,,0.4,0.35,0.5,0.3,0.4,0,0.65,instrumental,0,lo_fi,"""{""""evening_city_walk"""":0.85,""""night_clear_lonely"""":0.8,""""work_focus_low_vocal"""":0.75}""",city_to_inner_room,0.85,都市感 lo-fi 器乐，软合成器与混响营造出地下铁般的忧郁与不安
The Eastern Gate,Stephan Micus,introspective;melancholic;restrained,minimal;field_recording;ambient_pad,,0.15,0.25,0.2,0.35,0.1,0,0.8,instrumental,0,world_ambient,"""{""""deep_night_introspective"""":0.9,""""night_rain_humid"""":0.85,""""work_focus_low_vocal"""":0.8}""",fade_into_inner_space,0.9,Stephan Micus 的极简世界音乐，使用罕见乐器与田野录音，营造出内省而克制的孤独氛围
Thirst,SebastiAn,restless;urban;unresolved,electric_distant;cold_synth;grainy,,0.7,0.4,0.7,0.3,0.8,0,0.6,instrumental,0,electronic,"""{""""evening_city_walk"""":0.7,""""deep_night_introspective"""":0.6,""""user_requested_explore"""":0.65}""",city_to_inner_room,0.85,冷峻的电子节拍与失真质感，营造出都市夜晚的焦躁与未解情绪
Faraway Voice,Katie Melua,warm;nostalgic;hopeful,acoustic;vocal_breath;string;reverb_heavy,,0.35,0.5,0.4,0.7,0.3,0.75,0.6,en,1,folk_pop,"""{""""morning_clear_light"""":0.8,""""evening_city_walk"""":0.75,""""weekend_slow"""":0.7}""",slow_opening,0.85,Katie Melua温暖而空灵的声线搭配木吉他与弦乐，营造出怀旧而充满希望的民谣流行质感
Money Can Buy U Luv?,Su,urban;restless;bittersweet,soft_synth;electric_distant;vocal_breath,,0.55,0.5,0.55,0.4,0.5,0.7,0.6,en,1,alt_rnb,"""{""""evening_city_walk"""":0.8,""""deep_night_introspective"""":0.75,""""user_requested_explore"""":0.7}""",city_to_inner_room,0.85,都市感 R&B，合成器与疏离人声交织，表达对物质爱情的矛盾与不安
清春,袁泉,introspective;melancholic;restrained,piano;string;reverb_heavy;vocal_breath,,0.25,0.35,0.3,0.4,0.2,0.6,0.75,zh,1,mandopop,"""{""""deep_night_introspective"""":0.85,""""night_rain_humid"""":0.8,""""work_focus_low_vocal"""":0.75}""",fade_into_inner_space,0.85,袁泉清冷而克制的人声搭配钢琴与弦乐，营造出内省而略带忧郁的氛围
长话短说,萧亚轩,nostalgic;bittersweet;urban,soft_synth;vocal_breath;electric_distant,,0.45,0.5,0.5,0.55,0.4,0.7,0.6,zh,1,mandopop,"""{""""evening_city_walk"""":0.8,""""deep_night_introspective"""":0.75,""""work_focus_low_vocal"""":0.7}""",city_to_inner_room,0.85,萧亚轩的中速抒情，电子合成器与呼吸感人声交织，都市夜晚的怀旧与未尽的遗憾
入戲,曹格,melancholic;bittersweet;restrained,piano;string;vocal_breath,,0.4,0.35,0.5,0.45,0.3,0.75,0.8,zh,1,mandopop,"""{""""evening_city_walk"""":0.8,""""deep_night_introspective"""":0.85,""""night_rain_humid"""":0.75}""",slow_opening,0.85,曹格深情演绎的抒情曲，钢琴与弦乐交织，克制中透出苦涩与怀旧
Bright Sheng: Seven Tunes Heard In China - 6. Pastoral Ballade,Alisa Weilerstein,introspective;melancholic;restrained,string;cinematic;minimal,,0.2,0.35,0.3,0.4,0.15,0,0.75,instrumental,0,modern_classical,"""{""""work_focus_low_vocal"""":0.85,""""deep_night_introspective"""":0.8,""""night_rain_humid"""":0.75}""",slow_opening,0.9,大提琴独奏演绎中国民歌改编，旋律悠远而克制，充满内省与淡淡的忧伤
Larrons en foire,Raphaël Beau,restless;urban;unresolved,acoustic;cinematic;field_recording;electric_distant,,0.4,0.45,0.5,0.35,0.5,0,0.55,instrumental,0,cinematic,"""{""""evening_city_walk"""":0.8,""""work_focus_low_vocal"""":0.7,""""user_requested_explore"""":0.75}""",city_to_inner_room,0.85,电影配乐风格，手风琴与弦乐交织出都市的躁动与未解情绪
Trust,Golden Fable,dreamy;nostalgic;bittersweet,soft_synth;ambient_pad;vocal_breath;reverb_heavy,,0.35,0.4,0.45,0.55,0.3,0.6,0.65,en,1,dream_pop,"""{""""evening_city_walk"""":0.8,""""deep_night_introspective"""":0.75,""""work_focus_low_vocal"""":0.7}""",fade_into_inner_space,0.85,梦幻流行风格，软合成器与空灵人声交织，营造怀旧而略带忧伤的氛围
The World and the Sun,Moon Duo,dreamy;restless;urban,soft_synth;electric_distant;reverb_heavy,,0.55,0.5,0.6,0.4,0.6,0.3,0.5,en,1,psychedelic_rock,"""{""""evening_city_walk"""":0.8,""""deep_night_introspective"""":0.75,""""user_requested_explore"""":0.7}""",city_to_inner_room,0.85,迷幻摇滚风格，重复的合成器riff与遥远人声营造出都市夜晚的躁动与梦幻感
Silent Running,Goldie,melancholic;dreamy;restrained,ambient_pad;cold_synth;reverb_heavy;minimal,,0.25,0.3,0.35,0.35,0.2,0,0.7,instrumental,0,ambient_drum_and_bass,"""{""""deep_night_introspective"""":0.85,""""night_rain_humid"""":0.8,""""work_focus_low_vocal"""":0.75}""",fade_into_inner_space,0.85,Goldie 标志性的冷调氛围与深邃合成器，缓慢而内省，如同在太空中无声漂流
Dancing Two Hundred Times,Sad Souls,melancholic;introspective;restrained,piano;reverb_heavy;minimal;ambient_pad,,0.2,0.3,0.25,0.35,0.15,0,0.7,instrumental,0,ambient,"""{""""deep_night_introspective"""":0.85,""""night_rain_humid"""":0.8,""""work_focus_low_vocal"""":0.75}""",fade_into_inner_space,0.85,钢琴与氛围垫交织，缓慢而内省，带有忧郁的克制感
Come Again,m-flo,urban;nostalgic;hopeful,soft_synth;electric_distant;vocal_breath,,0.55,0.5,0.55,0.5,0.6,0.7,0.5,en,1,j_hip_hop,"""{""""evening_city_walk"""":0.85,""""deep_night_introspective"""":0.75,""""user_requested_explore"""":0.7}""",city_to_inner_room,0.85,m-flo 标志性的都市嘻哈风格，合成器与 R&B 人声交织，怀旧中带着希望
No Good Deed Goes Unpunished,As the Stars Fall,melancholic;restrained;bittersweet,piano;string;reverb_heavy;minimal,,0.25,0.3,0.35,0.4,0.2,0,0.7,instrumental,0,modern_classical,"""{""""work_focus_low_vocal"""":0.85,""""deep_night_introspective"""":0.8,""""night_rain_humid"""":0.75}""",slow_opening,0.85,钢琴与弦乐交织，缓慢而克制的旋律带有忧郁与苦涩的质感
Hollywood Forever,Finn Andrews,melancholic;nostalgic;restrained,piano;string;vocal_breath;reverb_heavy,,0.3,0.35,0.4,0.45,0.25,0.6,0.75,en,1,indie_folk,"""{""""deep_night_introspective"""":0.85,""""night_rain_humid"""":0.8,""""evening_city_walk"""":0.75}""",fade_into_inner_space,0.85,钢琴与弦乐铺垫的忧郁民谣，人声带着克制与怀旧，适合深夜内省
stephen,Lowly,dreamy;misty;restrained,ambient_pad;soft_synth;minimal;field_recording,,0.25,0.35,0.3,0.45,0.2,0,0.55,instrumental,0,ambient,"""{""""work_focus_low_vocal"""":0.85,""""morning_cloudy_slow"""":0.8,""""deep_night_introspective"""":0.75}""",soft_focus_work,0.85,梦幻氛围铺底，轻柔合成器与田野录音交织，克制而朦胧
inner river,Reuben And The Dark,introspective;melancholic;restrained,piano;reverb_heavy;vocal_breath;ambient_pad,,0.25,0.3,0.35,0.4,0.2,0.5,0.75,en,1,indie_folk,"""{""""deep_night_introspective"""":0.85,""""night_rain_humid"""":0.8,""""work_focus_low_vocal"""":0.75}""",fade_into_inner_space,0.85,钢琴与混响人声营造内省而克制的氛围，如同内心河流的缓慢流淌
原谅我就是这样的女生,戴佩妮,introspective;bittersweet;restrained,acoustic;vocal_breath;string,,0.35,0.4,0.4,0.55,0.3,0.7,0.65,zh,1,mandopop,"""{""""evening_city_walk"""":0.8,""""deep_night_introspective"""":0.75,""""work_focus_low_vocal"""":0.7}""",slow_opening,0.85,戴佩妮的创作带有内省与自白色彩，木吉他与人声交织出克制而略带苦涩的温暖感
The Fall,Parov Stelar,urban;restless;nostalgic,electric_distant;jazz_brush;soft_synth,,0.6,0.5,0.55,0.4,0.65,0,0.5,instrumental,0,electro_swing,"""{""""evening_city_walk"""":0.85,""""work_focus_low_vocal"""":0.7,""""night_clear_lonely"""":0.75}""",city_to_inner_room,0.85,电子摇摆风格，爵士鼓刷与合成器交织，都市夜晚的律动与怀旧
nevrturnaround,IAMNOBODI,dreamy;nostalgic;urban,soft_synth;lofi_dust;ambient_pad;electric_distant,,0.35,0.4,0.4,0.5,0.3,0,0.45,instrumental,0,lo_fi,"""{""""evening_city_walk"""":0.85,""""work_focus_low_vocal"""":0.8,""""deep_night_introspective"""":0.75}""",city_to_inner_room,0.85,梦幻的 lo-fi 氛围，软合成器与轻度失真纹理营造出都市怀旧感
Embrace Me,Dan Bremnes,warm;hopeful;nostalgic,acoustic;vocal_breath;string,,0.4,0.55,0.45,0.65,0.35,0.65,0.6,en,1,acoustic_pop,"""{""""morning_clear_light"""":0.8,""""afternoon_warm_idle"""":0.75,""""weekend_slow"""":0.7}""",slow_opening,0.85,温暖的木吉他与人声，传递拥抱般的希望与怀旧感
東方萃夢想,TAMUSIC,dreamy;melancholic;nostalgic,piano;string;cinematic;reverb_heavy,,0.25,0.4,0.35,0.5,0.2,0,0.7,instrumental,0,modern_classical,"""{""""deep_night_introspective"""":0.85,""""night_rain_humid"""":0.8,""""work_focus_low_vocal"""":0.75}""",afterglow_fading,0.85,钢琴与弦乐交织的东方同人改编，梦幻而怀旧，带有淡淡的忧伤
我真的受伤了 (Live),田馥甄,melancholic;lonely;restrained,piano;vocal_breath;acoustic,,0.25,0.3,0.35,0.4,0.2,0.8,0.75,zh,1,mandopop,"""{""""deep_night_introspective"""":0.85,""""night_rain_humid"""":0.8,""""night_clear_lonely"""":0.75}""",slow_opening,0.9,田馥甄现场版以钢琴伴奏为主，人声脆弱而克制，传递出孤独与伤感的情绪
Men of Straw,The Shining Levels,restrained;melancholic;unresolved,acoustic;minimal;field_recording;reverb_heavy,,0.25,0.3,0.35,0.4,0.2,0,0.7,instrumental,0,ambient_folk,"""{""""morning_cloudy_slow"""":0.8,""""deep_night_introspective"""":0.75,""""work_focus_low_vocal"""":0.7}""",afterglow_fading,0.85,原声吉他极简编排，田野录音与混响营造出克制而悬而未决的忧郁氛围
"""De Visée: Pèces de théorbe et de luth, Suite en la mineur: I. Prélude""",Robert de Visée,introspective;restrained;melancholic,acoustic;minimal,,0.15,0.3,0.2,0.4,0.1,0,0.7,instrumental,0,baroque,"""{""""work_focus_low_vocal"""":0.85,""""deep_night_introspective"""":0.8,""""morning_cloudy_slow"""":0.75}""",slow_opening,0.9,巴洛克琉特琴独奏，缓慢而内省，带有古典的克制与忧郁
Nastasya,Doon Kanda,dreamy;misty;detached,ambient_pad;cold_synth;reverb_heavy;minimal,,0.2,0.3,0.25,0.3,0.1,0,0.6,instrumental,0,ambient,"""{""""deep_night_introspective"""":0.85,""""night_clear_lonely"""":0.8,""""work_focus_low_vocal"""":0.75}""",fade_into_inner_space,0.85,冷调合成器与深远混响营造出梦幻而疏离的氛围，极简结构适合深夜内省
Common Ground,Sabrina Piggott,warm;nostalgic;hopeful,acoustic;jazz_brush;vocal_breath;string,,0.4,0.55,0.45,0.7,0.35,0.6,0.55,en,1,jazz,"""{""""morning_clear_light"""":0.8,""""afternoon_warm_idle"""":0.75,""""evening_city_walk"""":0.7}""",slow_opening,0.85,温暖的爵士风格，木吉他、刷镲与人声交织，怀旧而充满希望
I Love You Too,Gill Landry,warm;nostalgic;bittersweet,acoustic;vocal_breath;string,,0.35,0.5,0.4,0.7,0.3,0.6,0.65,en,1,folk,"""{""""evening_city_walk"""":0.8,""""weekend_slow"""":0.75,""""morning_cloudy_slow"""":0.7}""",slow_opening,0.85,温暖的民谣风格，木吉他与人声交织，怀旧中带着淡淡的苦涩与甜蜜
El transcurrir de las horas,Bosques de mi Mente,introspective;melancholic;restrained,piano;ambient_pad;minimal;field_recording,,0.15,0.3,0.2,0.35,0.1,0,0.8,instrumental,0,modern_classical,"""{""""work_focus_low_vocal"""":0.85,""""deep_night_introspective"""":0.9,""""night_rain_humid"""":0.8}""",afterglow_fading,0.9,极简钢琴与氛围铺底，伴随田野录音的细微环境声，营造出内省而克制的时光流逝感
Wetlands,SUSS,misty;restrained;melancholic,ambient_pad;acoustic;field_recording;reverb_heavy,,0.2,0.3,0.25,0.4,0.15,0,0.65,instrumental,0,ambient_country,"""{""""morning_cloudy_slow"""":0.85,""""work_focus_low_vocal"""":0.8,""""night_rain_humid"""":0.75}""",rain_on_glass,0.85,氛围乡村风格，空旷的声场与田野录音交织，营造出朦胧而克制的湿地意象
Shy Boy (Live),Matt吕彦良,warm;restrained;bittersweet,piano;vocal_breath;acoustic;jazz_brush,,0.35,0.5,0.4,0.7,0.3,0.6,0.55,zh,1,jazz_pop,"""{""""morning_cloudy_slow"""":0.8,""""evening_city_walk"""":0.75,""""afternoon_warm_idle"""":0.7}""",slow_opening,0.85,现场版钢琴与爵士刷奏，温暖克制的人声传递出略带苦涩的温柔
I Want You Around,Snoh Aalegra,warm;nostalgic;sensual,soft_synth;vocal_breath;jazz_brush;reverb_heavy,,0.4,0.5,0.45,0.7,0.35,0.75,0.65,en,1,r&b,"""{""""evening_city_walk"""":0.85,""""deep_night_introspective"""":0.8,""""weekend_slow"""":0.75}""",city_to_inner_room,0.9,Snoh Aalegra 温暖丝滑的声线搭配软合成器和爵士鼓刷，营造出怀旧而感性的 R&B 氛围
Mistakes On The Field - Part I,The Leisure Society,introspective;melancholic;restrained,acoustic;string;vocal_breath;minimal,,0.3,0.35,0.4,0.5,0.2,0.5,0.7,en,1,indie_folk,"""{""""morning_cloudy_slow"""":0.8,""""work_focus_low_vocal"""":0.75,""""deep_night_introspective"""":0.7}""",slow_opening,0.85,木吉他与弦乐交织，人声轻柔克制，营造内省而略带忧郁的清晨氛围
飛 - Live,林宥嘉,introspective;melancholic;restrained,piano;vocal_breath;cinematic,,0.35,0.4,0.4,0.5,0.3,0.7,0.75,zh,1,mandopop,"""{""""deep_night_introspective"""":0.85,""""night_clear_lonely"""":0.8,""""work_focus_low_vocal"""":0.7}""",fade_into_inner_space,0.85,林宥嘉现场版，钢琴伴奏下的人声充满内省与克制，情感沉重但不过度
"""写一首歌 April 5,1969""",顺子,warm;nostalgic;hopeful,acoustic;vocal_breath;string;piano,,0.4,0.55,0.45,0.7,0.35,0.7,0.6,zh,1,mandopop,"""{""""evening_city_walk"""":0.8,""""morning_clear_light"""":0.7,""""weekend_slow"""":0.75}""",slow_opening,0.85,顺子温暖的人声与木吉他、钢琴交织，怀旧而充满希望的抒情质感
Champagne Kisses,Jessie Ware,warm;sensual;hopeful,soft_synth;vocal_breath;jazz_brush,,0.55,0.6,0.5,0.7,0.5,0.75,0.5,en,1,art_pop,"""{""""evening_city_walk"""":0.85,""""afternoon_warm_idle"""":0.8,""""weekend_slow"""":0.75}""",city_to_inner_room,0.85,温暖性感的合成器流行，人声充满呼吸感，适合都市夜晚的放松氛围
うみと魔法とぼくらの日々,菅野よう子,dreamy;nostalgic;warm,piano;string;ambient_pad;soft_synth,,0.35,0.5,0.4,0.6,0.3,0,0.55,instrumental,0,ambient,"""{""""morning_cloudy_slow"""":0.85,""""afternoon_warm_idle"""":0.8,""""weekend_slow"""":0.75}""",soft_focus_work,0.85,菅野よう子标志性的梦幻钢琴与弦乐编排，温暖怀旧如夏日回忆
Run for Me,SebastiAn,restless;urban;unresolved,electric_distant;cold_synth;reverb_heavy,,0.7,0.4,0.7,0.3,0.65,0,0.5,instrumental,0,electronic,"""{""""evening_city_walk"""":0.8,""""deep_night_introspective"""":0.7,""""work_focus_low_vocal"""":0.6}""",city_to_inner_room,0.85,急促的电子节拍与冷调合成器，营造出都市夜晚的紧张与不安感
I Try,Heather Woods Broderick,introspective;melancholic;restrained,piano;string;vocal_breath;reverb_heavy,,0.25,0.3,0.35,0.4,0.2,0.6,0.7,en,1,indie_folk,"""{""""deep_night_introspective"""":0.85,""""night_rain_humid"""":0.8,""""work_focus_low_vocal"""":0.75}""",fade_into_inner_space,0.85,钢琴与弦乐交织，脆弱人声带着呼吸感，营造内省而克制的忧郁氛围
Ya Man,Tingvall Trio,warm;clear;hopeful,piano;acoustic;jazz_brush;minimal,,0.4,0.6,0.4,0.7,0.5,0,0.4,instrumental,0,jazz,"""{""""morning_clear_light"""":0.8,""""afternoon_warm_idle"""":0.75,""""work_focus_low_vocal"""":0.7}""",soft_focus_work,0.85,钢琴三重奏，明亮温暖的爵士律动，清晰而富有生机
