[label-track-sample-batch4] Phase 1 Step 4 (batch4) — 全量标注剩余曲库
[label-track-sample-batch4] 模型: deepseek-v4-flash
[batch4] batch1/2/3 已标注: 3943 首
[songpool] 加载完成：11732 首（NCM:1873 虾米收藏:2631 虾米歌单:794 Spotify:8976）
[batch4] 曲库总量: 11732
[batch4] 排除已标注后候选池: 7454
[2/7454] ✓  Folded (Remix) [feat. Ne-Yo] / Kehlani / Ne-Yo
[1/7454] ✓  Tjampuhan / David Parsons
[3/7454] ✓  爱可留痕 / 莫文蔚
[4/7454] ✓  I See All Shades of You / Nicola Conte / Alice Ricciardi
[5/7454] ✓  Macedonia / Nicola Conte
[6/7454] ✓  看透 / 莫文蔚
[7/7454] ✓  话题 / 莫文蔚
[9/7454] ✓  elegant puppet. / Kismet
[8/7454] ✓  Under Starry Sky / ATOM
[10/7454] ✓  fractured / Rexlity
[12/7454] ✓  Never / Warmo
[11/7454] ✓  Sea of Cloud / Nujabes
[13/7454] ✓  START OVER / Tiffany Day
[15/7454] ✓  Gravity / Sara Bareilles
[14/7454] ✓  Sova / Anna Von Hausswolff
[16/7454] ✓  flicker / ariiol
[17/7454] ✓  Spartacus Love Theme / SOIL & "PIMP" SESSIONS
[18/7454] ✓  Moon River / Pedro José Sanchez Martinez
[19/7454] ✓  Girls Never Die / tripleS
[21/7454] ✓  Andata / 坂本龍一
[20/7454] ✓  Way Out / FKJ
[24/7454] ✓  Wu-Chang Library 天東閣 / 沉默橙
[23/7454] ✓  Aim is Not to Sweat / The Shanghai Restoration Project / Tebza Majaivane
[22/7454] ✓  Like a Rainbow (Main) / Nomumbah / Nadirah Shakoor
[25/7454] ✓  Sunrise Sunset / The Screen Tones
[26/7454] ✓  Tatto / 小林武史
[27/7454] ✓  Stateside + Zara Larsson / PinkPantheress / Zara Larsson
[28/7454] ✓  Caged mind. / Kismet
[29/7454] ✓  夏日光 / 雷雨心
[30/7454] ✓  星辰之屿 / 城之内ミサ
[31/7454] ✓  Hotel Summerville (Original Mix) / Dinka
[32/7454] ✓  Tequila Sunset (feat. 山贼 Gulico) / Zeming Xu
[33/7454] ✓  夕阳恋歌 / 刘柏辛Lexie
[34/7454] ✓  Estrondo / 3 Na Massa
[35/7454] ✓  Touch of My Hand / Britney Spears
[36/7454] ✓  404 (New Era) / KiiiKiii
[37/7454] ✓  Strange Things / DOUBLE
[38/7454] ✓  Elephant Survival / Emancipator
[39/7454] ✓  After the Morning / John Hicks
[40/7454] ✓  Noodle Soup / Four80East
[41/7454] ✓  Doo Wop (That Thing) / Lauryn Hill
[42/7454] ✓  dance 2 / Oklou
[43/7454] 🔄 RETRY 1/3: Ti-De — vocab errors: texture_tag "brass" not in closed vocab
[44/7454] ✓  Hit Refresh / JackLNDN
[45/7454] ✓  Remember Where You Are / Jessie Ware
[43/7454] 🔄 RETRY 2/3: Ti-De — vocab errors: texture_tag "brass" not in closed vocab
[46/7454] ✓  Sonate pour fl?te et piano:Cantilena / Francis Poulenc / Jean-Pierre Rampal
[47/7454] ✓  Buddha / Kontekst
[43/7454] ✓  Ti-De / Kokoroko
[48/7454] ✓  Flying for Thailand / 坂本龍一
[49/7454] ✓  Teuf De Ouf / Scruscru / Jehan
[50/7454] ✓  hot house / Berlioz
[51/7454] ✓  Jida / Modd
[52/7454] ✓  Tick Tock / Tom Misch
[53/7454] ✓  Pigalle / Bellaire
[54/7454] ✓  完美孤独 / 莫文蔚
[55/7454] ✓  Horizon / Nujabes
[56/7454] ✓  Signals / Lazer Boomerang
[57/7454] ✓  Soh-Soh / Odeal
[58/7454] ✓  Niagara Falls / The Weeknd
[59/7454] ✓  ETA (Foxela Jersey Club Remix) / NewJeans
[60/7454] ✓  Don't Even Try It [feat. Funky DL] / Nujabes
[61/7454] ✓  Brazilian Rhyme (Almost There) / KAORU / DJ SLY / D.O
[63/7454] ✓  Cold Silence / 深白色二人组
[62/7454] ✓  热气球 / 黄淑惠
[64/7454] ✓  Bunker / Balthazar
[65/7454] ✓  MOON MUSiC / Coldplay / Jon Hopkins
[66/7454] ✓  Freelance / Fred again.. / Skepta / PlaqueBoyMax
[67/7454] ✓  Castles in the Rain (Bonus Track) / Nicola Conte
[69/7454] ✓  Never Getting Laid / Sabrina Carpenter
[68/7454] ✓  Like Leaves in the Wind / Nicola Conte / José James
[70/7454] ✓  End Of Summer / Tame Impala
[72/7454] ✓  Glamour Girl / Louie Austen
[71/7454] ✓  Take Me Dancing / Doja Cat / SZA
[73/7454] ✓  I Wonder If You Know (Dreams) / Fidde
[74/7454] ✓  Night Birds / Darius / Wayne Snow
[75/7454] ✓  Highway Driving Car / etsuco
[76/7454] ✓  Mr. "Broken Heart" / 松下優也
[77/7454] ✓  Crying / 日之内エミ
[78/7454] ✓  Teenage Dreams / Lazer Boomerang
[79/7454] ✓  Niu Shit / Tiehan
[80/7454] ✓  Vanarama Bar / Edmondson
[82/7454] ✓  Lush / Four Tet
[81/7454] ✓  "One More" / 47号（No.FortySeven)
[83/7454] ✓  FINAL FANTASY IV ~爱のテーマ / Uyama Hiroto
[85/7454] ✓  Moments (Part 1) / FKJ
[84/7454] ✓  CHANEL / Tyla
[86/7454] ✓  The Rest of You / Late Night Alumni
[87/7454] ✓  Qualquer Dia / Ivan Lins
[88/7454] ✓  The Way We Were / 山本刚
[89/7454] ✓  Let the music play / Carroll Thompson / Pet Shop Boys
[90/7454] ✓  Jóhannsson: Flight From The City / Jóhann Jóhannsson / Yuki Numata Resnick
[91/7454] ✓  A.O.R. / TOWA TEI
[92/7454] ✓  Evening glow / re:plus / 島裕介
[93/7454] ✓  Free / Rose Gray
[94/7454] ✓  Last Ride Home / Magnus Ringblom Quartet
[95/7454] ✓  Windspeaks (feat Uyama Hiroto) / Nujabes
[96/7454] ✓  爱人错过 / 告五人
[97/7454] ✓  Fruit Fly / 窦靖童 / 黑裙子
[98/7454] ✓  Concierto de Aranjuez / Chet Baker / Paul Desmond
[99/7454] ✓  Waiting For... / Uyama Hiroto
[100/7454] ✓  Water Street / Matthew Halsall
[101/7454] ✓  Loving You (feat. Marter) / Uyama Hiroto / MARTER
[103/7454] ✓  indigo dream / Berlioz
[102/7454] ✓  Love Supreme (feat. Reinaria) / Uyama Hiroto / Reinaria
[104/7454] ✓  Day And Night / 蔡健雅
[105/7454] ✓  Water Dreams / maya ongaku
[106/7454] ✓  Dancing On My Own / Robyn
[107/7454] ✓  viscus / Oklou / FKA twigs
[108/7454] ✓  对你好 / 周迅
[109/7454] ✓  Estrada Branca / 坂本龍一
[110/7454] ✓  Les rues de Paris / Nicolas Godin
[111/7454] ✓  Madam Butterfly (Un Bel Di Vedremo) / Malcolm McLaren
[112/7454] ✓  A COLD PLAY / The Kid LAROI
[113/7454] ✓  散 / 莫文蔚
[114/7454] ✓  Trois Gymnopédies (1888):I: Lent et douloureux / Aldo Ciccolini
[115/7454] ✓  春风吹之吹吹风mix / 方大同
[116/7454] ✓  My Favorite Things / Chris Minh Doky
[117/7454] ✓  Merry Christmas Mr. Lawrence / Chris Minh Doky
[118/7454] ✓  Cold Hearts / Club 8
[120/7454] ✓  Sæglópur / Sigur Rós
[119/7454] ✓  Staring At The Sun / Post Malone / SZA
[121/7454] ✓  Sleepless Dream / Chris Minh Doky
[123/7454] ✓  Kangaru / Jóhann Jóhannsson
[122/7454] ✓  What Do You Mean It's 1985 / TRONICBOX / Justin Bieber
[124/7454] ✓  Coast Off / Helios
[125/7454] ✓  Cool Kids (KLYMVX Remix) / KLYMVX / Sofia Karlberg
[126/7454] ✓  High Hopes / Kodaline
[127/7454] ✓  Hidden Path / Sleep Dealer
[128/7454] ✓  Libela / Nintendo Sound Team
[129/7454] ✓  墨家神机 / eigenTunes亦听
[130/7454] ✓  Star train / Modern Children
[131/7454] ✓  To The Dancers In The Rain / Emilie Simon
[132/7454] ✓  Obsessions / Suede
[133/7454] ✓  Bibo No Aozora/04 / 坂本龍一
[134/7454] ✓  Breathe / Dinner Party / Terrace Martin / Robert Glasper / Kamasi Washington / 9th Wonder / Arin Ray
[135/7454] ✓  Acts of Service / Doja Cat
[136/7454] ✓  Dilemma / Nelly / Kelly Rowland
[137/7454] ✓  Girl / Destiny's Child
[138/7454] ✓  Far Away Trains Passing By / Ulrich Schnauss
[139/7454] ✓  恐怖的房子 / 超级市场
[140/7454] ✓  Africano / Andy Fortuna Productions
[142/7454] ✓  ¿Cómo Así? / Kali Uchis
[141/7454] ✓  Goodbye to Romance (Remastered) / Ozzy Osbourne
[143/7454] ✓  Contact / Kelela
[144/7454] ✓  我的大同 / 唐荭菲
[145/7454] ✓  PWR / Matroda / Bleu Clair
[146/7454] ✓  Garuda / Pravana
[147/7454] ✓  Together Again / Janet Jackson
[148/7454] ✓  I Get Lonely / Janet Jackson
[150/7454] ✓  Confess Your Love / Jiandro / ola.wav
[149/7454] ✓  Holding You Close (Original Mix) / Crackazat
[151/7454] ✓  hair down / thủy
[152/7454] ✓  Toi et moi / Paradis
[153/7454] ✓  Strategy (feat. Megan Thee Stallion) / TWICE / Megan Thee Stallion
[154/7454] ✓  Sorry Doesn't Make It Anymore / The Rah Band
[155/7454] ✓  L!VE 拉活 / 莫文蔚
[156/7454] ✓  worst behavior / Ariana Grande
[157/7454] ✓  Sonido Del Mar / SOIL & "PIMP" SESSIONS
[158/7454] ✓  Express 999 / 少女时代
[159/7454] ✓  头号粉丝 / 莫文蔚
[160/7454] ✓  日场夜场 / 莫文蔚
[161/7454] ✓  Love Is Everywhere / Magdalena Bay
[162/7454] ✓  台 / 莫文蔚
[163/7454] ✓  请把手机关掉 / 莫文蔚
[164/7454] ✓  安可 / 莫文蔚
[165/7454] ✓  Peur des filles / L'Impératrice
[166/7454] ✓  夜風 / Lamp
[167/7454] ✓  IN THE RAIN / XG
[168/7454] ✓  海浪 / deca joins
[169/7454] ✓  偏见 / deca joins
[170/7454] ✓  Unmade / Thom Yorke
[171/7454] ✓  Spoon (Album Version) / Cibo Matto
[172/7454] ✓  cocaine Model / ZHU
[173/7454] ✓  偶遇 / 王菲
[174/7454] ✓  luther / Kendrick Lamar
[176/7454] ✓  爱情 / 莫文蔚
[175/7454] ✓  第三人称 / 蔡依林
[177/7454] ✓  体会 / 蔡健雅
[178/7454] ✓  海边的卡夫卡(广东) / 曹格
[179/7454] ✓  Touch Me Like a Gangster / Jessie Murph
[180/7454] ✓  FACT 2 / POiSON GiRL FRiEND
[181/7454] ✓  nani / 范晓萱
[182/7454] ✓  Feel complete / PinkPantheress
[183/7454] ✓  过期 / 范晓萱
[184/7454] ✓  彩虹 / 张惠妹
[185/7454] ✓  The Highway Scene / Chace
[186/7454] ✓  六点十五分 / 张玉华
[187/7454] ✓  Little Bit / Erika de Casier
[188/7454] ✓  你有自己一套 / at17
[189/7454] ✓  不眠飞行 / 王菲
[190/7454] ✓  不变 / 王菲
[191/7454] ✓  Let's Do It Together / Blue Six
[192/7454] ✓  Ophelia / PinkPantheress
[193/7454] ✓  遗失的心跳 / 萧亚轩
[194/7454] ✓  爱的主打歌 / 萧亚轩
[195/7454] ✓  C’est après que ça se passe / Carla Bruni
[196/7454] ✓  当爱已成往事 / 李宗盛 / 林忆莲
[197/7454] ✓  分裂 / 王菲
[198/7454] ✓  Maja / Cantoma
[199/7454] ✓  DISRESPECTFUL / Doja Cat
[200/7454] ✓  Dress Code / Mau P
[202/7454] ✓  Sweet Things / 袁娅维TIA RAY
[201/7454] ✓  女子力乐园 / 祁紫檀
[203/7454] ✓  Try Me Out / Gorgon City / Anne-Marie
[204/7454] ✓  Mermaid / Youzee Music
[205/7454] ✓  House Music / 马思唯
[206/7454] ✓  给我一段仁爱路 / 彭羚
[207/7454] ✓  Hold Me / Figgy
[208/7454] ✓  時間を名乗る天使 / Cymbals
[209/7454] ✓  Sum / BLU-SWING
[210/7454] ✓  RADICAL DREAMERS / Sarah Alainn
[211/7454] ✓  Risky / 坂本龍一
[212/7454] ✓  Love Theme From 'Spartacus' / Yusef Lateef
[213/7454] ✓  永恒的奥古斯都 / Fayzz
[214/7454] ✓  Baddy On The Floor / Jamie xx / Honey Dijon
[215/7454] ✓  The Ballad of Matt & Mica / Magdalena Bay
[216/7454] ✓  Breather / Jamie xx
[217/7454] ✓  時の回廊 (クロノトリガー) / MintJam
[218/7454] ✓  ExtraL / JENNIE / Doechii
[219/7454] ❌ API FAIL (attempt 1): Simple And Clean — JSON parse failed: {"mood_tags":["nostalgic","warm","hopeful"],"texture_tags":["soft_synth","vocal_breath","string"],"energy":0.45,"brightness":0.55,"density":0.5,"warmth":0.6,"rhythmic_motion":0.4,"vocal_presence":0.7,
[220/7454] ✓  Marketing Director / Fingerspit
[221/7454] ✓  まかなかった世界 / 光宗信吉
[219/7454] ✓  Simple And Clean / 宇多田ヒカル
[222/7454] ✓  Cinematic / Chace
[223/7454] ✓  トルキア / 菅野よう子
[224/7454] ✓  朱き晩陽のク国 / 西木康智
[225/7454] ✓  雨中城市 / 蔡琴
[228/7454] ✓  游来游去 / 孙悦
[226/7454] ✓  Whispering Steppes / 齐豫
[227/7454] ✓  My jealousy (Original ver.) / DJMAX
[229/7454] ✓  Sunday Song / Richie Beirach
[231/7454] ✓  Words (ffx-2 Mix) / Jade Valerie
[230/7454] ✓  光の中へ 愛のテーマ(F.F.IV) / 大木理紗
[232/7454] ✓  Puke / Hidetake Takayama
[233/7454] ✓  The Moment / 孙燕姿
[234/7454] ✓  Feelings / FLY COAST / 二宮愛
[235/7454] 🔄 RETRY 1/3: Turiya & Ramakrishna — vocab errors: mood_tag "spiritual" not in closed vocab
[237/7454] ✓  deep in it / Berlioz / Ted Jasper
[236/7454] ✓  Steal A Kiss (英语) / 林忆莲
[235/7454] ✓  Turiya & Ramakrishna / Alice Coltrane
[238/7454] ✓  Where Did U Go / G.E.M.邓紫棋
[239/7454] ✓  Venice B***h / Lana Del Rey
[240/7454] ✓  Tangata Huruhuru / Rex Atirai
[241/7454] ✓  Try / Madison McFerrin
[242/7454] ✓  天空 (live) / 单依纯
[243/7454] ✓  Luv (sic) pt6 Uyama Hiroto Remix / Nujabes
[244/7454] ✓  Give It To Me (Album Version (Explicit)) / Timbaland / Justin Timberlake / Nelly Furtado
[245/7454] ✓  我的爱 / 孙燕姿
[246/7454] ✓  同花顺 / 林倛玉
[247/7454] ✓  Somos Todos Iguais Esta Noite (É O Circo De Novo) / Ivan Lins
[248/7454] ✓  Choro das Águas / Ivan Lins
[249/7454] ✓  Lets Hit Tam's / Hungerforcebeats
[250/7454] ✓  I'm That Chick / Mariah Carey
[251/7454] ✓  forsythia(连翘花) / Bethybai
[252/7454] ✓  In Your Arms / SHIFT K3Y
[253/7454] ✓  我爱你那么多 / 萧亚轩
[254/7454] ✓  Elva Is Back / 萧亚轩 / 倪子冈
[255/7454] ✓  Velera / Roy Hargrove
[256/7454] ✓  Namerakana 2.0 / Omar+ / Lemtom
[257/7454] ✓  raining in chicago / ADTurnUp
[258/7454] ✓  A Flower Is Not A Flower / 温金龙
[259/7454] ✓  Keep On / Alfa Mist
[260/7454] ✓  我要的幸福 / 孙燕姿
[261/7454] ✓  Summer Dreams (See the Light Mix) / Jazz L'amour
[262/7454] ✓  海上花 (Live版) / 罗大佑
[263/7454] ✓  Dreams of Panama / Skinshape
[264/7454] ✓  Shoreditch / Vrdnyn
[265/7454] ✓  Power Down / Jack Marlow
[266/7454] ✓  golden memories / Skyway
[267/7454] ✓  Feeling Summer / 李亚明
[268/7454] ✓  Take Time / Samm Henshaw / Tobe Nwigwe
[269/7454] ✓  jazz is for ordinary people / Berlioz
[270/7454] ✓  scarlet / L1VET..
[273/7454] ⏭  SKIP (duplicate key): 海上花 / 罗大佑
[271/7454] ✓  Relationships / HAIM
[272/7454] ✓  青石的街道向晚 / 范宗沛
[274/7454] ✓  I Wish You Knew / Mariah Carey
[275/7454] ✓  Super Girl 爱无畏 / 萧亚轩
[276/7454] ✓  I'll Be There / 萧亚轩
[277/7454] ✓  Love to Keep Me Warm / Laufey / dodie
[278/7454] ✓  Mine Again / Mariah Carey
[279/7454] ✓  八方来财 / 揽佬SKAI ISYOURGOD
[280/7454] ✓  Free Loop / Daniel Powter
[281/7454] ✓  香水 / 徐佳莹
[282/7454] ✓  说走就走 / 陶喆
[283/7454] ✓  天气先生 / 方大同
[284/7454] ✓  Butterfly / Mariah Carey
[285/7454] ✓  September / Earth, Wind & Fire
[286/7454] ✓  It's Only Rain / Euge Groove
[287/7454] ✓  POP GIRL / 刘柏辛Lexie
[288/7454] ✓  That's Enough For Me / Patti Austin
[290/7454] ❌ API FAIL (attempt 1): 今生不再 — JSON parse failed: {"mood_tags":["nostalgic","melancholic","bittersweet"],"texture_tags":["piano","string","vocal_breath","reverb_heavy"],"energy":0.35,"brightness":0.4,"density":0.45,"warmth":0.5,"rhythmic_motion":0.3,
[289/7454] ✓  Afternoon Stroll / Luke Pickman
[291/7454] ✓  Nothing Sweeter / Naomi Sharon
[292/7454] ✓  So Sick / Ne-Yo
[290/7454] ❌ API FAIL (attempt 2): 今生不再 — JSON parse failed: {"mood_tags":["nostalgic","melancholic","bittersweet"],"texture_tags":["piano","string","vocal_breath","cinematic"],"energy":0.35,"brightness":0.4,"density":0.45,"warmth":0.5,"rhythmic_motion":0.3,"vo
[293/7454] ✓  One Last Cry / Brian McKnight
[290/7454] ✓  今生不再 / 黎明
[294/7454] ✓  Black Sand Beach / Buddha Bar / Christoph Sebastian Pabst / Tauon
[295/7454] ✓  L'amore dice ciao / Armando Trovajoli
[297/7454] ✓  We Don't Talk Anymore (Mr. Collipark Remix) / Charlie Puth / Selena Gomez / Mr. Collipark
[296/7454] ✓  We Belong Together / Mariah Carey
[298/7454] ✓  When It Snows / Sarah Kang / Sam Ock
[299/7454] ✓  Pacifica / Caleb Bryant
[300/7454] ✓  Lullaby / Enzalla
[301/7454] ✓  FABULOUS -Glow our vibes- / BLU-SWING
[303/7454] ✓  magnolia / keshi
[302/7454] ✓  Ladyfingers / Ryan Gebhardt
[304/7454] ✓  Mary Jane (All Night Long) / Mary J. Blige
[305/7454] ✓  Moth / Park Bird
[306/7454] ✓  That's All / Barney Kessel
[307/7454] ✓  Enjoy / Janet Jackson
[308/7454] ✓  Moonlight Romance / DENKI SAMA
[309/7454] ✓  Childhood Days / 麗美
[310/7454] ✓  Fallin' Out / Keyshia Cole
[311/7454] ✓  time machine (feat. aren park) / mj apanay / aren park
[312/7454] ✓  ノー・ノー・ノー / 具島直子
[314/7454] ✓  春风吹 / 方大同
[313/7454] ✓  三人游 / 方大同
[315/7454] ✓  Your Eyes / 山下達郎
[316/7454] ✓  Lujon / Henry Mancini
[317/7454] ✓  Stay (feat. RINI) / Galdive / RINI
[318/7454] ✓  get him back! / Olivia Rodrigo
[319/7454] ✓  I Just Called to Say I Love You / Stevie Wonder
[320/7454] ✓  爱爱爱 / 方大同
[321/7454] ✓  Passos / Naná Vasconcelos
[322/7454] ✓  Nothing's Gonna Hurt You Baby / Cigarettes After Sex
[323/7454] ✓  麦恩莉 / 方大同
[324/7454] ✓  特别的人 / 方大同
[325/7454] ✓  才二十三 / 方大同
[327/7454] ❌ API FAIL (attempt 1): Partita for Violin Solo No. 2 in D Minor, BWV 1004:II. Corrente — JSON parse failed: {"mood_tags":["restless","melancholic","clear"],"texture_tags":["acoustic","minimal","cinematic"],"energy":0.55,"brightness":0.5,"density":0.6,"warmth":0.35,"rhythmic_motion":0.7,"vocal_presence":0.0,
[326/7454] ✓  红豆 / 方大同
[328/7454] ✓  逃 / 孙盛希
[329/7454] ✓  I Am The Changer / Cotton Jones
[327/7454] ✓  Partita for Violin Solo No. 2 in D Minor, BWV 1004:II. Corrente / David Garrett
[330/7454] ✓  动情祭 / 西楼
[331/7454] ✓  Tell Me / AK
[332/7454] ✓  不散，不见 / 莫文蔚
[333/7454] ✓  Let it roll / 孙盛希
[335/7454] ✓  Dehors / JORDANN
[334/7454] ✓  Drop Out / JackLNDN
[336/7454] ✓  You'll Never Know / Ariana Grande
[337/7454] ✓  E•MO•TION / Carly Rae Jepsen
[338/7454] ✓  Say Yes To Heaven / Lana Del Rey
[339/7454] ✓  Superpowers / Muni Long
[340/7454] ✓  Kiss It Better / Rihanna
[341/7454] ✓  Free Woman (Rina Sawayama & Clarence Clarity Remix) / Lady Gaga / Rina Sawayama / Clarence Clarity
[342/7454] ✓  Free Woman / Lady Gaga
[344/7454] ✓  Dance The Night / Dua Lipa
[343/7454] ✓  Jump / Madonna
[345/7454] ✓  HOT TO GO! / Chappell Roan
[346/7454] ✓  Sometimes / Ariana Grande
[347/7454] ✓  Distance(M-Flo Remix) / 宇多田ヒカル
[348/7454] ✓  Starburned and Unkissed / Caroline Polachek
[350/7454] ✓  supernatural / Ariana Grande
[349/7454] ✓  Femininomenon / Chappell Roan
[351/7454] ✓  ヨスガノソラ メインテーマ -遠い空へ- / 市川淳
[353/7454] ✓  竜の少年 / 久石譲
[352/7454] ✓  IN THIS WORLD feat. 坂本龍一 [Vocal : 満島ひかり] (Extended) / MONDO GROSSO / 坂本龍一 / 満島ひかり
[354/7454] ✓  Say My Name / Ólafur Arnalds
[355/7454] ✓  What Does It Mean to You / Carpetman
[356/7454] ✓  Poison / Smokey Bubblin' B
[357/7454] ✓  deja vu / Olivia Rodrigo
[358/7454] ✓  360 / Charli xcx
[359/7454] ✓  First Love (2022 Mix) / 宇多田ヒカル
[360/7454] ✓  First Love / 宇多田ヒカル
[361/7454] ✓  妥协 / 蔡依林
[362/7454] ✓  至少还有你 / 林忆莲
[363/7454] ✓  唯一 / 告五人
[364/7454] ✓  You Love Me / 许哲珮
[366/7454] ✓  OMG (Apple Music Edition) / NewJeans
[367/7454] ✓  The Martini Shot / Zeauxi / Galimatias
[365/7454] ✓  Pulse (feat. Dominique Fils-Aimé) / mouse on the keys
[368/7454] ✓  推开世界的门 / 杨乃文
[369/7454] ✓  想见你想见你想见你 / 八三夭
[370/7454] ✓  保护我 / 戴佩妮
[371/7454] ✓  II HANDS II HEAVEN / Beyoncé
[372/7454] ✓  prism / m-flo
[373/7454] ✓  棋子 / 王菲
[374/7454] ✓  因为爱情 / 陈奕迅 / 王菲
[375/7454] ✓  红豆 / 王菲
[377/7454] ✓  阿拉斯加海湾 / 蓝心羽
[376/7454] ✓  可怜的东西 (feat. 魏如萱) / 窦靖童 / 魏如萱
[378/7454] ✓  海上花 / 蔡琴
[379/7454] ✓  Everything is romantic / Charli xcx
[380/7454] ✓  比较幸福 / 孙燕姿
[381/7454] ✓  当冬夜渐暖 / 孙燕姿
[383/7454] ✓  我怀念的 / 孙燕姿
[382/7454] ✓  愚人的国度 / 孙燕姿
[384/7454] ✓  眼泪成诗 / 孙燕姿
[385/7454] ✓  追梦人 / 罗大佑
[386/7454] ✓  Chosen / Blood Orange
[387/7454] ✓  HARDLY EVER SMILE(without you) / POiSON GiRL FRiEND
[388/7454] ✓  Fabulous / BLU-SWING
[389/7454] ✓  yes, and? (extended mix) / Ariana Grande
[390/7454] ✓  Keep Movin / Egil Olsen
[391/7454] ✓  冰菊物语 / 周桃桃
[392/7454] ✓  Hiding It / Gustavo Santaolalla
[393/7454] ❌ API FAIL (attempt 1): Love Is... — JSON parse failed: {"mood_tags":["dreamy","nostalgic","bittersweet"],"texture_tags":["soft_synth","reverb_heavy","vocal_breath","ambient_pad"],"energy":0.25,"brightness":0.35,"density":0.3,"warmth":0.5,"rhythmic_motion"
[394/7454] ✓  Hit Me Where It Hurts / Caroline Polachek
[395/7454] ✓  Death & Romance / Magdalena Bay
[393/7454] ✓  Love Is... / POiSON GiRL FRiEND
[396/7454] ✓  Spring Is Coming With A Strawberry In The Mouth / Caroline Polachek
[397/7454] ✓  Eko / yeule
[398/7454] ✓  Please Please Please / Sabrina Carpenter
[400/7454] ✓  Truth or Dare / Tyla
[401/7454] ✓  Sunset / Gus Dapperton
[399/7454] ✓  nightmare freestyle (ft.鹤The Crane) / 汉堡黄 / 鶴 The Crane
[403/7454] ✓  Monde Nouveau / Oscar Anton
[404/7454] ✓  Fear, Sex / Magdalena Bay
[402/7454] ✓  Igual Que Un Ángel / Kali Uchis / Peso Pluma
[405/7454] ✓  What Was I Made For? / Billie Eilish
[407/7454] ✓  Begin Again / Jessie Ware
[406/7454] ✓  Pensamientos Intrusivos / Kali Uchis
[408/7454] ✓  The Way of Honour / Marcus Warner
[409/7454] ✓  BIRDS OF A FEATHER / Billie Eilish
[410/7454] ✓  b i g f e e l i n g s / WILLOW
[413/7454] ✓  羡慕 / 关淑怡
[411/7454] ✓  Lonely / 陈慧娴
[412/7454] ✓  哎呀哎呀 (午夜版) / 魏如萱
[414/7454] ✓  恋の予感 / 玉置浩二
[415/7454] ✓  爱恨分离 / 王思思
[418/7454] ⏭  SKIP (duplicate key): prism (Original) / m-flo
[416/7454] ✓  The Wandering Songstress / The Shanghai Restoration Project
[419/7454] ✓  HEART STATION / 宇多田ヒカル
[417/7454] ✓  Lovely Lonely Cat (Feat. Pernelle) / Cosmograph / Penelle
[420/7454] ✓  JODY / 山下達郎
[422/7454] ✓  Prosecco / Croosh
[421/7454] ✓  Feeling Good / Nina Simone
[423/7454] ✓  The Beginning / 柿原朱美
[425/7454] ✓  あなた / 宇多田ヒカル
[424/7454] ✓  Spotlight / Jessie Ware
[426/7454] ✓  Summertime / Beyoncé / Puff Daddy
[427/7454] ✓  H.A.T.E.U. (So So Def Remix) / Mariah Carey / OJ Da Juiceman / Big Boi
[428/7454] ✓  Careless Whisper / Tamia
[429/7454] ✓  Love Quotes / Jenevieve
[431/7454] ✓  Loveeeeeee Song / Rihanna / Future
[430/7454] ✓  踮起脚尖爱 / 洪佩瑜
[432/7454] ✓  事后 / 刘美君
[434/7454] ✓  Lovin' You / Che'Nelle
[433/7454] ✓  eTunnel / Primary / 吴赫 / GAEKO
[435/7454] ✓  恋の予感 / 安全地帯
[436/7454] ✓  1314 and a 520 / Philton Solomona / Faafetai Faasino
[437/7454] ✓  Illusions / Slakah the Beatchild
[438/7454] ✓  七月七日晴 / 许慧欣
[439/7454] ✓  静かな夜 / 小田和正
[440/7454] ✓  Old School / Aaliyah
[441/7454] ✓  Brokenhearted / Brandy
[442/7454] ✓  苹果花 / 王若琳
[443/7454] ✓  I Could Be Forever / Hojean
[444/7454] ✓  bye / Ariana Grande
[445/7454] ✓  The Scientist / Coldplay
[447/7454] ✓  Sweet Boy / Malcolm Todd
[446/7454] ✓  短歌行 / 王三溥
[449/7454] ✓  Water / Tyla
[448/7454] ✓  WILDFLOWER / Billie Eilish
[450/7454] ✓  IYKYK / XG
[451/7454] ✓  Thank You / Dido
[452/7454] ✓  愛野 美奈子 / 银河骑士GalaxyKnight
[453/7454] ✓  Donk / Beyoncé
[455/7454] ✓  まどろみ / 具島直子
[456/7454] ❌ API FAIL (attempt 1): time will tell — JSON parse failed: {"mood_tags":["introspective","nostalgic","hopeful"],"texture_tags":["piano","soft_synth","vocal_breath"],"energy":0.4,"brightness":0.5,"density":0.45,"warmth":0.55,"rhythmic_motion":0.35,"vocal_prese
[454/7454] ✓  Bourbon Whiskey / 孙文思Timo
[456/7454] ❌ API FAIL (attempt 2): time will tell — JSON parse failed: {"mood_tags":["introspective","bittersweet","hopeful"],"texture_tags":["piano","soft_synth","vocal_breath"],"energy":0.4,"brightness":0.5,"density":0.45,"warmth":0.55,"rhythmic_motion":0.35,"vocal_pre
[457/7454] ✓  Mad About You (Orchestra Version) / Hooverphonic
[458/7454] ✓  消えない夜 / 安全地帯
[456/7454] ✓  time will tell / 宇多田ヒカル
[459/7454] ✓  TORNADO / 吉田美奈子
[460/7454] ✓  你不在 / 王力宏
[461/7454] ✓  No More Sweet Music (Album Version) / Hooverphonic
[462/7454] ❌ API FAIL (attempt 1): One Of The Girls — JSON parse failed: {"mood_tags":["sensual","urban","restless"],"texture_tags":["soft_synth","cold_synth","vocal_breath","reverb_heavy"],"negative_tags":[],"energy":0.55,"brightness":0.45,"density":0.6,"warmth":0.4,"rhyt
[463/7454] ✓  浆果 / Tiny7CrosAGO
[464/7454] ✓  Happy birthday, Love for you / 中原めいこ
[462/7454] ✓  One Of The Girls / The Weeknd / JENNIE / Lily-Rose Depp
[465/7454] ✓  Heart Beat / 林忆莲
[466/7454] ✓  Melt Away / Mariah Carey
[467/7454] ✓  运命の人 / BENI
[468/7454] ✓  BLUE LAGOON / 高中正義
[469/7454] ✓  SEXY DANCE / 高中正義
[470/7454] ✓  Nagisa Moderato / 高中正義
[471/7454] ✓  Metal Girl / 艾怡良
[472/7454] ✓  Stay Gold / 宇多田ヒカル
[473/7454] ✓  CATHY (2021 Remaster) / 当山ひとみ
[474/7454] ✓  真夏の夜の穴 / 坂本龍一
[475/7454] ✓  A DAY IN THE PARK / 坂本龍一
[476/7454] ✓  Sweet / Cigarettes After Sex
[477/7454] ✓  秋意浓 / 张学友
[478/7454] ✓  空城 / 王菲
[479/7454] ✓  雨天没有你 / 王菲
[480/7454] ✓  丝路 / 梁静茹
[481/7454] ✓  Broken Promises / The S.O.S. Band
[482/7454] ✓  可爱眼睛 / 王菲
[483/7454] ✓  He's Mine / MoKenStef
[484/7454] ✓  Talk it out / Cradle Orchestra / Nieve & Jean Curley
[485/7454] ✓  赤橙 (Acoustic) / ACIDMAN
[486/7454] ✓  爱如空气 / 孙俪 / 柏菲音乐
[487/7454] ✓  our love / 西原健一郎 / Mabanua
[488/7454] ✓  Espresso / Sabrina Carpenter
[489/7454] ✓  Until I Found You / Stephen Sanchez
[490/7454] ✓  From The Start / Laufey
[491/7454] ✓  风吹过下雨天 / 曹方
[492/7454] ✓  Communication (2012 Remastered) / 八神純子
[493/7454] ✓  Last Summer Whisper / 杏里
[494/7454] ✓  Castle in the air / 林俊杰
[495/7454] ✓  さよならの向う側 / 山口百恵
[496/7454] ✓  Nothing Is Written In The Stars / Bloodgroup
[497/7454] ✓  I Hate U / SZA
[498/7454] ✓  cardigan / Taylor Swift
[499/7454] ✓  The Archer / Taylor Swift
[500/7454] ✓  Serenade in Blue / Bucky Pizzarelli
[501/7454] ✓  Verdurous Mountains / 渡辺雅二
[502/7454] ✓  Nature Sounds Collection: Sea Waves Vol. 4 (Sunny Atoll) / Ashaneen
[503/7454] ✓  Psychic / 张艺兴
[504/7454] ✓  One More Last Time / Henry Young / Ashley Alisha
[505/7454] ✓  The Boy Is Mine / Brandy / Monica
[506/7454] ✓  Monday / 窦靖童
[507/7454] ✓  If I Ain't Got You (live) / Chanté Moore
[508/7454] ✓  Miss You Much / Janet Jackson
[509/7454] ✓  1991年からの警告 / 安全地帯
[510/7454] ✓  帰ろう / 藤井風
[511/7454] ✓  The Weekend (Funk Wav Remix) / SZA / Calvin Harris
[512/7454] ✓  キャンディ / 具島直子
[513/7454] ✓  Creep / Radiohead
[514/7454] ✓  留下 / 许美静
[515/7454] ✓  The Girl Is Mine / 99 Souls / Destiny's Child / Brandy
[516/7454] ✓  关于我爱你 / 张悬
[517/7454] ✓  瞳で抱いてて / 石井明美
[518/7454] ✓  修炼爱情 / 林俊杰
[519/7454] ✓  Dancing with my phone / HYBS
[520/7454] ✓  月蚀 / 莫文蔚
[521/7454] ✓  Forest Mixtape / Christina Kuong
[522/7454] ✓  C.J. / 顺子
[523/7454] ✓  Underneath The Stars / Mariah Carey
[524/7454] ✓  然后 / 萧亚轩 / 倪子冈
[525/7454] ✓  天若有情 (Live) / 黄丽玲 / 马嘉祺
[526/7454] ✓  Oh Honey / Delegation
[527/7454] ✓  Out of Time (feat. Pyxis & Jay Diggs) / Kalax / Pyxis / Jay Diggs
[528/7454] ✓  迷失表參道 / 王菀之
[529/7454] ✓  マスカット / 平原綾香
[530/7454] ✓  Angel (English Demo) / 林忆莲
[531/7454] ✓  长镜头 (Live) / 杨宗纬
[532/7454] ✓  长镜头 / 那英
[533/7454] ✓  nop / 陈越龙
[534/7454] ✓  沉溺 (你让我的心不再结冰) / 邹沛沛 / Pank
[535/7454] ✓  达尔文 / 蔡健雅
[536/7454] ✓  Out of Time / The Weeknd
[537/7454] ✓  Midnight Pretenders / 亜蘭知子
[538/7454] ✓  Clues / Ashley Alisha
[539/7454] ✓  Thirsty / aespa
[540/7454] ✓  Where Do All the Raindrops Go / Brent Cash
[541/7454] ✓  Tout le monde / Carla Bruni
[542/7454] ✓  RIDE ON TIME / 山下達郎
[543/7454] ✓  生日快乐 / yihuik苡慧
[544/7454] ✓  Eyes On Me / 王菲
[545/7454] ✓  Darlin' / BENI
[546/7454] ✓  Candy '23 / BENI
[547/7454] ✓  幻影 / 杨采妮
[548/7454] ✓  Garota de Ipanema (2006 Version) / 小野リサ
[549/7454] ✓  背叛 / 曹格
[550/7454] ✓  凉夜窗情 / 小虫
[551/7454] ✓  Lucid Dream / aespa
[552/7454] ✓  不过期的爱 / Dough-Boy / 梦飞船
[553/7454] ✓  情人节快乐 / 曹格
[554/7454] ✓  T / 88rising / 宇多田ヒカル / Warren Hue
[555/7454] ✓  Adddicted (feat. Karencici) / 孙盛希 / Karencici
[556/7454] ✓  Say It Right / Nelly Furtado
[557/7454] ✓  I Miss You / akiko
[558/7454] ✓  姐姐 / 夏之禹
[559/7454] ✓  boyfriend material / Gareth.T
[560/7454] ✓  独占神话 / 蔡依林
[561/7454] ✓  假期 / 王菲
[562/7454] ✓  想你时风起 / 单依纯
[563/7454] ✓  Lost Memories / Marcus D
[564/7454] ✓  一人留 / 石欣卉
[565/7454] ✓  下一次爱情来的时候 / 蔡健雅
[566/7454] ✓  If We Ever Broke Up / Mae Stephens
[567/7454] ✓  Darkness Captures The Flash / 福田考代
[568/7454] ✓  Soul Of Freedom / Uyama Hiroto
[569/7454] ✓  LEFT RIGHT / XG
[570/7454] ✓  2Night藏爱 / 陶喆
[571/7454] ✓  SHOOTING STAR / XG
[572/7454] ✓  潜伏期 / 孙盛希
[573/7454] ✓  Jessfield Park / The Shanghai Restoration Project / Careina
[574/7454] ✓  飞升 / 聲無哀樂
[575/7454] ✓  whoa (mind in awe) / XXXTENTACION
[577/7454] ✓  (Where Do I Begin) Love Story / Perry Como
[576/7454] ✓  Where Do I Begin / Andy Williams
[578/7454] ✓  明天 / 王诗安 / 王蕾 / 方大同
[579/7454] ✓  flying (Live) / 袁娅维TIA RAY / Matt吕彦良
[580/7454] ✓  クルマレテ / KOKIA
[581/7454] ✓  桜 / 堀江由衣
[582/7454] ✓  Reinhardt Buhr-Multiple Instruments (ShadowYu remix) / 虞海游Shadow
[583/7454] ✓  骨头 / 朱婧汐Akini Jing / Chace
[584/7454] ✓  夜に駆ける / YOASOBI
[586/7454] ✓  I Still Believe / Mariah Carey
[585/7454] ✓  碧海潮生曲 / 西皮士
[587/7454] ✓  送别 / 齐豫
[588/7454] ✓  银泰 / 孙燕姿
[589/7454] ✓  Young / ADOY
[590/7454] ✓  C'est La Vie / 齐豫
[592/7454] ✓  I Can't Remember Love (from the Netflix Series "The Queen's Gambit") / Anna Hauss / Robert Wienröder / William Horberg
[591/7454] ✓  Rabpit- Saika-彩華 (Reguluz/Saiakoup Remix) / Reguluz / Saiakoup
[593/7454] ✓  Jupiter / 平原綾香
[594/7454] ✓  Swan Lake, Op. 20, TH 12 / Act II:No. 14 Scène (Moderato) / Boston Symphony Orchestra / Seiji Ozawa
[595/7454] ✓  小摩托 (Live) / 郁可唯
[596/7454] ✓  Feeling / 朱婧汐Akini Jing
[597/7454] ✓  HANA-BI / 久石譲
[598/7454] ✓  Les Enfants de l'?clipse / Armand Amar
[599/7454] ✓  Midnight Sky / Miley Cyrus
[601/7454] ✓  幸福的地图 / 萧亚轩
[602/7454] ✓  最长的电影 / 茜拉
[600/7454] ✓  维瓦尔第: 四季·冬 / 第一乐章 不太快的快板 - 中国交响乐团
[603/7454] ✓  出路 / 王菲
[604/7454] ✓  Musicalische Ergotzung, Partita #4 in E Minor / The London Baroque Consort
[605/7454] ✓  这是因为我们能感到疼痛 / Tizzy Bac
[606/7454] ✓  Guaranteed / Eddie Vedder
[607/7454] ✓  Prelude: The Atlas March / Tom Tykwer
[608/7454] ✓  Home / 王诗安
[609/7454] ✓  威尼斯迷路 / 许慧欣
[610/7454] ✓  Somebody Like You / To Be Frank
[611/7454] ✓  Time to Say Goodbye (Con te Partirò) / Sarah Brightman / Andrea Bocelli
[612/7454] ✓  Do It / Chloe x Halle
[613/7454] ✓  Morricone: Cinema Paradiso (Se) / Katherine Jenkins
[614/7454] ✓  The Flower Duet (From "Lakmé") / Katherine Jenkins / Kiri Te Kanawa / Philharmonia Orchestra / Anthony Inglis
[616/7454] ✓  Stan / Eminem / Dido
[615/7454] ✓  Black Black Heart / David Usher / Jeff Pearce
[617/7454] ✓  让一让 / 宫阁 / Jony J
[618/7454] ✓  Reprise: 喜欢你(Live) / 陈洁仪
[619/7454] ✓  喜欢你 / 陈洁仪
[620/7454] ✓  Say So (Japanese Version) / Rainych
[621/7454] ✓  Last Dance (Live) / 徐佳莹
[622/7454] ✓  捉迷藏 / 刘柏辛Lexie
[623/7454] ✓  写一首歌 / 顺子
[624/7454] ✓  最爱 / 齐豫
[625/7454] ✓  I don't wanna see u anymore / NINEONE#赵馨玥
[626/7454] ✓  心里学 / 徐佳莹
[627/7454] ✓  HUSTLE / 陈梓童
[628/7454] ✓  美错 / 王菲
[629/7454] ✓  爱 / 莫文蔚
[630/7454] ✓  Sleep Away / 刘柏辛Lexie
[631/7454] ✓  到此为止 / 徐佳莹
[632/7454] ✓  往日情 / 李玟
[633/7454] ✓  盛夏光年 (Live) / 林忆莲
[634/7454] ✓  凄美地 (Live) / 袁娅维TIA RAY
[635/7454] ✓  Love and Run / 刘柏辛Lexie
[636/7454] ✓  有一种悲伤 / 黄丽玲
[637/7454] ✓  有一种悲伤 (Live) / 袁娅维TIA RAY
[638/7454] ✓  Low Love / LiCong 李聪
[639/7454] ✓  Adieu / Sébastien Tellier
[640/7454] ✓  海上花 / 莫文蔚
[641/7454] ✓  海上花 / 雷光夏
[642/7454] ✓  我爱 (Live) / 袁娅维TIA RAY
[643/7454] ✓  Symphony No. 5 in D Minor, Op. 47: IV. Allegro non troppo / Dmitri Shostakovich / Leningrad Philharmonic Orchestra / Yevgeny Mravinsky
[644/7454] ✓  爱上你等于爱上寂寞 (Live) / 黄丽玲
[645/7454] ✓  A la claire fontaine / 尚雯婕
[646/7454] ✓  苦悩の旋律 / 上田益
[647/7454] ✓  U Make Me Wanna / 萧亚轩 / Blue
[648/7454] ✓  战 (Live) / 尚雯婕
[650/7454] ✓  突然想起你 / 萧亚轩
[652/7454] ⏭  SKIP (duplicate key): Eyes On Me (Live at 武道馆) / 王菲
[649/7454] ✓  闷 (Live) / 尚雯婕
[651/7454] ✓  Por Una Cabeza / Thomas Newman
[653/7454] ✓  Self / 陈绮贞
[655/7454] ✓  夜会 / 王菲
[654/7454] ✓  REALiTi / Grimes
[656/7454] ✓  Time Lapse / Michael Nyman
[657/7454] ✓  情深谊长 / 央吉玛
[658/7454] ✓  醒来吧 / 央吉玛
[659/7454] ✓  莲花开 / 央吉玛
[661/7454] ✓  Main Theme II / Dreaming of the 64 Hands - 梅林茂
[660/7454] ✓  West End Girls / Pet Shop Boys
[663/7454] ✓  夏季 / Musical Jarβ
[664/7454] ✓  想念你 / 庾澄庆
[662/7454] ✓  Rain (From "The Last Emperor") / 坂本龍一 / Brussels Philharmonic
[665/7454] ✓  勇敢 / BY2
[666/7454] ✓  错的人 / 萧亚轩
[667/7454] ✓  第一次爱的人 / 王心凌
[668/7454] ✓  Cry / MBLAQ
[669/7454] ✓  画意 / 王菀之
[670/7454] ✓  柠檬草的味道(Live) / 黄丽玲
[671/7454] ✓  冬天来了 / 丁薇
[672/7454] ✓  爸爸妈妈 / 王蓉
[673/7454] ✓  Cell Block Tango / Taye Diggs / Susan Misner / Deidre Goodwin / Denise Faye / Mya Harrison
[675/7454] ✓  很多鱼 / 龙宽九段
[674/7454] ✓  FANCY -Japanese ver.- / TWICE
[676/7454] ✓  Adieu (Et TÂChe D'ÊTre Heureux) / Various Artists
[677/7454] ✓  许镜清-天府乐 (李化禹 Remix) / 李化禹
[678/7454] ✓  Mr. Chillman / DryJo
[679/7454] ✓  Country Air / The Trash Can Sinatras
[680/7454] ✓  Warm on a Cold Night / HONNE
[681/7454] ✓  蓝宇 / 张亚东
[682/7454] ✓  小茉莉 / 杨丞琳
[683/7454] ✓  刀,葵,童话 / 太一
[684/7454] ✓  #0000FF / JasmineSokko楚晴
[685/7454] ✓  大眠 / 王心凌
[686/7454] ✓  Caro mio ben / Cecilia Bartoli
[687/7454] ✓  慢化无 / Howie Lee / Fishdoll
[688/7454] ✓  You Are My Only One / 袁娅维TIA RAY / 宋念宇
[689/7454] ✓  Accelerator / Shlomi Aber
[690/7454] ✓  河流 / 柯以敏
[691/7454] ✓  Broken (Single Version) / Jake Bugg
[692/7454] ✓  Lo Que Siento / Cuco
[693/7454] ✓  Letting Go / 蔡健雅
[694/7454] ✓  Never Gonna Give You Up / Rick Astley
[695/7454] ✓  Heart Of Glass (Remix) / Blondie
[696/7454] ✓  Tehran 1979 / Brian Reitzell / Debbie Harry
[697/7454] ✓  The Wexford Carol / The King's Singers / City of London Sinfonia / Richard Hickox / Simon Woods
[698/7454] ✓  Coastal Love / HONNE
[699/7454] ❌ API FAIL (attempt 1): Love Me Like There's No Tomorrow — JSON parse failed: {"mood_tags":["warm","nostalgic","bittersweet"],"texture_tags":["piano","vocal_breath","string"],"energy":0.45,"brightness":0.5,"density":0.5,"warmth":0.6,"rhythmic_motion":0.35,"vocal_presence":0.7,"
[700/7454] ✓  天堂口 / 舒淇
[701/7454] ✓  Wild Heart / Saint Raymond
[699/7454] ✓  Love Me Like There's No Tomorrow / Freddie Mercury
[703/7454] ✓  Tonight / Magic Man
[704/7454] ✓  Out Of The Blue / Prides
[702/7454] ✓  Changing (feat. Paloma Faith) [Extended Mix] / Sigma
[705/7454] ✓  あの夏へ / 久石譲
[706/7454] ✓  Hold Me (Live from Burberry Fashion Show) / Tom Odell
[708/7454] ✓  “俘虏”电影主题音乐-坂本龙一 Theme from Merry Christmas Mr.Lawrence / Sakamoto / Craig Owen and Greg Scot
[707/7454] ✓  德彪西[亚麻色头发的少女] / 群星
[709/7454] ✓  Visionary / S.E.N.S.
[710/7454] ✓  春よ,来い / 高木綾子
[711/7454] ✓  多得他 / 王菲
[712/7454] ✓  merry christmas Mr.lawrence / 坂本龍一
[714/7454] ❌ API FAIL (attempt 1): Landslide — JSON parse failed: {"mood_tags":["hopeful","nostalgic","warm"],"texture_tags":["soft_synth","acoustic","vocal_breath","reverb_heavy"],"negative_tags":[],"energy":0.55,"brightness":0.6,"density":0.5,"warmth":0.65,"rhythm
[715/7454] ✓  When You Believe (Album Version) / Mariah Carey / Whitney Houston
[713/7454] ✓  Mr. Wonderful / Vinida (万妮达)
[714/7454] ✓  Landslide / Vicetone / Youngblood Hawke
[717/7454] ✓  The Swing / Joker's Daughter
[716/7454] ✓  妈妈盖亚 / 央吉玛
[718/7454] ✓  Hang Me, Oh Hang Me / Oscar Isaac
[719/7454] ✓  水中央 / 戴佩妮
[720/7454] ✓  爱情通关密语 / 萧亚轩
[721/7454] ✓  Bombs Away / ONE OK ROCK
[722/7454] ✓  有没有 / 韦礼安
[723/7454] ✓  天使 / 王菲
[724/7454] ✓  飘 / 王菲
[725/7454] ✓  让爱飞起来 / 萧亚轩
[726/7454] ✓  彼岸花 / 王菲
[727/7454] ✓  Alone in Kyoto / Air
[728/7454] ✓  Our Time / Amanda Jenssen
[729/7454] ✓  おとなの掟 / Doughnuts Hole
[730/7454] ✓  Darkness of the Dream / The Tallest Man on Earth
[731/7454] ✓  Dirty Mind (Remix版) / Vinida (万妮达)
[732/7454] ✓  阿楚姑娘 / 袁娅维TIA RAY
[733/7454] ✓  Nothing Really Matters / Madonna
[734/7454] ✓  Talking to the Moon / Bruno Mars
[735/7454] ✓  我爱你 / 王菲
[736/7454] ✓  我在桥上看风景 / 杨千嬅
[737/7454] ✓  牡丹亭·游园·皂罗袍 / L+R王璐
[738/7454] ✓  尘埃 / 王菲
[739/7454] ✓  Street Lights / Kanye West
[740/7454] ✓  I'm Not Scared / Pet Shop Boys
[741/7454] ✓  Dreams / Joakim Karud
[742/7454] ✓  Let's Hurt Tonight (Collateral Beauty Mix) / OneRepublic
[743/7454] ✓  如果再次奔向你 / 王思远
[744/7454] ✓  Borders / M.I.A.
[745/7454] ✓  paper plane 纸飞机 / 尚雯婕
[746/7454] ✓  Hurt / Christina Aguilera
[747/7454] ❌ API FAIL (attempt 1): Peer Gynt — JSON parse failed: {"mood_tags":["restrained","melancholic","nostalgic"],"texture_tags":["string","cinematic","minimal"],"energy":0.3,"brightness":0.4,"density":0.35,"warmth":0.45,"rhythmic_motion":0.2,"vocal_presence":
[748/7454] ✓  Peer Gynt:Morning / Edvard Grieg
[749/7454] ✓  Soulseeker / Thomas Bergersen
[747/7454] ✓  Peer Gynt / David Garrett
[750/7454] ✓  东方舞曲(大提琴) / Peyman Yazdanian
[751/7454] ✓  SUBURBIA / Troye Sivan
[752/7454] ✓  I Don't Wanna Go (Tonight) / Lana Del Rey
[753/7454] ✓  リサ(青木智仁) / 本田雅人
[754/7454] ✓  We Don't Talk Anymore / 莫文蔚
[755/7454] ✓  Oh I… / SAKURA
[756/7454] ✓  Fireflies / Chris Garneau
[757/7454] ✓  初 / 阿鲲
[758/7454] ✓  Everytime / Britney Spears
[759/7454] ✓  Can't Stand The Rain / The Rescues
[760/7454] ✓  battle field / 澤野弘之
[761/7454] ✓  I'd Love To Change the World / Jetta
[762/7454] ✓  This Town / Niall Horan
[763/7454] ✓  It All Comes Down to This / Aquilo
[764/7454] ✓  The Mephistopheles Of Los Angeles / Marilyn Manson
[765/7454] ✓  Twenty Years / Placebo
[766/7454] ✓  Forever Now / Bang Gang
[767/7454] ✓  花之色 / 林忆莲
[768/7454] ✓  Mr. Toot / Ylvis
[769/7454] ✓  Kawa no Nagare no you ni / José Carreras
[770/7454] ✓  香奈儿 (日本语版) / 王菲
[771/7454] ✓  And The Winner Is / Gérard Darmon
[772/7454] ✓  Dreaming (Demo Version) / Ásgeir
[773/7454] ✓  Going Home / Ásgeir
[774/7454] ✓  Welcome Home / Radical Face
[776/7454] ✓  The End of August / Yanni
[775/7454] ✓  Get away from me / Vinida (万妮达)
[777/7454] ✓  木槿花 / 袁泉
[778/7454] ✓  extremology 极端者 / 尚雯婕
[779/7454] ✓  (It's not a crime) It's just what we do / 窦靖童
[780/7454] ✓  My Way / Frank Sinatra
[781/7454] ✓  闯入者 red amnesia / 尚雯婕
[782/7454] ✓  David Kosten Ⅲ / 尚雯婕
[783/7454] ✓  打破他 feat.E-SO / 葛仲珊 / E-SO
[785/7454] ✓  Concerto Pour Deux Viox / Clémence / Jean-Baptiste Maunier
[784/7454] ✓  La Muse de la nuit / 尚雯婕
[786/7454] ✓  Dream On / Aerosmith
[788/7454] ✓  彩虹 / 苏见信 (信)
[787/7454] ✓  Farlig krydstogt / Barbara Cartland - Den udødelige samling 15, del034 - Barbara Cartland
[789/7454] ✓  Killing Strangers / Marilyn Manson
[791/7454] ✓  Nocturne No.2 In E Flat, Op.9 No.2 / Maurizio Pollini
[790/7454] ✓  Dvorák: Humoresque In G Flat / I Salonisti / Ferenc Szedlak / Bela Szedlak / Werner Giger / Lorenz Hasler / Thomas Füri
[792/7454] ✓  風の住む街 / 磯村由紀子
[794/7454] ✓  Somewhere / Sophie Koh
[793/7454] ✓  secret base ~君がくれたもの~ (10 years after Ver.) / 茅野愛衣 / 戸松遥 / 早見沙織
[795/7454] ✓  What A Feeling (Album Version) / Heather Nova
[797/7454] ✓  Out on a Limb / Heather Nova
[796/7454] ✓  Wonderous Ways / Lonely Drifter Karen
[798/7454] ✓  Freebirds / Lover Lover
[799/7454] ✓  Sounds Like Somewhere / Lily & Madeleine
[800/7454] ✓  Calling Angels / Emma Longard
[801/7454] ✓  life's alright 晨曦 / 尚雯婕
[803/7454] ✓  another sunshine / Jean-François Maljean
[802/7454] ✓  farewell / 伴都美子
[804/7454] ✓  You Oughta Know (2015 Remaster) / Alanis Morissette
[806/7454] ✓  MORE THAN A TV STAR / Innovator / 李遐怡
[805/7454] ✓  Burn the Witch / Radiohead
[807/7454] ✓  Chained / The xx
[808/7454] ✓  Fiction / The xx
[809/7454] ✓  The Man Who Left His Past / Maria Solheim
[810/7454] ✓  Cry No More / Vaults
[811/7454] ✓  云端 / 王菲
[812/7454] ✓  你知道我在等你们分手吗? / 卫兰
[813/7454] ✓  我的最爱 / 张韶涵
[814/7454] ✓  寓言 / 张韶涵
[815/7454] ✓  花儿落了 / 林海
[816/7454] ✓  麻雀与小孩 / 林海
[818/7454] ✓  杨柳 / 林海
[817/7454] ✓  城南旧事(组曲)I / 林海
[819/7454] ✓  印迹 / 林海
[821/7454] ✓  夜宴 / 林海
[820/7454] ✓  夜·舞魅 / 林海
[822/7454] ✓  盛世.大明宫 / 林海
[823/7454] ✓  Rain (I Want a Divorce) / 坂本龍一
[825/7454] ✓  Mélodie Interdite (Album Version) / Jane Birkin
[824/7454] ✓  Amours des Feintes / Jane Birkin
[826/7454] ✓  Mon amour baiser / Jane Birkin
[828/7454] ✓  Sweet Home Alabama / Jewel
[827/7454] ✓  Angels (Kygo Edit) / Kygo / The xx
[829/7454] ✓  Solstice Intro / Blue Scholars
[831/7454] ✓  Shining Boy & Little Randy / 坂本龍一
[830/7454] ✓  M.I.L.F. $ / Fergie
[833/7454] ✓  The Bleeding (Acoustic) / Five Finger Death Punch
[834/7454] ✓  小夜曲 / 中国交响乐团
[832/7454] ✓  蝴蝶 / 王菲
[835/7454] ✓  Bug In A Web / CALLmeKAT
[836/7454] ✓  《天鹅湖》场景音乐 2 / Oregon Symphony / James DePriest
[837/7454] ✓  失乐园 / 羽果
[838/7454] ✓  春晓 / 羽果
[839/7454] ✓  To Be by Your Side / Nick Cave
[840/7454] ✓  跳完这支舞吧，我的恋人 / 羽果
[841/7454] ✓  Deceiving Trace / Contriva
[842/7454] ✓  纺呗 -つむぎうた- / DATEKEN / vip店長
[843/7454] ✓  I Will Always Love You / Dolly Parton / Vince Gill
[844/7454] ✓  I Don't Want to Lose Your Love / Bobby Caldwell
[845/7454] ✓  Chocolate & Chili / Brenda Boykin
[846/7454] ✓  Wild China Theme / Barnaby Taylor
[847/7454] ✓  Protectors of the Earth / Two Steps From Hell
[848/7454] ✓  Forgotten / Avril Lavigne
[849/7454] ✓  Wuthering Heights / 坂本龍一
[850/7454] ✓  Eyes on Me / 浜口史郎 / 小形眞子
[851/7454] ✓  Focus / Ariana Grande
[852/7454] ✓  How Do You Love Someone / Porcelain Black
[853/7454] ✓  This Is What Makes Us Girls / Lana Del Rey
[854/7454] ✓  Lolita / Lana Del Rey
[855/7454] ✓  Born to Die / Lana Del Rey
[856/7454] ✓  TV in Black & White / Lana Del Rey
[857/7454] ✓  Summertime Sadness / Lana Del Rey
[858/7454] ✓  Spectrum (Calvin Harris Radio Edit) / Florence + The Machine
[859/7454] ✓  Hiding (Bonus Track) / Florence + The Machine
[860/7454] ✓  Sowing Seeds / S.E.N.S.
[861/7454] ❌ API FAIL (attempt 1): Palace Memories — JSON parse failed: {"mood_tags":["introspective","melancholic","restrained"],"texture_tags":["piano","cinematic","string","minimal"],"energy":0.2,"brightness":0.35,"density":0.3,"warmth":0.4,"rhythmic_motion":0.1,"vocal
[863/7454] ✓  Prophecy / S.E.N.S.
[862/7454] ✓  Jade Moon / S.E.N.S.
[861/7454] ✓  Palace Memories / S.E.N.S.
[864/7454] ✓  Well / S.E.N.S.
[865/7454] ✓  Edge of the Storm / S.E.N.S.
[866/7454] ✓  One Seed / S.E.N.S.
[868/7454] ❌ API FAIL (attempt 1): Pinwheel — JSON parse failed: {"mood_tags":["introspective","melancholic","restrained"],"texture_tags":["piano","string","cinematic","minimal"],"energy":0.15,"brightness":0.35,"density":0.2,"warmth":0.4,"rhythmic_motion":0.1,"voca
[867/7454] ✓  Future Memories / S.E.N.S.
[869/7454] ✓  Tides of Time / S.E.N.S.
[868/7454] ✓  Pinwheel / S.E.N.S.
[870/7454] ✓  Seed of Hope / S.E.N.S.
[871/7454] ✓  未来形Answer (Anime OP Version) / TRUSTRICK
[872/7454] ✓  Reckless Love / Bleachers / Elle King
[873/7454] ✓  Radio / Lana Del Rey
[874/7454] ✓  Maria (LP Version) / Blondie
[875/7454] ✓  Here We Are Again / CAGNET
[876/7454] ✓  Flemington / Tom Day
[879/7454] ⏭  SKIP (duplicate key): Merry Christmas Mr. Lawrence / 坂本龍一
[877/7454] ✓  Weird Honey / elvis depressedly
[878/7454] ✓  Where Is Armo? / 坂本龍一
[880/7454] ✓  Hypnos / Daemonia Nymphe
[882/7454] ✓  Company:II. / - Ulster Orchestra / Takuo Yuasa
[881/7454] ❌ API FAIL (attempt 1): Opaque — JSON parse failed: {"mood_tags":["introspective","melancholic","restrained"],"texture_tags":["string","ambient_pad","minimal"],"energy":0.15,"brightness":0.25,"density":0.2,"warmth":0.3,"rhythmic_motion":0.1,"vocal_pres
[883/7454] ✓  My Exodus / 萨满
[884/7454] ✓  Medley: The Girl From Ipanema/Fly Me To The Moon/One Note Samba / 杜丽莎
[881/7454] ✓  Opaque / Hildur Guðnadóttir / Skúli Sverrisson
[885/7454] ✓  You Don't Have To Say You Love Me / Dusty Springfield
[886/7454] ✓  明日へ (Live) / MISIA
[887/7454] ✓  ハナミズキ / 一青窈
[888/7454] ✓  Tom's Diner / Gianni Kosta
[889/7454] ✓  Nothing But A Number / Empire Cast / Yazz / Naomi Campbell
[890/7454] ✓  Somewhere Else / Travis
[891/7454] ✓  FACTS (EXPLICIT) / Kanye West
[893/7454] ✓  Speechless / Lady Gaga
[892/7454] ✓  Shut Up and Let Me Go / The Ting Tings
[894/7454] ✓  Liz On Top Of The World / Dario Marianelli
[895/7454] ✓  Begin / Jhameel
[896/7454] ✓  北归 / 苏紫旭&The Paramecia
[898/7454] ✓  Serpentskirt / Cocteau Twins / 王菲
[897/7454] ✓  Paradise Circus / Massive Attack
[899/7454] ✓  Polonaise / 梅林茂
[900/7454] ✓  The Christmas Song / Nat King Cole
[901/7454] ✓  高雅~メインテーマ / S.E.N.S.
[902/7454] ❌ API FAIL (attempt 1): アフロディーテ — JSON parse failed: {"mood_tags":["dreamy","misty","restrained"],"texture_tags":["piano","string","ambient_pad","cinematic"],"energy":0.25,"brightness":0.4,"density":0.3,"warmth":0.5,"rhythmic_motion":0.15,"vocal_presenc
[903/7454] ✓  Stay With Me / Sam Smith
[904/7454] ✓  From Out Of Nowhere (Instrumental Version) / Apocalyptica
[902/7454] ✓  アフロディーテ / S.E.N.S.
[905/7454] ✓  哀歌 / 和田薫
[906/7454] ✓  Gravity / Coldplay
[907/7454] ✓  Canary Canary / Jane Birkin / Yosui Inoue
[909/7454] ✓  Old Melody / Sainkho Namtchylak
[908/7454] ✓  Vie en rose / Pomplamoose
[910/7454] ✓  Blue Flamingo / 窦靖童
[911/7454] ✓  Brother / 窦靖童
[912/7454] ✓  THE CAPE OF STORMS / HYDE
[913/7454] ✓  Old Melodie / Sainkho Namtchylak
[914/7454] ✓  The Eyes Of Truth / Enigma
[915/7454] ✓  英格玛 (Live) / HAYA乐团
[916/7454] ✓  La campanella in G-Sharp Minor (From "Grandes études de Paganini", S. 141 / 3) / 郎朗
[917/7454] ✓  Yoncé (Electric Bodega Trap Remix) / Beyoncé
[919/7454] ✓  Inside and Out / Feist
[918/7454] ✓  Good Souls / Starsailor
[920/7454] ✓  Safe In My Garden / The Mamas & the Papas
[921/7454] ✓  Dream A Little Dream Of Me / The Mamas & the Papas
[924/7454] ⏭  SKIP (duplicate key): Rain / 坂本龍一
[922/7454] ✓  California Dreamin' / The Mamas & the Papas / Barry McGuire
[923/7454] ✓  2046 Main Theme (伦巴舞曲版) / 梅林茂
[925/7454] ❌ API FAIL (attempt 1): The Shadow Of Your Smile — JSON parse failed: {"mood_tags":["warm","nostalgic","sensual"],"texture_tags":["acoustic","jazz_brush","vocal_breath","string"],"energy":0.3,"brightness":0.5,"density":0.4,"warmth":0.7,"rhythmic_motion":0.3,"vocal_prese
[926/7454] ✓  You Have Been Loved / Sia
[927/7454] ✓  Whiplash / Hank Levy
[925/7454] ✓  The Shadow Of Your Smile / Astrud Gilberto / Stan Getz
[928/7454] ✓  Le Dernier Train / Coralie Clément
[931/7454] ✓  新界香港跨区之恋 / The Lee's
[929/7454] ✓  Fool's Day / Blur
[930/7454] ✓  Far From Any Road (Main Title Theme from "True Detective") / The Handsome Family
[933/7454] ✓  Quizas Quizas Quizas / Nat King Cole
[932/7454] ✓  朵儿咖啡馆(序曲) / 雷光夏
[934/7454] ✓  Aquellos Ojos Verdes / Nat King Cole
[935/7454] ✓  Little Numbers / BOY
[936/7454] ✓  The Second Dance / Jan A.P. Kaczmarek
[937/7454] ✓  月光爱人 / 李玟
[938/7454] ✓  葬心 / 黄莺莺
[941/7454] ⏭  SKIP (duplicate key): 2046 Main Theme (打击乐版) / 梅林茂
[939/7454] ✓  Yumeji's Theme (Extented Version) / 梅林茂
[940/7454] ✓  Dark Chariot / Peer Raben
[942/7454] ✓  Adagio / Secret Garden
[943/7454] ✓  胡思乱想 / 王菲
[944/7454] ✓  Waterfall / 钟定一
[945/7454] ✓  天地孤影任我行 / 陈勋奇
[946/7454] ✓  California Dreaming / The Mamas & the Papas
[947/7454] ✓  Perfidia / Xavier Cugat
[948/7454] ✓  Seduction / Alexandre Desplat
[949/7454] ✓  The End Of Innocence / Alexandre Desplat
[950/7454] ✓  Shanghai 1942 / Alexandre Desplat
[951/7454] ✓  Exodus / Alexandre Desplat
[952/7454] ✓  Falling Rain / Alexandre Desplat
[953/7454] ✓  Pa's Kitchen 2 / Mader
[954/7454] ✓  孙文与庆龄 / 喜多郎 / Randy Miller
[955/7454] ✓  梦中人 / 王菲
[956/7454] ✓  挚爱 / 陈勋奇
[957/7454] ✓  昔情难追 / 陈勋奇
[958/7454] ✓  Love Theme II / 梅林茂
[959/7454] ❌ API FAIL (attempt 1): Love Theme I — JSON parse failed: {"mood_tags":["introspective","melancholic","restrained"],"texture_tags":["piano","string","cinematic","minimal"],"energy":0.15,"brightness":0.3,"density":0.2,"warmth":0.35,"rhythmic_motion":0.1,"voca
[960/7454] ✓  Rain And Tears / Aphrodite's Child
[959/7454] ✓  Love Theme I / 梅林茂
[961/7454] ✓  Shallow [2023 Remaster] / Porcupine Tree
[962/7454] ✓  Lazarus / Porcupine Tree
[963/7454] ✓  等 / 袁泉
[964/7454] ✓  一个人旅行 / 袁泉
[965/7454] ✓  À la claire fontaine / Natalie Choquette
[966/7454] ✓  爱若 / 陈粒
[967/7454] ✓  你是雾我是酒馆 / 王祖贤
[968/7454] ✓  薄荷 / 莫文蔚
[969/7454] ✓  Paris / Karen Souza
[970/7454] ✓  Darling / 范晓萱
[971/7454] ✓  蓝旗袍 / 范晓萱
[972/7454] ✓  同步 / 范晓萱
[973/7454] ✓  立秋 / 筠子
[974/7454] ✓  Connect / 袁泉
[975/7454] ✓  孤独的花朵 / 袁泉
[976/7454] ✓  暗恋 / 袁泉
[977/7454] ✓  Summit / Skrillex / Ellie Goulding
[979/7454] ✓  Besame Mucho / Andrea Bocelli
[978/7454] ✓  Pompeii / Bastille
[980/7454] ✓  忘记他 / 陈洁仪 / 赵增熹
[981/7454] ✓  深夜港湾 / 关淑怡
[982/7454] ✓  十万嬉皮 / 万能青年旅店
[983/7454] ✓  Lotion Song / 吉克隽逸
[984/7454] ✓  My Cookie Can / 卫兰
[985/7454] ✓  1000 Songs (4 you (2 Night)) / Egil Olsen
[986/7454] ✓  Winter Wonderland / Jason Mraz
[987/7454] ✓  Let Her Go / Passenger
[988/7454] ✓  Can't Take My Eyes Off You / Frankie Valli
[989/7454] ✓  APM C 15 / Various Artists
[990/7454] ✓  Do What U Want / Lady Gaga / Christina Aguilera
[991/7454] ✓  Do What U Want / Lady Gaga / R. Kelly
[992/7454] ❌ API FAIL (attempt 1): Paparazzi — JSON parse failed: {"mood_tags":["urban","restless","bittersweet"],"texture_tags":["soft_synth","cold_synth","vocal_breath","electric_distant"],"negative_tags":["mainstream_anthem","generic_radio_pop"],"energy":0.7,"bri
[994/7454] ✓  Dustbowl Dance (Live From Red Rocks, Colorado) / Mumford & Sons
[993/7454] ✓  Telephone / Lady Gaga / Beyoncé
[992/7454] ✓  Paparazzi / Lady Gaga
[995/7454] ✓  Song F / 达达乐队
[996/7454] ✓  End of My Journey / John Dreamer
[997/7454] ✓  9 Crimes / Damien Rice / Lisa Hannigan
[998/7454] ✓  女孩儿与四重奏 / 马格
[999/7454] ✓  心动 / 林晓培
[1000/7454] ✓  早已离开我 / 张学友
[1002/7454] ✓  Dust Bowl III / Other Lives
[1001/7454] ✓  Haunted / Beyoncé
[1003/7454] ✓  Dust Bowl / Other Lives
[1004/7454] ✓  Smells Like Teen Spirit / Nirvana
[1005/7454] ✓  3055 / Ólafur Arnalds
[1006/7454] ✓  Nocturne / Secret Garden
[1007/7454] ✓  エンディング・テーマ / 植松伸夫
[1008/7454] ✓  Nostalgia (Live) / Yanni
[1009/7454] ✓  Talk / Kodaline
[1011/7454] ✓  暗涌 / 王菲
[1010/7454] ✓  Talk / Coldplay
[1012/7454] ✓  蔷薇 / 萧亚轩
[1013/7454] ✓  暧昧 / 范晓萱+A
[1014/7454] ✓  Te Quiero, Dijiste (Magic Is the Moonlight) / Nat King Cole
[1015/7454] ✓  Angkor Wat Theme I / Michael Galasso
[1016/7454] ✓  Main Theme IV / The Sacrifice - 梅林茂
[1018/7454] ✓  Manchurian Bolero / Nathaniel Méchaly
[1017/7454] ✓  Main Theme I / Opening - 梅林茂 / Nathaniel Méchaly
[1019/7454] ✓  苍：序曲 / 谭盾
[1020/7454] ✓  Wong Chia Chi's Theme / Alexandre Desplat
[1021/7454] ✓  Lost / 梅林茂
[1022/7454] ✓  Close Call (Album Version) / Rilo Kiley
[1024/7454] ✓  怔忡 / 半野喜弘
[1023/7454] ✓  A New Day Has Come / Céline Dion
[1025/7454] ✓  生命的喧嚣 / 半野喜弘
[1026/7454] ✓  A Love Before Time / 李玟
[1027/7454] ✓  卧虎藏龙 / 谭盾 / 马友友
[1030/7454] ⏭  SKIP (duplicate key): Yumeji's Theme / 梅林茂
[1028/7454] ✓  Me & The Rhythm / Selena Gomez
[1029/7454] ✓  Concerto For Violin And Cello In A Minor Op.102:3. Vivace non troppo / Poco meno allegro - Tempo I (Live At Musikverein Vienna / 1982) - Gidon Kremer
[1031/7454] ✓  一曲茶炉暖色 / 林海
[1032/7454] ✓  杨柳 / 范宗沛 / 林海
[1033/7454] ✓  The Wedding / Jóhann Jóhannsson
[1034/7454] ✓  Long, Long Way To Go / Def Leppard
[1035/7454] ✓  Amarantine / Enya
[1036/7454] ✓  Echoes in Rain / Enya
[1037/7454] ✓  The Sun Also Rises / 久石譲
[1038/7454] ✓  J'y suis jamais allé / Yann Tiersen
[1039/7454] ✓  GLASSY SKY / Donna Burke
[1040/7454] ✓  予感 / DIR EN GREY
[1041/7454] ✓  友達以上恋人未満 / 涼森ちさと & カンザキカナリ
[1042/7454] ✓  恋人未满 / S.H.E
[1043/7454] ✓  Dying Inside / The Cranberries
[1044/7454] ✓  我真的受伤了 / 张学友
[1045/7454] ✓  Brown Eyes / Destiny's Child
[1046/7454] ✓  FRIEND / 玉置浩二
[1047/7454] ✓  Only One / 顺子
[1048/7454] ✓  回家 / 顺子
[1049/7454] ✓  Dear Friend / 顺子
[1050/7454] ✓  一个人 / 杨乃文
[1051/7454] ✓  恋におちて -Fall in Love- / 徳永英明
[1052/7454] ✓  High By the Beach / Lana Del Rey
[1053/7454] ✓  Love Me Like You Do / Ellie Goulding
[1055/7454] ✓  These Dreams Haunt & Capture / The Sleep Design
[1054/7454] ✓  马刀舞曲 / Various Artists
[1056/7454] ✓  Mirages (feat. Phoene Somsavath) / Saycet / Phoene Somsavath
[1057/7454] ✓  Miss Shanghai / The Shanghai Restoration Project
[1059/7454] ✓  A Narnia Lullaby / Harry Gregson-Williams
[1058/7454] ✓  Cry on My Shoulder / Deutschland sucht den Superstar
[1060/7454] ✓  Mongulu / The Garifuna Collective
[1061/7454] ✓  Roots / The Melodic
[1062/7454] ✓  On My Way / The Melodic
[1063/7454] ✓  Last Thing You Said (Intro) / The Melodic
[1064/7454] ✓  Honey Bee (Interlude) / The Melodic
[1065/7454] ✓  Willow (Interlude) / The Melodic
[1066/7454] ✓  Come Outside / The Melodic
[1067/7454] ✓  Lost To You / The Melodic
[1068/7454] ✓  Dreams of Air / The Melodic
[1069/7454] ✓  Watch the World Turn Blue / The Melodic
[1070/7454] ✓  Piece Me Back Together / The Melodic
[1071/7454] ✓  Effra Parade (Outro) / The Melodic
[1072/7454] ✓  When I Feel Free / The Melodic
[1073/7454] ✓  Ode to Victor Jara / The Melodic
[1074/7454] ✓  Help Me / Gasandji
[1075/7454] ✓  Nothing Compares 2 U / Sinéad O'Connor
[1076/7454] ✓  Sinbad / Laroca
[1077/7454] ✓  Automatic / Nicki Minaj
[1079/7454] ✓  GIVE U MY TAPE / VISUDY
[1078/7454] ✓  Pretty Hurts / Beyoncé
[1080/7454] ✓  Broken Bridges / Cara Dillon
[1081/7454] ✓  Dream A Little Dream / Laura Fygi
[1082/7454] ✓  By The Sea / Eleni Karaindrou
[1083/7454] ✓  Superstar / Lupe Fiasco
[1084/7454] ✓  应该 / 杨乃文
[1085/7454] ✓  菱花 / 兰亭乐团
[1086/7454] ✓  Girl From Heavens / Koan
[1088/7454] ✓  C'est La Vie / 梁静茹
[1087/7454] ✓  错过你错过爱 / 于台烟
[1089/7454] ✓  Goodnight / Shoffy
[1091/7454] ✓  花·心 / 周华健
[1090/7454] ✓  Style / Taylor Swift
[1092/7454] ✓  伤心的歌(故事口白版) / 品冠
[1093/7454] ✓  Libertango / 葉加瀬太郎
[1094/7454] ✓  華の乱 / 石田勝範
[1095/7454] ✓  You're Never Too Young / The Cool Notes
[1096/7454] ✓  Paris / Paris Je T'Aime
[1097/7454] ✓  Mondo Bongo / Joe Strummer & The Mescaleros
[1098/7454] ✓  滚滚红尘 / 陈淑桦
[1099/7454] ✓  Let It Rain / Olivia Ong
[1100/7454] ✓  Latika's Theme / A.R. Rahman
[1101/7454] ✓  Suite for solo cello No. 1 in G major / Elgar Cello Concerto (live in Prague)
[1103/7454] ✓  Say You Love Me / Tamala
[1102/7454] ✓  Les jours tristes (Instrumental) / Yann Tiersen
[1104/7454] ✓  Mango Kimono / Ljones
[1106/7454] ✓  电台情歌 / 莫文蔚
[1105/7454] ✓  忽然之间 / 莫文蔚
[1107/7454] ✓  Each New Day / Rose Melberg
[1108/7454] ✓  Fly Me To The Moon / Helmut Lotti
[1109/7454] ✓  Fly Me To The Moon / Olivia Ong
[1110/7454] ✓  情歌 / 梁静茹
[1111/7454] ✓  The Marriage Of Figaro / "Duettino - Sull 'Aria / Karl Böhm
[1112/7454] ✓  勿忘你 (Live) / 林宥嘉
[1113/7454] ✓  Always Only You / Jim Brandmeier
[1115/7454] ✓  Satie : Gymnopédie N°1 / Ophélie Gaillard
[1114/7454] ✓  Satie: Gymnopedie No.1 / Maksim Mrvica
[1116/7454] ✓  Gymnopedie I / Erik Satie
[1117/7454] ✓  Portraits Pt. 2 / Keith Kenniff
[1119/7454] ✓  I Could Hear the Water at the Edge of All Things / Hammock
[1118/7454] ✓  Honey / Running Blue
[1120/7454] ✓  Luv (sic.)pt3 / Shing02
[1121/7454] ✓  Saeglópur / Sigur Rós
[1122/7454] ✓  暧 (Tensions) / 孙盛希
[1123/7454] ✓  爱上你只是我的错 (Acoustic) / 李雨寰
[1125/7454] ✓  最初的地方 (Live) / 杨乃文
[1124/7454] ✓  证据 (Live) / 范晓萱
[1128/7454] ⏭  SKIP (duplicate key): REALiTi (Demo) / Grimes
[1126/7454] ❌ API FAIL (attempt 1): Goodnight — JSON parse failed: {"mood_tags":["dreamy","warm","nostalgic"],"texture_tags":["soft_synth","ambient_pad","lofi_dust"],"energy":0.25,"brightness":0.4,"density":0.3,"warmth":0.6,"rhythmic_motion":0.2,"vocal_presence":0.0,
[1127/7454] ✓  Butterfly / Lenis
[1129/7454] ✓  Green & Gold (Radio Edit) / Lianne La Havas
[1126/7454] ✓  Goodnight / lofee
[1130/7454] ✓  You're All I Need / Craig Ruhnke
[1131/7454] ✓  All I Want for Christmas Is You / Mariah Carey
[1132/7454] ✓  如燕 / Olivia Ong
[1133/7454] ✓  夜空ノムコウ / Sotte Bosse
[1134/7454] ✓  送り火 / 我々楽
[1135/7454] ✓  Please Me / Cardi B
[1137/7454] ✓  至幸 / S.E.N.S.
[1136/7454] ✓  Monophonic / Pray For Sound
[1138/7454] ✓  TIME AFTER TIME / canappeco
[1139/7454] ✓  Let's Start From Here / 王若琳
[1140/7454] ✓  Grapevine Valentine (Acoustic Version) / Kingsfoil
[1141/7454] ✓  Good to Love / FKA twigs
[1142/7454] ✓  Only Truth I Know / I eat Plants for a living
[1143/7454] ✓  we don't talk anymore (finding hope remix) / Finding Hope
[1144/7454] ✓  Breathe (Original Mix) / EMBRZ
[1145/7454] ✓  Out Like A Light / The Honeysticks
[1147/7454] ✓  Mother To Child / Flora Cash
[1146/7454] ✓  If Only / Raveena
[1148/7454] ✓  月桂女神 / S.H.E
[1150/7454] ✓  I.O.I.O / S.H.E
[1149/7454] ✓  河滨公园 / S.H.E
[1151/7454] ✓  店小二 / S.H.E
[1152/7454] ✓  爱情的海洋 / S.H.E
[1153/7454] ✓  God Is a Woman / Ariana Grande
[1154/7454] ✓  Run This Town / Rihanna
[1155/7454] ✓  I Knew You Were Trouble / Taylor Swift
[1156/7454] ✓  为你我受冷风吹 (Live) / 梁静茹
[1157/7454] ✓  Baby Song (Live) / 田馥甄
[1158/7454] ✓  사이렌 / 宣美
[1159/7454] ✓  WEE WOO / PRISTIN
[1160/7454] ✓  天空 / 蔡依林
[1161/7454] ✓  美丽新世界 / S.H.E
[1162/7454] ✓  黑色柳丁 (Live) / 陶喆
[1163/7454] ✓  沙滩 / Over The Rainbow (Live) / 陶喆
[1164/7454] ✓  如果有一天 / 梁静茹
[1165/7454] ✓  茉莉花 / 梁静茹
[1168/7454] ⏭  SKIP (duplicate key): CATHY / 当山ひとみ
[1166/7454] ✓  Chanel / kavv
[1167/7454] ✓  Across the Stream / Elsiane
[1169/7454] ✓  别说对不起 / S.H.E
[1170/7454] ✓  Vacation / RINI
[1171/7454] ✓  On Forgetting / Jeff Pianki
[1172/7454] ✓  Sabotage / Amy Stroup
[1173/7454] ✓  Silent Night / Dave Koz
[1174/7454] ✓  偿还 / 红豆 (Live) / 王菲
[1175/7454] ✓  I'm Always Here / Re:plus
[1176/7454] ✓  One For You / Gill Chang
[1177/7454] ✓  ♡beat / StrawberryPapa
[1178/7454] ✓  Dance for Me Wallis / Abel Korzeniowski
[1179/7454] ✓  짧은 치마 / AOA
[1180/7454] ✓  美♂-K $タすpAd / 澤野弘之
[1182/7454] ✓  15 years ago / 横山克
[1181/7454] ✓  Silent Love (Main Theme) / 久石譲
[1183/7454] ✓  Sweetheart / 邓福如 AFÜ
[1185/7454] ✓  Sex Therapy / Robin Thicke
[1186/7454] ✓  I Bet You Look Good on the Dancefloor / That's What I'm Not
[1184/7454] ✓  Touch / Barcelona
[1189/7454] ✓  Crossing Winds (Original) / Jacoo
[1188/7454] ✓  Forgiven (Original Mix) / Yal!X
[1187/7454] ✓  A Tayal Folk Song / 陈中申
[1190/7454] ✓  Midnight City / We're Dreaming
[1192/7454] ✓  Dancing the Blues Away / Chris Rea
[1191/7454] ✓  Tabu (Original Mix) / Artbat
[1193/7454] ✓  Natura (Original Mix) / Lessov
[1195/7454] ✓  不散的筵席 / 丁世光
[1194/7454] ✓  Antonio Vivaldi: Concerto for Violin and Strings in G minor / No.2
[1196/7454] ✓  Tired (3D/ Remix) / Alan Walker
[1197/7454] ✓  Attention / Charlie Puth
[1198/7454] ✓  On My Way / Charlie Brennan
[1199/7454] ✓  Find You (Club Mix) / Charming Horses
[1200/7454] ✓  野草闲花蓬春生 / 黄莺莺
[1201/7454] ✓  遗书 / 蔡健雅
[1202/7454] ✓  내 마음 들리나요(能听见我的心吗) / Shadow
[1203/7454] ✓  Exodus / Caution (Original Motion Picture Soundtrack)
[1204/7454] ✓  Pyotr Ilyich Tchaikovsky: Swan Lake / Act 2 - No.13d Danse des petits cygnes (Allegro moderato
[1206/7454] ✓  Them / Nils Frahm
[1205/7454] ✓  《出埃及记》主题曲 / 中国国家交响乐团
[1207/7454] ✓  Weak Me / Daigo Hanada
[1209/7454] ✓  夜光航线 / 吴佩慈
[1208/7454] ✓  Sorry (Dear. Daddy) / f(x)
[1210/7454] ✓  Only One / BoA
[1211/7454] ✓  Sleeping In / PHIL GOOD
[1213/7454] ✓  予感 / Sensitive Heart
[1212/7454] ✓  너 때문에 / After School
[1214/7454] ✓  너 그리고 나 / GFRIEND
[1215/7454] ✓  Lonesome Summer / Slow Meadow
[1216/7454] ✓  亲爱的你怎么不在身边 / 江美琪
[1219/7454] ⏭  SKIP (duplicate key): 勿忘你 / 林宥嘉
[1217/7454] ✓  蝴蝶泉边 / 黄雅莉
[1218/7454] ✓  Better with You / Lenno
[1220/7454] ✓  Crown of Amber Canopy / Crown of Amber Canopy
[1221/7454] ✓  Kizuna World (Aichi) / 坂本龍一
[1222/7454] ✓  Without You / The Piano Guys
[1225/7454] ⏭  SKIP (duplicate key): Green & Gold (Kartell Remix) / Lianne La Havas
[1223/7454] ✓  想自由 (Live) / 陈昊宇
[1224/7454] ✓  Baby Steps / 少女时代-泰蒂徐
[1226/7454] ✓  Undan hulu / Ólafur Arnalds
[1227/7454] ✓  八重の桜 紀行 (cello & piano ver.) / 坂本龍一
[1228/7454] ✓  Happy End / 坂本龍一
[1229/7454] ✓  Eyes On Me / 日本ACG
[1230/7454] ✓  나란놈 / 적재
[1231/7454] ✓  心酸 / 浪费 / 耳朵 / 想自由 (Live) / 林宥嘉
[1232/7454] ✓  你就不要想起我 / 田馥甄
[1233/7454] ✓  Why / 太妍
[1234/7454] ✓  To My Son's Father / 偷喜办
[1235/7454] ✓  风起云涌 / 与非门
[1236/7454] ✓  Frédéric Chopin: Prelude No.4 Op.28/4 / Louis van Dijk Trio
[1237/7454] ✓  Overdose / Mullally
[1238/7454] ✓  NEKKOYA (PICK ME) / PRODUCE 48
[1239/7454] ✓  Dimensions / Arcade Fire
[1241/7454] ✓  불장난 / BLACKPINK
[1240/7454] ✓  Pick Me / I.O.I
[1242/7454] ✓  Why So Lonely / Wonder Girls
[1243/7454] ✓  All Mine / f(x)
[1244/7454] ✓  다시 만난 세계 (Into The New World) / 少女时代
[1245/7454] ✓  Sakitama~幸魂~ / Rin'
[1246/7454] ✓  Merry Christmas Mr. Lawrence re-modeled by Goro Ito / 坂本龍一
[1247/7454] ✓  I Want You / Robotaki
[1249/7454] ✓  After the Disco / Broken Bells
[1248/7454] ✓  Colours / Roosevelt
[1250/7454] ✓  다시 만나 (See you again) / 姜惠元
[1251/7454] ✓  躺在你的衣柜 (Piano) / 陈绮贞
[1252/7454] ✓  꿈꾸는 마음으로 / 宇宙少女
[1253/7454] ❌ API FAIL (attempt 1): Party Monster — JSON parse failed: {"mood_tags":["urban","restless","sensual"],"texture_tags":["soft_synth","cold_synth","vocal_breath","electric_distant"],"negative_tags":[],"energy":0.65,"brightness":0.5,"density":0.6,"warmth":0.4,"r
[1254/7454] ✓  Die For You / The Weeknd
[1255/7454] ✓  火宵の月・テーマ / 中村由利子
[1253/7454] ✓  Party Monster / The Weeknd
[1256/7454] ✓  夜想月雫 (Piano Arranged Version) / 梁邦彦
[1257/7454] ✓  Walk It Talk It / Migos
[1258/7454] ✓  Mine / Bazzi
[1259/7454] ✓  Better Now / Post Malone
[1260/7454] ✓  Lalala Love / Room Eleven
[1261/7454] ✓  네 멋대로 / PRISTIN V
[1262/7454] ✓  Control / Gigamesh
[1263/7454] ✓  Sway / Anton Borin
[1264/7454] ✓  Time Is Changing / 日本ACG
[1266/7454] ✓  木蘭の涙 / 宮西希
[1267/7454] ✓  清风曲 / 西皮士
[1265/7454] ✓  Luv Letter / DJ OKAWARI
[1268/7454] ✓  朝明 / S.E.N.S.
[1269/7454] ✓  Bad Boy / Red Velvet
[1270/7454] ✓  星际流浪 / 何真真
[1271/7454] ✓  木星 Jupiter / 贾鹏新
[1272/7454] ✓  同步共鸣 / Ànimo
[1273/7454] ✓  Circles (Eric Prydz Remix) / Digitalism
[1274/7454] ✓  深窓の令嬢 / 神前暁
[1276/7454] ✓  Another Love / Tom Odell
[1275/7454] ✓  Up in the Sky / 松居和
[1277/7454] ✓  Into the Sea / Heinali
[1278/7454] ✓  L.I.F.E / Rous
[1279/7454] ✓  Elle Theme / 山岡晃
[1280/7454] ✓  茄子 / 与非门
[1282/7454] ✓  SUNSET / Blu-Swing
[1281/7454] ✓  WHISTLE / BLACKPINK
[1283/7454] ✓  Tale / Awon
[1285/7454] ✓  Do What You Are Doing / Dexter Britain
[1284/7454] ✓  「風林火山」~月冴ゆ夜~ / 上妻宏光
[1286/7454] ✓  Marilyn Monroe / SEVDALIZA
[1287/7454] ✓  柠檬草的味道 / 蔡依林
[1288/7454] ✓  Something Just Like This / The Chainsmokers
[1289/7454] ✓  The Beauty of the Way We're Living / Club 8
[1290/7454] ✓  You Could Be Anybody / Club 8
[1291/7454] ✓  Love In December / Club 8
[1292/7454] ✓  Decembers / Hawthorne Heights
[1293/7454] ✓  Traveling Light / Joel Hanson
[1294/7454] ✓  Baby Please / HONNE
[1295/7454] ✓  口香糖 / 梁咏琪
[1296/7454] ✓  双刀 / 周杰伦
[1297/7454] ✓  追光者 / 岑宁儿
[1298/7454] ✓  One Day / Uyama Hiroto
[1300/7454] ✓  Looking For Sunshine / YEAH BOY
[1299/7454] ✓  躲猫猫 (Peek-A-Boo) / Red Velvet
[1301/7454] ✓  青春ボンバーGuitar1 / 池頼広
[1302/7454] ✓  月下香 / 中村由利子
[1303/7454] ✓  SILENT MOON(サイレント・ムーン) / 贾鹏芳
[1304/7454] ✓  Refuse / Kevin Garrett
[1305/7454] ✓  Wildfire / YEAH BOY
[1306/7454] ✓  流水 / 遠TONE音
[1309/7454] ✓  宋家皇朝 / 喜多郎
[1307/7454] ✓  秦淮景 (艺伎齐唱) / 陈其钢
[1308/7454] ✓  FLY ME TO THE MOON / 鷺巣詩郎
[1311/7454] ✓  Circles / Tino Coury
[1310/7454] ✓  Spirit Of The West Lake / 喜多郎
[1312/7454] ✓  So Much / Feki
[1313/7454] ✓  夕隠 / 千世子
[1314/7454] ✓  The Sore Feet Song（フルサイズ） / Ally Kerr
[1315/7454] ✓  Hable con Ella / Vicente Amigo
[1316/7454] ✓  Aria From The Goldberg Variations / Gabriel Yared
[1317/7454] ✓  The Hours / Philip Glass
[1318/7454] ✓  別離 / 石田勝範
[1320/7454] ✓  Cha Cha / DRAM
[1319/7454] ✓  Attacker / PILLARS
[1321/7454] ✓  She's Mine pt. 1 / J. Cole
[1322/7454] ✓  Natalie / Milk & Bone
[1323/7454] ✓  Kathy Lee / Jessy Lanza
[1324/7454] ✓  One Day You Will Be Free / Endless Melancholy
[1325/7454] ✓  All I Want / Stonefox
[1326/7454] ✓  繁华背后( FEAT.FAYYA & ERLAN) / 白天不亮
[1327/7454] ✓  Homegrown / Haux
[1328/7454] ✓  Sparks / Tom Adams
[1329/7454] ✓  桜 / 贾鹏新
[1330/7454] ✓  你太猖狂 / 田馥甄
[1331/7454] ✓  ひたむきな想い / S.E.N.S.
[1332/7454] ✓  Menina / Chimp Beams
[1333/7454] ✓  reflection eternal / Nujabes
[1335/7454] ✓  Ooo la la / Cradle
[1334/7454] ✓  Just In Love / VOLTA MASTERS
[1336/7454] ✓  Closer / Travis
[1337/7454] ✓  One Last Night / Vaults
[1338/7454] ✓  The Post Modern Life / 久石譲
[1339/7454] ✓  Kioku / Motohiro Nakashima
[1341/7454] ✓  花札一手・からす / 日本ACG
[1340/7454] ❌ API FAIL (attempt 1): Prisoner — JSON parse failed: {"mood_tags":["urban","restless","bittersweet"],"texture_tags":["soft_synth","cold_synth","vocal_breath","electric_distant"],"negative_tags":[],"energy":0.6,"brightness":0.45,"density":0.65,"warmth":0
[1342/7454] ✓  時代を越える想い1 / 和田薫
[1340/7454] ✓  Prisoner / The Weeknd
[1343/7454] ✓  Loving You / Various Artists
[1344/7454] ✓  Moving Faster / Tom Misch
[1345/7454] ✓  Opus #12 / Dustin O'Halloran
[1346/7454] ✓  Us / Movement
[1348/7454] ❌ API FAIL (attempt 1): Bed of Lies — terminated
[1347/7454] ❌ API FAIL (attempt 1): DDU-DU DDU-DU — terminated
[1348/7454] ✓  Bed of Lies / Nicki Minaj
[1347/7454] ✓  DDU-DU DDU-DU / BLACKPINK
[1350/7454] ✓  只要为你活一天 / 黄英华
[1351/7454] ✓  Sican / S.E.N.S.
[1352/7454] ✓  Urban Forest / Eco Bridge
[1353/7454] ✓  Forests / Various Artists
[1355/7454] ✓  Tu Ne Mentiras Pas Part 7 / Zbigniew Preisner
[1354/7454] ✓  Concerto for Cello and Orchestra in E minor / Hilary And Jackie (Music from the Motion Picture)
[1356/7454] ✓  ROMANCE D'AMOUR / Various Artists
[1357/7454] ✓  When I Say I Love U / Shy Girls
[1358/7454] ✓  候鸟 / S.H.E
[1359/7454] ✓  Nobody Cares / LÉON
[1349/7454] ❌ API FAIL (attempt 1): Que sera sera — terminated
[1360/7454] ✓  Ballet Mécanique - orchestrated by Dai Fujikura (Aichi) / 坂本龍一
[1361/7454] ✓  Angel Eyes / Ella Fitzgerald
[1349/7454] ✓  Que sera sera / Clémentine
[1363/7454] ✓  Sonatine II～in the beginning～ / 久石譲
[1362/7454] ✓  Don't Know Why / Norah Jones
[1364/7454] ✓  Three Worlds. Music from Woolf Works: The Waves: Tuesday / Robert Ziegler
[1365/7454] ✓  Clever Hospital (Simple version) / 横山克
[1366/7454] ✓  Geimori / 大貫妙子
[1369/7454] ⏭  SKIP (duplicate key): Happy End (Nagano) / 坂本龍一
[1367/7454] ✓  Tibetan Dance / no.9
[1368/7454] ✓  存·不存在 / 袁娅维
[1370/7454] ✓  2 B Loved / Janet Jackson
[1371/7454] ✓  Le onde / Ludovico Einaudi
[1372/7454] ✓  只怕不够时间看你白头 / 林二汶
[1373/7454] ✓  Cobalt Moon / 川井郁子
[1374/7454] ✓  半生缘 (我们在这里相遇) / 莫文蔚
[1375/7454] ✓  李香兰 / 西崎崇子
[1376/7454] ✓  The Letterbox / Rachel Portman
[1377/7454] ✓  Un Piano Sur la Mer / Andre Gagnon
[1378/7454] ✓  Then You Come Along / 艾怡良
[1380/7454] ✓  Por una Cabeza / Viveza
[1379/7454] ✓  Compass / Lady Antebellum
[1381/7454] ✓  后来的我们 / 萧亚轩
[1383/7454] ✓  进行式 / 萧亚轩
[1382/7454] ✓  U Make Me Wanna / 萧亚轩
[1384/7454] ✓  狮子座 / 曾轶可
[1386/7454] ✓  最熟悉的陌生人 / 萧亚轩
[1385/7454] ✓  我是如此爱你 (独唱版) / 18
[1387/7454] ✓  Problem / Iggy Azalea
[1388/7454] ✓  Swing Set / Moving Mountains
[1389/7454] ✓  Sheepskin Tearaway / Peter Doherty
[1390/7454] ✓  Silhouettes Of You / Isaac Gracie
[1392/7454] ✓  桜色 / 竹井詩織里
[1391/7454] ✓  Everglow (Live) / Coldplay
[1395/7454] ✓  The Inland Ice: Part II - The Interior / The Mountaineering Club Orchestra
[1393/7454] ✓  李香兰 (Live) / 齐豫
[1394/7454] ✓  无常 (Live) / 田馥甄
[1397/7454] ✓  一个人的精彩 / 萧亚轩
[1396/7454] ✓  遇见我 / 曹方
[1398/7454] ✓  开始爱 / 萧亚轩
[1400/7454] ✓  Goya / Broove
[1399/7454] ✓  终身大事 (Live) / 田馥甄
[1401/7454] ✓  O Mio Babbino Caro / Joshua Bell
[1402/7454] ✓  Paul / Big Thief
[1403/7454] ✓  春花秋开 / 曹方
[1404/7454] ✓  在不安的程式里 / 戴佩妮
[1405/7454] ✓  All Alright / Sigur Rós
[1406/7454] ✓  我多么希望与你在一起 / 袁泉
[1407/7454] ✓  kokyu / 延近輝之
[1408/7454] ✓  Perth / Amiina
[1410/7454] ✓  问情 / 袁娅维
[1409/7454] ✓  船歌 (Live) / 齐豫
[1411/7454] ✓  说散就散 / 袁娅维
[1413/7454] ✓  余波荡漾 / 田馥甄
[1412/7454] ✓  Vogue / Madonna
[1414/7454] ✓  Popup Cinema / Tropics
[1415/7454] ✓  不痛 (Live) / 徐佳莹
[1416/7454] ✓  The Well-Meaning Professor / Eluvium
[1417/7454] ✓  一人のワルツ / Acoustic Café
[1418/7454] ✓  Children / David Darling
[1419/7454] ✓  Visitor / Ketil Bjørnstad
[1422/7454] ✓  距离 / 刘沁
[1421/7454] ✓  笑忘书 / 张敬轩
[1420/7454] ✓  克卜勒 (2016版) / 孙燕姿
[1423/7454] ✓  飞鸟与鱼 / 齐豫
[1424/7454] ✓  Cloud Atlas Finale / Tom Tykwer
[1425/7454] ✓  早班火车 (Live) / 卢凯彤
[1426/7454] ✓  In Memory / Vassilis Tsabropoulos
[1427/7454] ✓  MotorSport / Migos
[1428/7454] ✓  O.S. K+Ending / 黄韵玲
[1429/7454] ✓  矛盾 / 田馥甄
[1430/7454] ✓  我们的寂寞 / 萧亚轩
[1431/7454] ✓  Iron / Woodkid
[1432/7454] ✓  Green Light / Craig Armstrong
[1433/7454] ✓  Three Worlds. Music from Woolf Works: Mrs. Dalloway: Meeting Again / Max Richter
[1434/7454] ✓  I'm (Not) Dying / Oak
[1435/7454] ✓  Luk Yu Tea House / 舒淇
[1436/7454] ✓  if / Love
[1437/7454] ✓  Pyotr Ilyich Tchaikovsky: Swan Lake / Act 2 - No.10 Scène (Moderato)
[1439/7454] ✓  Bibo No Aozora/Endless Flight/Babel / Gustavo Santaolalla
[1438/7454] ✓  Mystery of Love / Sufjan Stevens
[1440/7454] ✓  换装 / 王诗安
[1441/7454] ✓  灵魂伴侣 / 田馥甄
[1442/7454] ✓  Humoresque(Dvorak) / Arthur Grumiaux
[1443/7454] ✓  Castalia (Niigata) / 坂本龍一
[1444/7454] ✓  Bibo no Aozora (Aichi) / 坂本龍一
[1445/7454] ✓  Aqua (Aichi) / 坂本龍一
[1446/7454] ✓  自己 / 李玟
[1447/7454] ✓  Reflection (Pop Version) / Christina Aguilera
[1448/7454] ✓  Shape of You / Ed Sheeran
[1449/7454] ✓  Blu (Tokyo) / 坂本龍一
[1451/7454] ⏭  SKIP (duplicate key): Merry Christmas Mr. Lawrence (Tokyo) / 坂本龍一
[1450/7454] ✓  I Dare You / The xx
[1453/7454] ✓  Sonata for Violin and Keyboard in G minor / Bach: Sonatas
[1452/7454] ✓  υ / α·Pav
[1454/7454] ✓  Compass / Zella Day
[1456/7454] ✓  马斯奈:泰绮丝瞑想曲 / 吕思清
[1455/7454] ✓  将爱 (Live) / 王菲
[1457/7454] ✓  夜曲 / 降E大调
[1459/7454] ✓  Chandelier / Sia
[1458/7454] ✓  We Are Not What We Say We Are / Versa
[1460/7454] ✓  Babe / Evenings
[1461/7454] ✓  Never / Koreless
[1462/7454] ✓  23 / Blonde Redhead
[1463/7454] ✓  Relaxin' with Cherry / Kid Loco
[1464/7454] ✓  Aquarium / Nosaj Thing
[1465/7454] ✓  This Is Not Enough (Epilogue) / Hammock
[1467/7454] ✓  Satellites / Tunturia
[1468/7454] ✓  Dreams and Visions / Tony Anderson
[1466/7454] ✓  The Process / Lakey Inspired
[1469/7454] ✓  I am leaving / 梁晓珺
[1470/7454] ✓  Útmutató újszülötteknek / Képzelt Város
[1471/7454] ✓  等待戈多 / 鲤鱼滑梯乐队
[1472/7454] ✓  Midnight Swim / Javier Navarrete
[1473/7454] ✓  August 25th / 106° 26' 58​.​9""W
[1474/7454] ✓  春光 / 张亚东
[1475/7454] ✓  Sadness Is Taking Over / Flora Cash
[1476/7454] ✓  Brighid's Blessing / David Davidson
[1477/7454] ✓  给自己的情书 / 王菲
[1478/7454] ✓  Deborah's Theme / Yo-Yo Ma
[1479/7454] ✓  Singalongsong (English) / 方大同
[1480/7454] ✓  summer iii / The Tumbled Sea
[1481/7454] ✓  与浪之间 / Vast & Hazy
[1482/7454] ✓  Reflection Of Myself / Yiruma
[1483/7454] ✓  On the Nature of Daylight / Max Richter
[1484/7454] ✓  Feelings / Helmut Zacharias
[1485/7454] ✓  Meryton Townhall / Dario Marianelli
[1486/7454] ✓  Milonga for 3 / 钟定一
[1487/7454] ✓  Rohan / Men Ha Tan Bagad
[1488/7454] ✓  Don't Look Back in Anger / Oasis
[1489/7454] ✓  Since u asked / Swim Good
[1490/7454] ✓  寂寞无害 / 艾怡良
[1491/7454] ✓  想念自己 / 陈嘉桦
[1492/7454] ✓  Holy / Wolf Colony
[1493/7454] ✓  Missin' You / T-SQUARE
[1494/7454] ✓  Bushido / Peter Roe
[1495/7454] ✓  Heartbreak Reputation / Zimmer
[1496/7454] ✓  今天清晨 (Live) / 杨乃文
[1497/7454] ✓  失恋俱乐部 / 任然
[1498/7454] ✓  It's just Christmas Day / SARRA
[1500/7454] ✓  A Wild And Distant Shore / Michael Nyman
[1499/7454] ✓  Little Impulse / Michael Nyman
[1501/7454] ✓  Kothbiro / Alberto Iglesias
[1503/7454] ✓  Eternity Theme / Eleni Karaindrou
[1502/7454] ✓  Abdication / Abel Korzeniowski
[1504/7454] ✓  Girl From Ipanema / Various Artists
[1507/7454] ⏭  SKIP (duplicate key): All I Want for Christmas Is You (Extra Festive) / Mariah Carey
[1505/7454] ✓  Aqueous Transmission / Incubus
[1506/7454] ✓  All on Me / Filippa Giordano
[1508/7454] ✓  Love Again / Ta-ku
[1509/7454] ✓  Princess of China / Rihanna
[1510/7454] ✓  Maps / Maroon 5
[1511/7454] ✓  The Quiero Dijiste / Nat King Cole
[1512/7454] ✓  Gotta knock a little harder / 菅野よう子
[1513/7454] ✓  Don't Cry (Live) / Guns N' Roses
[1514/7454] ✓  JULY / 吴亦凡
[1515/7454] ✓  NASA / Luminate
[1516/7454] ✓  明天 / 方大同
[1517/7454] ✓  JIN-仁- Main Title / 髙見優
[1518/7454] ✓  香草吧噗 / 南拳妈妈
[1519/7454] ✓  未闻花名 / OnceFly
[1520/7454] ✓  如果·爱 / 张学友
[1521/7454] ✓  Melancholy Dreams / ElyonBeats
[1522/7454] ✓  流泪眼望流泪眼 + 劳斯·莱斯 (Live) / 容祖儿
[1523/7454] ✓  Toy Boy / MIKA
[1524/7454] ✓  Heaven Please / Devics
[1525/7454] ✓  Casablanca / Lonely Drifter Karen
[1526/7454] ✓  旅愁 / レインブック
[1527/7454] ✓  旅愁 / 美空ひばり
[1528/7454] ✓  The No. 1 Song In Heaven / Sparks
[1529/7454] ✓  Autumn Breeze / Rachel Lim
[1531/7454] ✓  Quizas / Quizas (Bolero Cha)
[1532/7454] ✓  泰安七有月雾（demo） / Deep Mountains
[1530/7454] ✓  Holler / Spice Girls
[1533/7454] ✓  彩虹山 / 文雀
[1534/7454] ✓  My Jinji / 落日飞车
[1535/7454] ✓  K. / Cigarettes After Sex
[1536/7454] ✓  沙滩 / Somewhere Over The Rainbow (Live) / 陶喆
[1538/7454] ✓  Cool Kids (KLYMVX Remix) / KLYMVX
[1537/7454] ✓  Right Here Waiting / Richard Marx
[1539/7454] ✓  Visions of Gideon / Sufjan Stevens
[1540/7454] ✓  for everything calm embrace / 吉田靖
[1541/7454] ✓  人质 (Live) / 信
[1542/7454] ✓  陌上花开 / 谭维维
[1544/7454] ✓  人間失格~メインテーマ~ / 中島ノブユキ
[1543/7454] ✓  刀马旦 (Live) / 信
[1545/7454] ❌ API FAIL (attempt 1): SOLITUDE — JSON parse failed: {"mood_tags":["lonely","introspective","melancholic"],"texture_tags":["piano","minimal","reverb_heavy"],"energy":0.15,"brightness":0.2,"density":0.2,"warmth":0.3,"rhythmic_motion":0.1,"vocal_presence"
[1546/7454] ✓  Vermeer's Studio / Alexandre Desplat
[1545/7454] ✓  SOLITUDE / Janis Crunch
[1547/7454] ✓  扈蓬独白：我愿意 / 查可欣
[1548/7454] ✓  BLOODY MONDAY / 井筒昭雄
[1549/7454] ✓  猪老三 / 何大河
[1550/7454] ✓  Lazy Cage / Xuman
[1551/7454] ✓  カナリアが死んだ / 川越美和
[1552/7454] ✓  Glow / Melorman
[1554/7454] ✓  E.T. / Katy Perry
[1553/7454] ✓  Back To Life (LBCK Remix) / LBCK
[1555/7454] ✓  The Gravel Road / James Newton Howard
[1557/7454] ✓  End Of May / Keren Ann
[1556/7454] ✓  꽃날(Inst.) / 韩国原声带
[1558/7454] ✓  She / Elvis Costello
[1561/7454] ✓  Like Lust / Movement
[1562/7454] ⏭  SKIP (duplicate key): 高雅～メインテーマ / S.E.N.S.
[1559/7454] ✓  La valse d'Amélie (Version originale) / Yann Tiersen
[1560/7454] ✓  Satin Birds / Abel Korzeniowski
[1564/7454] ✓  The Sheltering Sky Theme / 坂本龍一
[1563/7454] ✓  Song of Time / Abel Korzeniowski
[1565/7454] ✓  Pina / Thomas Hanreich
[1566/7454] ✓  Tetramery / Ryan Teague
[1568/7454] ✓  Opening 标准情人 / 梅林茂
[1567/7454] ✓  As It (Perhaps) Was / Dario Marianelli
[1569/7454] ✓  Revenge / Abel Korzeniowski
[1570/7454] ✓  Your Hand / A Whisper in the Noise
[1571/7454] ✓  Khartoum / There's a Light
[1573/7454] ✓  Who's Got You Singing Again / PREP
[1574/7454] ✓  ソ・ラ・ソ・ミ ~accordion ver.~ / コーコーヤ
[1572/7454] ✓  Pink And Golden Billows / Brambles
[1575/7454] ✓  Shape of You / Walk off the Earth
[1577/7454] ✓  Alviverde / 三宅純
[1576/7454] ✓  Every Desire / Luigi Rubino
[1578/7454] ✓  Ripple / Anoice
[1579/7454] ✓  涙と鞠つき / sAr
[1580/7454] ✓  \\ / The Tumbled Sea
[1581/7454] ✓  4 AM / I Hate This Place
[1583/7454] ✓  一眼万年 / S.H.E
[1582/7454] ✓  咏叹曲 / F.I.R.
[1584/7454] ✓  II quiet romance (殺人考察(前)) / 梶浦由記
[1585/7454] ✓  女爵 (Live) / 杨乃文
[1586/7454] ✓  Intro / The xx
[1587/7454] ✓  白虎野の娘 (パプリカ・エンディングテーマ) / 平沢進
[1588/7454] ✓  Unfaith / Ekali
[1589/7454] ✓  Till Death Do You Part / Break My Fucking Sky
[1591/7454] ✓  Brilliant Stars / Akinobu
[1590/7454] ✓  Crown of Amber Canopy / Slow Meadow
[1592/7454] ✓  brella. / Bed.
[1594/7454] ✓  LIFE / S as in Soul.
[1593/7454] ✓  Think Of You (piano re-edit) / Kuniyuki Takahashi
[1595/7454] ✓  鹤顶红 / 麦浚龙
[1596/7454] ✓  Soledad / Westlife
[1597/7454] ✓  松果体remix instrumental / StrawberryPapa
[1598/7454] ✓  Dancer on a tangent / Motoro Faam
[1599/7454] ✓  Remembrance / All is Silent
[1600/7454] ✓  The Night / Bruno Bavota
[1601/7454] ✓  Sunset Song / Hidetake Takayama
[1602/7454] ✓  Love You Right / Caius
[1604/7454] ✓  Lazy Afternoon / Niazura
[1603/7454] ✓  Drop Out / Jack​LNDN
[1605/7454] ✓  One Evening / Feist
[1606/7454] ✓  Always Somewhere / Scorpions
[1607/7454] ✓  Hallelujah / Félperc
[1608/7454] ✓  緑閃光 / LAMP IN TERREN
[1609/7454] ✓  愛はこだまする / KOKIA
[1610/7454] ✓  花 / Hello Nico
[1611/7454] ✓  i / Flica
[1613/7454] ✓  Affection / grooveman Spot
[1612/7454] ✓  Clair De Lune / Claude Debussy
[1614/7454] ✓  Like Sunday / Like Sunday
[1615/7454] ✓  万物生 (Chillout Remix) / 关淑怡
[1616/7454] ✓  你要的爱 / 戴佩妮
[1617/7454] ✓  接受 / 梁静茹
[1618/7454] ✓  The Shadow Of your Smile 你微笑的影子 / Various Artists
[1619/7454] ✓  Gustav Holst: The Planets / Op. 32
[1620/7454] ✓  Öldurót (Tontario Extended Mix) / Ólafur Arnalds
[1622/7454] ✓  Take Me To Shanghai / Íse Downes
[1621/7454] ✓  アヴェマリア / 大貫妙子
[1623/7454] ✓  逃兵 / 杨乃文
[1624/7454] ✓  Loving In This Moonlight / ナニダト/nanidato
[1625/7454] ✓  Paris / The Chainsmokers
[1626/7454] ✓  Tenderly the Light / Max Richter
[1627/7454] ✓  Ba / Goldmund
[1628/7454] ✓  light / Ferri
[1629/7454] ✓  cheburashka / Nunu
[1630/7454] ✓  Gymnopedies / 坂本龍一
[1631/7454] ✓  twilight / April Lee
[1632/7454] ❌ API FAIL (attempt 1): I Want You — JSON parse failed: {"mood_tags":["sensual","urban","restless"],"texture_tags":["soft_synth","cold_synth","vocal_breath","electric_distant"],"negative_tags":[],"energy":0.6,"brightness":0.5,"density":0.55,"warmth":0.4,"r
[1633/7454] ✓  Break of Dawn / Niha
[1634/7454] ✓  放开你的头脑 / PLAY我呸 (Live) / 张惠妹
[1632/7454] ✓  I Want You / Madonna
[1635/7454] ✓  默 (Live) / 张惠妹
[1636/7454] ✓  三月 / 张惠妹
[1637/7454] ✓  Angel Echoes (Jon Hopkins Remix) / Four Tet
[1638/7454] ✓  放物線 / ストレイテナー
[1641/7454] ⏭  SKIP (duplicate key): Hidden Path / Sleep Dealer
[1639/7454] ✓  Monster / Kanye West
[1640/7454] ✓  Heart of Hearts / pg.lost
[1642/7454] ✓  Chaos of silence / Sane Masayuki
[1643/7454] ✓  ポップは、それ自体を食べます / haircuts for men
[1644/7454] ✓  等一个晴天 / 蔡淳佳
[1645/7454] ✓  野花 / 田震
[1646/7454] ✓  Another Dream / Ben Woods
[1648/7454] ✓  Valse pour maman / Alexandra Streliski
[1647/7454] ✓  重复 / 尹晨
[1649/7454] ✓  只是会可惜 / 梁晓雪
[1650/7454] ✓  只爱陌生人 (Live) / 王菲
[1651/7454] ✓  冷战 (Live) / 王菲
[1652/7454] ✓  你快乐(所以我快乐) / 王菲
[1655/7454] ⏭  SKIP (duplicate key): 香奈儿 (日语版) / 王菲
[1653/7454] ✓  阿修罗 / 王菲
[1654/7454] ✓  新房客 / 王菲
[1656/7454] ✓  再见萤火虫 / 王菲
[1657/7454] ✓  adieu / 17 Hippies
[1658/7454] ✓  沉默之雨 / 香菇小姐
[1661/7454] ✓  Save the flavor Part3 -Insturmental version- / Otokaze
[1659/7454] ✓  时间里的飞人 / 不见
[1660/7454] ✓  Life Goes On / Fergie
[1663/7454] ✓  我的新衣 / 毛衍七
[1662/7454] ✓  不散 / 不散
[1664/7454] ✓  绿袖子 / 华语群星
[1666/7454] ✓  Quiet / [.que]
[1665/7454] ✓  You Build a House on my Back / Pentatonic
[1667/7454] ✓  花舞 -hua wu- / Kitkit Lu
[1668/7454] ✓  小茉莉 / 竹子
[1670/7454] ✓  She & Me / 何欣穗
[1669/7454] ✓  分心 / 何欣穗
[1671/7454] ✓  不留 / 王菲
[1672/7454] ✓  Holding Out / Head Down
[1673/7454] ✓  你啊你啊 / 魏如萱
[1674/7454] ✓  Time travel / 岸部眞明
[1675/7454] ✓  Light dance / 小濑村晶
[1676/7454] ✓  Reclamation / Head Down
[1677/7454] ✓  当我来到这里 / 蛋堡
[1678/7454] ✓  Aruarian Dance / Nujabes
[1679/7454] ✓  潮汐的永恒 / 燕池
[1680/7454] ✓  Dr. Jolin / 蔡依林
[1681/7454] ✓  Love Love Love / 蔡依林
[1682/7454] ✓  沿海公路的出口 / S.H.E
[1683/7454] ✓  信爱成瘾 / 陈嘉桦
[1684/7454] ✓  天之大 / 毛阿敏
[1687/7454] ⏭  SKIP (duplicate key): 克卜勒 / 孙燕姿
[1685/7454] ✓  Another Wind / WhyOceans
[1686/7454] ✓  爷爷泡的茶 / 周杰伦
[1688/7454] ✓  Hotline Bling / Drake
[1689/7454] ✓  Intro / We're Dreaming
[1690/7454] ✓  非酋 / 薛明媛
[1691/7454] ✓  Letting Go / Tracey Chattaway
[1692/7454] ✓  Where Is The Love（Soule Rework) / The Black Eyed Peas
[1693/7454] ✓  Out of the Darkness into the Light / Kevin Kern
[1694/7454] ✓  Amber (Recomposed by Marco Caricola) / Endless Melancholy
[1695/7454] ✓  Turandot / Carreras · Domingo · Pavarotti: The Three Tenors in Concert
[1696/7454] ✓  「天空の城ラピュタ」~君をのせて / 久木田薫
[1697/7454] ✓  エンド・タイトル / 日向敏文
[1699/7454] ✓  Stay Wild / Little Birdy
[1698/7454] ✓  Siboney / Rubén González
[1700/7454] ✓  Work / Rihanna
[1701/7454] ✓  S&M (Remix) / Rihanna
[1702/7454] ✓  I Love You But In The End I Will Destroy You / Goonies Never Say Die
[1703/7454] ✓  All the Things She Said / t.A.T.u
[1704/7454] ✓  Whatever You Like (T.I.) / Vol.2
[1705/7454] ✓  花の庭園 / 西浦智仁
[1706/7454] ✓  回衫 / 景德镇文艺复兴
[1707/7454] ✓  U Were Not Here / 狸猫
[1708/7454] ✓  Dream a Little Dream Of Me (Live) / 黄榕生
[1709/7454] ✓  Bad Liar / Selena Gomez
[1710/7454] ✓  The Heart Asks Pleasure First / Michael Nyman
[1711/7454] ✓  The Sacrifice / Michael Nyman
[1712/7454] ✓  A De Carnaval / João Donato
[1713/7454] ✓  H in New England / Max Richter
[1714/7454] ✓  Simple Gifts / Yo-Yo Ma
[1715/7454] ✓  Confession of A Dreamer / WAV
[1716/7454] ✓  Over the Pond / The Album Leaf
[1717/7454] ✓  请你给我好一点的情敌 / 田馥甄
[1718/7454] ✓  日光倾城 / 卡奇社
[1719/7454] ✓  강남스타일 (Live) / 信
[1720/7454] ✓  Deborah's Theme / 梅林茂
[1721/7454] ✓  Barellina / tsunenori a.k.a Marukabis
[1722/7454] ✓  足元 / Akinobu
[1723/7454] ✓  what for? / sAr
[1724/7454] ✓  A Faint Memory / iamsleepless
[1725/7454] ✓  鎮命歌 -しずめうた- / 瀧沢一留
[1727/7454] ✓  Who We Want To Be / Tom Day
[1726/7454] ✓  Fade / Alan Walker
[1728/7454] ✓  The Little Life / S.E.N.S.
[1730/7454] ✓  Story of my life / Kondor
[1729/7454] ❌ API FAIL (attempt 1): 享受 — JSON parse failed: {"mood_tags":["dreamy","warm","nostalgic"],"texture_tags":["soft_synth","vocal_breath","reverb_heavy"],"energy":0.35,"brightness":0.5,"density":0.4,"warmth":0.6,"rhythmic_motion":0.3,"vocal_presence":
[1731/7454] ✓  Nocturne / 久石譲
[1732/7454] ✓  贝加尔湖畔 (Live) / 李维
[1729/7454] ✓  享受 / 王菲
[1733/7454] ✓  想念你 (Live) / 李玟
[1734/7454] ✓  Tensity / Sleep Dealer
[1735/7454] ✓  Lighthouse / 吉田潔
[1736/7454] ✓  何日君再来 (1993年版 - 日语) / 邓丽君
[1738/7454] ✓  Temple / M.I.A.
[1737/7454] ✓  Human / Rag'N'Bone Man
[1739/7454] ✓  Rather Be / Jess Glynne
[1741/7454] ✓  Lonely / Nana
[1740/7454] ✓  Future Pavilion / miaou
[1742/7454] ✓  Intro...The Band Is So Cool / GALA
[1743/7454] ✓  To Train Together / Jan A.P. Kaczmarek
[1744/7454] ✓  Tomaso Antonio Vitali: Chaconne / Jascha Heifetz
[1745/7454] ✓  Fly Me To The Moon / 小野リサ
[1747/7454] ✓  The Blue Notebooks / Max Richter
[1746/7454] ✓  It's My Life / Bon Jovi
[1748/7454] ✓  Refrain / S.E.N.S.
[1749/7454] ✓  Honeymoon / Lana Del Rey
[1750/7454] ✓  Cola / Lana Del Rey
[1751/7454] ✓  Ljósið / Ólafur Arnalds
[1752/7454] ✓  Summertime (Aaron London Remix) / Aaron London
[1753/7454] ✓  陌生的房间陌生的下午 / Hello Nico
[1754/7454] ✓  Kiss from a Rose / Seal
[1755/7454] ✓  Three / Ours to Alibi
[1757/7454] ✓  Handful Savants / Cue
[1756/7454] ✓  This Place Is My Home / Near Light
[1758/7454] ✓  3月27日，在宛平南路等一个红绿灯的时间 / 罗威
[1760/7454] ✓  Arrivals n.1 / Dustin O'Halloran
[1759/7454] ✓  Nostalgia / Bosques de mi Mente
[1761/7454] ✓  Después de muertos / Andrei Machado
[1763/7454] ✓  Гармонизация / 82-75
[1762/7454] ✓  One More Time / R. Armando Morabito
[1764/7454] ✓  睫毛弯弯 / 王心凌
[1766/7454] ✓  サイレント / REDЯUM
[1765/7454] ✓  Coachella - Woodstock In My Mind / Lana Del Rey
[1767/7454] ✓  The Truth That You Leave / Pianoboy
[1768/7454] ✓  The Day I Lost My Love / Ron Korb
[1769/7454] ✓  ALL / BLVC SVND
[1770/7454] ✓  Inside Our Own Cages / Oracles Always Lie
[1771/7454] ✓  孤星入命 / Yo-Yo Ma
[1772/7454] ✓  Will You Still Love Me Tomorrow / Inger Marie Gundersen
[1773/7454] ✓  Innocence Recalled / Acoustic Ocean
[1775/7454] ✓  Babylon Fall / GOTH-TRAD
[1774/7454] ✓  美人泪 / 原子邦妮 Astro Bunny
[1776/7454] ✓  Hidden Paths To Finding / Carinthia
[1778/7454] ✓  Up Ship! / Port Blue
[1777/7454] ✓  武士の一分 / 冨田勲
[1779/7454] ✓  Arête / Brambles
[1781/7454] ✓  Naptalan / The Evpatoria Report
[1780/7454] ✓  Cleam / Mister Lies
[1782/7454] ✓  Ghosts and Bad Luck Birds / Robert J. P. Oberg
[1783/7454] ✓  Kinda Blue / Astronautica
[1784/7454] ✓  Leave / Endless Melancholy
[1785/7454] ✓  We Don't Talk Anymore / Charlie Puth
[1786/7454] ✓  1時間 / ハンバート ハンバート
[1787/7454] ✓  A Narnia Lullaby / the Witch and the Wardrobe (Original Soundtrack)
[1788/7454] ✓  Lucy / Harry Gregson-Williams
[1789/7454] ✓  The Peak / Dirty Chocolate
[1792/7454] ⏭  SKIP (duplicate key): Broken / Jake Bugg
[1790/7454] ✓  Summercrush / Ask For Joy
[1793/7454] ✓  four / Ours to Alibi
[1791/7454] ✓  关于青春 / Vast & Hazy
[1794/7454] ✓  李斯特:钟 / 李云迪
[1796/7454] ✓  Dragon / PYRMDPLAZA
[1795/7454] ✓  蘇州夜曲(李香蘭/渡辺はまこ) / 二階堂和美
[1797/7454] ✓  You Lost the Starlight in Your Eyes / Hammock
[1798/7454] ✓  Oimiakon / A Red Season Shade
[1799/7454] ✓  Daytrip / The American Dollar
[1800/7454] ✓  light / Rist
[1801/7454] ✓  Wild / Dexter Britain
[1802/7454] ✓  阴天 / 莫文蔚
[1803/7454] ✓  Say You Love Me / Jessie Ware
[1804/7454] ❌ API FAIL (attempt 1): 時の旅人 — JSON parse failed: {"mood_tags":["nostalgic","melancholic","warm"],"texture_tags":["acoustic","string","cinematic","minimal"],"energy":0.35,"brightness":0.5,"density":0.4,"warmth":0.6,"rhythmic_motion":0.3,"vocal_presen
[1805/7454] ✓  .2 O' Clock in the Moanin / Zacari
[1806/7454] ✓  All Is White / Émilie Simon
[1808/7454] ⏭  SKIP (duplicate key): To the Dancers in the Rain / Émilie Simon
[1804/7454] ✓  時の旅人 / 上妻宏光
[1807/7454] ✓  Femme Fatale / Émilie Simon
[1809/7454] ✓  Chanson de Toile / Émilie Simon
[1810/7454] ❌ API FAIL (attempt 1): Quelqu'un m'a dit — JSON parse failed: {"mood_tags":["warm","nostalgic","bittersweet"],"texture_tags":["acoustic","vocal_breath","string"],"energy":0.35,"brightness":0.5,"density":0.4,"warmth":0.6,"rhythmic_motion":0.3,"vocal_presence":0.7
[1811/7454] ✓  Without You / Caius
[1812/7454] ✓  Forgotten Valentines / Endless Melancholy
[1810/7454] ✓  Quelqu'un m'a dit / Carla Bruni
[1813/7454] ✓  查理 / 谢震廷
[1814/7454] ✓  Echoes of the Unmoved Mover / Tunturia
[1815/7454] ✓  Blank Space / Taylor Swift
[1816/7454] ✓  Bad Blood / Taylor Swift
[1817/7454] ✓  盛夏的果实 / 莫文蔚
[1818/7454] ✓  untitled for piano / The Tumbled Sea
[1819/7454] ✓  夢のつづき / 玉置浩二
[1820/7454] ✓  以一种假装放荡的矜持 与你告别 / Cicada
[1821/7454] ✓  春を知らせるもの~続 夏目友人帳のテーマ / 吉森信
[1822/7454] ✓  RADICAL DREAMERS～盗めない宝石～ / 光田康典
[1823/7454] ✓  Matsuri / 京田誠一
[1824/7454] ✓  Yellow Dust / Mïnk
[1826/7454] ✓  Sophia / Butterfly Explosion
[1825/7454] ✓  Waterfall / Cucurrucucu Paloma / Caetano Veloso
[1827/7454] ❌ API FAIL (attempt 1): Julien Et Barbara (from Vivement dimanche!) — JSON parse failed: {"mood_tags":["nostalgic","warm","bittersweet"],"texture_tags":["piano","string","acoustic","cinematic"],"energy":0.25,"brightness":0.5,"density":0.35,"warmth":0.6,"rhythmic_motion":0.2,"vocal_presenc
[1828/7454] ✓  主题曲 / 久石譲
[1829/7454] ✓  夏の忘れ物 / 渡辺雅二
[1827/7454] ✓  Julien Et Barbara (from Vivement dimanche!) / Georges Delerue
[1831/7454] ✓  pieces of us were left on the tracks... / Library Tapes
[1830/7454] ✓  Hotline Bling (Remix) / Sad Money
[1832/7454] ✓  Nevada (Original Mix) / Vicetone
[1833/7454] ✓  Far Away From Cities / Alexander DeLarge
[1834/7454] ✓  Raein / Ólafur Arnalds
[1835/7454] ✓  The Father's Heart / Tony Anderson
[1836/7454] ✓  Symphony of Raindrops / So I'm An Islander
[1837/7454] ❌ API FAIL (attempt 1): Get To France — JSON parse failed: {"mood_tags":["introspective","melancholic","restrained"],"texture_tags":["electric_distant","reverb_heavy","cinematic","minimal"],"energy":0.35,"brightness":0.3,"density":0.4,"warmth":0.35,"rhythmic_
[1838/7454] ✓  Black Wave / The Raveonettes
[1839/7454] ✓  Ballad du Paris / Soundtrack
[1840/7454] ✓  Something / CYN
[1837/7454] ✓  Get To France / Mogwai
[1841/7454] ✓  Moon / 小濑村晶
[1843/7454] ✓  White Bird / It's a Beautiful Day
[1842/7454] ✓  光 / Haruka Nakamura
[1844/7454] ✓  深深深窗 / 黄永灿
[1845/7454] ✓  Albatross / Dom Mino'
[1846/7454] ✓  Flamme Bleue & Last Tears / Volume 1
[1847/7454] ✓  Twentynine Palms / Arms and Sleepers
[1848/7454] ✓  Moksha / Caspian
[1849/7454] ✓  来不及 / 陈珊妮
[1850/7454] ✓  Countryside / Lowspirit
[1851/7454] ✓  My Heart Is Open / Maroon 5
[1852/7454] ✓  Chalk Stars / Animal Kingdom
[1853/7454] ✓  Wolves / Kanye West
[1854/7454] ✓  Diamonds in the Sky / Husky Rescue
[1855/7454] ✓  Elizabeth / Ashram
[1856/7454] ✓  Experience / Ludovico Einaudi
[1857/7454] ✓  伤痕 / 林忆莲
[1858/7454] ❌ API FAIL (attempt 1): 二泉映月 — JSON parse failed: {"mood_tags":["melancholic","introspective","restrained"],"texture_tags":["acoustic","minimal","cinematic"],"energy":0.15,"brightness":0.2,"density":0.25,"warmth":0.3,"rhythmic_motion":0.1,"vocal_pres
[1859/7454] ✓  Speechless (Gesaffelstein Remix) / Carl Craig
[1860/7454] ✓  Waltz No. 2 from Jazz Suite No.2 / Alexandre Desplat
[1858/7454] ✓  二泉映月 / 阿炳
[1862/7454] ✓  美好岁月 / 黄韵玲
[1863/7454] ✓  让她降落 / 何璐
[1861/7454] ✓  不睡 / 张惠妹
[1864/7454] ✓  I Can't Wait / Mirwais
[1865/7454] ✓  双生光 / 祁紫檀
[1866/7454] ✓  lullaby for rainsongs / 吉田靖
[1867/7454] ✓  飞鸟和她 / 圈住那个9
[1869/7454] ✓  外面 / 周迅
[1870/7454] ✓  Be The One (SRNO Remix) / SRNO
[1868/7454] ✓  十字街头 / 周迅
[1871/7454] ✓  LSD / Jamila Woods
[1873/7454] ✓  无邪 / 林海
[1872/7454] ✓  april.#19 / Kashiwa Daisuke
[1874/7454] ✓  一辈子的孤单 / 刘若英
[1876/7454] ✓  Crystalline / pg.lost
[1875/7454] ✓  离别曲 / 田馥甄
[1877/7454] ✓  暴力车祸 / 梁翘柏
[1878/7454] ✓  记忆取回 / 梁翘柏
[1879/7454] ✓  Anything You Synthesize / The American Dollar
[1880/7454] ✓  A Scenery Like Parting / Imanity
[1881/7454] ✓  影子 / 王菲
[1882/7454] ✓  Infection (Live) / 圈住那个9
[1883/7454] ✓  Attila / 王利夫
[1884/7454] ✓  ain't nobody like you / josh pan
[1885/7454] ✓  Rainbow / 窪田ミナ
[1886/7454] ✓  The Salvation / ceth
[1887/7454] ✓  ノエルのテーマ ～最後の旅～ / 浜渦正志
[1888/7454] ✓  クロイウタ / MONACA
[1889/7454] ✓  23[Demo Version] / Jimmy Eat World
[1890/7454] ✓  月海 / Forest306
[1892/7454] ✓  Thief (Gill Chang Remix) / Gill Chang
[1891/7454] ✓  Play 我呸 (Alesso Remix Version) / 蔡依林
[1893/7454] ✓  恋ってもどかしい / 光宗信吉
[1894/7454] ✓  Hold Tight / 西楼
[1895/7454] ✓  Dance Floor / 邱比
[1896/7454] ✓  I Like You / Rosi Golan
[1897/7454] ✓  Drama / kazumasa hashimoto
[1898/7454] ❌ API FAIL (attempt 1): おこのみで (Live) — JSON parse failed: {"mood_tags":["restless","urban","bittersweet"],"texture_tags":["electric_distant","vocal_breath","jazz_brush"],"energy":0.6,"brightness":0.55,"density":0.65,"warmth":0.5,"rhythmic_motion":0.6,"vocal_
[1899/7454] ✓  セレナイト / ルルティア
[1898/7454] ✓  おこのみで (Live) / 椎名林檎
[1900/7454] ✓  Car Crash / Apricot Rail
[1901/7454] ✓  Things Gonna Be Okay / Caius
[1903/7454] ✓  w/ u / BR/\VE
[1902/7454] ✓  Get Freaky / Mogul
[1904/7454] ✓  Piano Concerto No.5 / 渋谷慶一郎
[1905/7454] ✓  Saying Goodnight / NCThompson
[1906/7454] ✓  しるし (Strings Orchestra Version) / 沢田完
[1907/7454] ✓  Wisdom Tooth / American Green
[1908/7454] ✓  túrána hott kurdís / Hasta La Otra México!
[1909/7454] ✓  Bolerish / 坂本龍一
[1910/7454] ✓  宁月 / 贾鹏芳
[1913/7454] ✓  Cut All Trees / Matryoshka
[1912/7454] ✓  Trying Is the 1st Step Towards Failure / L'elan Vital
[1911/7454] ✓  Spirit of the Wild / BrunuhVille
[1914/7454] ✓  我们都是好孩子 / 王筝
[1915/7454] ✓  秋姉妹のなく頃に / さーくるばんばんしー
[1916/7454] ✓  そして今日も紅魔館の扉は開く / Floating Cloud
[1917/7454] ✓  古の森 / Whisper Records
[1918/7454] ✓  哭 / 夢中夢
[1919/7454] ✓  Calling / 織田かおり
[1920/7454] ✓  Dark Paradise / Lana Del Rey
[1921/7454] ✓  Off To The Races / Lana Del Rey
[1922/7454] ✓  Carmen / Lana Del Rey
[1924/7454] ✓  Renovation. / DAISHI DANCE
[1923/7454] ✓  Without You / Lana Del Rey
[1925/7454] ✓  淡秋 / 优雅逆转
[1927/7454] ✓  いつも何度でも / 宗次郎
[1926/7454] ✓  艺术家脾气 / PNC
[1928/7454] ✓  乱红 / 陈悦
[1931/7454] ✓  For / 小濑村晶
[1929/7454] ✓  Estrondo / Various Artists
[1930/7454] ✓  颈椎病植入DNA1999 / Fcyco
[1932/7454] ✓  Hometown Glory / Adele
[1933/7454] ✓  悲伤的嗜好 / 张信哲
[1934/7454] ✓  Berceau / Tomoya Naka
[1935/7454] ❌ API FAIL (attempt 1): toki — JSON parse failed: {"mood_tags":["introspective","melancholic","restrained"],"texture_tags":["piano","minimal","ambient_pad"],"energy":0.15,"brightness":0.3,"density":0.2,"warmth":0.35,"rhythmic_motion":0.1,"vocal_prese
[1936/7454] ✓  After All (Else Remix) / Charlotte Day Wilson
[1937/7454] ✓  Don't Be Shy / Sensi Sye
[1935/7454] ✓  toki / hideyuki hashimoto
[1939/7454] ✓  gleam. / Bed.
[1938/7454] ✓  桜廻廊 / a_hisa
[1940/7454] ✓  Lust for Life / Lana Del Rey
[1942/7454] ✓  遊びをせんとや / 吉松隆
[1941/7454] ✓  風邪の都 / KOBUDO-古武道-
[1943/7454] ✓  in cherrycloud / 餃子屋本舗
[1944/7454] ✓  Invite Me (Sonder Remix) / Sonder
[1947/7454] ⏭  SKIP (duplicate key): 双生光 (Bigperry Remix) / 祁紫檀
[1945/7454] ✓  Mozart: Le nozze di Figaro - Porgi amor / 李黎
[1946/7454] ✓  青城山下白素贞 / 好妹妹
[1948/7454] ✓  海上花 / 半野喜弘
[1949/7454] ✓  吉光片羽#1 / 半野喜弘
[1950/7454] ✓  The Cure / Lady Gaga
[1951/7454] ✓  Bad Romance (Radio Edit) / Lady Gaga
[1952/7454] ✓  情歌 / 吉松隆
[1953/7454] ✓  The Last Emperor / 坂本龍一
[1954/7454] ❌ API FAIL (attempt 1): Noctambulist — JSON parse failed: {"mood_tags":["dreamy","melancholic","introspective"],"texture_tags":["ambient_pad","soft_synth","vocal_breath","cinematic"],"energy":0.25,"brightness":0.3,"density":0.35,"warmth":0.4,"rhythmic_motion
[1955/7454] ✓  Clocks Corridor / D.M.C
[1956/7454] ✓  墙纸 (Live) / 容祖儿
[1954/7454] ❌ API FAIL (attempt 2): Noctambulist — JSON parse failed: {"mood_tags":["dreamy","melancholic","introspective"],"texture_tags":["ambient_pad","soft_synth","vocal_breath","cinematic"],"energy":0.25,"brightness":0.3,"density":0.4,"warmth":0.35,"rhythmic_motion
[1957/7454] ✓  归属 / Vast & Hazy
[1958/7454] ✓  挽歌 / 饥饿艺术家
[1954/7454] ✓  Noctambulist / Matryoshka
[1959/7454] ✓  你的烟薰到我没关系 / 孔雀眼
[1960/7454] ✓  Something About You / Yade Lauren
[1961/7454] ✓  Driving / Olivia Ong
[1962/7454] ✓  summer's day [version 2] / jinsang
[1963/7454] ✓  Bout You / Marian Hill
[1964/7454] ✓  時を止めた村 / APPLE project
[1965/7454] ✓  Endless Pain / FELT
[1966/7454] ✓  Lithium Flower / 菅野よう子
[1967/7454] ✓  teacup ride / tico moon
[1968/7454] ✓  simple ease / STEREO DIVE FOUNDATION
[1969/7454] ✓  妖艶なる絆の響き / 佐橋俊彦
[1970/7454] ✓  Goodbye『さようなら』 / Conscious Thoughts
[1971/7454] ✓  Sunset Lover / Petit Biscuit
[1972/7454] ✓  walk with me (swindail remix) / swindail
[1973/7454] ✓  808Luv / KINGBNJMN
[1974/7454] ✓  Viva la Vida / Coldplay
[1975/7454] ✓  幸せの結晶 / M.Graveyard
[1976/7454] ✓  Do You Go Up / KHAI
[1977/7454] ✓  Colourblind / salute
[1978/7454] ✓  搜神记 (Live) / 容祖儿
[1979/7454] ✓  Not Coming Down / Cleopold
[1980/7454] ✓  秦皇岛 / 万能青年旅店
[1983/7454] ⏭  SKIP (duplicate key): The Last Emperor (Theme) / 坂本龍一
[1981/7454] ✓  Happy Days / Brooke Candy
[1982/7454] ✓  Main Title Theme (The Last Emperor) / David Byrne
[1984/7454] ✓  Open the Door / 坂本龍一
[1986/7454] ✓  Could Be (Koala X CATMAGIC Remix) / Jenny Mayhem
[1985/7454] ✓  So Much to Me / FKJ
[1987/7454] ✓  星遊び / 吉松隆
[1988/7454] ✓  騎士王の誇り / 川井憲次
[1989/7454] ✓  Trophies (Brasstracks Cover) / Drake
[1990/7454] ✓  溢愛 / 上松範康
[1991/7454] ✓  Mooncatch / Lontalius
[1992/7454] ✓  9 Crimes / Damien Rice
[1993/7454] ✓  Landing Guy / Kidult.
[1996/7454] ⏭  SKIP (duplicate key): Do You Go Up (Kidswaste Remix) / KHAI
[1994/7454] ✓  breeze / mitsuyoshi matsuda
[1995/7454] ✓  West / River Tiber
[1997/7454] ✓  Foggy Windows / Zacari
[1999/7454] ✓  The Frog Princess / Organic Stereo
[1998/7454] ✓  SpottieOttie (Jamie Blake Remix) / Jamie Blake
[2000/7454] ✓  八重の桜 メインテーマ / 坂本龍一
[2001/7454] ✓  Out of Sight / Les Loups
[2002/7454] ✓  97202 / The Tumbled Sea
[2003/7454] ✓  Ave Maria / KOKIA
[2004/7454] ✓  風林火山＜生きる＞ / 千住明
[2005/7454] ✓  执着 / 田震
[2006/7454] ✓  孤独频盗 / 陈洁仪
[2007/7454] ✓  Good Morning Sick World / Art Of Empathy
[2008/7454] ✓  The Meek Shall Inherit the Earth / H.E.R.R.
[2009/7454] ✓  Violet Hues / Shook
[2010/7454] ✓  Second Sorrow / 橋本一子
[2011/7454] ✓  カスカナヒカリ / 藤間仁
[2012/7454] ✓  Perfect Day / Lou Reed
[2013/7454] ✓  Bitter Sweet Symphony / The Verve
[2014/7454] ✓  敷衍 / 王菲
[2016/7454] ✓  changes / IAMNOBODI
[2015/7454] ✓  斎唄-いわいうた- full version / 瀧沢一留
[2017/7454] ✓  Waiting for the End / Servants Of Silence
[2018/7454] ✓  Earth Feet / Remixes
[2019/7454] ✓  地尽头 / 关淑怡
[2020/7454] ✓  Love! / 田馥甄
[2022/7454] ✓  亚麻色头发的少女 / 张乐
[2021/7454] ✓  《你的名字》观后曲 / 付垚
[2023/7454] ✓  Thanatos - If I Can't Be Yours - / Rasmus Faber
[2024/7454] ✓  MOSCOW MULE ~優しさ~ / 大嶽香子
[2025/7454] ✓  Por Una Cabeza / 森英治
[2026/7454] ✓  独角戏 / 许茹芸
[2027/7454] ✓  致青春 / 王菲
[2028/7454] ✓  Big Jet Plane / Angus & Julia Stone
[2029/7454] ✓  Claude Debussy: Préludes - Book 1 / Ultimate Classical Piano: The Essential Masterpieces
[2030/7454] ✓  天堂鸟 / 郑嘉嘉
[2031/7454] ✓  沉静的疯狂 / 黄玠玮
[2032/7454] ✓  Tummy / RADWIMPS
[2033/7454] ✓  絵葉書みたいな街の午後 / yutaka hirasaka
[2034/7454] ✓  惨劇の記憶 / 柿島伸次
[2035/7454] ✓  Charlotte / Hope Sandoval & The Warm Inventions
[2036/7454] ✓  flipper / Pasteboard
[2037/7454] ✓  雨の予感 / 松谷卓
[2039/7454] ✓  森のテーマ ~ 富良野の森に抱かれて / 渡辺俊幸
[2038/7454] ✓  I'm a Firefighter / Cigarettes After Sex
[2040/7454] ✓  Sakura / Che'Nelle
[2041/7454] ✓  SAKURA / Ailee
[2042/7454] ✓  Helium / Sia
[2043/7454] ✓  Believer / Imagine Dragons
[2045/7454] ✓  怀竹 / 暮良文王
[2044/7454] ✓  Special Death / Mirah
[2046/7454] ✓  I Should Be Dreaming / Zacari
[2048/7454] ✓  American Boy / Various Artists
[2047/7454] ✓  Hurricane / Brandon Flowers
[2049/7454] ✓  Hammers / Nils Frahm
[2050/7454] ✓  Says / Nils Frahm
[2051/7454] ✓  No Pressure (Telescope Thieves Remix) / Telescope Thieves
[2052/7454] ✓  Sigh / Love
[2053/7454] ✓  Uma breve história do tempo / Andrei Machado
[2054/7454] ✓  Johnny It's the Last Time / Raveena
[2055/7454] ✓  Love Letter / Thomas White
[2056/7454] ✓  故郷の原風景 / 宗次郎
[2057/7454] ✓  Conquest Of Paradise / So Clear)
[2058/7454] ✓  TVエンディングテーマ / 吉田潔
[2059/7454] ✓  There You'll Be / Faith Hill
[2060/7454] ✓  Scarborough Fair / Sarah Brightman
[2061/7454] ✓  Down by the Salley Gardens / Joanie Madden
[2062/7454] ✓  Nightingale / Yanni
[2063/7454] ✓  We All Die But Not Tonight / Blurry Lights
[2064/7454] ✓  Never Alone / About Everything And More
[2065/7454] ✓  Silent Neighbor Acoustic / 池田奨
[2066/7454] ✓  Yes / If you don't understand then I can't explain to you
[2067/7454] ✓  June / Horsebeach
[2068/7454] ✓  空音 / MONACA
[2070/7454] ✓  snsetblvrd / IAMNOBODI
[2069/7454] ✓  Dream Odyssey / MONO
[2071/7454] ✓  愛のメロディー (original ver.) / KOKIA
[2072/7454] ✓  Too Deep / dvsn
[2073/7454] ✓  すべての人へ / 斉藤理詠
[2074/7454] ✓  酔月 / erica
[2075/7454] ✓  淹没 / 宇宙人
[2076/7454] ✓  猫大人息怒 / 小尘埃
[2077/7454] ✓  小尘埃 (Live) / 陈绮贞
[2078/7454] ✓  Everything Always Moving / Au4
[2079/7454] ✓  Love Will Tears Us Apart / Various Artists
[2080/7454] ✓  柬埔寨丧失 / 祁紫檀
[2082/7454] ✓  Retrograde / James Blake
[2081/7454] ✓  月の雫 feat.Ф串Ф / RegaSound
[2083/7454] ✓  The Greatest / Cat Power
[2085/7454] ✓  You Didn't Need My Love (kuma remix) / kuma
[2084/7454] ✓  Awakening / Random Forest
[2086/7454] ✓  Quiet / This Will Destroy You
[2087/7454] ✓  Hard Time / Seinabo Sey
[2088/7454] ❌ API FAIL (attempt 1): Stratus — JSON parse failed: {"mood_tags":["introspective","dreamy","restrained"],"texture_tags":["piano","ambient_pad","lofi_dust","field_recording"],"energy":0.25,"brightness":0.4,"density":0.3,"warmth":0.5,"rhythmic_motion":0.
[2089/7454] ✓  Jet Lag / Body & Soul
[2090/7454] ✓  黄昏鹿场 / 甜梅號
[2088/7454] ✓  Stratus / Uyama Hiroto
[2091/7454] ✓  夢、時々… / まらしぃ
[2092/7454] ✓  明日ハ晴レカナ / 武満徹ソングブック
[2093/7454] ✓  yourtouchisthefuel / rossylo
[2094/7454] ✓  366日 -Piano Version- / 菅野祐悟
[2095/7454] ✓  Sacrilege / Yeah Yeah Yeahs
[2096/7454] ✓  式神の庭 その夜 / 梅林茂
[2097/7454] ✓  No Sleeep / Janet Jackson
[2098/7454] ✓  Ghost Funktion / TLi-synth
[2099/7454] ✓  如果有来生 (Live) / 谭维维
[2100/7454] ✓  素敵だね~featured in FINAL FANTASY 10 / RIKKI
[2101/7454] ✓  華のワルツ / 石田勝範
[2102/7454] ✓  Radio Protector / 65daysofstatic
[2103/7454] ✓  Taipei (All at Once) / Kyte
[2104/7454] ✓  さくらさくら ～ Japanize Dream… / K-waves LAB
[2106/7454] ✓  Birthday / 久石譲
[2105/7454] ❌ API FAIL (attempt 1): Touch — JSON parse failed: {"mood_tags":["dreamy","warm","nostalgic"],"texture_tags":["soft_synth","ambient_pad","reverb_heavy","vocal_breath"],"negative_tags":[],"energy":0.4,"brightness":0.5,"density":0.45,"warmth":0.6,"rhyth
[2107/7454] ✓  Di Da Di / 李玟
[2108/7454] ✓  Empire State of Mind (Part II) Broken Down / Alicia Keys
[2105/7454] ✓  Touch / Dabin
[2109/7454] ✓  I Need a Doctor / Eminem
[2110/7454] ✓  映画「大奥」ﾃｰﾏ / 石田勝範
[2111/7454] ✓  paper plane 纸飞机 2016 / 尚雯婕
[2112/7454] ✓  True Faith(from Substance) / New Order
[2113/7454] ✓  Bird Flu / M.I.A.
[2114/7454] ✓  What Do You Mean it's 1985? / TRONICBOX
[2115/7454] ✓  酔花 / 秣本瑳羅
[2116/7454] ✓  Young Souls / Mother of Joy
[2117/7454] ✓  金木犀 / 笹川美和
[2118/7454] 🔄 RETRY 1/3: Breathe Me — vocab errors: mood_tag "vulnerable" not in closed vocab
[2119/7454] ✓  妖 -あやかし- / 我々楽
[2120/7454] ✓  初恋抄 / 岩代太郎
[2118/7454] ✓  Breathe Me / Sia
[2122/7454] ✓  猫咪 / 卡奇社
[2121/7454] ✓  Flower / 大貫妙子
[2123/7454] ✓  涟漪 / 卡奇社
[2125/7454] ✓  星降る森 / a life
[2124/7454] ✓  Love / Lana Del Rey
[2126/7454] ✓  Stay / Rihanna
[2128/7454] ✓  人造景 / 吴莫愁
[2127/7454] ✓  Horsey / ✿ MACROSS 82-99 ✿
[2129/7454] ✓  女孩与四重奏 / 马格
[2131/7454] ✓  Illest Motherfucker Alive / Kanye West
[2130/7454] ✓  R.O.D -READ OR DIE-::R.O.Dのテーマ ~long version~ / 岩崎琢
[2132/7454] ✓  Don't Call / Desire
[2135/7454] ✓  The Dreamer / Anderson .Paak
[2133/7454] ✓  A Quiet Place / Bruno Bavota
[2134/7454] ✓  Tell Me / 丁薇
[2137/7454] ✓  Genesis of Aquarion / Rasmus Faber
[2136/7454] ❌ API FAIL (attempt 1): Heart Don't Stand a Chance — JSON parse failed: {"mood_tags":["urban","restless","hopeful"],"texture_tags":["acoustic","jazz_brush","soft_synth","vocal_breath"],"negative_tags":[],"energy":0.6,"brightness":0.55,"density":0.55,"warmth":0.6,"rhythmic
[2138/7454] ✓  The Girl From Ipanema / Amy Winehouse
[2139/7454] ✓  Somebody to Love / Leighton Meester
[2136/7454] ✓  Heart Don't Stand a Chance / Anderson .Paak
[2140/7454] ✓  流星は音もなく / 河野伸
[2141/7454] ✓  Veloma / Fabrizio Paterlini
[2142/7454] ✓  Another Day of Sun / Justin Hurwitz
[2143/7454] ✓  借个火 / Selfkill
[2144/7454] ✓  明日、夕暮れまで / 妹尾武
[2145/7454] ✓  時代を越える想い~Piano Concerto~(Moscow Recording Ver.) / 和田薫
[2146/7454] ✓  文明の道 / 羽毛田丈史
[2147/7454] ✓  战 / 范晓萱
[2148/7454] ✓  头发儿 (Produced by Groovemiki) / 颗粒
[2149/7454] ✓  Caprices / Paganini: 24 Caprices
[2150/7454] ✓  恋の足音 / 河野伸
[2151/7454] ✓  A Brokedown Melody / Jack Johnson
[2152/7454] ✓  百年孤寂 / 王菲
[2153/7454] ✓  Run / Leona Lewis
[2154/7454] ✓  恋我癖 / 蔡依林
[2155/7454] ✓  思ひで（追忆） / 鈴木常吉
[2157/7454] ✓  Elgar - Cello Concerto in E minor Op.85 - I. Adagio - Moderato / Jacqueline du Pré
[2156/7454] ✓  Cheap Thrills / Sia
[2158/7454] ✓  さよなら、お月様 / MEMELOME
[2159/7454] ✓  Hungarian Rhapsody No.2 in C sharp minor / Liszt：The 19 Hungarian Rhapsodies
[2160/7454] ✓  Medicine / Daughter
[2161/7454] ✓  Stay Gold / 大橋トリオ
[2162/7454] ✓  Moon Rabbit / a_hisa
[2163/7454] ✓  Plum Blossom (2003 Remix) / Ian Widgery
[2164/7454] ✓  Superstar / Carpenters
[2167/7454] ✓  Jambalaya / Carpenters
[2166/7454] ✓  This Masquerade / Carpenters
[2165/7454] ✓  Rainy Days And Mondays / Carpenters
[2168/7454] ✓  掩体67年-冥王星的雪 / 王利夫
[2169/7454] ✓  金蛇狂舞 (TRAP FLIP) / Howie Lee
[2170/7454] ✓  她她她 / 金池
[2171/7454] ✓  風のとおり道 / AUN Jクラシックオーケストラ
[2173/7454] ✓  想い出は遠くの日々 / 天門
[2172/7454] ✓  東から来た少年 / 久石譲
[2174/7454] ✓  世界同時多発ラブ仮病捏造バラード / 小南泰葉
[2176/7454] ✓  Opus / 坂本龍一
[2175/7454] ✓  #NAME? / Bruno Wen-li
[2177/7454] ✓  门 / Howie Lee
[2178/7454] ✓  折桂令 / 原子邦妮 Astro Bunny
[2179/7454] ✓  眠 / 尾澤拓実
[2180/7454] ✓  竹田の子守唄（京都府民謡） / mammy Sino
[2181/7454] ✓  カプチーノ / ともさかりえ
[2182/7454] ✓  水母 / 现象师
[2183/7454] ✓  エレジー2 / 菊地成孔
[2184/7454] ✓  Be Here To Love Me / Norah Jones
[2185/7454] ✓  Young / Vallis Alps
[2186/7454] ✓  Carnival Town / Norah Jones
[2187/7454] ✓  崇拜 / 梁静茹
[2188/7454] ✓  三年幻想郷 / 神乃木製作所
[2190/7454] ✓  赤とんぼ / 坂本龍一
[2189/7454] ✓  Wait and See / Monogem
[2191/7454] ✓  Deep into It / Larry Carlton
[2192/7454] ✓  For Mom / Buckethead
[2193/7454] ✓  Feel Real / Daniel Woolhouse
[2196/7454] ⏭  SKIP (duplicate key): 我真的受伤了 (Live) / 张学友
[2194/7454] ✓  Last-M / 林ゆうき
[2197/7454] ✓  Sight / 小林武史
[2195/7454] ✓  Drops / FKJ
[2198/7454] ✓  扫兴 / 王菲
[2199/7454] ✓  Wicked Game / Chris Isaak
[2200/7454] ✓  Feedback / Kanye West
[2201/7454] ✓  Famous / Kanye West
[2202/7454] ✓  浮躁 / 王菲
[2203/7454] ✓  无奈的孽缘 / 邱比
[2204/7454] ✓  湘靈鼓瑟 / 假假條
[2205/7454] ✓  血腥爱情故事 / 张惠妹
[2206/7454] ✓  November / Message to Bears
[2207/7454] ✓  君ノ記憶 / mao
[2208/7454] ✓  暮春秋色 / 译
[2209/7454] ❌ API FAIL (attempt 1): かざむき — JSON parse failed: {"mood_tags":["dreamy","misty","restrained"],"texture_tags":["soft_synth","ambient_pad","reverb_heavy","vocal_breath"],"negative_tags":[],"energy":0.35,"brightness":0.4,"density":0.35,"warmth":0.5,"rh
[2210/7454] ✓  Twenty-Something / Pet Shop Boys
[2211/7454] ✓  落叶荒寺 / 郑玮莹
[2213/7454] ⏭  SKIP (duplicate key): Far from Any Road / The Handsome Family
[2209/7454] ✓  かざむき / セブンスヘブンMAXION
[2212/7454] ✓  Theme From Lupin 3(Full size version) / 大野雄二
[2215/7454] ✓  Blue on Blue / Say Lou Lou
[2214/7454] ✓  His Smile / 麗美
[2216/7454] ✓  Minamo / DJ OKAWARI
[2217/7454] ✓  Too Bright / Perfume Genius
[2218/7454] ✓  木蓮のクリーム / ともさかりえ
[2219/7454] ✓  Forwards / Tom Day
[2220/7454] ✓  二十二桥枫别雨 / 墨明棋妙
[2221/7454] ✓  時さえ忘れて / 菊地成孔
[2222/7454] ✓  万里の長城 / 太田美知彦
[2224/7454] ✓  La Sola / 川井憲次
[2223/7454] ✓  暗くなるまで待って / 菊地成孔
[2225/7454] ✓  ふたりの気持ち / 和田薫
[2226/7454] ✓  Walk alone in Christmas / 梁晓雪
[2227/7454] ✓  カノン / Janis Crunch
[2228/7454] ✓  我的父亲母亲 (终曲) / 三宝
[2229/7454] ✓  Everything at Once / Travis
[2230/7454] ✓  Life After Death / Grimes
[2231/7454] ✓  Breathin' (Extended Vocal Mix) / EDX
[2232/7454] ✓  Celtic Sphere / Margot Reisinger
[2233/7454] ✓  Lillies of the valley / Thomas Hanreich
[2234/7454] ✓  TRUE LOVE / 藤井フミヤ
[2235/7454] ✓  waltz / Fragrance of Notes
[2236/7454] ✓  From The Morning / Wool Strings
[2237/7454] ✓  我的海洋 / 吴金黛
[2239/7454] ✓  Lazy Calm / Cocteau Twins
[2238/7454] ✓  无力之王 / 逆耳乐队
[2240/7454] ✓  噢!乖 / 窦唯
[2241/7454] ✓  冬至 / 莫文蔚
[2242/7454] ✓  気楽なお祭り日和 / 梅林茂
[2243/7454] ✓  Waiting Just for You / Isgaard
[2244/7454] ✓  Merry Christmas Mr Lawrence (Somewhere Far Away) / Faryl Smith
[2245/7454] ✓  诱惑的街 / 林忆莲
[2246/7454] ✓  盛开 / 痛仰乐队
[2247/7454] ✓  SkTrs / Rotting Air
[2248/7454] ✓  Violin Concerto In D / Beethoven & Britten Violin Concertos
[2249/7454] ✓  微笑的弧度 / 何真真
[2250/7454] ✓  Theme of SSS / ANANT-GARDE EYES
[2252/7454] ✓  山居岁月 / 萤火虫
[2251/7454] ✓  Palace Memories~Sunset / S.E.N.S.
[2254/7454] ⏭  SKIP (duplicate key): 盛开 (Live) / 痛仰乐队
[2253/7454] ✓  No Other Way / Snakehips
[2256/7454] ✓  莫斯科郊外的晚上 / 关牧村
[2255/7454] ✓  Dornenweich / Dunkelschön
[2257/7454] ✓  北国之春 / 关牧村
[2258/7454] ✓  旅行中忘记 / 袁娅维
[2259/7454] ✓  蓝色 / 叶蓓
[2260/7454] ✓  谁 / 谢雨欣
[2261/7454] ✓  amenohi / mitsuyoshi matsuda
[2262/7454] ✓  闇に降る雨 / 椎名林檎
[2263/7454] ✓  一个人的雨 / 萤火虫
[2264/7454] ❌ API FAIL (attempt 1): Sign of the Snow Crane — JSON parse failed: {"mood_tags":["introspective","melancholic","restrained"],"texture_tags":["piano","string","cinematic","minimal"],"energy":0.2,"brightness":0.3,"density":0.25,"warmth":0.4,"rhythmic_motion":0.15,"voca
[2265/7454] ✓  出嫁 / 郑玮莹
[2266/7454] ✓  夜未央 / 袁泉
[2264/7454] ❌ API FAIL (attempt 2): Sign of the Snow Crane — JSON parse failed: {"mood_tags":["introspective","melancholic","restrained"],"texture_tags":["piano","string","cinematic","minimal"],"energy":0.15,"brightness":0.3,"density":0.2,"warmth":0.35,"rhythmic_motion":0.1,"voca
[2267/7454] ✓  里山 / 羽毛田丈史
[2268/7454] ✓  御殿 / 石田勝範
[2264/7454] ✓  Sign of the Snow Crane / 松居和
[2269/7454] ✓  Grace ~ Jin-Roh ~ Omega / 溝口肇
[2270/7454] ✓  雨舞 / 萤火虫
[2271/7454] ✓  6 Etudes d'exécution transcendante d'après Paganini / Liszt: Favourite Piano Works
[2272/7454] ✓  Relief / Stillife
[2273/7454] ✓  Frosthauch / Neun Welten
[2274/7454] ✓  弥勒世果報 - undercooled (instrumental) / 坂本龍一
[2275/7454] ✓  The Clouds In Camarillo / Brazzaville
[2277/7454] ✓  Pregnant Pause / Wild Beasts
[2276/7454] ✓  Head Over Heels / Tears For Fears
[2278/7454] ✓  Favours / Brett
[2279/7454] ✓  歌舞伎町の女王 / 椎名林檎
[2280/7454] ✓  海鸥 / 逆耳乐队
[2281/7454] ❌ API FAIL (attempt 1): Franz Schubert Standchen D.957 Nr.4 — JSON parse failed: {"mood_tags":["introspective","melancholic","restrained"],"texture_tags":["string","minimal","cinematic"],"energy":0.15,"brightness":0.3,"density":0.2,"warmth":0.45,"rhythmic_motion":0.1,"vocal_presen
[2283/7454] ✓  Slacks / St. South
[2282/7454] ✓  Animal Fazenda / 跳房子
[2281/7454] ✓  Franz Schubert Standchen D.957 Nr.4 / Arthur Grumiaux
[2284/7454] ✓  Beauty / Wolf Colony
[2287/7454] ⏭  SKIP (duplicate key): Work (R3hab Remix) / Rihanna
[2285/7454] ✓  Lean On / Major Lazer
[2286/7454] ✓  Watch / Milk & Bone
[2288/7454] ✓  Crush / Usher
[2289/7454] ✓  鱼 / 陈小霞
[2291/7454] ✓  We Don't Talk Anymore (Heyder Remix) / Heyder
[2290/7454] ✓  Lullaby / The Cure
[2292/7454] ✓  String Quartet no.17 in B flat major K.458 ‘The Hunt’: IV. Allegro assai / Jerusalem Quartet
[2294/7454] ✓  Wolfgang Amadeus Mozart Menuett aus Divertimento D-dur KV334 / Arthur Grumiaux
[2293/7454] ✓  Bon Voyage / TRIX
[2295/7454] ✓  Mr.Lawrence / VOLTA MASTERS
[2296/7454] ✓  Mushaboom / Feist
[2297/7454] ✓  Not Going Home / Great Good Fine Ok
[2298/7454] ✓  Violin Concerto In E Minor / Mendelssohn & Glazunov  Violin Concertos
[2299/7454] ✓  Merry Christmas Mr. Lawrence / Various Artists
[2300/7454] ✓  Merry Christmas Mr. Lawrence / Martin Ermen
[2301/7454] ✓  Merry Christmas Mr. Lawrence / City of Prague Philharmonic Orchestra
[2302/7454] ✓  戦場のメリークリスマス / 吉田兄弟
[2303/7454] ✓  Father Christmas / 坂本龍一
[2306/7454] ⏭  SKIP (duplicate key): Merry Christmas Mr. Lawrence (2012_12_09 Seoul Set1) / 坂本龍一
[2304/7454] ✓  Merry Christmas Mr. Lawrence / Anastasi
[2305/7454] ✓  MERRY CHRISTMAS MR. LAWRENCE / 春畑道哉
[2308/7454] ✓  Just Give Me a Reason / Nate Ruess
[2307/7454] ✓  Sweet Disposition / The Temper Trap
[2309/7454] ✓  Secrets AMFB Onerepublic / Bryson Andres
[2310/7454] ✓  南国的孩子 / 安溥
[2311/7454] ✓  It's Personal / The Radio Dept.
[2312/7454] ✓  夏の終わりに / 神山純一
[2314/7454] ✓  暁の光 / 上妻宏光
[2313/7454] ✓  Nocturne No. 20 Op. Posth. In C Sharp Minor / Sarah Chang
[2315/7454] ✓  给未来的自己 / 梁静茹
[2316/7454] ✓  Thunder / Woman's Hour
[2317/7454] ✓  Forbidden Colours / 坂本龍一
[2318/7454] ✓  もののけ姫 / 奥戸巴寿
[2319/7454] ✓  Second Heartbeat / Shy Girls
[2320/7454] ✓  心惊胆战 / 王菲
[2321/7454] ✓  桜(さくら) / 贾鹏芳
[2322/7454] ❌ API FAIL (attempt 1): 吾妻 (Live) — JSON parse failed: {"mood_tags":["nostalgic","melancholic","warm"],"texture_tags":["acoustic","vocal_breath","string"],"energy":0.35,"brightness":0.4,"density":0.4,"warmth":0.6,"rhythmic_motion":0.3,"vocal_presence":0.7
[2323/7454] ✓  Yellow / Coldplay
[2324/7454] ✓  Winter Dance / Uttara-Kuru
[2322/7454] ✓  吾妻 (Live) / 李雨
[2325/7454] ✓  somewhere else / Mesita
[2326/7454] ✓  Two Weeks / FKA twigs
[2327/7454] ✓  もらい泣き / 武部聡志
[2330/7454] ⏭  SKIP (duplicate key): Clair de lune (from Suite bergamasque) / Claude Debussy
[2328/7454] ✓  koko / 坂本龍一
[2329/7454] ✓  睡莲 / 贾鹏芳
[2331/7454] ✓  Three Is An Orgy / Satyriasis: Somewhere Between Equilibrium and Nihilism
[2332/7454] ✓  陰陽師2メインテーマ / 梅林茂
[2333/7454] ✓  Lai Lai Hei / Ensiferum
[2334/7454] ✓  The World Is Our ___ / This Will Destroy You
[2335/7454] ✓  诱惑的街 (Live) / 梁静茹
[2336/7454] ✓  All Is Violent / All Is Violent
[2337/7454] ✓  Amore / 坂本龍一
[2338/7454] ✓  雨の夜明け / 大貫妙子
[2339/7454] ✓  Romance for Violin and Orchestra / Michael Hoppé
[2340/7454] ✓  How can I be sure / Anomie Belle
[2341/7454] ✓  Shining Boy & Little Randy / 星になった少年 / 坂本龍一
[2342/7454] ✓  许愿池的希腊少女 / 王菀之
[2343/7454] ✓  Solveig's Song / Raphael Wallfisch
[2344/7454] ✓  Henry / Nanofingers
[2345/7454] ✓  a life / 大貫妙子
[2346/7454] ✓  Unknown Coordinates / Dom Mino'
[2347/7454] ✓  Schumann / The Romantic Violinist: A Celebration of Joseph Joachim
[2348/7454] ✓  Waltz For Afternoons / Eric Harry
[2349/7454] ✓  タンゴ / 坂本龍一
[2350/7454] ✓  美貌の青空 / 坂本龍一
[2352/7454] ✓  学会 / 王菀之
[2351/7454] ✓  The Man Who Sold The World / Nirvana
[2353/7454] ✓  若き日の望楼 / 大貫妙子
[2355/7454] ✓  1973 / James Blunt
[2354/7454] ✓  6 Jobs / 现象师
[2356/7454] ✓  Time After Time ～花舞う街で～-Theater Version- / 倉木麻衣
[2358/7454] ✓  Merry Christmas Mr.Lawrence / Rin'
[2357/7454] ✓  迷夜 Pt.I / Dopamine
[2359/7454] ✓  Alive / Sia
[2360/7454] ✓  Fluid / Amy Kuney
[2362/7454] ✓  失忆 / 梁静茹
[2361/7454] ✓  mum / 颗粒
[2363/7454] ✓  Fengari / Ataraxia
[2366/7454] ⏭  SKIP (duplicate key): Sakitama~幸魂~ (Instrumental) / Rin'
[2364/7454] ✓  Sea / The Moon and the Melodies
[2365/7454] ✓  Discovery / The Names
[2367/7454] ✓  为你我受冷风吹 (国语) (Live) / 林忆莲
[2368/7454] ✓  Risa / 本田雅人
[2369/7454] ✓  Explosions on the Ground / oNEwAY
[2370/7454] ✓  Forever Lost / All Is Bright
[2371/7454] ✓  雨天广场 / Secrets of Young
[2373/7454] ⏭  SKIP (duplicate key): 迷失表参道 / 王菀之
[2372/7454] ✓  400 Lux / Lorde
[2375/7454] ✓  Once Upon More Beautiful Days: In Memory of my Parents / János Starker
[2374/7454] ✓  Crime Pays / Bear Hands
[2376/7454] ✓  Everything Is Embarrassing / Sky Ferreira
[2378/7454] ✓  Fringe Main Title Theme (Composed by J.J. Abrams) / Chris Tilton
[2377/7454] ✓  森林狂想曲 / 吴金黛
[2379/7454] ✓  Intro / Alt-J
[2381/7454] ✓  Your Best Friend / 倉木麻衣
[2380/7454] ✓  南方 (Live) / 达达
[2382/7454] ✓  Scream / Grimes
[2384/7454] ✓  Celebration / Madonna
[2385/7454] ✓  Danse Macabre / Ophelia's Dream
[2383/7454] ✓  The Hills / The Weeknd
[2386/7454] ✓  Time Is Running Out / Muse
[2388/7454] ✓  Earth / Brian Crain
[2390/7454] ⏭  SKIP (duplicate key): 香奈儿 / 王菲
[2387/7454] ✓  Stairway to Heaven / Led Zeppelin
[2391/7454] ✓  Lost Stars / Adam Levine
[2389/7454] ✓  Learning Your Way / Lucy Iris
[2392/7454] ✓  My Way / Calvin Harris
[2393/7454] ✓  Juvenescence / verzache
[2394/7454] ✓  if only / ROOK1E
[2395/7454] ✓  Ramona / Ieuan
[2396/7454] ✓  lullaby / mt. marcy
[2397/7454] ✓  其实我一直都想对你说 / 莫文蔚
[2398/7454] ✓  不是我不明白 / 梁静茹
[2400/7454] ✓  夜里 / Doris何小河
[2401/7454] ✓  女爵 (Live) / 苏打绿
[2399/7454] ✓  逛街 / 戴佩妮
[2402/7454] ✓  L1 / Mooncake
[2403/7454] ✓  So Much More / Ally Kerr
[2404/7454] ✓  Talk Dirty / Jason Derulo
[2405/7454] ✓  Fancy / Iggy Azalea
[2406/7454] ✓  Dark Horse / Juicy J
[2407/7454] ✓  Am I Wrong / Nico & Vinz
[2408/7454] ✓  Wake Me Up / Avicii
[2411/7454] ⏭  SKIP (duplicate key): 盛夏光年 / 林忆莲
[2409/7454] ✓  Roar / Katy Perry
[2412/7454] ✓  So Young / Suede
[2410/7454] ✓  Crazy / Daniela Andrade
[2413/7454] ✓  不潮不用花钱 (Live) / 李玟
[2414/7454] ✓  Waves / Kanye West
[2416/7454] ✓  Engagement Party / Justin Hurwitz
[2415/7454] ✓  Planetarium / Justin Hurwitz
[2417/7454] ✓  Epilogue / Justin Hurwitz
[2418/7454] ✓  The End / Justin Hurwitz
[2419/7454] ✓  时间里的飞人 / 莫文蔚
[2420/7454] ✓  外婆 / 上海彩虹室内合唱团
[2421/7454] ✓  明明爱你 / 林凡
[2422/7454] ✓  Settlement of the past / K2 SOUND
[2423/7454] ✓  風待ち / 伍々慧
[2425/7454] ✓  99%的女孩 / 法式绮思
[2424/7454] ✓  窒息 (Suffocate) / 余佳运
[2426/7454] ✓  朝霧の森から / 神山純一
[2427/7454] ✓  想いの寄り方は不均一 / 加藤達也
[2428/7454] ✓  Craving You / Thomas Rhett
[2429/7454] ✓  どうして… / 凋叶棕
[2430/7454] ✓  Love Me Like You / Little Mix
[2431/7454] ✓  Last Chance / M.Y.M.P.
[2432/7454] ✓  Past And Language / toe
[2433/7454] ✓  tomorrow we'll be dying / Drawing The Endless Shore
[2434/7454] ✓  II / Athletics
[2435/7454] ✓  American Girl / Wafia
[2436/7454] ✓  My Songs Know What You Did In the Dark (Light Em Up) / Fall Out Boy
[2437/7454] ✓  Holiday / Green Day
[2438/7454] ✓  Stronger (What Doesn't Kill You) / Kelly Clarkson
[2440/7454] ✓  Violin Concerto No. 2 in B minor / Op. 7
[2439/7454] ✓  Bang Bang / Jessie J
[2441/7454] ✓  Everything Will Flow / Suede
[2443/7454] ✓  California Nights / Best Coast
[2442/7454] ❌ API FAIL (attempt 1): Kettering — JSON parse failed: {"mood_tags":["melancholic","lonely","introspective"],"texture_tags":["piano","string","reverb_heavy","vocal_breath"],"negative_tags":[],"energy":0.2,"brightness":0.2,"density":0.35,"warmth":0.3,"rhyt
[2444/7454] ✓  Assassins Creed Theme / Lorne Balfe
[2445/7454] ✓  Theme of Laura / 山岡晃
[2442/7454] ✓  Kettering / The Antlers
[2446/7454] ✓  Promise / 山岡晃
[2447/7454] ✓  Time to Say Goodbye / Casey Lee Williams
[2448/7454] ✓  Mad World / Martin Ermen
[2449/7454] ✓  隐藏 在北京(Howie Lee Edit) / 隐藏
[2450/7454] ✓  祭 (Ritual) / Jason Hou
[2451/7454] ✓  戏 (Drama) / Jason Hou
[2452/7454] ✓  Nanking Road (Instrumental) / The Shanghai Restoration Project
[2453/7454] ✓  昆曲【牡丹亭·游园·皂罗袍】 / 新乐府
[2454/7454] ❌ API FAIL (attempt 1): Dragon's Tail — JSON parse failed: {"mood_tags":["restless","urban","unresolved"],"texture_tags":["cold_synth","electric_distant","field_recording","minimal"],"energy":0.6,"brightness":0.4,"density":0.55,"warmth":0.3,"rhythmic_motion":
[2455/7454] ✓  喜洋洋 / Guzz
[2456/7454] ✓  China Girl / Various Artists
[2454/7454] ✓  Dragon's Tail / Do Hits
[2457/7454] ✓  M&K - 山涧雪 (feat.鸦青) 古风 / M&K
[2459/7454] ✓  南墙 / Triso
[2460/7454] ✓  山水恋 Landscape in Love / 孟奇
[2458/7454] ✓  酒狂 + 广陵散 (3ASiC Flip) / 3ASiC
[2461/7454] ✓  Aranya (Original Mix) / Carta
[2462/7454] ✓  双思五更 / 王利夫
[2464/7454] ⏭  SKIP (duplicate key): 你快乐 (所以我快乐) / 王菲
[2463/7454] ✓  催眠 / 王菲
[2465/7454] ✓  感情生活 (Live) / 王菲
[2466/7454] ❌ API FAIL (attempt 1): 烟 — JSON parse failed: {"mood_tags":["melancholic","misty","restrained"],"texture_tags":["piano","string","vocal_breath","reverb_heavy"],"energy":0.35,"brightness":0.3,"density":0.4,"warmth":0.4,"rhythmic_motion":0.25,"voca
[2467/7454] ✓  色诫 / 王菲
[2468/7454] ✓  匆匆那年 / 王菲
[2466/7454] ❌ API FAIL (attempt 2): 烟 — JSON parse failed: {"mood_tags":["introspective","melancholic","restrained"],"texture_tags":["piano","string","vocal_breath","reverb_heavy"],"energy":0.25,"brightness":0.3,"density":0.35,"warmth":0.4,"rhythmic_motion":0
[2469/7454] ✓  流星 / 王菲
[2470/7454] ✓  微风细雨 / 王菲
[2466/7454] ✓  烟 / 王菲
[2471/7454] ✓  君心我心 / 王菲
[2472/7454] ✓  小聪明 / 王菲
[2473/7454] ✓  白痴 / 王菲
[2474/7454] ✓  With Tomorrow / This Mortal Coil
[2475/7454] ✓  爱不可及 / 王菲
[2476/7454] ✓  矜持 / 王菲
[2477/7454] ✓  只愿为你守着约 / 王菲
[2478/7454] ✓  过眼云烟 (Live) / 王菲
[2479/7454] ✓  天空 / 王菲
[2480/7454] ✓  眷恋 / 王菲
[2481/7454] ✓  我愿意 / 王菲
[2482/7454] 🔄 RETRY 1/3: Careless Whisper — vocab errors: texture_tag "saxophone" not in closed vocab
[2483/7454] ✓  Faith / George Michael
[2484/7454] ✓  Jesus To A Child / George Michael
[2482/7454] 🔄 RETRY 2/3: Careless Whisper — vocab errors: texture_tag "saxophone" not in closed vocab
[2485/7454] ✓  Jingle / George Michael
[2482/7454] 🔄 RETRY 3/3: Careless Whisper — vocab errors: texture_tag "saxophone" not in closed vocab
[2482/7454] ✗  DROPPED after 3 retries: Careless Whisper — vocab errors: texture_tag "saxophone" not in closed vocab
[2486/7454] ✓  Don't Let The Sun Go Down On Me / George Michael
[2489/7454] ✓  Amazing / George Michael
[2488/7454] ✓  I Can't Make You Love Me / George Michael
[2487/7454] ✓  You Have Been Loved / George Michael
[2490/7454] ✓  Freedom / George Michael
[2491/7454] ✓  The First Time Ever I Saw Your Face / George Michael
[2492/7454] ✓  Somebody To Love / George Michael
[2493/7454] ✓  Praying For Time / George Michael
[2494/7454] ✓  Bad Boys / Wham!
[2495/7454] ✓  Club Tropicana / Wham!
[2496/7454] ✓  I'm Your Man / Wham!
[2497/7454] ✓  Like A Baby / Wham!
[2498/7454] ✓  Where Did Your Heart Go? (Edit Version) / Wham!
[2499/7454] ✓  Wake Me Up Before You Go-Go / Wham!
[2500/7454] ✓  The Edge Of Heaven / Wham!
[2501/7454] ✓  Banana Skit / M.I.A.
[2503/7454] ✓  Fire Fire / M.I.A.
[2502/7454] ✓  Bucky Done Gun / M.I.A.
[2504/7454] ✓  Freedom Skit / M.I.A.
[2505/7454] ✓  Bingo / M.I.A.
[2506/7454] ✓  Hombre / M.I.A.
[2507/7454] ✓  One for the Head Skit / M.I.A.
[2508/7454] ✓  10 Dollar / M.I.A.
[2509/7454] ✓  Sunshowers / M.I.A.
[2510/7454] ✓  M.I.A. / M.I.A.
[2513/7454] ⏭  SKIP (duplicate key): Merry Christmas Mr Lawrence / Various Artists
[2511/7454] ✓  Dash the Curry Skit / M.I.A.
[2512/7454] ✓  U.R.A.Q.T. / M.I.A.
[2514/7454] ✓  Merry Christmas Mr. Lawrence - FYI / 宇多田ヒカル
[2515/7454] ✓  Merry Christmas Mr.Lawrence -Rocket Girl / Saint Vox
[2516/7454] ✓  戦場のメリー・クリスマス / 村治佳織
[2517/7454] ✓  Nothing to Lose / Chris Minh Doky
[2518/7454] ✓  Tossed Salad & Scrambled Eggs / Chris Minh Doky
[2519/7454] ✓  My Favourite Things / Chris Minh Doky
[2520/7454] ✓  Godfather / Chris Minh Doky
[2521/7454] ✓  Merry Christmas Mr. Lawrence / Richard Clayderman
[2522/7454] ✓  Merry Christmas Mr.Lawrence (Heart of Asia) (Sara Pollino VS Jamaster A Chill Out Mix) / 杨振龙
[2524/7454] ✓  Merry Christmas Mr. Lawrence / The Standard Club
[2523/7454] ✓  メリー・クリスマス・ミスター・ローレンス~映画「戦場のメリー・クリスマス」より / 坂本龍一
[2526/7454] ✓  Station / Låpsley
[2525/7454] ✓  Merry Christmas Mr. Lawrence (Wired Snow Mix) / TMZ
[2527/7454] ✓  Heartless / Kanye West
[2528/7454] ✓  Wuthering Heights / Kate Bush
[2529/7454] ✓  Lights On / FKA twigs
[2530/7454] ✓  Dog Days Are Over / Florence + the Machine
[2531/7454] ✓  More Than This / Roxy Music
[2532/7454] ✓  Christine / Christine and the Queens
[2533/7454] ✓  Nightporter / Japan
[2534/7454] ✓  Go West / Pet Shop Boys
[2535/7454] ✓  青春骊歌 / 拜金小姐
[2536/7454] ✓  Smokey Taboo / CocoRosie
[2537/7454] ✓  Heavyweight [140 BPM] / Infected Mushroom
[2538/7454] ✓  Garden / Totally Enormous Extinct Dinosaurs
[2539/7454] ✓  Bleed Bleed Bleed / Thieves Like Us
[2540/7454] ✓  Keep the Streets Empty for Me / Fever Ray
[2541/7454] ✓  Heaven Sent / J-Louis
[2542/7454] ✓  X Marks the Spot / Ghostpoet
[2543/7454] ✓  Let England Shake / PJ Harvey
[2544/7454] ❌ API FAIL (attempt 1): An Deiner Seite — JSON parse failed: {"mood_tags":["melancholic","nostalgic","restrained"],"texture_tags":["piano","string","reverb_heavy","vocal_breath"],"negative_tags":[],"energy":0.35,"brightness":0.3,"density":0.4,"warmth":0.45,"rhy
[2545/7454] ✓  Teach Me to Love / Mono Inc.
[2546/7454] ✓  Don't Fall In Love / Still Corners
[2544/7454] ✓  An Deiner Seite / Unheilig
[2547/7454] ✓  Conclusio / sToa
[2548/7454] ✓  Autumn / sToa
[2549/7454] ✓  Road To Sweet Waters / Dead Man's Hill
[2550/7454] ✓  Battles / DNKL
[2551/7454] ✓  Eternal Autumn / Forest of shadows
[2552/7454] ✓  Illusory Me / Love Spirals Downwards
[2553/7454] ✓  Tattooed Man / Coil
[2554/7454] ✓  Many Moons Ago / Empyrium
[2555/7454] ✓  Sadness Is Rebellion / Lebanon Hanover
[2556/7454] ✓  The One Left / Tropic of Cancer
[2557/7454] ✓  Immigrant Song / Karen O
[2558/7454] ✓  Piece Of Wick Alight In A Pine / Soul Whirling Somewhere
[2559/7454] ✓  Colors In Stereo / Moonlit Sailor
[2560/7454] ✓  Small Steps / Saxon Shore
[2561/7454] ✓  No Particular Night Or Morning / Deadhorse
[2562/7454] ✓  I Miss The Happy Times We Had As I Walked Alone On The Shoreline / Armand Tanzarian
[2563/7454] ✓  Gamle årringer / Spurv
[2564/7454] ✓  Broken Flowers / Arktika
[2565/7454] ✓  III / Líam
[2566/7454] ✓  Shoreline / Deas Vail
[2567/7454] ✓  Five O' Clock / Away the ways
[2568/7454] ✓  The Highest Bliss / Somniaferum
[2569/7454] ✓  Jessamine / If Anything Happens To The Cat
[2570/7454] ✓  Flying Dreams / Jeff Ball
[2571/7454] ✓  Chalkboard Game / Alison's Halo
[2572/7454] ✓  Love Will Set You Free / Sunrise
[2573/7454] ✓  I Know the Words You'll Say to Me / Scythelence
[2574/7454] ✓  MAD (Maturity After Depression)  Live / Echolight
[2575/7454] ✓  Forever Lost / God Is An Astronaut
[2576/7454] ✓  Through The Alter Ego Justifications / The Seven Mile Journey
[2577/7454] ❌ API FAIL (attempt 1): One Day You Will Teach Me To Let Go Of My Fears — JSON parse failed: {"mood_tags":["introspective","melancholic","hopeful"],"texture_tags":["ambient_pad","cinematic","electric_distant","reverb_heavy"],"energy":0.35,"brightness":0.4,"density":0.5,"warmth":0.45,"rhythmic
[2578/7454] ✓  Alles / Was Blieb
[2579/7454] ✓  March Of The New King / Sophia
[2577/7454] ✓  One Day You Will Teach Me To Let Go Of My Fears / Sleepmakeswaves
[2580/7454] ✓  The Only Moment We Were Alone / Explosions In The Sky
[2581/7454] ✓  departure / Stellardrive
[2582/7454] ✓  Иные цвета / Слезы смешны
[2584/7454] ✓  Steena Luv? / SAVİUM
[2583/7454] ✓  Без макияжа / Слезы смешны
[2585/7454] ❌ API FAIL (attempt 1): First Breath After Coma — JSON parse failed: {"mood_tags":["hopeful","restrained","melancholic"],"texture_tags":["cinematic","string","reverb_heavy","electric_distant"],"energy":0.35,"brightness":0.5,"density":0.4,"warmth":0.45,"rhythmic_motion"
[2586/7454] ✓  Call / The American Dollar
[2587/7454] ✓  Twelve Days Awake / The American Dollar
[2585/7454] ✓  First Breath After Coma / Explosions In The Sky
[2589/7454] ✓  the Air Between Us / Hammock
[2588/7454] ✓  From Another Time / As the Stars Fall
[2590/7454] ✓  MIR / Lights Out Asia
[2591/7454] ✓  Zodiac / God Is An Astronaut
[2592/7454] ✓  100 years of choke / world's end girlfriend
[2593/7454] ✓  结束曲 / 伏羲
[2594/7454] ✓  Someone To Remember / From The Sky
[2595/7454] ✓  Carpe / Russian Circles
[2596/7454] ✓  december / euphoria
[2597/7454] ✓  Drifted / The Shoes
[2598/7454] ✓  暧昧 / 王菲
[2599/7454] 🔄 RETRY 1/3: Riptide — vocab errors: texture_tag "ukulele" not in closed vocab
[2600/7454] ✓  Play With Fire / Vance Joy
[2601/7454] ✓  Kidney Bingos / Wire
[2603/7454] ✓  Being Beige / The Smashing Pumpkins
[2599/7454] ✓  Riptide / Vance Joy
[2602/7454] ✓  Policy of Truth / Depeche Mode
[2604/7454] ✓  Something Good / Alt-J
[2605/7454] ✓  The Writing's on the Wall / OK Go
[2606/7454] ✓  Bodyrock / Moby
[2607/7454] ✓  I Won't Let You Down / OK Go
[2609/7454] ✓  Piano Concerto No.2 In C / Op.18: Allegro Scherzando
[2608/7454] ✓  Porcelain / Moby
[2610/7454] ✓  Piano Concerto No.2 In C / Op.18: Adagio Sostenuto
[2611/7454] ✓  Piano Concerto No.2 In C / Op.18: Moderato
[2612/7454] ❌ API FAIL (attempt 1): El Tango de Roxanne — JSON parse failed: {"mood_tags":["restless","sensual","melancholic"],"texture_tags":["acoustic","string","cinematic","vocal_breath"],"negative_tags":[],"energy":0.7,"brightness":0.4,"density":0.7,"warmth":0.5,"rhythmic_
[2613/7454] ✓  1953 / Ólafur Arnalds
[2614/7454] ✓  1440 / Ólafur Arnalds
[2612/7454] ✓  El Tango de Roxanne / Ewan McGregor
[2615/7454] ✓  0448/0729 / Ólafur Arnalds
[2616/7454] ✓  40 / Ólafur Arnalds
[2617/7454] ✓  叙事曲 / 薛伟
[2618/7454] ✓  Franz Liszt: Ballade No.1 - Le chant du croisé - Première Ballade / S.170
[2619/7454] ✓  Bénédiction de Dieu dans la solitude / for piano - Ballade
[2621/7454] ✓  Ballade / Op.46
[2620/7454] ✓  Ballade / André Rieu
[2622/7454] ✓  Frédéric Chopin: Ballade No.1 in G minor / Op.23
[2623/7454] ✓  Frédéric Chopin: Ballade No.3 in A flat / Op.47
[2624/7454] ✓  Frédéric Chopin: Ballade No.4 in F minor / Op.52
[2625/7454] ✓  Johannes Brahms: 4 Ballades / Op.10 - No.1 in D minor
[2626/7454] ✓  Johannes Brahms: 4 Ballades / Op.10 - No.2 in D
[2627/7454] ✓  豫北叙事曲 / 宋飞
[2628/7454] ✓  Claude Debussy: Ballades de François Villon (3) / song cycle for voice & piano (or orchestra)
[2630/7454] ✓  Suite For Two Pianos 'K-Pop' - II. K-Ballade / The Serendipity
[2629/7454] ✓  Charles Villiers Stanford: Suite for violin and orchestra / Op.32 - 3. Ballade
[2631/7454] ✓  Gottschalk : Ballade No.6 Op.83 / Noël Lee
[2632/7454] ✓  Clara Schumann: Soirees musicales / Op. 6  - No. 4. Ballade in D minor
[2633/7454] ✓  Salomon Jadassohn: Piano Concerto No.1 in C minor / Op.89 - 3. Ballade: Allegro patetico - Molto più
[2634/7454] ✓  Moritz Moszkowski: Ballade in G minor / Op.16 No.1
[2635/7454] ✓  兰花花叙事曲 / 于红梅
[2638/7454] ⏭  SKIP (duplicate key): 送別 / 齊豫
[2636/7454] ✓  Eugène Ysaÿe: Sonata for violin solo No. 3 in D minor (""Ballade"") / Op. 27
[2640/7454] ⏭  SKIP (duplicate key): 追光者 (電視劇《夏至未至》插曲) / 岑寧兒
[2637/7454] ✓  Ballade / Jac Van Steen
[2642/7454] ⏭  SKIP (duplicate key): Let It Roll / 孫盛希
[2639/7454] ✓  Into the New World / Girls' Generation
[2644/7454] ⏭  SKIP (duplicate key): Superstar (feat. Matthew Santos) / Lupe Fiasco
[2645/7454] ⏭  SKIP (duplicate key): C'est La Vie / 梁靜茹
[2646/7454] ⏭  SKIP (duplicate key): 花心 / 周華健
[2641/7454] ✓  Eternity and a Day: V. Depart and Eternity Theme / Eleni Karaindrou
[2643/7454] ✓  Princess Mononoke Theme Song (Vocal) / 久石讓
[2647/7454] ✓  光年之外 (電影 《Passengers》 中國區主題曲) / 鄧紫棋
[2648/7454] ✓  想見你想見你想見你 - 電視劇《想見你》片尾曲 / 八三夭
[2651/7454] ⏭  SKIP (duplicate key): 滾滾紅塵 / 陳淑樺
[2652/7454] ⏭  SKIP (duplicate key): Les Jours tristes - Instrumental / Yann Tiersen
[2653/7454] ⏭  SKIP (duplicate key): 忽然之間 / 莫文蔚
[2654/7454] ⏭  SKIP (duplicate key): 電台情歌 / 莫文蔚
[2649/7454] ✓  Libertango / 馬友友
[2650/7454] ✓  The Mission: Gabriel's Oboe / Ennio Morricone
[2657/7454] ⏭  SKIP (duplicate key): 情歌 / 梁靜茹
[2658/7454] ⏭  SKIP (duplicate key): 勿忘你(OT:壞與更壞) - Live / 林宥嘉
[2659/7454] ⏭  SKIP (duplicate key): Trois gymnopédies : i. Lent et douloureux / Aldo Ciccolini
[2655/7454] ✓  Go Solo (From the Original Soundtrack ""Honig im Kopf"") / Tom Rosenthal
[2661/7454] ⏭  SKIP (duplicate key): 送り火 (Flame to Heaven) / 我々楽
[2656/7454] ✓  Fly Me to the Moon / 王儷婷
[2660/7454] ✓  Ready for Love / 王儷婷
[2664/7454] ⏭  SKIP (duplicate key): 想念你 / 庾澄慶
[2662/7454] ✓  Stereophonic / Pray for Sound
[2666/7454] ⏭  SKIP (duplicate key): 河濱公園 / S.H.E
[2663/7454] ✓  うれしい！たのしい！大好き！(‘EVERLASTING’ VERSION) / DREAMS COME TRUE
[2665/7454] ✓  天国はまだ遠い / Lovely Summer Chan
[2667/7454] ✓  Ocean of Love / S.H.E
[2670/7454] ⏭  SKIP (duplicate key): I Knew You Were Trouble. / Taylor Swift
[2671/7454] ⏭  SKIP (duplicate key): 完美孤獨 / 莫文蔚
[2668/7454] ✓  Strange Transmissions - Dj Strobe ""sand Under My Havianas"" Bossanova Remix / Norah Jones
[2673/7454] ⏭  SKIP (duplicate key): 美麗新世界 / S.H.E
[2674/7454] ⏭  SKIP (duplicate key): 黑色柳丁 - Live / 陶喆
[2675/7454] ⏭  SKIP (duplicate key): 如果有一天 / 梁靜茹
[2676/7454] ⏭  SKIP (duplicate key): 茉莉花 / 梁靜茹
[2669/7454] ✓  Energetic / Wanna One
[2672/7454] ✓  天空 / JOLIN蔡依林
[2678/7454] ⏭  SKIP (duplicate key): 別說對不起 / S.H.E
[2677/7454] ✓  會過去的 / 梁靜茹
[2681/7454] ⏭  SKIP (duplicate key): 回家 / 順子
[2680/7454] ✓  (There You Go) Telling Me No Again - Live / Akon
[2679/7454] ✓  也許你不懂 / 原子邦妮
[2682/7454] ✓  NoNoNo - Japanese Ver. / Apink
[2683/7454] ✓  Silent Love (Main Theme) - From ""A Scene at the Sea"" / 久石讓
[2684/7454] ✓  I Bet You Look Good On The Dancefloor / Arctic Monkeys
[2687/7454] ⏭  SKIP (duplicate key): Attention - Acoustic Cover / Charlie Puth
[2685/7454] ✓  Midnight City / M83
[2686/7454] ✓  Natural Causes - Original Mix / Lessov
[2688/7454] ✓  Find You - Club Mix / Charming Horses
[2689/7454] ✓  NAVILLERA / GFRIEND
[2692/7454] ⏭  SKIP (duplicate key): 心酸+浪費+耳朵+想自由 - Live / 林宥嘉
[2690/7454] ✓  Lonesome Summer - Bonus Track / Slow Meadow
[2691/7454] ✓  親愛的你怎麼不在身邊 / 江美琪
[2693/7454] ✓  葉子 - 《薔薇之戀》原聲帶版 / 阿桑
[2694/7454] ✓  魔鬼中的天使 / 你就不要想起我 - Live / 田馥甄
[2695/7454] ✓  Pinocchio (Danger) / f(x)
[2696/7454] ✓  Bang ! (2011 New Recording) / After School
[2697/7454] ✓  OOH-AHH하게 Like OOH-AHH / TWICE
[2698/7454] ✓  PLAYING WITH FIRE / BLACKPINK
[2699/7454] ✓  Full Moon / SUNMI
[2700/7454] ✓  Gashina / SUNMI
[2701/7454] ✓  躺在你的衣櫃 - Piano / 陳綺貞
[2702/7454] ✓  Dreams Come True / WJSN
[2703/7454] ✓  Mine / Vitamin String Quartet
[2706/7454] ⏭  SKIP (duplicate key): Sunset (2019 Y.Nakamura Remastering) / Blu-Swing
[2704/7454] ✓  Get It / PRISTIN V
[2705/7454] ✓  Le devin du village, Scene 8: Pantomime - Il faut tous e l'envi (Le Devin) / Jean-Jacques Rousseau
[2707/7454] ✓  風林火山 ～月冴ゆ夜～ / 上妻宏光
[2710/7454] ⏭  SKIP (duplicate key): 口香糖 / 梁詠琪
[2708/7454] ✓  檸檬草的味道 / JOLIN蔡依林
[2709/7454] ✓  M / 濱崎步
[2712/7454] ✓  Looking For Sunshine - Original Mix / Yeah Boy
[2711/7454] ✓  雙刀+雙截棍+龍拳 / 周杰倫
[2713/7454] ✓  First Love / 宇多田光
[2714/7454] ✓  Get Lucky - Live / Robert Bartha
[2715/7454] ✓  FLY ME TO THE MOON - YOKO TAKAHASHI Acid Bossa Version / 鷺巣詩郎
[2716/7454] ✓  The Poet Acts / Philip Glass
[2718/7454] ✓  Sparks / Tammy Adams
[2720/7454] ⏭  SKIP (duplicate key): Opus 12 / Dustin O'Halloran
[2717/7454] ✓  My Moment (feat. 2 Chainz, Meek Mill and Jeremih) / DJ Drama
[2719/7454] ✓  Ooo La La / Cradle Orchestra
[2722/7454] ✓  Forests Of Tropical / 群星
[2723/7454] ✓  The Great East Temple - Todaiji / Ron Korb
[2725/7454] ⏭  SKIP (duplicate key): 第一次愛的人 / 王心凌
[2726/7454] ⏭  SKIP (duplicate key): 存·不存在 / 袁婭維
[2727/7454] ⏭  SKIP (duplicate key): 只怕不夠時間看你白頭 / 林二汶
[2721/7454] ✓  DDU-DU DDU-DU - Japanese Version / BLACKPINK
[2729/7454] ⏭  SKIP (duplicate key): 半生緣（我們在這裡相遇） / 莫文蔚
[2730/7454] ⏭  SKIP (duplicate key): Un piano sur la mer / André Gagnon
[2724/7454] ✓  Green Sleeves 그린슬리브스 / 群星
[2731/7454] ✓  你啊你啊 - 電視劇「用九柑仔店」插曲 / 魏如萱
[2733/7454] ⏭  SKIP (duplicate key): 進行式 / 萧亚轩
[2734/7454] ⏭  SKIP (duplicate key): 讓愛飛起來 / 萧亚轩
[2728/7454] ✓  Rain Flows / Binaural Beats Brainwave Entrainment
[2735/7454] ✓  我愛你那麼多 / 萧亚轩
[2737/7454] ⏭  SKIP (duplicate key): Everglow - Live from Spotify London / Coldplay
[2738/7454] ⏭  SKIP (duplicate key): 無常 - Live / 田馥甄
[2732/7454] ✓  Compass / Lady A
[2740/7454] ⏭  SKIP (duplicate key): 一個人的精彩 / 萧亚轩
[2741/7454] ⏭  SKIP (duplicate key): 開始愛 / 萧亚轩
[2736/7454] ✓  Personal Problem / Iggy Azalea
[2743/7454] ⏭  SKIP (duplicate key): 問情 / 袁婭維
[2739/7454] ❌ API FAIL (attempt 1): Mi Mujer — JSON parse failed: {"mood_tags":["sensual","restrained","urban"],"texture_tags":["soft_synth","ambient_pad","electric_distant","field_recording"],"energy":0.35,"brightness":0.4,"density":0.5,"warmth":0.55,"rhythmic_moti
[2742/7454] ✓  來不及 / 終身大事 - Live / 田馥甄
[2745/7454] ⏭  SKIP (duplicate key): 不痛 - Live / 徐佳瑩
[2746/7454] ⏭  SKIP (duplicate key): 距離 / 劉沁
[2747/7454] ⏭  SKIP (duplicate key): 飛鳥與魚 / 齊豫
[2748/7454] ⏭  SKIP (duplicate key): 下一次愛情來的時候 / 蔡健雅
[2744/7454] ✓  Vogue - MDNA World Tour / Live 2012 / Madonna
[2750/7454] ⏭  SKIP (duplicate key): 我們的寂寞 / 萧亚轩
[2751/7454] ⏭  SKIP (duplicate key): Three Worlds: Music from Woolf Works / Mrs Dalloway: Meeting Again / Max Richter
[2739/7454] ✓  Mi Mujer / Nicolas Jaar
[2749/7454] ✓  淹沒 - 電影「色戒」主題曲 / 張學友
[2754/7454] ⏭  SKIP (duplicate key): 換裝 / 王诗安
[2755/7454] ⏭  SKIP (duplicate key): 靈魂伴侶 - Live / 田馥甄
[2752/7454] ✓  if / 西野加奈
[2757/7454] ⏭  SKIP (duplicate key): 達爾文 / 蔡健雅
[2753/7454] ✓  Dearest - A Classical ver. / 濱崎步
[2756/7454] ✓  Reflection - Pop Version / Christina Aguilera
[2760/7454] ⏭  SKIP (duplicate key): 威尼斯迷路 / 許慧欣
[2761/7454] ⏭  SKIP (duplicate key): 七月七日晴 / 許慧欣
[2762/7454] ⏭  SKIP (duplicate key): 花之色 / 林憶蓮
[2763/7454] ⏭  SKIP (duplicate key): 給自己的情書 - Instrumental / 王菲
[2764/7454] ⏭  SKIP (duplicate key): 紅豆 [Timeless Live 2009] / 方大同
[2758/7454] ✓  I Want To Break Free / John Deacon
[2759/7454] ✓  融了鐘的時間 / 王菀之
[2767/7454] ⏭  SKIP (duplicate key): 三人遊 / 方大同
[2768/7454] ⏭  SKIP (duplicate key): 想念自己 / 陳嘉樺
[2769/7454] ⏭  SKIP (duplicate key): Holy (Remixed by Tep No) [feat. Tep No] / Wolf Colony
[2770/7454] ⏭  SKIP (duplicate key): Missin' You (Live Version) / T-SQUARE
[2765/7454] ✓  Rohan - Duc de Rohan / Bagad Men Ha Tan
[2766/7454] ✓  Since U Asked (feat. Merival) / swim good now
[2771/7454] ✓  Fast Car - Radio Edit / Jonas Blue
[2774/7454] ⏭  SKIP (duplicate key): All On Me (En Vivo) / Filippa Giordano
[2775/7454] ⏭  SKIP (duplicate key): Don't Cry - Live In Japan / 1992 / Guns N' Roses
[2776/7454] ⏭  SKIP (duplicate key): July / 吳亦凡
[2773/7454] ✓  The Girl From Ipanema / 群星
[2772/7454] ✓  Eternity and a Day: III. Eternity Theme / Eleni Karaindrou
[2779/7454] ⏭  SKIP (duplicate key): K / Cigarettes After Sex
[2780/7454] ⏭  SKIP (duplicate key): 陌上花開(電影<相愛相親>主題曲) / 谭维维
[2777/7454] ✓  如果這都不算愛 / 張學友
[2778/7454] ✓  我的 80 年代 / 雷光夏
[2781/7454] ✓  Skinny Love / Bon Iver
[2782/7454] ✓  Lemon (feat. Drake) - Drake Remix / N.E.R.D
[2785/7454] ⏭  SKIP (duplicate key): La valse d'Amélie / Yann Tiersen
[2786/7454] ⏭  SKIP (duplicate key): 曖昧 / 王菲
[2787/7454] ⏭  SKIP (duplicate key): 暗湧 / 王菲
[2788/7454] ⏭  SKIP (duplicate key): No Sleeep (feat. J. Cole) / Janet Jackson
[2784/7454] ✓  Main Title / 최성욱 Choi SeongWook
[2783/7454] ✓  El Tango De Los Assassinos / John Powell
[2789/7454] ✓  Policy of Truth - 2006 Remaster / Depeche Mode
[2790/7454] ✓  Enjoy the Silence - Single Mix / Depeche Mode
[2793/7454] ⏭  SKIP (duplicate key): 1953 - Remastered 10th Anniversary Edition / Ólafur Arnalds
[2794/7454] ⏭  SKIP (duplicate key): 1440 - Remastered 10th Anniversary Edition / Ólafur Arnalds
[2791/7454] ✓  Personal Jesus - Single Version / Depeche Mode
[2792/7454] ✓  Piano Concerto No. 2 for Piano and Orchestra In C Minor, Op. 18: I. Moderato / Hélène Grimaud
[2797/7454] ⏭  SKIP (duplicate key): 其實我一直都想對你說 / 莫文蔚
[2798/7454] ⏭  SKIP (duplicate key): 不是我不明白 / 梁靜茹
[2799/7454] ⏭  SKIP (duplicate key): 接受 / 梁靜茹
[2800/7454] ⏭  SKIP (duplicate key): 等一個晴天 / 蔡淳佳
[2795/7454] ✓  0952 - Remastered 10th Anniversary Edition / Ólafur Arnalds
[2796/7454] ✓  0040 - Remastered 10th Anniversary Edition / Ólafur Arnalds
[2803/7454] ⏭  SKIP (duplicate key): 一眼萬年 / S.H.E
[2801/7454] ✓  女人花 - 梅艷芳ANITA電影歌曲 / 梅艷芳
[2804/7454] ✓  寂寞綁架 - 電視劇《1%的可能性》片頭曲 / 劉思涵
[2802/7454] ✓  詠嘆曲 / 飛兒樂團
[2805/7454] ✓  Electra Flora Greets the Pink Moon / Helium Queens
[2806/7454] ✓  Sonate No5 Eb Dur - Andante Cantabile / 群星
[2807/7454] ✓  Think of You Piano Re-edit / 高橋邦之
[2808/7454] ✓  As of Yet / Kindred The Family Soul
[2809/7454] ✓  月牙灣 / 飛兒樂團
[2810/7454] ✓  September Rain - 2018 Remaster / 松下誠
[2811/7454] ✓  The night of / Bruno Bavota
[2812/7454] ✓  Always Somewhere - 2015 Remaster / Scorpions
[2815/7454] ⏭  SKIP (duplicate key): 逃兵 (電影《綁架者》主題曲) / 楊乃文
[2813/7454] ✓  Clair de Lune, L. 32 / Claude Debussy
[2814/7454] ✓  你要的愛(深夜版) - 電視劇「流星花園」插曲 / 戴佩妮
[2818/7454] ⏭  SKIP (duplicate key): 三月 / 張惠妹
[2816/7454] ✓  Ocre / Sylvain Chauveau
[2820/7454] ⏭  SKIP (duplicate key): 只是會可惜 / 梁晓雪
[2821/7454] ⏭  SKIP (duplicate key): 冷戰 - Live in Hong Kong / 1995 / 王菲
[2817/7454] ✓  OG Wax / Ferris Blusa
[2823/7454] ⏭  SKIP (duplicate key): 阿修羅 / 王菲
[2819/7454] ✓  放物線 / Straightener
[2825/7454] ⏭  SKIP (duplicate key): 時間裡的飛人 / 莫文蔚
[2822/7454] ✓  你快樂所以我快樂 / 王菲
[2827/7454] ⏭  SKIP (duplicate key): 不散,不見 / 莫文蔚
[2824/7454] ✓  螢火蟲 - ""再見螢火蟲""廣東版 / 王菲
[2829/7454] ⏭  SKIP (duplicate key): She & Me (寶米恰恰主題曲) / 何欣穗
[2830/7454] ⏭  SKIP (duplicate key): 小茉莉 / 楊丞琳
[2831/7454] ⏭  SKIP (duplicate key): 當我來到這裡 / 蛋堡
[2826/7454] ✓  Life Goes On - Trinix Remix / Fergie
[2828/7454] ✓  我的新衣 (feat. Ty. & 王倩倩) / VAVA
[2832/7454] ✓  Dr. Jolin / JOLIN蔡依林
[2833/7454] ✓  玩愛之徒 / JOLIN蔡依林
[2834/7454] ✓  許願池的希臘少女 / JOLIN蔡依林
[2837/7454] ⏭  SKIP (duplicate key): 信愛成癮 / 陳嘉樺
[2838/7454] ⏭  SKIP (duplicate key): 爺爺泡的茶 / 周杰倫
[2835/7454] ✓  我知道你很難過 - Love & Live Special Edition / JOLIN蔡依林
[2836/7454] ✓  布拉格廣場 / JOLIN蔡依林
[2839/7454] ✓  Telephone / Summer Swee-Singh
[2840/7454] ✓  One more time, One more chance - 弾き語りVer． / Masayoshi Yamazaki
[2841/7454] ✓  Intro / M83
[2842/7454] ✓  Mercury / Bryce Dessner
[2843/7454] ✓  Dem Nayem Sher (The New Sher) / Seymour Rechtzeit
[2846/7454] ⏭  SKIP (duplicate key): Siboney / Ruben Gonzalez
[2844/7454] ✓  A Little Party Never Killed Nobody (All We Got) / Fergie
[2848/7454] ⏭  SKIP (duplicate key): 3055 - Remastered 10th Anniversary Edition / Ólafur Arnalds
[2845/7454] ✓  Einaudi: I giorni / Ludovico Einaudi
[2850/7454] ⏭  SKIP (duplicate key): All The Things She Said / t.A.T.u.
[2847/7454] ❌ API FAIL (attempt 1): S&M Remix — JSON parse failed: {"mood_tags":["restless","urban","sensual"],"texture_tags":["soft_synth","electric_distant","vocal_breath"],"negative_tags":["mainstream_anthem","generic_radio_pop","overly_cheerful"],"energy":0.7,"br
[2849/7454] ✓  Beyond the Heliosphere / 36
[2851/7454] ✓  The Piano: The Heart Asks Pleasure First / Michael Nyman
[2847/7454] ✓  S&M Remix / Rihanna
[2854/7454] ⏭  SKIP (duplicate key): 請你給我好一點的情敵 / 田馥甄
[2853/7454] ✓  Cello Suite No. 1 in G Major, BWV 1007: I. Prelude / Victor Yoran
[2852/7454] ✓  Red Lanterns - Natural Oxygen Mix / Takashi Yomu
[2855/7454] ✓  Barellina / Tsunenori
[2858/7454] ⏭  SKIP (duplicate key): 陌生的房間陌生的下午 / Hello Nico
[2856/7454] ✓  The Lonely Shepherd / Nana Mouskouri
[2857/7454] ✓  夏日綠蔭 / Pianoboy高至豪
[2860/7454] ⏭  SKIP (duplicate key): Arrivals N1 / Dustin O'Halloran
[2861/7454] ⏭  SKIP (duplicate key): One More Time / R Armando Morabito
[2862/7454] ⏭  SKIP (duplicate key): 睫毛彎彎 / 王心凌
[2864/7454] ✓  美人淚 / 原子邦妮
[2863/7454] ✓  ALLERGIES / Blvc Svnd
[2865/7454] ⏭  SKIP (duplicate key): 「武士の一分」武士の一分 / 冨田勲
[2867/7454] ⏭  SKIP (duplicate key): We Don't Talk Anymore (feat. Selena Gomez) / Charlie Puth
[2859/7454] ✓  Harmonium Song / There Will Be Fireworks
[2869/7454] ⏭  SKIP (duplicate key): 陰天 / 莫文蔚
[2868/7454] ✓  關於青春 / VH (Vast & Hazy)
[2866/7454] ✓  Naptalan - Bonus / The Evpatoria Report
[2872/7454] ⏭  SKIP (duplicate key): All is White / Emilie Simon
[2873/7454] ⏭  SKIP (duplicate key): Chanson de toile / Emilie Simon
[2874/7454] ⏭  SKIP (duplicate key): 盛夏的果實 / 莫文蔚
[2870/7454] ✓  Wait / M83
[2876/7454] ⏭  SKIP (duplicate key): 執著 / 田震
[2871/7454] ✓  Father Stretch My Hands Pt. 1 / Kanye West
[2875/7454] ✓  天际大厦 - zitan remix / 祁紫檀
[2877/7454] ✓  純真な心 - piano solo ver. / Nobuyuki Nakajima
[2880/7454] ⏭  SKIP (duplicate key): 以一種假裝放蕩的矜持　與你告別 / Cicada
[2878/7454] ✓  Sweet Dreams, Helena / Kevin Kern
[2879/7454] ✓  Give It Up / Alex Nothing
[2883/7454] ⏭  SKIP (duplicate key): 來不及 / 陳珊妮
[2881/7454] ✓  Pieces Of Us Were Left On The Tracks... / David Wenngren
[2885/7454] ⏭  SKIP (duplicate key): 傷痕 / 林憶蓮
[2882/7454] ✓  光景 / haruka nakamura
[2887/7454] ⏭  SKIP (duplicate key): 不睡 / 張惠妹
[2884/7454] ✓  Elizabeth / Sergio Panarella
[2889/7454] ⏭  SKIP (duplicate key): LSD (feat. Chance The Rapper) / Jamila Woods
[2890/7454] ⏭  SKIP (duplicate key): 一輩子的孤單 / 劉若英
[2891/7454] ⏭  SKIP (duplicate key): 暴力車禍 / 梁翹柏
[2892/7454] ⏭  SKIP (duplicate key): 記憶取回 / 梁翹柏
[2886/7454] ✓  Waltz No. 6 from Jazz Suite No. 2 / Alexandre Desplat
[2893/7454] ✓  Anything You Synthesize - Ambient / The American Dollar
[2888/7454] ✓  囍帖街 / 謝安琪
[2894/7454] ✓  Rainbow / Mina Kubota
[2896/7454] ✓  Travel Around Stars - vocal ver. / KASHIWA Daisuke
[2895/7454] ✓  Wild Things - Young Bombs Remix / Alessia Cara
[2897/7454] ✓  DX7 - Indastudio 10 / Dabeull
[2900/7454] ⏭  SKIP (duplicate key): 悲傷的嗜好 / 張信哲
[2901/7454] ⏭  SKIP (duplicate key): Don't Be Shy - Instrumental / Sensi Sye
[2902/7454] ⏭  SKIP (duplicate key): Lust For Life (with The Weeknd) / Lana Del Rey
[2903/7454] ⏭  SKIP (duplicate key): 牆紙 / 容祖兒
[2904/7454] ⏭  SKIP (duplicate key): 輓歌 / 飢餓藝術家
[2899/7454] ✓  我要你 - 至樂匯舞台劇驢得水 / 任素汐
[2898/7454] ✓  Wake Up / Black Veil Brides
[2905/7454] ✓  Driving / 王儷婷
[2908/7454] ⏭  SKIP (duplicate key): 搜神記 / 容祖兒
[2906/7454] ✓  Adventure of a Lifetime - Matoma Remix / Coldplay
[2910/7454] ⏭  SKIP (duplicate key): West (feat. Daniel Caesar) / River Tiber
[2911/7454] ⏭  SKIP (duplicate key): 八重の桜 - メインテーマ (Playing the Orchestra Ver.) / 坂本龍一
[2907/7454] ✓  Above The Flood / David Wenngren
[2909/7454] ✓  The Last Emperor (Main Title Theme) / David Byrne
[2914/7454] ⏭  SKIP (duplicate key): 地盡頭 / 關淑怡
[2912/7454] ✓  the second sorrow / 橋本一子
[2916/7454] ⏭  SKIP (duplicate key): 獨角戲 / 許茹芸
[2913/7454] ✓  Where Is My Mind? - 2007 Remaster / Pixies
[2915/7454] ✓  魔鬼中的天使 / 田馥甄
[2919/7454] ⏭  SKIP (duplicate key): 沉靜的瘋狂 / 黃玠瑋
[2917/7454] ✓  迷亂 / 許美靜
[2921/7454] ⏭  SKIP (duplicate key): I Should Be Dreaming (feat. Josh Jaramillo) / Zacari
[2918/7454] ✓  Changing Faces - aimai Remix / Craft Spells
[2920/7454] ✓  Electric Counterpoint: III. Fast / Steve Reich
[2922/7454] ✓  Devontée and Bridgit On ""American Boy"" / 群星
[2923/7454] ✓  Sigh / The Bilinda Butchers
[2924/7454] ✓  Conquest of Paradise / Vangelis
[2925/7454] ✓  ざくろ / Minami Kitasono
[2928/7454] ⏭  SKIP (duplicate key): 貓大人息怒 / 小塵埃
[2926/7454] ✓  French Kissing - Radio/Video / Sarah Connor
[2927/7454] ✓  Last Dance of the Night / Desired
[2931/7454] ⏭  SKIP (duplicate key): 黃昏鹿場 / 甜梅號
[2929/7454] ✓  若你真愛我 / 王菲
[2930/7454] ✓  柬埔寨丧失 - intro / 祁紫檀
[2933/7454] ✓  Taipei - All at Once / Kyte
[2932/7454] ✓  夢、時々… (feat.初音ミク) / Marasy
[2935/7454] ⏭  SKIP (duplicate key): 月光愛人 / 李玟
[2937/7454] ⏭  SKIP (duplicate key): Dream On - Live Version / Aerosmith
[2934/7454] ✓  Birthday / 久石讓
[2938/7454] ✓  Hanamizuki / 一青窈
[2936/7454] ✓  I need a doctor / Eminem ft. - Dr. Dre Tribute Band
[2939/7454] ✓  Young Souls - Dim Sum Remix / Broken Back
[2941/7454] ✓  Fuck it I love you / Lana Del Rey
[2940/7454] ✓  水星(Young & Fresh mix) feat. 仮谷せいら / tofubeats
[2943/7454] ⏭  SKIP (duplicate key): 人造景 / 吳莫愁
[2945/7454] ⏭  SKIP (duplicate key): The Dreamer (feat. Talib Kweli & Timan Family Choir) / Anderson .Paak
[2942/7454] ✓  Horsey / Macross 82-99
[2947/7454] ⏭  SKIP (duplicate key): Cheap Thrills (feat. Sean Paul) / Sia
[2946/7454] ✓  守望麥田 - 百年孤寂 廣東版 / 王菲
[2949/7454] ⏭  SKIP (duplicate key): Jambalaya (on the Bayou) - Live 1974 / Carpenters
[2944/7454] ✓  Point of War / Johnny Cope / Up in the morning early / Traditional
[2948/7454] ✓  Stay Gold / 大橋三重唱
[2950/7454] ✓  Out of This Place II - Remastered / Sunlight Ascending
[2951/7454] ✓  風のとおり道(となりのトトロ) / Aun J-Classic Orchestra
[2954/7454] ⏭  SKIP (duplicate key): 水母 / 現象師
[2952/7454] ✓  想和你一起去旅行 / 原子邦妮
[2953/7454] ✓  向阳花(Remix) / XTX (Xie Tianxiao)
[2956/7454] ✓  戦場のメリークリスマス / 坂本龍一
[2955/7454] ✓  茎(STEM) ～大名遊ビ編～ / 椎名林檎
[2957/7454] ✓  I Can't Tell You Why / Larry Carlton
[2959/7454] ✓  Somewhere In Time / Johannes Bornlöf
[2958/7454] ✓  黒猫のチャチャチャ / Mayumi Kojima
[2962/7454] ⏭  SKIP (duplicate key): 我真的受傷了 / 張學友
[2963/7454] ⏭  SKIP (duplicate key): 掃興 / 王菲
[2964/7454] ⏭  SKIP (duplicate key): 血腥愛情故事 / 張惠妹
[2960/7454] ✓  Represent feat. Kimbara Chieko / DJ Okawari
[2961/7454] ✓  Last M / Yuki Hayashi
[2965/7454] ✓  赤道和北极 - ""夏日里的春天"" 电视剧原声带 / 卢西
[2966/7454] ✓  木蓮のクリーム / Rie Tomosaka
[2967/7454] ✓  Never Again (Jazz ver.) / Karen Aoki
[2968/7454] ✓  Breathin' - Extended Vocal Mix / EDX
[2971/7454] ⏭  SKIP (duplicate key): 噢！乖 / 竇唯
[2972/7454] ⏭  SKIP (duplicate key): 誘惑的街 / 林憶蓮
[2973/7454] ⏭  SKIP (duplicate key): Palace Memories ~ Sunset / S.E.N.S.
[2969/7454] ✓  Welcome Home, Son / Radical Face
[2975/7454] ⏭  SKIP (duplicate key): 旅行中忘記 / 袁婭維
[2976/7454] ⏭  SKIP (duplicate key): 藍色 / 葉蓓
[2977/7454] ⏭  SKIP (duplicate key): 一個人的雨 / 螢火蟲
[2970/7454] ✓  True Love / Fumiya Fujii
[2974/7454] ✓  Waltz - From Tanin no kao / 武満徹
[2978/7454] ✓  The Wuthering Heights / 坂本龍一
[2981/7454] ⏭  SKIP (duplicate key): Mr. Lawrence (Heart Music Remix) / Volta Masters
[2979/7454] ✓  愛し子よ / RURUTIA
[2980/7454] ✓  Work - R3hab Remix / Rihanna
[2984/7454] ⏭  SKIP (duplicate key): Father Christmas (M-23) / 坂本龍一
[2985/7454] ⏭  SKIP (duplicate key): 給未來的自己 / 梁靜茹
[2986/7454] ⏭  SKIP (duplicate key): 戀人未滿 / S.H.E
[2982/7454] ✓  Flavor Of Life - Ballad Version / 宇多田光
[2988/7454] ⏭  SKIP (duplicate key): 心驚膽戰 / 王菲
[2983/7454] ✓  Merry Christmas Mr. Lawrence - Ryuichi Sakamoto / 群星
[2987/7454] ✓  いつも何度でも / 奥戸 巴寿
[2991/7454] ⏭  SKIP (duplicate key): 睡蓮 / 賈鵬芳
[2989/7454] ✓  Farewell, Stars / Message To Bears
[2990/7454] ✓  Violin Concerto No. 2 In B Minor, Op. 7, MS 48: III. Rondo A La Clochette, "" La Campanella"" / Ilya Kaler
[2993/7454] ✓  雨ニモマケズ / 広橋真紀子
[2992/7454] ✓  Debussy: Suite bergamasque, CD 82, L. 75: III. Clair de lune / Claude Debussy
[2995/7454] ⏭  SKIP (duplicate key): 許願池的希臘少女 / 王菀之
[2994/7454] ✓  星になった少年 / 坂本龍一
[2998/7454] ⏭  SKIP (duplicate key): Bibo No Aozora / 坂本龍一
[2999/7454] ⏭  SKIP (duplicate key): The Man Who Sold The World - Live / Nirvana
[3000/7454] ⏭  SKIP (duplicate key): 學會 / 王菀之
[3001/7454] ⏭  SKIP (duplicate key): 6 Jobs / 現象師
[2996/7454] ✓  Shiroi / dom mino'
[3003/7454] ⏭  SKIP (duplicate key): 失憶 / 梁靜茹
[2997/7454] ✓  TANGO / 坂本龍一
[3002/7454] ✓  可惜不是你 / 梁靜茹
[3004/7454] ✓  Sea, Swallow Me / Cocteau Twins
[3007/7454] ⏭  SKIP (duplicate key): 森林狂想曲 / 吳金黛
[3005/7454] ✓  Slavery Called Democracy / A Challenge Of Honour
[3006/7454] ✓  She Wants - Radio Version / Sunset Sons
[3010/7454] ⏭  SKIP (duplicate key): Stairway to Heaven - Remaster / Led Zeppelin
[3008/7454] ✓  4 Minutes (feat. Justin Timberlake & Timbaland) / Madonna
[3009/7454] ✓  Lithium - Smart Sessions / Nirvana
[3013/7454] ⏭  SKIP (duplicate key): 香奈兒 / 王菲
[3011/7454] ✓  The Heart Asks Pleasure First / The Promise - Edit / Michael Nyman
[3012/7454] ✓  Everybody Knows I Love You - Unplugged / Lovebugs
[3014/7454] ✓  The Well-Tempered Clavier I, Prelude & Fugue No. 1 in C Major, BWV 846: I. Prelude / Johann Sebastian Bach
[3015/7454] ✓  Cello Suite No. 1 in G Major, BWV 1007: I. Prélude / Johann Sebastian Bach
[3016/7454] ✓  The Carnival of the Animals, R. 125: XIII. The Swan (Arr. for Cello and Piano) / Camille Saint-Saëns
[3017/7454] ✓  Orchestral Suite No. 3 in D Major, BWV 1068: II. Air ""on the G String"" / Johann Sebastian Bach
[3018/7454] ✓  Tales of Hoffmann: Barcarolle / Jacques Offenbach
[3019/7454] ✓  Méditation from Thaïs / Jules Massenet
[3020/7454] ✓  An der schönen blauen Donau, Waltz, Op. 314 / Johann Strauss II
[3021/7454] ✓  Danse Macabre, Op. 40, R.171 / Camille Saint-Saëns
[3022/7454] ✓  Ständchen in D Minor (After Schubert), S. 560 / Franz Liszt
[3023/7454] ✓  2 Arabesques, CD 74: No. 1, Andantino con moto / Claude Debussy
[3024/7454] ✓  Piano Sonata No. 14 in C-Sharp Minor, Op. 27 No. 2 ""Moonlight"": I. Adagio sostenuto / Ludwig van Beethoven
[3025/7454] ✓  Scheherazade: The Tale of the Kalendar Prince / Nikolai Rimsky-Korsakov
[3026/7454] ✓  The Planets, Op. 32: IV. Jupiter, the Bringer of Jollity / Gustav Holst
[3027/7454] ✓  Eine kleine Nachtmusik K. 525: Allegro / Wolfgang Amadeus Mozart
[3028/7454] ✓  Chopin: Nocturne No. 20 in C-Sharp Minor, Op. Posth. / Frédéric Chopin
[3029/7454] ✓  Piano Concerto in A Minor, Op. 16: I. Allegro molto moderato - Radio Edit / Edvard Grieg
[3030/7454] ✓  The Lark Ascending / Ralph Vaughan Williams
[3031/7454] ✓  Prince Igor: Polovtsian Dances (Version for Chorus) / Alexander Borodin
[3032/7454] ✓  String Quintet in E Major, G. 275 (Op. 11/5): Minuet / Luigi Boccherini
[3033/7454] ✓  Ravel: Pavane pour une infante défunte, M. 19 / Maurice Ravel
[3034/7454] ✓  Rhapsody on a Theme of Paganini, Op. 43: Variation No. 18 Andante cantabile / Sergei Rachmaninoff
[3035/7454] ✓  Symphony No. 8 in B Minor, D. 759 ""Unfinished"": I. Allegro moderato / Franz Schubert
[3036/7454] ✓  The Sorcerer's Apprentice / Paul Dukas
[3037/7454] ✓  The Marriage of Figaro Overture, KV 492 / Wolfgang Amadeus Mozart
[3038/7454] ✓  Sechs Klavierstücke, Op. 118: II. Intermezzo in A Major / Johannes Brahms
[3039/7454] ✓  Violin Concerto No. 1 in G Minor, Op. 26: III. Finale. Allegro energico / Max Bruch
[3040/7454] ✓  Goldberg Variations, BWV 988: Var. 21 / Johann Sebastian Bach
[3041/7454] ✓  Turandot, Act III: Nessun dorma! / Giacomo Puccini
[3042/7454] ✓  Il barbiere di Siviglia: Overture (Sinfonia) / Gioachino Rossini
[3043/7454] ✓  Serenade in B-Flat Major, K. 361 ""Gran Partita"": III. Adagio / Wolfgang Amadeus Mozart
[3044/7454] ✓  String Quartet No. 2 in A Minor: II. Andante cantabile (Arr. Colbert for String Ensemble) / Florence Beatrice Price
[3045/7454] ✓  The Carnival of the Animals, R. 125: VII. Aquarium / Camille Saint-Saëns
[3046/7454] ✓  West Side Story Symphonic Dances: IX. Finale - Live / Leonard Bernstein
[3047/7454] ✓  Peer Gynt, Op. 23: Act II, 7, In the Hall of the Mountain King / Edvard Grieg
[3048/7454] ❌ API FAIL (attempt 1): Paganini: 24 Caprices, Op. 1: No. 24 in A Minor — JSON parse failed: {"mood_tags":["restless","clear","unresolved"],"texture_tags":["acoustic","minimal"],"energy":0.7,"brightness":0.65,"density":0.6,"warmth":0.3,"rhythmic_motion":0.7,"vocal_presence":0.0,"emotional_wei
[3049/7454] ✓  Grandes Etudes de Paganini, S. 141: No. 3 in G-Sharp Minor. La campanella (Arr. Busoni) / Franz Liszt
[3050/7454] ✓  Piano Concerto No. 1 in B-Flat Minor, Op. 23: III. Allegro con fuoco – Molto meno mosso – Allegro vivo - Live / Pyotr Ilyich Tchaikovsky
[3048/7454] ❌ API FAIL (attempt 2): Paganini: 24 Caprices, Op. 1: No. 24 in A Minor — JSON parse failed: {"mood_tags":["restless","clear","unresolved"],"texture_tags":["acoustic","minimal"],"energy":0.7,"brightness":0.6,"density":0.5,"warmth":0.3,"rhythmic_motion":0.8,"vocal_presence":0.0,"emotional_weig
[3051/7454] ✓  Piano Sonata No. 11 in A Major, K. 331: III. Rondo alla Turca. Allegretto / Wolfgang Amadeus Mozart
[3052/7454] ✓  Water Music Suites Nos. 2 & 3, HWV 349/350: II. Alla Hornpipe / George Frideric Handel
[3048/7454] ✓  Paganini: 24 Caprices, Op. 1: No. 24 in A Minor / Niccolò Paganini
[3053/7454] ✓  Violin Concerto No. 2 in D Major, KV 211: III. Rondeau. Allegro (Cadenzas by Norbert Kubát) / Wolfgang Amadeus Mozart
[3054/7454] ✓  Piano Concerto in C-Sharp Minor, FP 146: I. Allegretto commodo - Live / Francis Poulenc
[3055/7454] ✓  The Gadfly Suite, Op. 97a: VIII. Romance / Dmitri Shostakovich
[3056/7454] ✓  Goldberg Variations, BWV 988: Variatio 7 a 1 ovvero 2 Clav. Al tempo di Giga / Johann Sebastian Bach
[3057/7454] ✓  Violin Concerto No. 10 in G Major: Largo / Joseph Boulogne Chevalier de Saint-Georges
[3058/7454] ✓  Symphony No. 9 in D Minor, Op. 125 ""Choral"": IVc-j. Presto. O Freunde nicht diese Töne – Prestissimo / Ludwig van Beethoven
[3059/7454] ✓  Widmung, Op. 25 No. 1 / Robert Schumann
[3060/7454] ✓  Serenade for Strings in C major, Op. 48: II. Walzer: Moderato, tempo di valse / Pyotr Ilyich Tchaikovsky
[3061/7454] ✓  Lakmé / Flower Duet: Dôme épais le jasmin ... Sous le dôme épais / Léo Delibes
[3062/7454] ✓  10 Preludes, Op. 23: No. 5 in G Minor. Alla marcia / Sergei Rachmaninoff
[3063/7454] ✓  Concerto for Violin and Orchestra No. 3 in G Major, K. 216: III. Rondeau. Allegro / Wolfgang Amadeus Mozart
[3065/7454] ✓  Cello Concerto No. 1 in E-Flat Major, Op. 107: I. Allegretto / Dmitri Shostakovich
[3064/7454] 🔄 RETRY 1/3: Verdi: Aida, Act 2: Marcia trionfale — vocab errors: texture_tag "brass" not in closed vocab; texture_tag "percussion" not in closed vocab
[3066/7454] ✓  Symphony No. 5 in C Minor, Op. 67: I. Allegro con brio / Ludwig van Beethoven
[3067/7454] ✓  Goldberg Variations, BWV 988: Aria da capo - 1981 Version / Johann Sebastian Bach
[3064/7454] 🔄 RETRY 2/3: Verdi: Aida, Act 2: Marcia trionfale — vocab errors: texture_tag "brass" not in closed vocab; texture_tag "percussion" not in closed vocab
[3068/7454] ✓  Préludes, Book 2, CD 131: V. Bruyères / Claude Debussy
[3069/7454] ✓  Symphony No. 9 in E Minor, Op. 95 ""From the New World"": II. Largo - Live / Antonín Dvořák
[3064/7454] 🔄 RETRY 3/3: Verdi: Aida, Act 2: Marcia trionfale — vocab errors: texture_tag "brass" not in closed vocab
[3064/7454] ✗  DROPPED after 3 retries: Verdi: Aida, Act 2: Marcia trionfale — vocab errors: texture_tag "brass" not in closed vocab
[3070/7454] ✓  Symphony No. 3 in C Minor: II. Andante ma non troppo / Florence Beatrice Price
[3071/7454] ✓  Merry Christmas Mr. Lawrence (Arr. Metcalfe) / Jess Gillam
[3073/7454] ✓  Sonata for 2 Pianos in D Major, K. 448: I. Allegro con spirito / Wolfgang Amadeus Mozart
[3072/7454] ✓  Après un rêve, Op. 7, No. 1 (Arr. for Cello and Piano) / Gabriel Fauré
[3074/7454] ✓  Grain Moon / Olivia Belli
[3075/7454] ✓  Cello Sonata No. 1 in E Minor, Op. 38: II. Allegro quasi Menuetto / Johannes Brahms
[3076/7454] ✓  Delius: 2 Pieces for Small Orchestra: No. 1, On Hearing the First Cuckoo in Spring / Frederick Delius
[3077/7454] ✓  Violin Concerto In D Major, Op. 35, TH.59: I. Allegro moderato / Pyotr Ilyich Tchaikovsky
[3078/7454] ✓  Symphony No. 6 in F Major, Op. 68 ""Pastoral"": I. Erwachen heiterer Empfindungen bei der Ankunft auf dem Lande (Allegro ma non troppo) - Live / Ludwig van Beethoven
[3079/7454] ✓  Mozart: Clarinet Concerto in A Major, K. 622: II. Adagio / Wolfgang Amadeus Mozart
[3080/7454] ✓  Violin Concerto in E Minor, Op. 64: I. Allegro molto appassionato – / Felix Mendelssohn
[3081/7454] ✓  Ravel: Boléro, M. 81 / Maurice Ravel
[3082/7454] ✓  Britten: The Young Person's Guide to the Orchestra, Op. 34 ""Variations and Fugue on a Theme of Purcell"" (Instrumental Version) / Benjamin Britten
[3083/7454] ✓  Respighi: Pini di Roma, P. 141: III. I pini del Gianicolo / Ottorino Respighi
[3084/7454] ✓  Moments musicaux, D. 780: No. 3 in F Minor. Allegro moderato / Franz Schubert
[3085/7454] ✓  The Nutcracker, Op. 71, Act II: No. 12, Divertissement: b. Coffee (Arabian Dance) / Pyotr Ilyich Tchaikovsky
[3086/7454] ✓  By the Sleepy Lagoon / Eric Coates
[3087/7454] ✓  Mephisto Waltz No. 1, S. 514 / Franz Liszt
[3088/7454] ✓  Comptine d'un autre été, l'après-midi / Yann Tiersen
[3089/7454] ✓  Appalachian Spring: VII. Doppio movimento / Aaron Copland
[3090/7454] ✓  Hummel: Trumpet Concerto In E Flat - Iii Rondo / Johann Nepomuk Hummel
[3091/7454] ✓  Liszt: Romance, S. 169 ""O pourquoi donc"" / Franz Liszt
[3092/7454] ✓  Nascence / Austin Wintory
[3093/7454] ✓  Speaking Unto Nations (Beethoven Symphony no 7 - II ) / Ludwig van Beethoven
[3095/7454] ✓  Ravel: Miroirs, M. 43: III. Une barque sur l'océan / Maurice Ravel
[3094/7454] ✓  Symphony No. 3 in F Major, Op. 90: I. Allegro con brio - Un poco sostenuto - Tempo I / Johannes Brahms
[3097/7454] ✓  Tchaikovsky: 1812 Overture in E-Flat Major, Op. 49 / Pyotr Ilyich Tchaikovsky
[3096/7454] ✓  4 Impromptus, D. 899 (Op. 90): No. 4 in A-Flat Major. Allegretto / Franz Schubert
[3098/7454] 🔄 RETRY 1/3: Parce Mihi Domine — vocab errors: texture_tag "saxophone" not in closed vocab
[3099/7454] ❌ API FAIL (attempt 1): Sibelius: Finlandia, Op. 26 — JSON parse failed: {"mood_tags":["restrained","melancholic","hopeful"],"texture_tags":["string","cinematic","minimal"],"energy":0.4,"brightness":0.5,"density":0.6,"warmth":0.5,"rhythmic_motion":0.3,"vocal_presence":0.0,
[3100/7454] ✓  Cavatina (From ""The Deer Hunter"") / Stanley Myers
[3098/7454] ✓  Parce Mihi Domine / Jan Garbarek
[3102/7454] ✓  Night on Bald Mountain / Modest Mussorgsky
[3099/7454] ❌ API FAIL (attempt 2): Sibelius: Finlandia, Op. 26 — JSON parse failed: {"mood_tags":["restrained","melancholic","hopeful"],"texture_tags":["string","cinematic","minimal"],"energy":0.4,"brightness":0.45,"density":0.5,"warmth":0.4,"rhythmic_motion":0.3,"vocal_presence":0.0
[3101/7454] ✓  Rhapsodie Orientale, Op. 29: 1. Andante / Alexander Glazunov
[3099/7454] ❌ API FAIL (attempt 3): Sibelius: Finlandia, Op. 26 — JSON parse failed: {"mood_tags":["restrained","melancholic","hopeful"],"texture_tags":["string","cinematic","minimal"],"energy":0.4,"brightness":0.45,"density":0.5,"warmth":0.35,"rhythmic_motion":0.3,"vocal_presence":0.
[3099/7454] ✗  DROPPED after 3 retries: Sibelius: Finlandia, Op. 26 — JSON parse failed: {"mood_tags":["restrained","melancholic","hopeful"],"texture_tags":["string","cinematic","minimal"],"energy":0.4,"brightness":0.45,"density":0.5,"warmth":0.35,"rhythmic_motion":0.3,"vocal_presence":0.
[3104/7454] ✓  Adagio in G Minor ""Albinoni's Adagio"" - Recorded 1983 / Tomaso Albinoni
[3103/7454] ✓  Variations on a Rococo Theme, Op. 33, TH 57: Var: VI. Andante / Pyotr Ilyich Tchaikovsky
[3105/7454] ✓  Ouverture in D Major, ""Darmstadt"": Harlequinade / Georg Philipp Telemann
[3106/7454] ✓  Symphony No. 2 in C Minor ""Resurrection"": II. Andante moderato. Sehr gemächlich / Gustav Mahler
[3107/7454] ✓  Solomon, HWV 67, Act III: The Arrival of the Queen of Sheba / George Frideric Handel
[3109/7454] ✓  Etude No. 2 / Philip Glass
[3108/7454] ✓  Symphony No. 25 in G Minor, K. 183: I. Allegro con brio / Wolfgang Amadeus Mozart
[3110/7454] ✓  Prelude & Fughetta in G Major, BWV 902: I. Prelude / Johann Sebastian Bach
[3111/7454] ✓  Symphony No. 4 in E-Flat Major, WAB 104, ""Romantic"": I. Bewegt, nicht zu schnell - Live / Anton Bruckner
[3112/7454] ✓  Lohengrin: Prelude / Richard Wagner
[3113/7454] ✓  Nocturne No. 1 in B flat minor, Op. 9 No. 1 / Frédéric Chopin
[3114/7454] ✓  Gymnopédie No. 1. Lent et douloureux / Erik Satie
[3115/7454] ✓  Violin Concerto BWV 1042 in E Major: Violin Concerto BWV 1042 in E Major: I. Allegro / Johann Sebastian Bach
[3116/7454] ✓  Kol Nidrei - Adagio For Cello, Opus 47 / Max Bruch
[3117/7454] ✓  Cello Concerto No. 1 in C Major, Hob.VIIb:1: III. Allegro molto / Joseph Haydn
[3119/7454] ✓  String Quartet No. 62 in C Major, Op. 76 No. 3, Hob. III:77 ""Emperor"": II. Poco adagio, cantabile / Joseph Haydn
[3118/7454] ✓  Tchaikovsky: The Nutcracker, Op. 71, Act 1: No. 2, March / Pyotr Ilyich Tchaikovsky
[3120/7454] ✓  Concerto for 2 Mandolins in G Major, RV 532: III. Allegro / Antonio Vivaldi
[3121/7454] ✓  Rigoletto, Act III: La donna è mobile / Giuseppe Verdi
[3122/7454] ✓  Vaughan Williams: Job, a Masque for Dancing, Scene 9: Epilogue / Ralph Vaughan Williams
[3124/7454] ✓  String Quartet No. 1 'Kreutzer Sonata': String Quartet No. 1 'Kreutzer Sonata': I. Adagio. Con moto / Leoš Janáček
[3123/7454] ✓  The Firebird, K10, 1919 Suite: VI. Finale / Igor Stravinsky
[3125/7454] ✓  Tahiti Trot, Op. 16 (orchestral transcription of Youmans' Tea for Two): Taiti Trot (Tahiti Trot), Op. 16 (arr. of V. Youmans - Tea for Two) / Dmitri Shostakovich
[3127/7454] ✓  Things You Do / The Morning After
[3126/7454] ❌ API FAIL (attempt 1): To Make You Feel My Love — JSON parse failed: {"mood_tags":["warm","nostalgic","bittersweet"],"texture_tags":["acoustic","vocal_breath","string"],"energy":0.35,"brightness":0.5,"density":0.4,"warmth":0.7,"rhythmic_motion":0.3,"vocal_presence":0.6
[3128/7454] ✓  Come on Come On / Little Birdy
[3126/7454] ✓  To Make You Feel My Love / Jon Peter Lewis
[3129/7454] ✓  Notion / Kings of Leon
[3131/7454] ✓  Stupid Girls / P!nk
[3130/7454] ✓  The Man Who Can't Be Moved / The Script
[3132/7454] ✓  Like A Star / Corinne Bailey Rae
[3133/7454] ✓  Shorty Don't Wait / A Great Big World
[3134/7454] ✓  Make It To Me / Sam Smith
[3135/7454] ✓  Ordinary People / John Legend
[3136/7454] ✓  Let Her Go / Jasmine Thompson
[3137/7454] ✓  Put Your Records On / Corinne Bailey Rae
[3138/7454] ✓  We Cry / The Script
[3139/7454] ✓  Valerie - Live At BBC Radio 1 Live Lounge, London / 2007 / Amy Winehouse
[3140/7454] ✓  Lost in My Mind / The Head And The Heart
[3141/7454] ✓  Ho Hey / The Lumineers
[3142/7454] ✓  Kiwi / Harry Styles
[3143/7454] ✓  Maybe I / Five For Fighting
[3144/7454] ✓  We Are Young (feat. Janelle Monáe) / fun.
[3145/7454] ✓  Heaven Knows / Five For Fighting
[3146/7454] ✓  Sweet Creature / Harry Styles
[3147/7454] ✓  Falling / Harry Styles
[3148/7454] ✓  Karma Police / Radiohead
[3149/7454] ✓  Don't Panic / Coldplay
[3150/7454] ✓  GOMF (feat. GloRilla) / Latto
[3151/7454] ✓  Feeling On My Body / Taffy
[3153/7454] ✓  ErrTime (feat. Latto) [Remix] / Cardi B
[3152/7454] ✓  BOAT REMIX / Trim
[3154/7454] ✓  WHIM WHAMIEE / PLUTO
[3155/7454] ✓  LOVER GIRL / Megan Thee Stallion
[3156/7454] ✓  Spend Dat / Yung Miami
[3157/7454] ✓  Hello / Cardi B
[3158/7454] ✓  Gyatt / Latto
[3159/7454] ✓  Typa / GloRilla
[3160/7454] ✓  Somebody / Latto
[3161/7454] ✓  First / KenTheMan
[3162/7454] ✓  Rackies (feat. ATL Jacob) / Sexyy Red
[3163/7454] ✓  Innit / BunnaB
[3164/7454] ✓  girl, get up. (feat. SZA) / Doechii
[3165/7454] ✓  Roc Steady (feat. Flo Milli) / Megan Thee Stallion
[3166/7454] ✓  WE ON GO III (feat. TiaCorine) / BIA
[3167/7454] ✓  MARCH / GloRilla
[3168/7454] ✓  Girls Gone Wild / JT
[3169/7454] ✓  Top Of Cars / Lil M.U.
[3170/7454] ✓  Check Please / Cardi B
[3171/7454] ✓  Ran Out / JT
[3172/7454] ✓  From The Back / Bankroll Ni
[3173/7454] ✓  Must Be / Tkay Maidza
[3174/7454] ✓  Yo Perreo Sola / Bad Bunny
[3176/7454] ✓  Party / Bad Bunny
[3175/7454] ✓  Safaera / Bad Bunny
[3177/7454] ✓  MONACO / Bad Bunny
[3178/7454] ✓  Die With A Smile / Lady Gaga
[3179/7454] ✓  BAILE INoLVIDABLE / Bad Bunny
[3180/7454] ✓  NUEVAYoL / Bad Bunny
[3181/7454] ✓  LO QUE LE PASÓ A HAWAii / Bad Bunny
[3182/7454] ✓  El Apagón / Bad Bunny
[3185/7454] ⏭  SKIP (duplicate key): luther (with sza) / Kendrick Lamar
[3186/7454] ⏭  SKIP (duplicate key): Bad Romance / Lady Gaga
[3183/7454] ✓  CAFé CON RON / Bad Bunny
[3187/7454] ✓  Crazy In Love (feat. JAY-Z) / Beyoncé
[3184/7454] ✓  DtMF / Bad Bunny
[3188/7454] ✓  Bye Bye Bye / *NSYNC
[3190/7454] ✓  Born This Way / Lady Gaga
[3189/7454] ✓  All The Stars (with SZA) - From ""Black Panther: The Album"" / Kendrick Lamar
[3191/7454] ✓  This Love / Maroon 5
[3192/7454] ✓  It's Gonna Be Me / *NSYNC
[3193/7454] ✓  Poker Face / Lady Gaga
[3194/7454] ✓  Moves Like Jagger - Studio Recording From ""The Voice"" Performance / Maroon 5
[3195/7454] ✓  Only Girl (In The World) / Rihanna
[3196/7454] ✓  If I Ain't Got You / Alicia Keys
[3197/7454] ✓  Just the Way You Are / Bruno Mars
[3198/7454] ✓  Bitch Better Have My Money / Rihanna
[3199/7454] ✓  Run the World (Girls) / Beyoncé
[3200/7454] ✓  Locked out of Heaven / Bruno Mars
[3201/7454] ✓  Can't Feel My Face / The Weeknd
[3203/7454] ✓  She Wolf / Shakira
[3204/7454] ✓  squabble up / Kendrick Lamar
[3202/7454] ✓  Single Ladies (Put a Ring on It) / Beyoncé
[3205/7454] ✓  Suit & Tie (feat. JAY-Z) / Justin Timberlake
[3206/7454] ✓  Halo / Beyoncé
[3207/7454] ✓  CAN'T STOP THE FEELING! (from DreamWorks Animation's ""TROLLS"") / Justin Timberlake
[3208/7454] ✓  She Will Be Loved - Radio Mix / Maroon 5
[3209/7454] ✓  My Boo / USHER
[3210/7454] ✓  Billionaire (feat. Bruno Mars) / Travie McCoy
[3211/7454] ✓  Like a Prayer / Madonna
[3213/7454] ✓  Independent Women, Pt. 1 / Destiny's Child
[3212/7454] ✓  Let's Get Loud / Jennifer Lopez
[3214/7454] ✓  Paradise / Coldplay
[3215/7454] ✓  Blinding Lights / The Weeknd
[3216/7454] ✓  I Gotta Feeling / Black Eyed Peas
[3217/7454] ✓  California Love - Original Version / 2Pac
[3218/7454] ✓  OMG (feat. will.i.am) / USHER
[3219/7454] ✓  Family Affair / Mary J. Blige
[3220/7454] ✓  Black or White / Michael Jackson
[3221/7454] ✓  Hot In Herre / Nelly
[3222/7454] ✓  Love Don't Cost a Thing / Jennifer Lopez
[3223/7454] ✓  SICKO MODE / Travis Scott
[3224/7454] ✓  Get Ur Freak On / Missy Elliott
[3225/7454] ❌ API FAIL (attempt 1): Purple Rain — JSON parse failed: {"mood_tags":["nostalgic","bittersweet","hopeful"],"texture_tags":["electric_distant","string","reverb_heavy","vocal_breath"],"negative_tags":[],"energy":0.45,"brightness":0.5,"density":0.55,"warmth":
[3226/7454] ✓  Lose Yourself / Eminem
[3227/7454] ✓  Burn / USHER
[3228/7454] ✓  In Da Club / 50 Cent
[3225/7454] ✓  Purple Rain / Prince
[3229/7454] ✓  Love in This Club (feat. Young Jeezy) / USHER
[3231/7454] ✓  My Girl / The Temptations
[3230/7454] ✓  Turn Down for What / DJ Snake
[3232/7454] ✓  Sir Duke / Stevie Wonder
[3233/7454] ✓  Man! I Feel Like A Woman! / Shania Twain
[3234/7454] ✓  All For You / Janet Jackson
[3235/7454] ✓  天涯歌女 - 评弹 / 鹤这豹脾气
[3236/7454] ✓  Whiplash / aespa
[3238/7454] ✓  Rockstar / LISA
[3240/7454] ⏭  SKIP (duplicate key): Castle In The Air / 林俊傑
[3237/7454] ✓  New Woman (feat. ROSALÍA) / LISA
[3239/7454] ✓  Touch / KATSEYE
[3241/7454] ✓  Oshaprapra / Victony
[3242/7454] ✓  似水年華 / 黃磊
[3243/7454] ✓  Right Now / NewJeans
[3244/7454] ✓  Supernatural / NewJeans
[3245/7454] ✓  A No No / Mariah Carey
[3246/7454] ✓  Supernova / aespa
[3247/7454] ✓  Midas Touch / KISS OF LIFE
[3248/7454] ✓  GAROTA DE IPANEMA - 2006 Version / 小野麗莎
[3249/7454] ✓  ordinary things (feat. Nonna) / Ariana Grande
[3250/7454] ✓  we're all eating each other / Juliet Ivy
[3251/7454] ✓  Smoke (feat. Lucky Daye) / Victoria Monét
[3252/7454] ✓  天若有情 - 電視劇「錦繡未央」主題曲 / A-Lin
[3253/7454] ✓  On My Mama / Victoria Monét
[3254/7454] ✓  Girls’ Capitalism / tripleS
[3255/7454] ✓  Burn the Bridge / LE SSERAFIM
[3258/7454] ⏭  SKIP (duplicate key): yes, and? / Ariana Grande
[3259/7454] ⏭  SKIP (duplicate key): ETA / NewJeans
[3256/7454] ✓  yes, and? - extended mix / Ariana Grande
[3257/7454] ✓  Sweet Juice / PURPLE KISS
[3260/7454] ✓  e-motions (with Erika de Casier) / Mura Masa
[3261/7454] ✓  missing you / 具島直子
[3262/7454] ✓  早班火車 - 掀起連場音樂會 / 盧凱彤
[3264/7454] ✓  Light Me Up / Ravyn Lenae
[3263/7454] ✓  Pendulum / FKA twigs
[3265/7454] ✓  Cool With You / NewJeans
[3267/7454] ✓  Bad Habit / Steve Lacy
[3266/7454] ✓  Get Up / NewJeans
[3268/7454] ✓  米蘭的小鐵匠 / 周杰倫
[3269/7454] ✓  手寫的從前 / 周杰倫
[3270/7454] ✓  Where are you? / CLC
[3271/7454] ✓  I Feel You / Wonder Girls
[3272/7454] ✓  Stay This Way / fromis_9
[3273/7454] ✓  Can't Help Falling in Love / Elvis Presley
[3274/7454] ✓  MAGICIAN / Lexie Liu
[3275/7454] ✓  Snow On The Beach (feat. More Lana Del Rey) / Taylor Swift
[3276/7454] ✓  Snow On The Beach (feat. Lana Del Rey) / Taylor Swift
[3277/7454] ✓  Welcome To My Island / Caroline Polachek
[3278/7454] ✓  Allergy / i-dle
[3279/7454] ✓  Brazilian Rhyme / Earth, Wind & Fire
[3280/7454] ✓  Knock You Down / Keri Hilson
[3281/7454] ✓  The Way / Ariana Grande
[3282/7454] ✓  逝 / 雷光夏
[3283/7454] ✓  Cupid - Twin Ver. / FIFTY FIFTY
[3286/7454] ⏭  SKIP (duplicate key): 潛伏期 / 孫盛希
[3285/7454] ✓  Love War (Feat. BE′O) / YENA
[3284/7454] ✓  Dally (feat. GRAY) / HYOLYN
[3288/7454] ⏭  SKIP (duplicate key): 薔薇 / 萧亚轩
[3287/7454] ✓  Die For You - Remix / The Weeknd
[3290/7454] ✓  Hurt / NewJeans
[3289/7454] ✓  ANTIFRAGILE / LE SSERAFIM
[3291/7454] ✓  Flying - Live / 袁婭維
[3294/7454] ⏭  SKIP (duplicate key): OMG / NewJeans
[3293/7454] ✓  FEARLESS / LE SSERAFIM
[3292/7454] ✓  FEARLESS - Japanese ver. / LE SSERAFIM
[3295/7454] ✓  MOONLIGHT SUNRISE / TWICE
[3296/7454] ✓  First Love - 2022 Mix / 宇多田光
[3297/7454] ✓  Good Days / SZA
[3298/7454] ✓  Anti-Hero / Taylor Swift
[3299/7454] ✓  初恋 / 宇多田光
[3300/7454] ✓  Higher / FIFTY FIFTY
[3301/7454] ✓  Moon / Kanye West
[3302/7454] ✓  Atlantis / Seafret
[3303/7454] ✓  Love, Need and Want You / Patti LaBelle
[3304/7454] ✓  Gummy Bear / Lolo Zouaï
[3306/7454] ✓  喜歡 / 張懸
[3305/7454] ✓  Sunset / Caroline Polachek
[3307/7454] ✓  奇洛李維斯回信 / 薛凱琪
[3308/7454] ✓  Black Mamba / aespa
[3309/7454] ✓  As It Was / Harry Styles
[3310/7454] ✓  BREAK MY SOUL / Beyoncé
[3311/7454] ✓  TAIL / SUNMI
[3312/7454] ✓  Pink Venom / BLACKPINK
[3313/7454] ✓  POP! / NAYEON
[3314/7454] ✓  INVU / 太妍
[3316/7454] ✓  All I See (feat. MIMS) / Kylie Minogue
[3315/7454] ✓  Superficial Love / Calica
[3317/7454] ✓  討厭紅樓夢 - Live / 陶喆
[3318/7454] ✓  Show You The Way To Go / Men of Vizion
[3320/7454] ✓  Twilight Clouds / Jesy Chiang
[3319/7454] ✓  Pirate / EVERGLOW
[3321/7454] ✓  God Save Our Young Blood / BØRNS
[3322/7454] ✓  First Class / Jack Harlow
[3323/7454] ✓  GTFO / Mariah Carey
[3324/7454] ✓  Goodbye To A World / Porter Robinson
[3325/7454] ✓  Typa Girl / BLACKPINK
[3326/7454] ✓  Talk that Talk / TWICE
[3327/7454] ✓  Heat Waves / Glass Animals
[3328/7454] ✓  After LIKE / IVE
[3329/7454] ✓  リンゴ追分 (蘋果花 日文版) / 王若琳
[3330/7454] ✓  雨季中 / 萧亚轩
[3331/7454] ✓  呼吸有害 / 莫文蔚
[3332/7454] ✓  In My Feelings / Lana Del Rey
[3333/7454] ✓  Closer / Major7
[3334/7454] ✓  這世界那麼多人 - 電影《我要我們在一起》主題曲 / 莫文蔚
[3335/7454] ✓  水色 / 莫文蔚
[3336/7454] ✓  I am not your ocean anymore / Yerin Baek
[3337/7454] ✓  Illusion - Live / Reinhardt Buhr
[3338/7454] ✓  連續劇 / 容祖兒
[3339/7454] ✓  Bored / Billie Eilish
[3340/7454] ✓  This Could Be Us / Rae Sremmurd
[3341/7454] ✓  lost souls (with Brent Faiyaz) / Baby Keem
[3342/7454] ✓  Loveeeeeee Song / Rihanna
[3343/7454] ✓  Tippy Toes / XG
[3344/7454] ✓  With You / Mariah Carey
[3345/7454] ✓  The Roof (Back In Time) / Mariah Carey
[3346/7454] ✓  November Rain / 吳亦凡
[3347/7454] ✓  東京人壽 / 容祖兒
[3348/7454] ✓  Rainbow / Kacey Musgraves
[3349/7454] ✓  花事了 - ""乘客""廣東版 / 王菲
[3350/7454] ✓  STAY (with Justin Bieber) / The Kid LAROI
[3351/7454] ✓  LOVE DIVE / IVE
[3352/7454] ✓  WILDSIDE / Red Velvet
[3353/7454] ✓  我的驕傲無可救藥 (Live 版） / 陳綺貞
[3356/7454] ⏭  SKIP (duplicate key): 同步(「陪安東尼度過漫長歲月」電影主題曲) / 范曉萱
[3355/7454] ✓  你抽的煙 / 許美靜
[3357/7454] ✓  SAD! / XXXTENTACION
[3354/7454] ✓  告訴我 (Live 版） / 陳綺貞
[3358/7454] ✓  O Pato / Rosa Passos
[3360/7454] ✓  No No No / Thelma Aoyama
[3359/7454] ✓  DFMU / Ella Mai
[3363/7454] ⏭  SKIP (duplicate key): If I Ain't Got You (feat. Usher) / Alicia Keys
[3361/7454] ✓  Mariana / Childs
[3364/7454] ✓  BEST FOR ME / The Kid LAROI
[3362/7454] ✓  江南 / 林俊傑
[3365/7454] ✓  月光愛人 / Jorge Calandrelli
[3366/7454] ✓  Play我呸 - Play World Tour Live / JOLIN蔡依林
[3367/7454] ✓  大丈夫 - Play World Tour Live / JOLIN蔡依林
[3368/7454] ✓  相愛後動物感傷 / 張惠妹
[3369/7454] ✓  SCIENTIST - Japanese ver. / TWICE
[3370/7454] ✓  Hollywood / Madonna
[3371/7454] ✓  Hung Up / Madonna
[3372/7454] ✓  In the morning / ITZY
[3373/7454] ✓  WAP (feat. Megan Thee Stallion) / Cardi B
[3374/7454] ✓  Watermelon Sugar / Harry Styles
[3375/7454] ✓  Genesis of Aquarion (feat. Emily McEwan) - Live / Platina Jazz
[3378/7454] ⏭  SKIP (duplicate key): 為你我受冷風吹 - Live in Hong Kong/2011 / 林憶蓮
[3376/7454] ❌ API FAIL (attempt 1): FAKE LOVE - Japanese ver. — JSON parse failed: {"mood_tags":["melancholic","restless","bittersweet"],"texture_tags":["soft_synth","cold_synth","vocal_breath","electric_distant"],"negative_tags":["idol_polished","mainstream_anthem"],"energy":0.6,"b
[3379/7454] ✓  ELEVEN / IVE
[3377/7454] ✓  Life On Mars? / David Bowie
[3376/7454] ✓  FAKE LOVE - Japanese ver. / BTS
[3381/7454] ✓  MONEY / LISA
[3380/7454] ✓  SMILEY(Feat. BIBI) / YENA
[3382/7454] ✓  I Feel It Coming / The Weeknd
[3384/7454] ✓  不如先慶祝能在一起 / 萧亚轩
[3383/7454] ✓  Save Your Tears (with Ariana Grande) (Remix) / The Weeknd
[3385/7454] ✓  Angel (the prelude) / Mariah Carey
[3386/7454] ✓  婦女新知 2021 / 莫文蔚
[3387/7454] ✓  Infinity / Jaymes Young
[3388/7454] ✓  Wrecking Ball / Miley Cyrus
[3390/7454] ✓  Love Love Love / JOLIN蔡依林
[3389/7454] ✓  Equal in the Darkness / Steve Aoki
[3391/7454] ✓  假裝（廣東版） - Cantonese Version / JOLIN蔡依林
[3392/7454] ✓  Honey / Mariah Carey
[3393/7454] ✓  I Think Of You / Perry Como
[3394/7454] ✓  Where Do I Begin - From the Paramount Picture ""Love Story"" / Perry Como
[3395/7454] ✓  Where Do I Begin - Love Theme from ""Love Story"" / Andy Williams
[3396/7454] ✓  exile (feat. Bon Iver) / Taylor Swift
[3397/7454] ✓  Red (Taylor's Version) / Taylor Swift
[3399/7454] ✓  Heartbreaker (feat. Da Brat & Missy Elliott) / Mariah Carey
[3398/7454] ✓  Thank God I Found You (feat. Joe & 98°) / Mariah Carey
[3400/7454] ✓  Heartbreaker (feat. JAY-Z) / Mariah Carey
[3401/7454] ✓  Whenever You Call / Mariah Carey
[3402/7454] ✓  Breakdown (feat. Krayzie Bone & Wish Bone) / Mariah Carey
[3404/7454] ✓  Boo'd Up / Ella Mai
[3403/7454] ✓  Sometimes You Can't Make It On Your Own / U2
[3405/7454] ✓  Only You / miss A
[3406/7454] ✓  STEREOTYPE / STAYC
[3407/7454] ✓  癡情司 / 何韻詩
[3408/7454] ✓  Next Level / aespa
[3409/7454] ✓  清醒梦境 (Lucid Dream) / aespa
[3410/7454] ✓  One In A Million / Aaliyah
[3411/7454] ✓  牡丹亭外 / 陳昇
[3412/7454] ✓  Watching Ruth / Alexandre Desplat
[3413/7454] ✓  Happier Than Ever - Edit / Billie Eilish
[3414/7454] ✓  Happier Than Ever / Billie Eilish
[3416/7454] ✓  Next Level - IMLAY Remix / aespa
[3415/7454] ✓  Cold Heart - PNAU Remix / Elton John
[3417/7454] ✓  SOLO / JENNIE
[3418/7454] ✓  After We Ride / Brave Girls
[3419/7454] ✓  The greatest / Lana Del Rey
[3420/7454] ✓  Rumors (feat. Cardi B) / Lizzo
[3422/7454] ✓  Need to Know / Doja Cat
[3421/7454] ✓  Leave The Door Open / Bruno Mars
[3425/7454] ✓  BEAM BEAM / SOYEON
[3424/7454] ✓  Peaches (feat. Daniel Caesar & Giveon) / Justin Bieber
[3423/7454] ✓  Queendom / Red Velvet
[3426/7454] ✓  Forever Young - Live / BLACKPINK
[3427/7454] ✓  Gone - Live / ROSÉ
[3428/7454] ✓  Kura Kura / TWICE
[3429/7454] ✓  CRY FOR ME / TWICE
[3430/7454] ✓  FANCY / TWICE
[3431/7454] ✓  Alcohol-Free / TWICE
[3432/7454] ✓  I Want Your Love / Nile Rodgers
[3433/7454] ✓  天空之城 / 李志
[3434/7454] ✓  How You Like That / BLACKPINK
[3437/7454] ⏭  SKIP (duplicate key): Red / Taylor Swift
[3435/7454] ✓  DON′T ASK DON′T TELL / EVERGLOW
[3436/7454] ✓  ily (i love you baby) (ARTY Remix) [feat. Emilee] / Surf Mesa
[3438/7454] ✓  34+35 / Ariana Grande
[3439/7454] ✓  Sour Candy (with BLACKPINK) / Lady Gaga
[3440/7454] ✓  人樣 / 孫盛希
[3441/7454] ✓  Up / Cardi B
[3442/7454] ✓  Savage / Megan Thee Stallion
[3443/7454] ✓  垃圾 / 盧巧音
[3446/7454] ⏭  SKIP (duplicate key): Gone / ROSÉ
[3444/7454] ✓  White Dress / Lana Del Rey
[3445/7454] ✓  Levitating (feat. DaBaby) / Dua Lipa
[3447/7454] ✓  We Ride / Brave Girls
[3448/7454] ✓  On The Ground / ROSÉ
[3449/7454] ✓  Loverboy - Firecracker - Original Version, 2001 / Mariah Carey
[3452/7454] ⏭  SKIP (duplicate key): 香水 / 徐佳瑩
[3450/7454] ✓  慢冷 / 梁靜茹
[3451/7454] ❌ API FAIL (attempt 1): 回到過去 — JSON parse failed: {"mood_tags":["nostalgic","warm","bittersweet"],"texture_tags":["piano","acoustic","string","vocal_breath"],"negative_tags":[],"energy":0.4,"brightness":0.5,"density":0.45,"warmth":0.6,"rhythmic_motio
[3453/7454] ✓  野三坡 / 王菲
[3454/7454] ✓  無常 / 王菲
[3451/7454] ✓  回到過去 / 周杰倫
[3455/7454] ✓  Love Story (Taylor’s Version) / Taylor Swift
[3456/7454] ✓  H.A.T.E.U. / Mariah Carey
[3457/7454] ✓  Obsessed / Mariah Carey
[3458/7454] ✓  Touch My Body / Mariah Carey
[3459/7454] ✓  Be Without You / Mary J. Blige
[3460/7454] ✓  We Belong Together - Remix / Mariah Carey
[3461/7454] ✓  I'm Not Cool / HyunA
[3462/7454] ✓  It's Like That / Mariah Carey
[3463/7454] ✓  Feel Special / TWICE
[3465/7454] ✓  WANNABE - English Ver. / ITZY
[3464/7454] ✓  DALLA DALLA - English Ver. / ITZY
[3466/7454] ✓  Love So Sweet / Cherry Bullet
[3467/7454] ✓  Butterfly / LOONA
[3468/7454] ✓  Why Not? / LOONA
[3469/7454] ✓  MORE & MORE / TWICE
[3471/7454] ✓  Blueberry Eyes (feat. SUGA of BTS) / MAX
[3470/7454] ✓  RUN / 倖田來未
[3472/7454] ✓  漩渦 / 孙燕姿
[3474/7454] ✓  同類 / 孙燕姿
[3473/7454] ✓  飄著 / 孙燕姿
[3475/7454] ✓  了解 / 孙燕姿
[3476/7454] ✓  相信 / 孙燕姿
[3477/7454] ✓  自然 / 孙燕姿
[3478/7454] ✓  和平 / 孙燕姿
[3479/7454] ✓  渴 / 孙燕姿
[3480/7454] ✓  愛笑的眼睛 / 林俊傑
[3481/7454] ✓  心牆 / 林俊傑
[3482/7454] ✓  Woman Trouble / Noise Reaction
[3483/7454] ✓  Woman Trouble - Remix / Artful Dodger
[3484/7454] ✓  You Give Love A Bad Name / Bon Jovi
[3485/7454] ✓  Lonely 911 / 萧亚轩
[3486/7454] ✓  Honey / 張藝興
[3487/7454] ✓  Naked Truth赤裸真相 / 萧亚轩
[3488/7454] ✓  I'm In Here - Piano/Vocal Version / Sia
[3489/7454] ✓  Bad Girl Good Girl / miss A
[3492/7454] ⏭  SKIP (duplicate key): 蘋果花 / 王若琳
[3490/7454] ✓  Oh Santa! (feat. Ariana Grande & Jennifer Hudson) / Mariah Carey
[3491/7454] ✓  Better / BoA
[3493/7454] ✓  Long Road Home / Oneohtrix Point Never
[3494/7454] ✓  乘客 / 王菲
[3495/7454] ✓  來自第五大道的明信片 / 萧亚轩
[3496/7454] ✓  Empire State Of Mind / JAŸ-Z
[3497/7454] ✓  我 / JOLIN蔡依林
[3498/7454] ✓  城裡的月光 / 許美靜
[3499/7454] ✓  美麗的插曲 / 萧亚轩
[3500/7454] ✓  Green sleeves / AMANUMA Takayuki
[3501/7454] ✓  String Quartet No. 1 in D Major, Op. 11: II. Andante Cantabile / Pyotr Ilyich Tchaikovsky
[3502/7454] ✓  To The Edge Of The Earth / Michael Nyman
[3503/7454] ✓  蒲公英的約定 / 周杰倫
[3504/7454] ✓  Psycho / Red Velvet
[3505/7454] ✓  No Goodbyes / Dua Lipa
[3506/7454] ✓  Don't Start Now / Dua Lipa
[3507/7454] ❌ API FAIL (attempt 1): Numb — JSON parse failed: {"mood_tags":["urban","restless","melancholic"],"texture_tags":["soft_synth","cold_synth","vocal_breath","electric_distant"],"negative_tags":[],"energy":0.55,"brightness":0.45,"density":0.6,"warmth":0
[3508/7454] ✓  呼吸 / 林憶蓮
[3509/7454] ✓  Do What U Want / Lady Gaga
[3507/7454] ✓  Numb / Rihanna
[3510/7454] ✓  In My Feelings / Drake
[3511/7454] ✓  Like That (feat. Gucci Mane) / Doja Cat
[3512/7454] ✓  Back to the Streets (feat. Jhené Aiko) / Saweetie
[3513/7454] ✓  Really / BLACKPINK
[3514/7454] ✓  I CAN'T STOP ME / TWICE
[3515/7454] ✓  See U Later - Live / BLACKPINK
[3516/7454] ✓  SEE U LATER - BLACKPINK ARENA TOUR 2018 ""SPECIAL FINAL IN KYOCERA DOME OSAKA"" / BLACKPINK
[3518/7454] ✓  怎樣 ? / 戴佩妮
[3517/7454] ✓  征服 (Remastered) / 那英
[3519/7454] ✓  Much to My Happiness / 戴佩妮
[3521/7454] ✓  永不失聯的愛 / 周興哲
[3520/7454] ✓  不管有多苦 (Remastered) / 那英
[3522/7454] ✓  Swish Swish / Katy Perry
[3523/7454] ✓  Time After Time / Cyndi Lauper
[3524/7454] ✓  魅せられて (愛的迷戀 日文版) / 王若琳
[3525/7454] ✓  屬於 / 梁靜茹
[3526/7454] ✓  我還記得 / 梁靜茹
[3527/7454] ✓  最想環遊的世界 / 梁靜茹
[3529/7454] ✓  This Love / Taylor Swift
[3530/7454] ✓  一呼...一吸 / 林憶蓮
[3528/7454] ✓  Not Shy / ITZY
[3531/7454] ✓  FIESTA / IZ*ONE
[3533/7454] ✓  Rain On Me (with Ariana Grande) / Lady Gaga
[3532/7454] ✓  LA DI DA / EVERGLOW
[3534/7454] ✓  浮砂 / 莫文蔚
[3535/7454] ✓  Don't Cha / The Pussycat Dolls
[3538/7454] ⏭  SKIP (duplicate key): 幸福的地圖 / 萧亚轩
[3536/7454] ✓  Alice / Lady Gaga
[3537/7454] ✓  Over Now (with The Weeknd) / Calvin Harris
[3539/7454] ✓  Stuck with U (with Justin Bieber) / Ariana Grande
[3540/7454] ✓  Doctor Jones / Aqua
[3543/7454] ⏭  SKIP (duplicate key): 紅豆 / 王菲
[3544/7454] ⏭  SKIP (duplicate key): My Cookie Can / 衛蘭
[3541/7454] ✓  Don’t Give A What / ITZY
[3542/7454] ✓  斯芬克斯 (Sphinx) / THE9
[3545/7454] ✓  傲嬌 / 張惠妹
[3546/7454] ✓  hoax / Taylor Swift
[3549/7454] ⏭  SKIP (duplicate key): 女爵 / 楊乃文
[3550/7454] ⏭  SKIP (duplicate key): 推開世界的門 / 楊乃文
[3547/7454] ✓  pporappippam / SUNMI
[3548/7454] ✓  Siren / SUNMI
[3552/7454] ✓  圓 / AGA
[3551/7454] ✓  La Vie en Rose / IZ*ONE
[3553/7454] ✓  Dance To This (feat. Ariana Grande) / Troye Sivan
[3554/7454] ✓  TROLLZ (with Nicki Minaj) / 6ix9ine
[3555/7454] ✓  Kill This Love / BLACKPINK
[3556/7454] ✓  Havana (feat. Young Thug) / Camila Cabello
[3557/7454] ✓  凡人歌 / 李宗盛
[3558/7454] ✓  On My Mind / Ellie Goulding
[3559/7454] ✓  Blush / Wolf Alice
[3560/7454] ✓  YES or YES / TWICE
[3562/7454] ✓  Blue Girl / Chromatics
[3561/7454] ✓  想把你留在这里 / Tizzy T
[3563/7454] ✓  Kill For Love / Chromatics
[3564/7454] ✓  Naked City / Glass Candy
[3565/7454] ✓  Cherry / Chromatics
[3566/7454] ✓  Say So (feat. Nicki Minaj) / Doja Cat
[3569/7454] ⏭  SKIP (duplicate key): Say So / Doja Cat
[3567/7454] ✓  捉迷藏 / Lexie Liu
[3568/7454] ✓  The fifth season (SSFWL) / OH MY GIRL
[3570/7454] ✓  1999 / Charli xcx
[3571/7454] ✓  Get Lucky (Radio Edit) [feat. Pharrell Williams and Nile Rodgers] / Daft Punk
[3573/7454] ✓  1957 / Milo Greene
[3572/7454] ✓  Adore You / Harry Styles
[3574/7454] ✓  Girls / 朱婧汐
[3576/7454] ✓  I Love You 3000 II / 88rising
[3578/7454] ⏭  SKIP (duplicate key): Say So (Jax Jones Midnight Snack Remix) / Doja Cat
[3575/7454] ✓  100 Ways / 王嘉尔
[3580/7454] ⏭  SKIP (duplicate key): HUSTLE / 陳梓童
[3577/7454] ✓  地下鐵 / 萧亚轩
[3581/7454] ✓  Hush / miss A
[3579/7454] ✓  Supersonic (feat. Christian Burns) / Swanky Tunes
[3582/7454] ✓  Kick It / BLACKPINK
[3585/7454] ⏭  SKIP (duplicate key): 愛的主打歌 / 萧亚轩
[3584/7454] ✓  DON'T KNOW WHAT TO DO - JP Ver. / BLACKPINK
[3583/7454] ✓  KICK IT - JP Ver. / BLACKPINK
[3586/7454] ✓  Yummy / Justin Bieber
[3587/7454] ✓  怪美的 / JOLIN蔡依林
[3588/7454] ✓  Stupid Love / Lady Gaga
[3589/7454] ✓  Skyfall / Adele
[3590/7454] ✓  DUN DUN / EVERGLOW
[3591/7454] ✓  夜之繆斯 / 尚雯婕
[3592/7454] ✓  阿修羅 / 尚雯婕
[3593/7454] ✓  聖誕結 / 陳奕迅
[3594/7454] ✓  Don’t Call Me Angel (Charlie’s Angels) (with Miley Cyrus & Lana Del Rey) / Ariana Grande
[3597/7454] ⏭  SKIP (duplicate key): FANCY - Japanese ver. / TWICE
[3595/7454] ❌ API FAIL (attempt 1): In & Out — JSON parse failed: {"mood_tags":["urban","restless","hopeful"],"texture_tags":["soft_synth","cold_synth","vocal_breath","electric_distant"],"negative_tags":[],"energy":0.6,"brightness":0.55,"density":0.65,"warmth":0.45,
[3596/7454] ✓  What Makes Us Human / Lamb
[3598/7454] ✓  緣分一道橋 / 王力宏
[3595/7454] ✓  In & Out / Red Velvet
[3599/7454] ✓  Knew Better / Forever Boy / Ariana Grande
[3600/7454] ✓  Perfect Places / Lorde
[3601/7454] ✓  Dead / Madison Beer
[3602/7454] ✓  Stop for Nothing / courtship.
[3603/7454] ✓  微加幸福 / 郁可唯
[3604/7454] ✓  路過人間 / 郁可唯
[3605/7454] ✓  當你和心跳一起出現 / 萧亚轩
[3606/7454] ✓  All I Want / Kodaline
[3607/7454] ✓  You Don't Know Me / EVERGLOW
[3610/7454] ⏭  SKIP (duplicate key): 絲路 / 梁靜茹
[3611/7454] ⏭  SKIP (duplicate key): 我的最愛 / 張韶涵
[3612/7454] ⏭  SKIP (duplicate key): 早已離開我 / 張學友
[3608/7454] ✓  달라달라 (DALLA DALLA) / ITZY
[3609/7454] ✓  樣子 / 張韶涵
[3615/7454] ⏭  SKIP (duplicate key): 秋意濃 / 張學友
[3613/7454] ✓  2046: Polonaise / Shigeru Umebayashi
[3614/7454] ✓  旋木 / 王菲
[3616/7454] ✓  DDU-DU DDU-DU - BLACKPINK ARENA TOUR 2018 ""SPECIAL FINAL IN KYOCERA DOME OSAKA"" / BLACKPINK
[3617/7454] ✓  KILL THIS LOVE - JP Ver. / BLACKPINK
[3618/7454] ✓  Put It Straight / i-dle
[3619/7454] ✓  Jopping / SuperM
[3622/7454] ⏭  SKIP (duplicate key): 一個人旅行 / 袁泉
[3620/7454] ✓  LATATA - Japanese ver. / i-dle
[3621/7454] ✓  成全 (Live) / 林宥嘉
[3623/7454] ✓  달리 / HYOLYN
[3624/7454] ✓  You Are My Only One (電視劇“我和兩個他”主題曲) / 袁婭維
[3625/7454] ✓  Venice Bitch / Lana Del Rey
[3626/7454] ✓  Wherever you are / ONE OK ROCK
[3627/7454] ✓  미행 (그림자 : Shadow) / f(x)
[3629/7454] ✓  Once Upon More Beautiful Days (In Memory of My Parents) / David Popper
[3628/7454] ✓  LALALAY 날라리 / SUNMI
[3630/7454] ✓  Adagio for Strings, Op. 11 / Samuel Barber
[3631/7454] ✓  Dearest / 濱崎步
[3632/7454] ✓  Love song / Lana Del Rey
[3633/7454] ✓  Your Heart Is As Black As Night / Beth Hart, Joe Bonamassa
[3634/7454] ✓  The Astounding Eyes Of Rita / Anouar Brahem
[3635/7454] ✓  Canto Primo from Suite for Solo Cello No. 1, Op. 72 / Benjamin Britten
[3636/7454] ✓  Triggered (freestyle) / Jhené Aiko
[3637/7454] ✓  Bitch I'm Madonna / Madonna
[3638/7454] ✓  Living For Love / Madonna
[3639/7454] ✓  Wind flower / MAMAMOO
[3640/7454] ✓  LOONATIC - Eng. Ver. / LOOΠΔ / ODD EYE CIRCLE
[3641/7454] ✓  Video Games / Lana Del Rey
[3642/7454] ✓  Cruel Summer / Taylor Swift
[3645/7454] ⏭  SKIP (duplicate key): 至少還有你 / 林憶蓮
[3643/7454] ✓  Red - Original Demo Recording / Taylor Swift
[3647/7454] ⏭  SKIP (duplicate key): 我懷念的 / 孙燕姿
[3644/7454] ✓  Lover / Taylor Swift
[3646/7454] ✓  愛過 / 飛兒樂團
[3648/7454] ✓  I'm not yours (feat. 安室奈美惠) / JOLIN蔡依林
[3649/7454] ✓  Zimzalabim / Red Velvet
[3650/7454] ✓  Long Flight / TAEYONG
[3653/7454] ⏭  SKIP (duplicate key): 愛 / 莫文蔚
[3651/7454] ✓  Adios / EVERGLOW
[3652/7454] ✓  Stay With Me - Radio Edit / Sam Smith
[3654/7454] ✓  愛麗斯永遠住在這裡 / 莫文蔚
[3657/7454] ⏭  SKIP (duplicate key): 春風吹 / 方大同
[3655/7454] ✓  廣島之戀 / 莫文蔚
[3656/7454] ✓  他不愛我 / 莫文蔚
[3658/7454] ✓  boyfriend (with Social House) / Ariana Grande
[3659/7454] ✓  償還 - ""紅豆""廣東版 / 王菲
[3660/7454] ✓  Goodbye / Girls' Generation
[3661/7454] ✓  Umbrella / Rihanna
[3662/7454] ✓  Love Inside / BJ The Chicago Kid
[3663/7454] ✓  Sending My Love / Zhané
[3664/7454] ✓  Fallen / Mýa
[3665/7454] ❌ API FAIL (attempt 1): You Remind Me — JSON parse failed: {"mood_tags":["urban","nostalgic","hopeful"],"texture_tags":["soft_synth","vocal_breath","electric_distant"],"energy":0.55,"brightness":0.5,"density":0.55,"warmth":0.6,"rhythmic_motion":0.5,"vocal_pre
[3666/7454] ✓  Homemade Dynamite - REMIX / Lorde
[3667/7454] ✓  bad guy (with Justin Bieber) / Billie Eilish
[3665/7454] ✓  You Remind Me / Mary J. Blige
[3668/7454] ✓  Wildest Dreams / Taylor Swift
[3669/7454] ✓  LATATA / i-dle
[3670/7454] ✓  BOOMBAYAH / BLACKPINK
[3671/7454] ✓  City Of Stars (Humming) / Justin Hurwitz
[3672/7454] ✓  Peek-A-Boo / Red Velvet
[3673/7454] ✓  還是要幸福 / 田馥甄
[3674/7454] ✓  手心的薔薇 / 林俊傑
[3675/7454] ✓  一眼萬年 / 林俊傑
[3676/7454] ✓  Play It Cool / MONSTA X
[3677/7454] ✓  泡沫 / 鄧紫棋
[3678/7454] ✓  玫瑰少年 / JOLIN蔡依林
[3679/7454] ✓  TT / TWICE
[3680/7454] ✓  TT - Japanese ver. / TWICE
[3681/7454] ✓  See You Again / The Promise
[3682/7454] ✓  拋物線 / 蔡健雅
[3683/7454] ✓  大丈夫 / JOLIN蔡依林
[3684/7454] ✓  迷幻 / JOLIN蔡依林
[3685/7454] ✓  STARGAZING / Travis Scott
[3686/7454] ✓  I Thought About Killing You / Kanye West
[3688/7454] ✓  Nonstop / Drake
[3690/7454] ⏭  SKIP (duplicate key): 錯的人 / 萧亚轩
[3687/7454] ✓  Is You Ready - From ""Mile 22"" / Migos
[3689/7454] ✓  双影 / 張惠妹
[3691/7454] ✓  IDOL / BTS
[3692/7454] ✓  Electric (feat. Khalid) / Alina Baraz
[3693/7454] ✓  成全 / 劉若英
[3694/7454] ✓  Trip / Ella Mai
[3695/7454] ✓  Freek'n You / Jodeci
[3697/7454] ⏭  SKIP (duplicate key): The Archer - Live From Paris / Taylor Swift
[3696/7454] ✓  ME! - Live From Paris / Taylor Swift
[3699/7454] ✓  Cornelia Street - Live From Paris / Taylor Swift
[3698/7454] ✓  Death By A Thousand Cuts - Live From Paris / Taylor Swift
[3702/7454] ⏭  SKIP (duplicate key): Lover - Live From Paris / Taylor Swift
[3700/7454] ✓  The Man - Live From Paris / Taylor Swift
[3704/7454] ⏭  SKIP (duplicate key): The Man / Taylor Swift
[3703/7454] ✓  I Forgot That You Existed / Taylor Swift
[3701/7454] ✓  You Need To Calm Down - Live From Paris / Taylor Swift
[3705/7454] ✓  I Think He Knows / Taylor Swift
[3708/7454] ⏭  SKIP (duplicate key): Cornelia Street / Taylor Swift
[3709/7454] ⏭  SKIP (duplicate key): Death By A Thousand Cuts / Taylor Swift
[3706/7454] ✓  Miss Americana & The Heartbreak Prince / Taylor Swift
[3707/7454] ✓  Paper Rings / Taylor Swift
[3712/7454] ⏭  SKIP (duplicate key): You Need To Calm Down / Taylor Swift
[3710/7454] ✓  London Boy / Taylor Swift
[3714/7454] ⏭  SKIP (duplicate key): ME! (feat. Brendon Urie of Panic! At The Disco) / Taylor Swift
[3711/7454] ✓  Soon You’ll Get Better (feat. The Chicks) / Taylor Swift
[3716/7454] ⏭  SKIP (duplicate key): Lover (Remix) [feat. Shawn Mendes] / Taylor Swift
[3713/7454] ✓  Afterglow / Taylor Swift
[3715/7454] ✓  It’s Nice To Have A Friend / Taylor Swift
[3717/7454] ✓  Camera's Rolling / Agnes Obel
[3718/7454] ✓  Broken Sleep / Agnes Obel
[3719/7454] ✓  Roscian / Agnes Obel
[3720/7454] ✓  Myopia / Agnes Obel
[3721/7454] ✓  Drosera / Agnes Obel
[3722/7454] ✓  Can't Be / Agnes Obel
[3723/7454] ✓  Parliament Of Owls / Agnes Obel
[3724/7454] ✓  Promise Keeper / Agnes Obel
[3725/7454] ✓  LS September / Andrea
[3726/7454] ✓  TrackQY / Andrea
[3727/7454] ✓  Reinf / Andrea
[3728/7454] ✓  Drumzzy / Andrea
[3729/7454] ✓  Backdrops / Andrea
[3730/7454] ✓  Liquid / Andrea
[3731/7454] ✓  Isabelle's String / Andrea
[3732/7454] ✓  Twin Forests / Andrea
[3733/7454] ✓  Lana / Andrea
[3734/7454] ✓  Honey / Ane Brun
[3735/7454] ✓  Don't Run And Hide / Ane Brun
[3736/7454] ✓  Crumbs / Ane Brun
[3737/7454] ✓  Feeling Like I Wanna Cry / Ane Brun
[3738/7454] ✓  Fingerprints / Ane Brun
[3739/7454] ✓  The Waiting / Ane Brun
[3740/7454] ✓  Honey - Radio Edit / Ane Brun
[3741/7454] ✓  Don't Run And Hide - Radio Edit / Ane Brun
[3742/7454] ✓  Crumbs - Radio Edit / Ane Brun
[3743/7454] ✓  Take Hold Of Me - Radio Edit / Ane Brun
[3744/7454] ✓  Praeludium / Anja Lechner
[3745/7454] ✓  Arpeggio / Anja Lechner
[3746/7454] ✓  Gratitude / Anja Lechner
[3747/7454] ✓  Alfonsina y el mar / Anja Lechner
[3748/7454] ✓  Memory of a Melody / Anja Lechner
[3749/7454] ✓  Solar I / Anja Lechner
[3750/7454] ✓  Shadow / Anja Lechner
[3751/7454] ✓  Miniature 27 / Anja Lechner
[3752/7454] ✓  Hymne / Anja Lechner
[3753/7454] ✓  Vague / E la nave va / Anja Lechner
[3754/7454] ✓  Lontano / Anja Lechner
[3755/7454] ✓  Prélude en berceuse / Anja Lechner
[3756/7454] ✓  Postludium / Anja Lechner
[3757/7454] ✓  I'm Not Your Dog / Baxter Dury
[3758/7454] ✓  Saliva Hog / Baxter Dury
[3759/7454] ✓  Samurai / Baxter Dury
[3760/7454] ✓  Sleep People / Baxter Dury
[3761/7454] ✓  The Night Chancers / Baxter Dury
[3762/7454] ✓  Daylight / Baxter Dury
[3763/7454] ✓  Say Nothing / Baxter Dury
[3764/7454] ✓  Mady / Błoto
[3765/7454] ✓  Bagna / Błoto
[3766/7454] ✓  Rędziny / Błoto
[3767/7454] ✓  Bielice / Błoto
[3768/7454] ✓  Ziemie zdegradowane przez człowieka / Błoto
[3769/7454] ✓  Glina / Błoto
[3770/7454] ✓  Gleby brunatne / Błoto
[3771/7454] ✓  The Way / Botany
[3773/7454] ✓  Blacktop Mirage / Botany
[3772/7454] ✓  Sunrelenting / Botany
[3774/7454] ✓  Your Whole Life / Botany
[3775/7454] ✓  She Will Be / Botany
[3776/7454] ✓  Schoolday Morning TV / Botany
[3777/7454] ✓  Babylon At Last / Botany
[3778/7454] ✓  Once We Die / Botany
[3779/7454] ✓  Vision of This Earth Before Our Time / Botany
[3780/7454] ✓  That's the One (Too Bad) / Botany
[3781/7454] ✓  Aya / Botany
[3782/7454] ✓  Farthest Visible Rooftop / Botany
[3783/7454] ✓  E.O.T.S. / Botany
[3784/7454] ✓  Prelude 1 / Bruce Brubaker
[3785/7454] ✓  Metamorphosis 2 / Philip Glass
[3786/7454] ✓  Prelude 2 / Bruce Brubaker
[3787/7454] ✓  Mad Rush / Philip Glass
[3788/7454] ✓  Prelude 5 / Bruce Brubaker
[3789/7454] ✓  Be Free / Cabaret Voltaire
[3790/7454] ✓  Microscopic Flesh Fragment / Cabaret Voltaire
[3791/7454] ❌ API FAIL (attempt 1): Universal Energy — JSON parse failed: {"mood_tags":["restless","urban","detached"],"texture_tags":["cold_synth","electric_distant","reverb_heavy"],"energy":0.65,"brightness":0.4,"density":0.7,"warmth":0.3,"rhythmic_motion":0.6,"vocal_pres
[3792/7454] ✓  Vasto / Cabaret Voltaire
[3793/7454] ✓  What's Goin' On / Cabaret Voltaire
[3791/7454] ✓  Universal Energy / Cabaret Voltaire
[3794/7454] ✓  Burning / Charles Webster
[3795/7454] ✓  We Belong Together / Charles Webster
[3796/7454] ✓  Love Lives / Charles Webster
[3798/7454] ✓  Music / Charles Webster
[3797/7454] ✓  I Wonder Why / Charles Webster
[3799/7454] ✓  Secrets Held / Charles Webster
[3800/7454] ✓  The Spell / Charles Webster
[3801/7454] ✓  First Light / Ed Harcourt
[3802/7454] ✓  Drowning In Dreams / Ed Harcourt
[3803/7454] ✓  Her Blood Is Volcanic / Ed Harcourt
[3805/7454] ✓  Death of the Siren / Ed Harcourt
[3804/7454] ✓  Only The Darkness Smiles For You / Ed Harcourt
[3806/7454] ✓  Last Rites / Ed Harcourt
[3807/7454] ✓  So Here's To You, Hally / Ed Harcourt
[3808/7454] ✓  Childhood / Ed Harcourt
[3809/7454] ✓  King Raman / Ed Harcourt
[3811/7454] ✓  From Now On / Emil Brandqvist
[3810/7454] ✓  My New Bike / Emil Brandqvist
[3813/7454] ✓  Butterflies / Emil Brandqvist
[3812/7454] ✓  When the Light Shines Through / Emil Brandqvist
[3814/7454] ✓  Hide and Seek / Emil Brandqvist
[3816/7454] ✓  Downhill / Emil Brandqvist
[3815/7454] ✓  The Clouds Are Clearing / Emil Brandqvist
[3817/7454] ✓  Raindrops / Emil Brandqvist
[3818/7454] ✓  Epilogue / Emil Brandqvist
[3819/7454] ✓  The Wolf / Gill Landry
[3820/7454] ✓  A Different Tune / Gill Landry
[3823/7454] ✓  Angeline / Gill Landry
[3821/7454] ✓  Nobody's Coming / Gill Landry
[3822/7454] ✓  The Place They Call Home / Gill Landry
[3824/7454] ✓  Trouble Town / Gill Landry
[3825/7454] ✓  1_# / GoGo Penguin
[3826/7454] ✓  Atomised / GoGo Penguin
[3827/7454] ✓  Open / GoGo Penguin
[3828/7454] ✓  F Maj Pixie / GoGo Penguin
[3829/7454] ✓  Totem / GoGo Penguin
[3832/7454] ✓  Leaving / Hania Rani
[3831/7454] ✓  To The Nth / GoGo Penguin
[3830/7454] ✓  Embers / GoGo Penguin
[3833/7454] ✓  Buka / Hania Rani
[3835/7454] ✓  Home / Hania Rani
[3834/7454] ✓  Letter to Glass / Hania Rani
[3836/7454] ✓  Zero Hour / Hania Rani
[3837/7454] ✓  F Major / Hania Rani
[3838/7454] ✓  Rurka / Hania Rani
[3839/7454] ✓  Tennen / Hania Rani
[3841/7454] ✓  Come Back Home / Hania Rani
[3840/7454] ✓  I'll Never Find Your Soul / Hania Rani
[3842/7454] ✓  Ellipses I / Howling
[3843/7454] ✓  Pieces / Howling
[3844/7454] ✓  Bind / Howling
[3845/7454] ❌ API FAIL (attempt 1): Healing — JSON parse failed: {"mood_tags":["warm","hopeful","dreamy"],"texture_tags":["soft_synth","ambient_pad","vocal_breath"],"energy":0.35,"brightness":0.5,"density":0.4,"warmth":0.7,"rhythmic_motion":0.3,"vocal_presence":0.4
[3846/7454] ✓  Dew / Howling
[3847/7454] ✓  Need You Now / Howling
[3845/7454] ✓  Healing / Howling
[3848/7454] ✓  Light On / Howling
[3849/7454] ✓  Mother Mother / Howling
[3850/7454] ✓  Body Inside / Howling
[3851/7454] ✓  Ellipses II / Howling
[3852/7454] ✓  Pain Relief / Huerta
[3854/7454] ✓  Mutualism / Huerta
[3855/7454] ✓  It Goes over Me / Huerta
[3853/7454] ✓  Blanket Dub / Huerta
[3856/7454] ✓  All Wild Things Are Shy / Huerta
[3857/7454] ✓  Aerial Interlude / Huerta
[3858/7454] ✓  The Ritual / Huerta
[3859/7454] ✓  Tiles & Glass / Huerta
[3860/7454] ✓  Vessel in the Sky / Hundreds
[3861/7454] ✓  Calling / Hundreds
[3862/7454] ✓  Body of Water / Hundreds
[3863/7454] ✓  The Current / Hundreds
[3864/7454] ✓  Untold / Hundreds
[3865/7454] ✓  The Bombs / Hundreds
[3866/7454] ✓  You're the Storm / Hundreds
[3867/7454] ✓  Riptide - Instrumental / Hundreds
[3870/7454] ✓  Configuration / John Law
[3868/7454] ✓  The Kiss / John Law
[3869/7454] ✓  And Them / John Law
[3871/7454] ✓  Processional / John Law
[3872/7454] ✓  Through a Glass Darkly / John Law
[3875/7454] ⏭  SKIP (duplicate key): The Kiss (Memory of a Kiss) / John Law
[3873/7454] ✓  Complex City / John Law
[3877/7454] ✓  The Mountain / Jonathan Hultén
[3874/7454] ✓  These Rolling Clouds / John Law
[3876/7454] ✓  A Dance in the Road / Jonathan Hultén
[3879/7454] ✓  Wasteland / Jonathan Hultén
[3878/7454] ✓  Next Big Day / Jonathan Hultén
[3880/7454] ✓  Holy Woods / Jonathan Hultén
[3881/7454] ✓  Where Devils Weep / Jonathan Hultén
[3882/7454] ✓  The Fleeting World / Jonathan Hultén
[3883/7454] ✓  The Roses / Jonathan Hultén
[3884/7454] ✓  Deep Night / Jonathan Hultén
[3886/7454] ✓  Black Lens / Leifur James
[3885/7454] ✓  Circles / Leifur James
[3887/7454] ✓  I Ran with You / Leifur James
[3888/7454] ✓  Angel in Disguise / Leifur James
[3889/7454] ✓  Ritual / Leifur James
[3890/7454] ✓  Alien / Leifur James
[3891/7454] ✓  AAID / Leifur James
[3892/7454] ✓  Rebel / Leifur James
[3893/7454] ✓  My Brain Is Lit Like An Airport / Liar, Flower
[3894/7454] ✓  9N - AFE / Liar, Flower
[3895/7454] ✓  Broken Light / Liar, Flower
[3896/7454] ✓  Even Though The Darkest Clouds / Liar, Flower
[3897/7454] ✓  Blood Berries / Liar, Flower
[3898/7454] ✓  Little Brown Shoe / Liar, Flower
[3899/7454] ✓  Baby Teeth / Liar, Flower
[3900/7454] ✓  Hole In My Hand / Liar, Flower
[3901/7454] ✓  Doors Locked, Oven's Off / Liar, Flower
[3902/7454] ✓  Old Ghosts / Little Misty
[3903/7454] ✓  Keeper / Little Misty
[3904/7454] ✓  The Path / Little Misty
[3906/7454] ✓  Blurry Lines / Little Misty
[3905/7454] ✓  Jimmy Boy / Little Misty
[3907/7454] ✓  The Diner / Little Misty
[3909/7454] ✓  Rain Won't Wait / Little Misty
[3908/7454] ✓  Helen / Little Misty
[3910/7454] ✓  Drifting / Little Misty
[3912/7454] ✓  A New Arrival / Martin Rude & Jakob Skøtt Duo
[3911/7454] ❌ API FAIL (attempt 1): Flails & Strands — JSON parse failed: {"mood_tags":["restrained","melancholic","unresolved"],"texture_tags":["acoustic","minimal","field_recording","reverb_heavy"],"energy":0.25,"brightness":0.3,"density":0.35,"warmth":0.4,"rhythmic_motio
[3913/7454] ✓  Aurelius Dye / Martin Rude & Jakob Skøtt Duo
[3911/7454] ✓  Flails & Strands / Martin Rude & Jakob Skøtt Duo
[3914/7454] ✓  Setenta y Tres / Martin Rude & Jakob Skøtt Duo
[3915/7454] ✓  The Slip / Martin Rude & Jakob Skøtt Duo
[3916/7454] ✓  The Short Sun / Martin Rude & Jakob Skøtt Duo
[3917/7454] ✓  Mountain Montage / Martin Rude & Jakob Skøtt Duo
[3918/7454] ✓  Veni / Mats Eilertsen Trio
[3919/7454] ✓  Stillheten / Mats Eilertsen Trio
[3920/7454] ✓  Memorabilia I / Mats Eilertsen Trio
[3921/7454] ✓  Swedenborg / Mats Eilertsen Trio
[3923/7454] ❌ API FAIL (attempt 1): Hjertet — JSON parse failed: {"mood_tags":["introspective","restrained","melancholic"],"texture_tags":["piano","acoustic","minimal","jazz_brush"],"energy":0.2,"brightness":0.3,"density":0.25,"warmth":0.4,"rhythmic_motion":0.2,"vo
[3922/7454] ❌ API FAIL (attempt 1): Kyrie — JSON parse failed: {"mood_tags":["introspective","restrained","melancholic"],"texture_tags":["piano","acoustic","minimal","cinematic"],"energy":0.2,"brightness":0.35,"density":0.3,"warmth":0.45,"rhythmic_motion":0.15,"v
[3924/7454] ✓  Memorabilia II / Mats Eilertsen Trio
[3923/7454] ✓  Hjertet / Mats Eilertsen Trio
[3922/7454] ✓  Kyrie / Mats Eilertsen Trio
[3925/7454] ✓  Sanctus / Mats Eilertsen Trio
[3927/7454] ❌ API FAIL (attempt 1): Memorabilia III — JSON parse failed: {"mood_tags":["introspective","melancholic","restrained"],"texture_tags":["piano","acoustic","minimal","cinematic"],"energy":0.2,"brightness":0.3,"density":0.25,"warmth":0.4,"rhythmic_motion":0.15,"vo
[3926/7454] ✓  Som da du / Mats Eilertsen Trio
[3928/7454] ❌ API FAIL (attempt 1): Memorabilia IV — JSON parse failed: {"mood_tags":["introspective","restrained","melancholic"],"texture_tags":["piano","acoustic","minimal","cinematic"],"energy":0.2,"brightness":0.3,"density":0.25,"warmth":0.4,"rhythmic_motion":0.15,"vo
[3927/7454] ❌ API FAIL (attempt 2): Memorabilia III — JSON parse failed: {"mood_tags":["introspective","restrained","melancholic"],"texture_tags":["piano","acoustic","minimal"],"energy":0.2,"brightness":0.3,"density":0.25,"warmth":0.4,"rhythmic_motion":0.15,"vocal_presence
[3929/7454] ✓  Snøfnuggene / Mats Eilertsen Trio
[3928/7454] ✓  Memorabilia IV / Mats Eilertsen Trio
[3927/7454] ❌ API FAIL (attempt 3): Memorabilia III — JSON parse failed: {"mood_tags":["introspective","restrained","melancholic"],"texture_tags":["piano","acoustic","minimal","cinematic"],"energy":0.2,"brightness":0.35,"density":0.3,"warmth":0.4,"rhythmic_motion":0.15,"vo
[3927/7454] ✗  DROPPED after 3 retries: Memorabilia III — JSON parse failed: {"mood_tags":["introspective","restrained","melancholic"],"texture_tags":["piano","acoustic","minimal","cinematic"],"energy":0.2,"brightness":0.35,"density":0.3,"warmth":0.4,"rhythmic_motion":0.15,"vo
[3930/7454] ✓  Memorabilia V / Mats Eilertsen Trio
[3931/7454] ✓  L'appel Du Muezzin / Matthieu Saglio
[3932/7454] ✓  Metit / Matthieu Saglio
[3933/7454] ✓  Atman / Matthieu Saglio
[3935/7454] ✓  El Abrazo / Matthieu Saglio
[3936/7454] ✓  Tiempo para Sonar / Matthieu Saglio
[3934/7454] ✓  Caravelle / Matthieu Saglio
[3937/7454] ✓  Las Sirenas / Matthieu Saglio
[3938/7454] ✓  Les Cathédrales / Matthieu Saglio
[3939/7454] ✓  Tbilisi / Nathan Fake
[3941/7454] ✓  Ezekiel / Nathan Fake
[3940/7454] ✓  Stepping Stone / Nathan Fake
[3942/7454] ✓  North Brink / Nathan Fake
[3943/7454] ✓  Firmament / Nathan Fake
[3945/7454] ✓  Eris & Dysnomia / Nathan Fake
[3944/7454] ✓  Torch Song / Nathan Fake
[3946/7454] ✓  Vitesse / Nathan Fake
[3948/7454] ✓  Cyan / Niklas Paschburg
[3947/7454] ✓  If / Niklas Paschburg
[3949/7454] ✓  Little Orc / Niklas Paschburg
[3950/7454] ✓  Season Shift / Niklas Paschburg
[3951/7454] ✓  Opera / Niklas Paschburg
[3952/7454] ✓  Husky Train / Niklas Paschburg
[3953/7454] ✓  Arctic Teal / Niklas Paschburg
[3954/7454] ✓  Cross Talk I / Oneohtrix Point Never
[3955/7454] ✓  I Don't Love Me Anymore / Oneohtrix Point Never
[3956/7454] ✓  Bow Ecco / Oneohtrix Point Never
[3957/7454] ✓  The Whether Channel / Oneohtrix Point Never
[3958/7454] ✓  No Nightmares / Oneohtrix Point Never
[3959/7454] ✓  Cross Talk III / Oneohtrix Point Never
[3960/7454] ✓  Tales From The Trash Stratum / Oneohtrix Point Never
[3961/7454] ✓  Answering Machine / Oneohtrix Point Never
[3962/7454] ✓  Cross Talk IV / Radio Lonelys / Oneohtrix Point Never
[3963/7454] ✓  Lost But Never Alone / Oneohtrix Point Never
[3964/7454] ✓  Shifting / Oneohtrix Point Never
[3965/7454] ✓  Wave Idea / Oneohtrix Point Never
[3966/7454] ✓  Nothing’s Special / Oneohtrix Point Never
[3967/7454] ✓  Sound of Violence / Other Lives
[3968/7454] ✓  Lost Day / Other Lives
[3969/7454] ✓  Dead Language / Other Lives
[3970/7454] ✓  Nites Out / Other Lives
[3971/7454] ✓  We Wait / Other Lives
[3972/7454] ✓  Hey Hey I / Other Lives
[3973/7454] ✓  Sideways / Other Lives
[3975/7454] ✓  Tango Del Fuego / Parov Stelar
[3974/7454] ✓  Silver Line / Parov Stelar
[3976/7454] ✓  Pink Dragon / Parov Stelar
[3977/7454] ✓  Purple Moon / Parov Stelar
[3978/7454] ✓  Black Marlin / Parov Stelar
[3979/7454] ✓  Red Cat / Parov Stelar
[3980/7454] ✓  Crush & Crumble / Parov Stelar
[3981/7454] ✓  The Voodoo Engine / Parov Stelar
[3982/7454] ✓  Voodoo Sonic / Parov Stelar
[3983/7454] ✓  Brass Devil / Parov Stelar
[3984/7454] ✓  Come Back Home / Parov Stelar
[3985/7454] ✓  Piano Boy / Parov Stelar
[3986/7454] ✓  Don't You Forget / Parov Stelar
[3987/7454] ✓  Fade to Red / Parov Stelar
[3988/7454] ✓  Number One MC / Parov Stelar
[3989/7454] ✓  Go Wake Up / Parov Stelar
[3990/7454] ✓  Space_Schubert / Franz Schubert
[3991/7454] ✓  Exosphere_Schubert / Franz Schubert
[3992/7454] ✓  Exobase_Scarlatti / Domenico Scarlatti
[3993/7454] ✓  Thermosphere_Schubert / Franz Schubert
[3995/7454] ✓  Mesosphere_Schumann / Robert Schumann
[3994/7454] ✓  Karman_Bach / Johann Sebastian Bach
[3996/7454] ✓  Stratosphere_Bach / Johann Sebastian Bach
[3997/7454] ✓  Troposphere_Schubert / Franz Schubert
[3998/7454] ✓  Driving / POLIÇA
[3999/7454] ✓  Fold Up / POLIÇA
[4000/7454] ✓  Feel Life / POLIÇA
[4001/7454] ✓  Be Again / POLIÇA
[4002/7454] ❌ API FAIL (attempt 1): Steady — JSON parse failed: {"mood_tags":["restrained","urban","bittersweet"],"texture_tags":["soft_synth","vocal_breath","electric_distant"],"energy":0.4,"brightness":0.45,"density":0.5,"warmth":0.4,"rhythmic_motion":0.4,"vocal
[4003/7454] ✓  Blood Moon / POLIÇA
[4004/7454] ✓  Sea Without Blue / POLIÇA
[4002/7454] ✓  Steady / POLIÇA
[4005/7454] ✓  Escargot / Strings & Timpani
[4006/7454] ✓  Swarming Strings Made Out Of Light / Strings & Timpani
[4007/7454] ✓  FM4E / Strings & Timpani
[4008/7454] ✓  Community / Strings & Timpani
[4009/7454] ✓  Talk Tick Talk / Strings & Timpani
[4010/7454] ✓  Sons Français / Strings & Timpani
[4011/7454] ✓  Exaptation / Tangents
[4012/7454] ✓  Vessel / Tangents
[4013/7454] ✓  Survival / Tangents
[4014/7454] ✓  Bylong / Tangents
[4015/7454] ✓  God, Let It Shine On - Demo / The Wolfgang Press
[4016/7454] ✓  My Mother Told Me - Demo / The Wolfgang Press
[4017/7454] ✓  Liar - Demo / The Wolfgang Press
[4018/7454] ✓  Rodrigo: Concierto de Aranjuez: III. Allegro gentile / Joaquín Rodrigo
[4019/7454] ✓  Sainz de la Maza: El Vito / Regino Sáinz de la Maza
[4020/7454] ✓  Tansman: Musique de cour d'après Robert de Visée: II. Menuet / Alexandre Tansman
[4021/7454] ✓  Tansman: Musique de cour d'après Robert de Visée: III. Sarabande / Alexandre Tansman
[4022/7454] ✓  Tansman: Musique de cour d'après Robert de Visée: VI. Gigue / Alexandre Tansman
[4023/7454] ✓  Tansman: Musique de cour d'après Robert de Visée: VII. Air / Alexandre Tansman
[4024/7454] ✓  Tansman: Musique de cour d'après Robert de Visée: VIII. Finale / Alexandre Tansman
[4025/7454] ✓  De Visée: Pièces de théorbe et de luth, Suite en la mineur: IV. Sarabande / Robert de Visée
[4026/7454] ✓  De Visée: Pièces de théorbe et de luth, Suite en la mineur: V. Rondeau ""La Montfermeil"" / Robert de Visée
[4027/7454] ✓  De Visée / Transcr. Garcia: Pièces de théorbe et de luth, Suite en la mineur: VI. Gigue / Robert de Visée
[4028/7454] ✓  Tokyo Dance / Tingvall Trio
[4029/7454] ✓  Dance / Tingvall Trio
[4030/7454] ✓  Flotten / Tingvall Trio
[4031/7454] ✓  Riddaren / Tingvall Trio
[4032/7454] ✓  Cuban SMS / Tingvall Trio
[4033/7454] ✓  Arabic Slow Dance / Tingvall Trio
[4034/7454] ✓  Puls / Tingvall Trio
[4035/7454] ✓  Det Lilla / Tingvall Trio
[4036/7454] ✓  Sommarvisan / Tingvall Trio
[4037/7454] ✓  In Memory / Tingvall Trio
[4038/7454] ✓  Seestück / Ulrike Haage
[4039/7454] ✓  Abendlied / Ulrike Haage
[4040/7454] ✓  The Sufi in Orbit - (Extended Version) / Ulrike Haage
[4041/7454] ✓  While the Sun Wept - (Live Remixed) / Ulrike Haage
[4042/7454] ✓  Goliath / Woodkid
[4043/7454] ✓  In Your Likeness / Woodkid
[4044/7454] ✓  Pale Yellow / Woodkid
[4045/7454] ✓  Enemy / Woodkid
[4046/7454] ✓  Reactor / Woodkid
[4048/7454] ✓  Shift / Woodkid
[4047/7454] ✓  Drawn To You / Woodkid
[4049/7454] ✓  Horizons Into Battlegrounds / Woodkid
[4051/7454] ✓  Gold / J Hus
[4050/7454] ✓  Sticky (feat. GloRilla, Sexyy Red & Lil Wayne) / Tyler, The Creator
[4052/7454] ✓  Thot Shit / Megan Thee Stallion
[4053/7454] ✓  Griddlë / Yeat
[4054/7454] ✓  NOKIA / Drake
[4055/7454] ✓  INDUSTRY BABY (feat. Jack Harlow) / Lil Nas X
[4057/7454] ✓  Lovin On Me / Jack Harlow
[4056/7454] ✓  BAND4BAND (feat. Lil Baby) / Central Cee
[4058/7454] ✓  Like That / Future
[4059/7454] ✓  Flip A Switch. / RAYE
[4060/7454] ✓  Just Wanna Rock / Lil Uzi Vert
[4061/7454] ✓  Goosebumps / Travis Scott
[4062/7454] ✓  Gang Baby / NLE Choppa
[4063/7454] ✓  IDGAF (feat. Yeat) / Drake
[4064/7454] ✓  Count Me Out / Kendrick Lamar
[4065/7454] ✓  The Box / Roddy Ricch
[4066/7454] ✓  Or What / NLE Choppa
[4067/7454] ✓  4X4 / Travis Scott
[4068/7454] ✓  family ties (with Kendrick Lamar) / Baby Keem
[4069/7454] ✓  Superhero (Heroes & Villains) [with Future & Chris Brown] / Metro Boomin
[4070/7454] ✓  Brokey / Latto
[4071/7454] ✓  Jimmy Cooks (feat. 21 Savage) / Drake
[4072/7454] ✓  POP DAT THANG / DaBaby
[4073/7454] ✓  SLUT ME OUT / NLE Choppa
[4074/7454] ✓  Cash In Cash Out / Pharrell Williams
[4075/7454] ✓  Dance Now (feat. Kenny Mason) / JID
[4076/7454] ✓  FTCU (feat. Travis Scott, Chris Brown & Sexyy Red) - SLEEZEMIX / Nicki Minaj
[4077/7454] ✓  LIL DEMON / Future
[4078/7454] ✓  Praise God / Kanye West
[4079/7454] ✓  UK Rap / Dave
[4080/7454] ✓  Oh U Went (feat. Drake) / Young Thug
[4081/7454] ✓  Keep Their Heads Ringin' / Dr. Dre
[4082/7454] ✓  SAY MY GRACE (feat. Travis Scott) / Offset
[4083/7454] ✓  Life Is Good (feat. Drake) / Future
[4084/7454] ✓  Don't Play With It (feat. Billy B) / Lola Brooke
[4085/7454] ✓  wgft (feat. Burna Boy) / Gunna
[4086/7454] ✓  PHILLY (with Travis Scott) / Playboi Carti
[4087/7454] ✓  GANG / Kairo Keyz
[4088/7454] ✓  HOTEL LOBBY (Unc & Phew) / Quavo
[4089/7454] ✓  Seeing Green (with Drake & Lil Wayne) / Nicki Minaj
[4090/7454] ✓  Simon Says / Pharoahe Monch
[4092/7454] ✓  Act A Fool / Ludacris
[4091/7454] ✓  Off The Grid / Kanye West
[4093/7454] ✓  Dua Lipa / Jack Harlow
[4094/7454] ✓  ROCKSTAR (feat. Roddy Ricch) / DaBaby
[4095/7454] ✓  Redemption (feat. Nemzzz) / Kidwild
[4096/7454] ✓  Dior / Pop Smoke
[4098/7454] ✓  Take on Me / a-ha
[4097/7454] ✓  WHATS POPPIN (feat. DaBaby, Tory Lanez & Lil Wayne) - Remix / Jack Harlow
[4099/7454] ✓  Don't Stop Me Now - Remastered 2011 / Queen
[4100/7454] ✓  Zombie - 2025 Remastered / The Cranberries
[4101/7454] ✓  I'm Still Standing / Elton John
[4102/7454] ✓  Sweet Dreams (Are Made of This) - 2005 Remaster / Eurythmics
[4103/7454] ✓  I Was Made For Lovin' You / KISS
[4105/7454] ✓  Boogie Wonderland (with The Emotions) / Earth, Wind & Fire
[4104/7454] ✓  Livin' On A Prayer / Bon Jovi
[4106/7454] ✓  Don't Go Breaking My Heart / Elton John
[4108/7454] ✓  Say Say Say / Paul McCartney
[4107/7454] ✓  Reptilia / The Strokes
[4109/7454] ✓  Conga! / Miami Sound Machine
[4111/7454] ✓  Footloose - From ""Footloose"" Soundtrack / Kenny Loggins
[4110/7454] ✓  Tragedy / Bee Gees
[4112/7454] ✓  Fame / Irene Cara
[4113/7454] ✓  Kiss / Prince
[4114/7454] ✓  Daddy Cool / Boney M.
[4115/7454] ✓  You're The One That I Want (Remastered 2022) / Olivia Newton-John
[4116/7454] ✓  Superstition / Stevie Wonder
[4117/7454] ✓  We Didn't Start the Fire / Billy Joel
[4118/7454] ✓  Tainted Love / Soft Cell
[4119/7454] ✓  Love Shack / The B-52's
[4120/7454] ✓  Apologize / OneRepublic
[4121/7454] ✓  Just A Little Bit Of Your Heart / Ariana Grande
[4123/7454] ✓  Latch - Acoustic / Sam Smith
[4124/7454] ✓  When I Look At You / Miley Cyrus
[4122/7454] ✓  Beneath Your Beautiful (feat. Emeli Sandé) / Labrinth
[4125/7454] ✓  See You Again (feat. Charlie Puth) / Wiz Khalifa
[4126/7454] ✓  Safe & Sound - from The Hunger Games Soundtrack / Taylor Swift
[4127/7454] ✓  Purpose / Justin Bieber
[4128/7454] ✓  Big Girls Don't Cry (Personal) / Fergie
[4129/7454] ✓  Heal / Tom Odell
[4130/7454] ✓  California King Bed / Rihanna
[4131/7454] ✓  You're Beautiful / James Blunt
[4132/7454] ✓  If I Were a Boy / Beyoncé
[4133/7454] ✓  Just Give Me a Reason (feat. Nate Ruess) / P!nk
[4134/7454] ✓  Stone Cold / Demi Lovato
[4135/7454] ✓  It Will Rain / Bruno Mars
[4136/7454] ✓  Turning Tables / Adele
[4137/7454] ✓  Not In That Way / Sam Smith
[4138/7454] ✓  My Everything / Ariana Grande
[4139/7454] ✓  Who You Are / Jessie J
[4140/7454] ✓  Oblivion / Bastille
[4141/7454] ✓  Life Is Worth Living / Justin Bieber
[4143/7454] ✓  I'll Always Remember You / Hannah Montana
[4142/7454] ✓  Butterfly Fly Away / Miley Cyrus
[4144/7454] ✓  The Heart Wants What It Wants / Selena Gomez
[4145/7454] ✓  To Build A Home / The Cinematic Orchestra
[4146/7454] ✓  River Flows In You - Original / Yiruma
[4147/7454] ✓  I Won't Give Up / Jason Mraz
[4148/7454] ✓  human / Christina Perri
[4150/7454] ✓  Leave Your Lover / Sam Smith
[4152/7454] ⏭  SKIP (duplicate key): Die For You (with Ariana Grande) - Remix / The Weeknd
[4149/7454] ✓  Warrior / Demi Lovato
[4151/7454] ✓  All of the Stars / Ed Sheeran
[4154/7454] ✓  Super Shy / NewJeans
[4155/7454] ✓  Queencard / i-dle
[4153/7454] ✓  New Jeans / NewJeans
[4156/7454] ✓  這世界那麼多人（電影《我要我們在一起》主題曲） / 莫文蔚
[4158/7454] ✓  第九夜 / 李玟
[4157/7454] ✓  ANother song / 濱崎步
[4159/7454] ✓  Spicy / aespa
[4160/7454] ✓  Ballade in G Minor, Op. 24 / Edvard Grieg
[4161/7454] ✓  Holiday / Boulevard of Broken Dreams / Green Day
[4162/7454] ✓  消極掰 / JOLIN蔡依林
[4165/7454] ⏭  SKIP (duplicate key): Forever Young / BLACKPINK
[4163/7454] ✓  Play我呸 / JOLIN蔡依林
[4164/7454] ✓  Kiss and Make Up / Dua Lipa
[4166/7454] ✓  Lip & Hip / HyunA
[4167/7454] ✓  Look What You Made Me Do / Taylor Swift
[4168/7454] ✓  美杜莎 - Play World Tour Live / JOLIN蔡依林
[4169/7454] ✓  美人計 - Play World Tour Live / JOLIN蔡依林
[4170/7454] ✓  愛無赦 - Play World Tour Live / JOLIN蔡依林
[4171/7454] ✓  LOVE LOVE LOVE - Play World Tour Live / JOLIN蔡依林
[4172/7454] ✓  Mr.Q - Play World Tour Live / JOLIN蔡依林
[4173/7454] ✓  日不落 - Play World Tour Live / JOLIN蔡依林
[4174/7454] ✓  迷幻 - Play World Tour Live / JOLIN蔡依林
[4175/7454] ✓  舞孃 - Play World Tour Live / JOLIN蔡依林
[4176/7454] ✓  開門見山 / 張惠妹
[4177/7454] ✓  WANNABE / ITZY
[4178/7454] ✓  I Am the Best (내가 제일 잘 나가) / 2NE1
[4179/7454] ✓  FIRST / EVERGLOW
[4180/7454] ✓  Can't Get You out of My Head / Kylie Minogue
[4183/7454] ⏭  SKIP (duplicate key): 雙刀 / 周杰倫
[4181/7454] ✓  龍拳 / 周杰倫
[4185/7454] ⏭  SKIP (duplicate key): Realiti - Demo / Grimes
[4182/7454] ✓  雙截棍 / 周杰倫
[4184/7454] ✓  HULA HOOP / LOONA
[4186/7454] ✓  Savage Remix (feat. Beyoncé) / Megan Thee Stallion
[4188/7454] ✓  Time to Say Goodbye / Jeff Williams
[4190/7454] ⏭  SKIP (duplicate key): Nanking Road - Instrumental / The Shanghai Restoration Project
[4191/7454] ⏭  SKIP (duplicate key): Merry Christmas Mr Lawrence (From ""Merry Christmas Mr Lawrence"") / Richard Clayderman
[4187/7454] ✓  Promise / Akira Yamaoka
[4189/7454] ✓  Won't Back Down / Mat Kearney
[4192/7454] ✓  Merry Christmas, Mr. Lawrence / Namy
[4193/7454] ✓  Girls / aespa
[4194/7454] ✓  假裝 - 廣東版 / JOLIN蔡依林
[4195/7454] ✓  有暖氣（You Nuan Chi） / 橘子海
[4196/7454] ✓  大碗宽面 / 吳亦凡
[4197/7454] ✓  The Mighty Rio Grande / This Will Destroy You
[4198/7454] ✓  南方 / 文雀
[4199/7454] ✓  Break the Cars / Wang Wen
[4200/7454] ✓  New Years End / God Is An Astronaut
[4201/7454] ✓  Daydreaming / Radiohead
[4202/7454] ✓  Our Destiny / Blurry Lights
[4203/7454] ✓  Garden Highway / The Echelon Effect
[4204/7454] ✓  Baleen Morning / Balmorhea
[4205/7454] ✓  Lili's Dream / Alexandre Desplat
[4207/7454] ✓  Gerda / Alexandre Desplat
[4206/7454] ✓  Watching Ulla / Alexandre Desplat
[4208/7454] ✓  Make-up & Costume / Alexandre Desplat
[4209/7454] ✓  The Mirror / Alexandre Desplat
[4210/7454] ✓  One Step At A Time / Alexandre Desplat
[4211/7454] ✓  Lili's Death / Alexandre Desplat
[4213/7454] ✓  Meeting Daisy / Alexandre Desplat
[4212/7454] ✓  Mr. Gateau / Alexandre Desplat
[4214/7454] ✓  Meeting Again / Alexandre Desplat
[4215/7454] ✓  Alone at Night / Alexandre Desplat
[4216/7454] ✓  It Was Nice to Have Met You / Alexandre Desplat
[4217/7454] ✓  Nothing Lasts / Alexandre Desplat
[4218/7454] ❌ API FAIL (attempt 1): Love Returns — JSON parse failed: {"mood_tags":["warm","nostalgic","hopeful"],"texture_tags":["piano","string","cinematic"],"energy":0.25,"brightness":0.5,"density":0.35,"warmth":0.7,"rhythmic_motion":0.2,"vocal_presence":0.0,"emotion
[4219/7454] ✓  Benjamin and Daisy / Alexandre Desplat
[4220/7454] ✓  A New Life / Alexandre Desplat
[4218/7454] ✓  Love Returns / Alexandre Desplat
[4221/7454] ✓  Harry and Ginny / Alexandre Desplat
[4222/7454] ✓  Lily's Theme / Alexandre Desplat
[4223/7454] ✓  Farewell to Dobby / Alexandre Desplat
[4224/7454] ✓  Polyjuice Potion / Alexandre Desplat
[4225/7454] ✓  Sky Battle / Alexandre Desplat
[4226/7454] ✓  At The Burrow / Alexandre Desplat
[4227/7454] ✓  Ministry of Magic / Alexandre Desplat
[4228/7454] ✓  Ron's Speech / Alexandre Desplat
[4229/7454] ✓  The Elder Wand / Alexandre Desplat
[4231/7454] ✓  Transparent Eyelids / Ivan Prokofjev
[4230/7454] ✓  Runaway / AURORA
[4232/7454] ✓  Rain On / Dirty Three
[4233/7454] ✓  I Remember a Time When Once You Used to Love Me / Dirty Three
[4234/7454] ✓  Good Morning, I Love You / Seven Saturdays
[4235/7454] ✓  Farewell To Arms / Komas Mida
[4236/7454] ✓  Dreaming Is Essential / Because Of Ghosts
[4237/7454] ❌ API FAIL (attempt 1): Lament — JSON parse failed: {"mood_tags":["introspective","melancholic","restrained"],"texture_tags":["piano","string","minimal","reverb_heavy"],"energy":0.2,"brightness":0.3,"density":0.25,"warmth":0.35,"rhythmic_motion":0.15,"
[4238/7454] ✓  Moya / Godspeed You! Black Emperor
[4239/7454] ✓  Banako Zen / Giranice
[4237/7454] ✓  Lament / Balmorhea
[4240/7454] ✓  If All Else Fails / Mountain Men Anonymous
[4241/7454] ✓  We, Burning Giraffes / The Slowest Runner in all the World
[4242/7454] ✓  Stephen H. / All Angels Gone
[4245/7454] ⏭  SKIP (duplicate key): Merry Christmas Mr.Lawrence / The Standard Club
[4246/7454] ⏭  SKIP (duplicate key): 盛夏光年 / 林憶蓮
[4243/7454] ✓  Incendiários / Labirinto
[4244/7454] ✓  Merry Christmas Mr. Lawrence (Heart of Asia) - DJ Quicksilver's Radio Edit / Watergate
[4247/7454] ✓  Jogo da Vida / Tamba Trio
[4248/7454] ✓  Água de Beber / Maria Creuza
[4249/7454] ✓  A Felicidade / Quarteto Em Cy
[4250/7454] ✓  Samba De Uma Nota So - Instrumental / Charlie Byrd
[4253/7454] ⏭  SKIP (duplicate key): 過眼雲煙 / 王菲
[4251/7454] ✓  Corcovado / João Gilberto
[4255/7454] ⏭  SKIP (duplicate key): 美錯 / 王菲
[4256/7454] ⏭  SKIP (duplicate key): 小聰明 / 王菲
[4257/7454] ⏭  SKIP (duplicate key): With Tomorrow - Remastered / This Mortal Coil
[4258/7454] ⏭  SKIP (duplicate key): 愛不可及 / 王菲
[4259/7454] ⏭  SKIP (duplicate key): 只願為你守著約 / 王菲
[4260/7454] ⏭  SKIP (duplicate key): 眷戀 / 王菲
[4252/7454] ✓  Mas Que Nada / Tamba Trio
[4262/7454] ⏭  SKIP (duplicate key): 明明愛你 / 林凡
[4254/7454] ✓  情誡 - ""色誡""廣東版 / 王菲
[4261/7454] ✓  我願意 - 管弦樂版 / 王菲
[4263/7454] ✓  The Question / Anna Tivel
[4264/7454] ✓  Shadowland / Anna Tivel
[4265/7454] ✓  Figure It Out / Anna Tivel
[4266/7454] ✓  Minneapolis / Anna Tivel
[4267/7454] ✓  Worthless / Anna Tivel
[4268/7454] ✓  Homeless Child / Anna Tivel
[4269/7454] ✓  Velvet Curtain / Anna Tivel
[4270/7454] ✓  Embrace / Agoria
[4272/7454] ✓  Arêg / Agoria
[4271/7454] ✓  You’re Not Alone / Agoria
[4273/7454] ✓  Call Of The Wild / Agoria
[4274/7454] ✓  Dominae / Agoria
[4275/7454] ✓  A One Second Flash / Agoria
[4276/7454] ✓  Remedy / Agoria
[4277/7454] ✓  Scala / Agoria
[4279/7454] ✓  Blessuð Börnin / Bjarki
[4278/7454] ✓  Computer Program Reality / Agoria
[4280/7454] ✓  Alone in Sandkassi / Bjarki
[4281/7454] ✓  Two-brainedness / Bjarki
[4282/7454] ✓  AN6912 / Bjarki
[4283/7454] ✓  Healthy Texting / Bjarki
[4285/7454] ✓  ANa5 / Bjarki
[4284/7454] ✓  Bheiv_sheep / Bjarki
[4286/7454] ✓  Cereal Rudestorm / Bjarki
[4287/7454] ✓  Sprinq 3-2 / Bjarki
[4288/7454] ✓  Plastic Memories / Bjarki
[4289/7454] ✓  Happy Screams / Bjarki
[4290/7454] ✓  UXI / Bjarki
[4291/7454] ✓  Towards Isa / Croatian Amor
[4292/7454] ✓  In Alarm Light / Croatian Amor
[4293/7454] ✓  Siren Blur Accent / Croatian Amor
[4294/7454] ✓  Dark Cut / Croatian Amor
[4295/7454] ✓  Into Salt / Croatian Amor
[4296/7454] ✓  Eden 1.2 / Croatian Amor
[4297/7454] ✓  Good Winds / efdemin
[4298/7454] ✓  New Atlantis / efdemin
[4300/7454] ✓  A Land Unknown / efdemin
[4299/7454] ✓  At The Stranger's House / efdemin
[4301/7454] ✓  Temple / efdemin
[4302/7454] ✓  Black Sun / efdemin
[4303/7454] ✓  The Sound House / efdemin
[4305/7454] ✓  Personal Space / Fujiya & Miyagi
[4304/7454] ✓  Flashback / Fujiya & Miyagi
[4306/7454] ✓  For Promotional Use Only / Fujiya & Miyagi
[4307/7454] ✓  Subliminal / Fujiya & Miyagi
[4308/7454] ✓  Dying Swan Act / Fujiya & Miyagi
[4309/7454] ✓  Gammon / Fujiya & Miyagi
[4310/7454] ✓  Another Universe / HÆLOS
[4311/7454] ✓  Buried in the Sand / HÆLOS
[4312/7454] ✓  Kyoto / HÆLOS
[4314/7454] ✓  Boy / Girl / HÆLOS
[4313/7454] ✓  ARK / HÆLOS
[4315/7454] ✓  Empty Skies / HÆLOS
[4316/7454] ✓  So Long, Goodbye / HÆLOS
[4317/7454] ✓  Last One Out (Turn the Lights Off) / HÆLOS
[4318/7454] ✓  PSYCHONAUT / HEALTH
[4320/7454] ✓  BLACK STATIC / HEALTH
[4319/7454] ✓  GOD BOTHERER / HEALTH
[4321/7454] ✓  LOSS DELUXE / HEALTH
[4323/7454] ✓  THE MESSAGE / HEALTH
[4322/7454] ✓  NC-17 / HEALTH
[4324/7454] ✓  RAT WARS / HEALTH
[4325/7454] ✓  WRONG BAG / HEALTH
[4326/7454] ✓  DECIMATION / HEALTH
[4327/7454] ✓  Seikilos & to Console Him / Jay Glass Dubs
[4328/7454] ✓  Interlude I (The Hand That Rocks the Cradle) / Jay Glass Dubs
[4329/7454] ✓  A New Model for Emulation / Jay Glass Dubs
[4330/7454] ✓  Intro / Jay Glass Dubs
[4331/7454] ✓  Laid Down (feat. Yorgia Karidi) / Jay Glass Dubs
[4332/7454] ✓  Interlude II (Emergency Blanket) / Jay Glass Dubs
[4333/7454] ✓  Reckless / Jay Glass Dubs
[4335/7454] ✓  100 Bar / Lakker
[4334/7454] ✓  Shoulder to the Bat / Lakker
[4336/7454] ✓  A Juggling of Numbers / Lakker
[4337/7454] ✓  Clavier / Lakker
[4338/7454] ✓  A Whisper in Your Ear / Lakker
[4339/7454] ✓  Body from the Water / Lakker
[4340/7454] ✓  Discourage It All / Lakker
[4341/7454] ✓  Skies Turn Blue / Little People
[4342/7454] ✓  Embrace / Little People
[4343/7454] ✓  Tonight / Little People
[4344/7454] ✓  Don't Give Up / Little People
[4345/7454] ✓  Lozenge Less / Little People
[4346/7454] ✓  All the Wonders / Little People
[4347/7454] ✓  Rouge / Little People
[4348/7454] ✓  Slow Shimmer / Little People
[4349/7454] ✓  Maybe It's Wrong / Little People
[4350/7454] ✓  Sponk / Little People
[4351/7454] ✓  Embers / Mikron
[4352/7454] ✓  Lyre / Mikron
[4353/7454] ✓  Oceania / Mikron
[4354/7454] ✓  Ghost Node / Mikron
[4355/7454] ✓  Aldergrove / Mikron
[4356/7454] ✓  Sunken Paths / Mikron
[4357/7454] ✓  Locus Reave / Mikron
[4358/7454] ✓  NynIV / Mikron
[4359/7454] ✓  II / Nkisi
[4360/7454] ✓  III / Nkisi
[4361/7454] ✓  V / Nkisi
[4362/7454] ✓  VII / Nkisi
[4363/7454] ✓  Mirrors I / Odd Nosdam
[4364/7454] ✓  Beyond / Odd Nosdam
[4365/7454] ✓  Cookies / Odd Nosdam
[4366/7454] ✓  Tall Wind / Odd Nosdam
[4367/7454] ✓  Mirrors II / Odd Nosdam
[4368/7454] ✓  Meds Fade / Plaid
[4369/7454] ✓  Maru / Plaid
[4370/7454] ✓  Ops / Plaid
[4371/7454] ✓  The Pale Moth / Plaid
[4372/7454] ✓  Dancers / Plaid
[4373/7454] ✓  Nurula / Plaid
[4374/7454] ✓  Recall / Plaid
[4375/7454] ✓  All To Get Her / Plaid
[4376/7454] ✓  Dust / Plaid
[4377/7454] ✓  Crown Shy / Plaid
[4378/7454] ✓  Foreplay / Prins Thomas
[4379/7454] ❌ API FAIL (attempt 1): Ambitions — JSON parse failed: {"mood_tags":["urban","restless","hopeful"],"texture_tags":["soft_synth","electric_distant","reverb_heavy"],"energy":0.6,"brightness":0.55,"density":0.5,"warmth":0.45,"rhythmic_motion":0.65,"vocal_pre
[4380/7454] ✓  Fra Miami til Chicago / Prins Thomas
[4381/7454] ✓  Sakral / Prins Thomas
[4379/7454] ✓  Ambitions / Prins Thomas
[4382/7454] ❌ API FAIL (attempt 1): Heavy Smoke — JSON parse failed: {"mood_tags":["misty","restrained","unresolved"],"texture_tags":["ambient_pad","soft_synth","grainy","field_recording"],"energy":0.25,"brightness":0.3,"density":0.35,"warmth":0.4,"rhythmic_motion":0.2
[4383/7454] ✓  The Saraphati Hang Crew / Rejoicer
[4382/7454] ✓  Heavy Smoke / Rejoicer
[4384/7454] ✓  Shibuya Zen / Rejoicer
[4385/7454] ✓  ATAXIA_A1 / Rian Treanor
[4386/7454] ✓  ATAXIA_A2 / Rian Treanor
[4387/7454] ✓  ATAXIA_B1 / Rian Treanor
[4388/7454] ✓  ATAXIA_C1 / Rian Treanor
[4389/7454] ✓  ATAXIA_D2 / Rian Treanor
[4390/7454] ✓  ATAXIA_D3 / Rian Treanor
[4392/7454] ✓  Color Temples / Seahawks
[4391/7454] ✓  Eyes of the Moon / Seahawks
[4393/7454] ✓  Astral Echoes / Seahawks
[4394/7454] ✓  Over & Over / Seahawks
[4395/7454] ✓  5th World Symphony / Seahawks
[4396/7454] ✓  Moon Bump / Seahawks
[4397/7454] ✓  New Dawn / Seahawks
[4398/7454] ✓  Overgrown / Silk Road Assassins
[4399/7454] ✓  Split Matter (feat. Kuedo) / Silk Road Assassins
[4400/7454] ✓  Armament / Silk Road Assassins
[4401/7454] ✓  Vessel / Silk Road Assassins
[4402/7454] ✓  Familiars / Silk Road Assassins
[4403/7454] ✓  Bloom / Silk Road Assassins
[4404/7454] ✓  Pulling the String / Silk Road Assassins
[4405/7454] ✓  Taste of Metal (Instrumental) / Silk Road Assassins
[4406/7454] ✓  Feeling Blu / Silk Road Assassins
[4407/7454] ✓  Thorns / Silk Road Assassins
[4408/7454] ✓  Blink / Silk Road Assassins
[4409/7454] ✓  Fading out of Time / SPC ECO
[4410/7454] ✓  Teach Yourself / SPC ECO
[4411/7454] ✓  Fifteen / SPC ECO
[4412/7454] ✓  Out in the Cold / SPC ECO
[4413/7454] ✓  The Heart and Soul / SPC ECO
[4414/7454] ✓  Melancholia Mania / SPC ECO
[4415/7454] ✓  Stars / SPC ECO
[4416/7454] ✓  Left Out / SPC ECO
[4417/7454] ✓  In Silence / SPC ECO
[4418/7454] ✓  Gloria Sudafed / SPC ECO
[4419/7454] ✓  Never Can Know / SPC ECO
[4420/7454] ✓  The Reason Why / SPC ECO
[4421/7454] ✓  In the Shelter of the Dunes / Steve Moore
[4422/7454] ✓  Beloved Exile / Steve Moore
[4423/7454] ✓  Midnight Monsoon / Goldie
[4424/7454] ✓  Temple / Goldie
[4425/7454] ✓  Find Your Light / Goldie
[4426/7454] ✓  Rift Valley / Goldie
[4427/7454] ✓  Waypoint / Goldie
[4428/7454] ✓  I Saw Her Last Summer / Goldie
[4429/7454] ✓  Stay / Goldie
[4430/7454] ✓  Landscape - Portrait / Goldie
[4431/7454] ✓  Find Your Light - Beauty / Goldie
[4432/7454] ✓  Near / Teen Daze
[4433/7454] ✓  Longing / Teen Daze
[4434/7454] ✓  An Ocean on the Moon / Teen Daze
[4435/7454] ✓  Drifts / Teen Daze
[4436/7454] ✓  Endless Light / Teen Daze
[4437/7454] ✓  I'd Rather, Jack / Teeth Of The Sea
[4438/7454] ✓  Hiraeth / Teeth Of The Sea
[4439/7454] ✓  Burn of the Shieling / Teeth Of The Sea
[4440/7454] ✓  Fortean Steed / Teeth Of The Sea
[4441/7454] ✓  Her Wraith / Teeth Of The Sea
[4442/7454] ✓  Wraiths In The Wall / Teeth Of The Sea
[4443/7454] ✓  Azul (For Nidia) / Turning Jewels Into Water
[4444/7454] ✓  Warm Winds of Jaipur / Turning Jewels Into Water
[4445/7454] ✓  Cave Rain Drumming in My Ear / Turning Jewels Into Water
[4446/7454] ✓  Desert Fire / Turning Jewels Into Water
[4447/7454] ✓  Talang / Turning Jewels Into Water
[4448/7454] ✓  Desert Fire (Nueve Vidas Remix) / Turning Jewels Into Water
[4450/7454] ✓  Iter VI: Prologue / UNKLE
[4449/7454] ✓  Talang (PlayPlay Remix) / Turning Jewels Into Water
[4451/7454] ✓  Requiem (When You Talk About Love) / UNKLE
[4453/7454] ✓  The Other Side / UNKLE
[4452/7454] ✓  Ar.Mour / UNKLE
[4454/7454] ✓  Feel More / With Less / UNKLE
[4455/7454] ✓  Nothing to Give / UNKLE
[4456/7454] ✓  Iter VIII: However Vast the Darkness / UNKLE
[4457/7454] ✓  Long Gone / UNKLE
[4459/7454] ✓  The First Time Ever I Saw Your Face / UNKLE
[4458/7454] ✓  Only You / UNKLE
[4460/7454] ✓  Iter Ix: Epilogue / Tales of the City / UNKLE
[4461/7454] ✓  Crucifixion / a Prophet / UNKLE
[4462/7454] ✓  Powder Man / UNKLE
[4463/7454] ✓  Kubrick / UNKLE
[4464/7454] ✓  Find an Outsider / UNKLE
[4465/7454] ✓  Days and Nights / UNKLE
[4466/7454] ✓  Reprise / UNKLE
[4467/7454] ✓  Iter XI: In Your Arms / UNKLE
[4468/7454] ✓  Touch Me / UNKLE
[4469/7454] ✓  Why Are You Sitting Here? / upsammy
[4470/7454] ✓  Wild Chamber / upsammy
[4471/7454] ✓  Blue Cornflower / upsammy
[4472/7454] ✓  Meddle in it / upsammy
[4473/7454] ✓  Between the Stone / upsammy
[4474/7454] ✓  You Are Now Listening to the Quiet Storm / Jungle Jerry
[4475/7454] ✓  Green Buddha / Green Buddha
[4476/7454] ✓  Ya Carrying / Fatherhood
[4477/7454] ✓  Mischief Maker / Physical Therapy
[4478/7454] ✓  Hand Tool / Buckaroo!
[4479/7454] ✓  My Medicine / DJ Overnite
[4480/7454] ❌ API FAIL (attempt 1): Known Travelr — JSON parse failed: {"mood_tags":["dreamy","nostalgic","bittersweet"],"texture_tags":["ambient_pad","soft_synth","reverb_heavy"],"energy":0.25,"brightness":0.4,"density":0.3,"warmth":0.5,"rhythmic_motion":0.2,"vocal_pres
[4481/7454] ✓  Insomnia / Xeno & Oaklander
[4482/7454] ✓  The Light, The Whisper / Xeno & Oaklander
[4480/7454] ✓  Known Travelr / Stefan Proper
[4483/7454] ✓  Altamira / Xeno & Oaklander
[4484/7454] ✓  A World Without Sun / Xeno & Oaklander
[4485/7454] ✓  Athena / Xeno & Oaklander
[4486/7454] ✓  I Will Protect You / Yamila
[4487/7454] ✓  Antrik / Yamila
[4488/7454] ✓  Mad Sadness / Yamila
[4489/7454] ✓  Light Blue / Yamila
[4490/7454] ✓  Vivamus / Yamila
[4491/7454] ✓  Purple Cats / Yamila
[4492/7454] ✓  Saltan Flores / Yamila
[4493/7454] ✓  New Breath / Yamila
[4494/7454] ✓  Ask Me No Questions / Abigail Lapell
[4495/7454] ✓  Devil in the Deep / Abigail Lapell
[4496/7454] ✓  Leningrad / Abigail Lapell
[4497/7454] ✓  Sparrow for a Heart / Abigail Lapell
[4498/7454] ✓  Halfway to Mexico / Abigail Lapell
[4499/7454] ✓  UFO Song / Abigail Lapell
[4500/7454] ✓  Down by the Water / Abigail Lapell
[4501/7454] ✓  Shape of a Mountain / Abigail Lapell
[4502/7454] ✓  Designer / Aldous Harding
[4503/7454] ✓  Treasure / Aldous Harding
[4504/7454] ✓  The Barrel / Aldous Harding
[4505/7454] ✓  Damn / Aldous Harding
[4506/7454] ✓  Weight of the Planets / Aldous Harding
[4507/7454] ✓  Pilot / Aldous Harding
[4508/7454] ✓  Little Spark / Alice Phoebe Lou
[4509/7454] ✓  Nostalgia / Alice Phoebe Lou
[4510/7454] ✓  Galaxies / Alice Phoebe Lou
[4511/7454] ✓  Something Holy / Alice Phoebe Lou
[4512/7454] ✓  My Outside / Alice Phoebe Lou
[4513/7454] ✓  New Song / Alice Phoebe Lou
[4514/7454] ✓  Ocean / Alice Phoebe Lou
[4515/7454] ✓  Sisyphus / Andrew Bird
[4516/7454] ✓  Bloodless / Andrew Bird
[4517/7454] ✓  Olympians / Andrew Bird
[4518/7454] ✓  Cracking Codes / Andrew Bird
[4519/7454] ✓  Fallorun / Andrew Bird
[4520/7454] ✓  Archipelago / Andrew Bird
[4521/7454] ❌ API FAIL (attempt 1): Don The Struggle — JSON parse failed: {"mood_tags":["introspective","restless","bittersweet"],"texture_tags":["acoustic","string","vocal_breath","minimal"],"energy":0.35,"brightness":0.4,"density":0.4,"warmth":0.5,"rhythmic_motion":0.3,"v
[4523/7454] ✓  The Load (tidal pool version) / Barbarossa
[4522/7454] ✓  Cyclone (tidal pool version) / Barbarossa
[4521/7454] ✓  Don The Struggle / Andrew Bird
[4525/7454] ✓  Broken Beauty (tidal pool version) / Barbarossa
[4524/7454] ✓  Griptide (tidal pool version) / Barbarossa
[4526/7454] ✓  Don't Enter Fear (tidal pool version) / Barbarossa
[4527/7454] ✓  Thickening Air (tidal pool version) / Barbarossa
[4528/7454] ✓  Ancient Light (tidal pool version) / Barbarossa
[4529/7454] ✓  Murieta's Last Ride / Beat Circus
[4530/7454] ✓  Bad Motel / Beat Circus
[4531/7454] ✓  Just a Lost, Lost Dream / Beat Circus
[4532/7454] ✓  Crow Killer / Beat Circus
[4533/7454] ✓  Gone, Gone, Gone / Beat Circus
[4534/7454] ✓  The Girl from the West Country / Beat Circus
[4535/7454] ✓  Rosita (Tango) / Beat Circus
[4538/7454] ⏭  SKIP (duplicate key): Rosita (Huapango) / Beat Circus
[4536/7454] ✓  The Key / Beat Circus
[4537/7454] ✓  All the Pretty Horses / Beat Circus
[4539/7454] ✓  Childe Roland to the Dark Tower Came / Beat Circus
[4540/7454] ✓  Long Way Home / Beat Circus
[4541/7454] ✓  Chedvah / Ben Osborn
[4542/7454] ✓  Letters from the Border / Ben Osborn
[4543/7454] ✓  Tangles / Ben Osborn
[4545/7454] ✓  My Sister the Swimmer / Ben Osborn
[4544/7454] ✓  Fields / Ben Osborn
[4546/7454] ✓  The Only Thing / Ben Osborn
[4547/7454] ✓  Psalm22 / Ben Osborn
[4548/7454] ✓  Lullaby / Bill Pritchard
[4549/7454] ✓  The Last Temptation of Brussels / Bill Pritchard
[4550/7454] ✓  Thanks / Bill Pritchard
[4551/7454] ✓  Tricksey / Bill Pritchard
[4553/7454] ✓  Garibaldi / Bill Pritchard
[4554/7454] ✓  Grow / Bill Pritchard
[4552/7454] ✓  Lanterns / Bill Pritchard
[4555/7454] ✓  Tuesday Morning / Bill Pritchard
[4556/7454] ✓  Forever / Bill Pritchard
[4557/7454] ✓  Bird Bone / Cat Clyde
[4558/7454] ✓  Reach It / Cat Clyde
[4559/7454] ✓  Anymore / Cat Clyde
[4560/7454] ✓  Not Like You / Cat Clyde
[4561/7454] ✓  Rock & Stone / Cat Clyde
[4562/7454] ✓  So Heavy / Cat Clyde
[4563/7454] ✓  The River / Cat Clyde
[4564/7454] ✓  The River - Full Band / Cat Clyde
[4565/7454] ✓  Unwell / Charlie Collins
[4566/7454] ✓  Who's Gonna Save You Now / Charlie Collins
[4567/7454] ✓  Mexico / Charlie Collins
[4569/7454] ✓  Beautifully Blind / Charlie Collins
[4570/7454] ✓  Won't Say It's Over / Charlie Collins
[4568/7454] ✓  Space Between / Charlie Collins
[4571/7454] ✓  Doing It Wrong / Charlie Collins
[4572/7454] ✓  Run Dry / Charlie Collins
[4573/7454] ✓  Hollow / Courtney Hartman
[4574/7454] ✓  January First / Courtney Hartman
[4576/7454] ✓  Belfry / Courtney Hartman
[4575/7454] ✓  January Third / Courtney Hartman
[4577/7454] ✓  Neglect / Courtney Hartman
[4578/7454] ✓  Koyaanisqatsi / Courtney Hartman
[4579/7454] ✓  Finis Terrae / Courtney Hartman
[4580/7454] ✓  Blankets / Craig Finn
[4582/7454] ✓  A Bathtub In The Kitchen / Craig Finn
[4581/7454] ✓  Magic Marker / Craig Finn
[4583/7454] ✓  Indications / Craig Finn
[4585/7454] ✓  Holyoke / Craig Finn
[4584/7454] ✓  Grant at Galena / Craig Finn
[4586/7454] ✓  Her With The Blues / Craig Finn
[4587/7454] ✓  Anne Marie & Shane / Craig Finn
[4588/7454] ✓  Lincoln / Damien Jurado
[4589/7454] ✓  Oh Weather / Damien Jurado
[4590/7454] ✓  South / Damien Jurado
[4591/7454] ✓  Throw Me Now Your Arms / Damien Jurado
[4593/7454] ✓  Silver Ball / Damien Jurado
[4592/7454] ✓  Where You Want Me to Be / Damien Jurado
[4594/7454] ✓  The Shape of a Storm / Damien Jurado
[4596/7454] ✓  Full Moon / David Allred
[4595/7454] ✓  The Cell / David Allred
[4597/7454] ✓  Fading Away / David Allred
[4598/7454] ✓  Family / David Allred
[4599/7454] ✓  Lexington Hills / David Allred
[4600/7454] ✓  The Wheel That Drives You / Elena Setién
[4601/7454] ✓  Window One / Elena Setién
[4602/7454] ✓  Sail Down The River / Elena Setién
[4603/7454] ✓  Down The Meadow / Elena Setién
[4604/7454] ✓  We See You Shining For A While / Elena Setién
[4605/7454] ❌ API FAIL (attempt 1): Window Two (For Sigurd And Albert) — JSON parse failed: {"mood_tags":["introspective","melancholic","restrained"],"texture_tags":["piano","string","minimal","reverb_heavy"],"energy":0.15,"brightness":0.3,"density":0.2,"warmth":0.35,"rhythmic_motion":0.1,"v
[4606/7454] ✓  She Was So Fair / Elena Setién
[4605/7454] ✓  Window Two (For Sigurd And Albert) / Elena Setién
[4607/7454] ✓  Love, What Can I Do? / Finn Andrews
[4608/7454] ✓  Stairs to the Roof / Finn Andrews
[4609/7454] ✓  One by the Venom / Finn Andrews
[4610/7454] ✓  A Shot Through the Heart (Then Down in Flames) / Finn Andrews
[4611/7454] ✓  What Strange Things Lovers Do / Finn Andrews
[4612/7454] ✓  Al Pacino / Rise and Fall / Finn Andrews
[4613/7454] ✓  One Piece at a Time / Finn Andrews
[4614/7454] ✓  Don't Settle / Glen Hansard
[4615/7454] ✓  Fool's Game / Glen Hansard
[4616/7454] ✓  Race To The Bottom / Glen Hansard
[4617/7454] ✓  The Closing Door / Glen Hansard
[4618/7454] ✓  Mary / Glen Hansard
[4619/7454] ✓  Threading Water / Glen Hansard
[4620/7454] ✓  Weight Of The World / Glen Hansard
[4621/7454] ✓  Good Life Of Song / Glen Hansard
[4622/7454] ✓  Leave A Light / Glen Hansard
[4623/7454] ✓  Nightcrawler / Heather Woods Broderick
[4624/7454] ✓  Where I Lay / Heather Woods Broderick
[4625/7454] ✓  Slow Dazzle / Heather Woods Broderick
[4626/7454] ✓  A Daydream / Heather Woods Broderick
[4627/7454] ✓  Quicksand / Heather Woods Broderick
[4628/7454] ✓  My Sunny One / Heather Woods Broderick
[4629/7454] ✓  These Green Valleys / Heather Woods Broderick
[4630/7454] ✓  Invitation / Heather Woods Broderick
[4631/7454] ✓  On The Fence / Howe Gelb
[4632/7454] ✓  Not The End Of The World / Howe Gelb
[4633/7454] ✓  Anna / Howe Gelb
[4634/7454] ✓  Give It Up / Howe Gelb
[4635/7454] ✓  The Open Road / Howe Gelb
[4636/7454] ✓  Flyin' Off The Rails / Howe Gelb
[4637/7454] ✓  Gathered / Howe Gelb
[4638/7454] ✓  All You Need To Know / Howe Gelb
[4639/7454] ✓  The Park At Dark / Howe Gelb
[4640/7454] ✓  Presumptuous feat. Kira Skov / Howe Gelb
[4641/7454] ✓  Storyteller / Howe Gelb
[4642/7454] ✓  Steadfast / Howe Gelb
[4643/7454] ✓  Opening Night / Jessica Pratt
[4644/7454] ✓  As The World Turns / Jessica Pratt
[4645/7454] ✓  Fare Thee Well / Jessica Pratt
[4646/7454] ✓  Here My Love / Jessica Pratt
[4647/7454] ✓  This Time Around / Jessica Pratt
[4648/7454] ✓  Crossing / Jessica Pratt
[4649/7454] ✓  Silent Song / Jessica Pratt
[4650/7454] ✓  Aeroplane / Jessica Pratt
[4651/7454] ✓  Good Company / Kalyn Fay
[4652/7454] ✓  Wait for Me / Kalyn Fay
[4653/7454] ✓  Baby Don't You Worry / Kalyn Fay
[4654/7454] ✓  Come Around / Kalyn Fay
[4655/7454] ✓  Oklahoma Hills / Kalyn Fay
[4656/7454] ✓  Faint Memory / Kalyn Fay
[4657/7454] ✓  Fool's Heartbreak / Kalyn Fay
[4658/7454] ✓  Dressed in White / Kalyn Fay
[4659/7454] ✓  Penny Rabbit and Summer Bear / Kishi Bashi
[4660/7454] ✓  F Delano / Kishi Bashi
[4661/7454] ✓  Marigolds / Kishi Bashi
[4662/7454] ✓  Summer of '42 / Kishi Bashi
[4663/7454] ✓  A Meal for Leaves / Kishi Bashi
[4664/7454] ✓  Violin Tsunami / Kishi Bashi
[4665/7454] ✓  Annie, Heart Thief of the Sea / Kishi Bashi
[4666/7454] ✓  Be Free / Sam Loveridge
[4667/7454] ✓  Do You Feel Blue? / Sam Loveridge
[4668/7454] ✓  Killing the Dophins / Sam Loveridge
[4669/7454] ✓  Smile While You Wait / Sam Loveridge
[4670/7454] ✓  Cold / Sam Loveridge
[4671/7454] ✓  Pond Life / Sam Loveridge
[4672/7454] ✓  Past Ages, Coming Days / Sam Loveridge
[4673/7454] ✓  Transient Thoughts / Sam Loveridge
[4674/7454] ✓  What Have We Done / Shook Twins
[4675/7454] ✓  Safe / Shook Twins
[4677/7454] ✓  Stay Wild / Shook Twins
[4678/7454] ✓  Grandpa Piano / Shook Twins
[4676/7454] ✓  Figure It Out / Shook Twins
[4680/7454] ✓  Got Your Message / Shook Twins
[4679/7454] ✓  What is Blue / Shook Twins
[4681/7454] ✓  Wantlove / Shook Twins
[4682/7454] ✓  Moonlight Sonata / Shook Twins
[4683/7454] ✓  No Choice / Shook Twins
[4684/7454] ✓  Talkie Walkie / Shook Twins
[4685/7454] ✓  Stop Trying / Siskiyou
[4687/7454] ✓  The End II /// Song Of Joy / Siskiyou
[4688/7454] ✓  Untitled 32 (live off of the land) / Siskiyou
[4686/7454] ✓  What Ifs / Siskiyou
[4689/7454] ✓  Nothing Disease / Siskiyou
[4692/7454] ⏭  SKIP (duplicate key): Stop Trying (jubilant reprise) / Siskiyou
[4691/7454] ✓  Her Aim Is Tall / Siskiyou
[4690/7454] ✓  Silhouette / Siskiyou
[4693/7454] ✓  Coyote / Sun Kil Moon
[4694/7454] ✓  Day in America / Sun Kil Moon
[4695/7454] ✓  L-48 / Sun Kil Moon
[4696/7454] ✓  Cows / Sun Kil Moon
[4697/7454] ❌ API FAIL (attempt 1): I'm Not Laughing at You — JSON parse failed: {"mood_tags":["introspective","melancholic","restrained"],"texture_tags":["acoustic","vocal_breath","minimal"],"energy":0.25,"brightness":0.3,"density":0.35,"warmth":0.4,"rhythmic_motion":0.2,"vocal_p
[4698/7454] ✓  Bay of Kotor / Sun Kil Moon
[4699/7454] ✓  Garden of Earthly Delights / Susanna
[4697/7454] ✓  I'm Not Laughing at You / Sun Kil Moon
[4700/7454] ✓  Wayfarer / Susanna
[4701/7454] ✓  Ecstasy X / Susanna
[4702/7454] ✓  Death and the Miser / Susanna
[4703/7454] ✓  Ecstasy / Susanna
[4704/7454] ✓  Exterior / Susanna
[4705/7454] ✓  Wayfarer II / Susanna
[4706/7454] ✓  Beautiful Life / Susanna
[4707/7454] ✓  By Earth and Starry Heaven / Susanna
[4708/7454] ✓  City of Hope / Susanna
[4709/7454] ✓  River to Hell / Susanna
[4711/7454] ✓  Good Time, Man / Swimming Bell
[4710/7454] ✓  Gathering of Birds / Susanna
[4712/7454] ✓  1988 / Swimming Bell
[4713/7454] ✓  Cold Clear Moon / Swimming Bell
[4714/7454] ✓  Wolf / Swimming Bell
[4715/7454] ✓  Got Things / Swimming Bell
[4716/7454] ✓  Left Hand Path / Swimming Bell
[4717/7454] ✓  Love Liked You / Swimming Bell
[4718/7454] ✓  Quietly Calling / Swimming Bell
[4719/7454] ✓  Nobody Said / Takénobu
[4720/7454] ✓  Toki Doki / Takénobu
[4721/7454] ✓  Fight to Make It Up / Takénobu
[4722/7454] ✓  Glorious Harmonious / Takénobu
[4723/7454] ✓  Conclusive / Takénobu
[4724/7454] ✓  Midnight Bloom / Takénobu
[4725/7454] ❌ API FAIL (attempt 1): Dark in the City — JSON parse failed: {"mood_tags":["melancholic","urban","restrained"],"texture_tags":["string","cinematic","piano","field_recording"],"energy":0.3,"brightness":0.35,"density":0.5,"warmth":0.4,"rhythmic_motion":0.25,"voca
[4726/7454] ✓  Châtelet / Tanbark
[4727/7454] ✓  Heart-Shaped Locket / Tanbark
[4725/7454] ✓  Dark in the City / Takénobu
[4728/7454] ✓  Steal a Heart / Tanbark
[4729/7454] ✓  The Bridge / Tanbark
[4730/7454] ✓  Testing My Luck / Tanbark
[4731/7454] ✓  Ragdoll Blues / Tanbark
[4732/7454] ✓  Arrivals & Departures / The Leisure Society
[4733/7454] ✓  A Bird, A Bee, Humanity / The Leisure Society
[4734/7454] ✓  God Has Taken A Vacation / The Leisure Society
[4735/7454] ✓  I'll Pay For It Now / The Leisure Society
[4736/7454] ✓  Overheard / The Leisure Society
[4737/7454] ✓  Let Me Bring You Down / The Leisure Society
[4738/7454] ✓  Be You Wherever / The Leisure Society
[4740/7454] ✓  Mistakes On The Field - Part II / The Leisure Society
[4739/7454] ✓  Arundel Tomb / The Leisure Society
[4741/7454] ✓  Beat Of A Drum / The Leisure Society
[4742/7454] ✓  There Are No Rules Around Here / The Leisure Society
[4743/7454] ✓  You've Got The Universe / The Leisure Society
[4744/7454] ✓  Ways To Be Saved / The Leisure Society
[4746/7454] ✓  High Waving Heather / The Unthanks
[4745/7454] ✓  The Parsonage / The Unthanks
[4747/7454] ✓  She Dried Her Tears and They Did Smile / The Unthanks
[4748/7454] ✓  The Night Is Darkening Round Me / The Unthanks
[4749/7454] ✓  Deep Deep Down in the Silent Grave / The Unthanks
[4750/7454] ✓  Lines / The Unthanks
[4751/7454] ✓  Remembrance / The Unthanks
[4752/7454] ✓  O Evening Why / The Unthanks
[4753/7454] ✓  I'm Happiest When Most Away / The Unthanks
[4755/7454] ✓  War Film / The Unthanks
[4754/7454] ✓  Roland and Vera / The Unthanks
[4756/7454] ✓  Breakfast / The Unthanks
[4758/7454] ✓  Socks / The Unthanks
[4757/7454] ✓  Suicide in the Trenches / The Unthanks
[4759/7454] ✓  Lillian (Prelude) / The Unthanks
[4761/7454] ✓  The Sea Is a Woman / The Unthanks
[4760/7454] ✓  A Whistling Woman / The Unthanks
[4762/7454] ✓  Lonesome Cowboy / The Unthanks
[4763/7454] ✓  London Mick / The Waterboys
[4764/7454] ✓  Out of All This Blue / The Waterboys
[4765/7454] ✓  Right Side of Heartbreak (Wrong Side of Love) / The Waterboys
[4767/7454] ✓  Ladbroke Grove Symphony / The Waterboys
[4768/7454] ✓  Take Me There I Will Follow You / The Waterboys
[4766/7454] ✓  In My Time on Earth / The Waterboys
[4769/7454] ✓  And There's Love / The Waterboys
[4770/7454] ✓  Then She Made The Lasses O / The Waterboys
[4773/7454] ⏭  SKIP (duplicate key): Out of All This Blue (Soul Choir) / The Waterboys
[4774/7454] ⏭  SKIP (duplicate key): Right Side of Heartbreak (Box & Vox) / The Waterboys
[4771/7454] ✓  Piper at the Gates of Dawn / The Waterboys
[4776/7454] ⏭  SKIP (duplicate key): And There's Love (Mashtrumental) / The Waterboys
[4772/7454] ✓  London Mick - Jess'n'zeenie Mix / The Waterboys
[4778/7454] ⏭  SKIP (duplicate key): Piper At The Gates of Dawn - Instrumental / The Waterboys
[4777/7454] ✓  Then She Made the Lasses (Mash) / The Waterboys
[4775/7454] ✓  In My Time on Earth - Scott & Wickham Mix / The Waterboys
[4779/7454] ✓  A Lot's Gonna Change / Weyes Blood
[4780/7454] ✓  Andromeda / Weyes Blood
[4781/7454] ✓  Everyday / Weyes Blood
[4783/7454] ✓  Movies / Weyes Blood
[4782/7454] ✓  Titanic Rising / Weyes Blood
[4784/7454] ✓  Picture Me Better / Weyes Blood
[4786/7454] ✓  Baby, What You Want Me to Do / Whitehorse
[4785/7454] ✓  Nearer to Thee / Weyes Blood
[4787/7454] ✓  Baby, Scratch My Back / Whitehorse
[4788/7454] ✓  I Just Wanna Make Love to You / Whitehorse
[4790/7454] ✓  Killers 3 / A.A. Bondy
[4789/7454] ✓  St. James Infirmary / Whitehorse
[4793/7454] ✓  I'll Never Know / A.A. Bondy
[4791/7454] ✓  In the Wonder / A.A. Bondy
[4792/7454] ✓  The Tree with the Lights / A.A. Bondy
[4794/7454] ✓  Fentanyl Freddy / A.A. Bondy
[4795/7454] ✓  Pan Tran / A.A. Bondy
[4796/7454] ✓  Enderness / A.A. Bondy
[4798/7454] ✓  The City / Adia Victoria
[4799/7454] ✓  Different Kind Of Love / Adia Victoria
[4797/7454] ✓  Pacolet Road / Adia Victoria
[4800/7454] ✓  Devil Is A Lie / Adia Victoria
[4802/7454] ✓  Cry Wolf / Adia Victoria
[4801/7454] ✓  The Needle's Eye / Adia Victoria
[4803/7454] ✓  Heathen / Adia Victoria
[4804/7454] ✓  Nice Folks / Adia Victoria
[4805/7454] ✓  Dope Queen Blues / Adia Victoria
[4806/7454] ✓  Call Your Mother / Anteros
[4807/7454] ✓  Honey / Anteros
[4808/7454] ✓  Afterglow / Anteros
[4809/7454] ✓  Drive On / Anteros
[4810/7454] ✓  Breakfast / Anteros
[4811/7454] ✓  Ordinary Girl / Anteros
[4812/7454] ✓  Let It Out / Anteros
[4813/7454] ✓  Fool Moon / Anteros
[4814/7454] ✓  Genie / Art of Fighting
[4815/7454] ✓  Dickhead's Lament / Art of Fighting
[4816/7454] ✓  Conjuror / Art of Fighting
[4817/7454] ✓  Brainbreeze / Art of Fighting
[4818/7454] ✓  The Digger and The Dragger / Art of Fighting
[4819/7454] ✓  Blues in H / Art of Fighting
[4820/7454] ✓  Luna Low / Art of Fighting
[4821/7454] ✓  Fever / Balthazar
[4822/7454] ✓  Whatchu Doin’ / Balthazar
[4823/7454] ✓  Entertainment / Balthazar
[4825/7454] ✓  Grapefruit / Balthazar
[4826/7454] ✓  Wrong Vibration / Balthazar
[4824/7454] ✓  I’m Never Gonna Let You Down Again / Balthazar
[4827/7454] ✓  Roller Coaster / Balthazar
[4829/7454] ✓  QA / Bayonne
[4828/7454] ✓  You’re So Real / Balthazar
[4830/7454] ✓  Drastic Measures / Bayonne
[4831/7454] ✓  Same / Bayonne
[4832/7454] ✓  Gift / Bayonne
[4835/7454] ✓  Kind / Bayonne
[4834/7454] ✓  I Know / Bayonne
[4833/7454] ✓  Enders / Bayonne
[4837/7454] ✓  Dreamland / Bethany Curve
[4838/7454] ✓  Frontier / Bethany Curve
[4836/7454] ✓  I'm Alive / Bethany Curve
[4839/7454] ✓  Glory / Bethany Curve
[4841/7454] ✓  Cruiser / Bethany Curve
[4840/7454] ✓  She Died / Bethany Curve
[4843/7454] ✓  Talk Talk Talk / C Duncan
[4844/7454] ❌ API FAIL (attempt 1): Wrong Side of the Door — JSON parse failed: {"mood_tags":["melancholic","dreamy","restrained"],"texture_tags":["soft_synth","reverb_heavy","vocal_breath","ambient_pad"],"energy":0.35,"brightness":0.4,"density":0.45,"warmth":0.5,"rhythmic_motion
[4842/7454] ✓  The Solution / Bethany Curve
[4845/7454] ✓  Impossible / C Duncan
[4844/7454] ❌ API FAIL (attempt 2): Wrong Side of the Door — JSON parse failed: {"mood_tags":["dreamy","melancholic","nostalgic"],"texture_tags":["soft_synth","ambient_pad","reverb_heavy","vocal_breath"],"negative_tags":[],"energy":0.35,"brightness":0.4,"density":0.45,"warmth":0.
[4846/7454] ✓  He Came from the Sun / C Duncan
[4844/7454] ✓  Wrong Side of the Door / C Duncan
[4848/7454] ✓  Blasé / C Duncan
[4847/7454] ✓  Holiday Home / C Duncan
[4849/7454] ✓  Reverie / C Duncan
[4850/7454] ✓  Pulses & Rain / C Duncan
[4851/7454] ✓  Stuck Here with You / C Duncan
[4852/7454] ✓  Care / C Duncan
[4854/7454] ✓  Skin and Bones / Cage The Elephant
[4853/7454] ✓  Broken Boy / Cage The Elephant
[4855/7454] ✓  Ready To Let Go / Cage The Elephant
[4856/7454] ✓  House Of Glass / Cage The Elephant
[4857/7454] ✓  Love's The Only Way / Cage The Elephant
[4858/7454] ✓  The War Is Over / Cage The Elephant
[4859/7454] ✓  Dance Dance / Cage The Elephant
[4860/7454] ✓  What I'm Becoming / Cage The Elephant
[4862/7454] ✓  Goodbye / Cage The Elephant
[4861/7454] ✓  Tokyo Smoke / Cage The Elephant
[4863/7454] ✓  Junk / Carl Broemel
[4864/7454] ✓  In April / Carl Broemel
[4865/7454] ✓  God Loves Everyone / Carl Broemel
[4866/7454] ✓  The Way It Will Be / Carl Broemel
[4867/7454] ✓  Longshot / Catfish and the Bottlemen
[4868/7454] ✓  2all / Catfish and the Bottlemen
[4869/7454] ✓  Conversation / Catfish and the Bottlemen
[4870/7454] ✓  Encore / Catfish and the Bottlemen
[4871/7454] ✓  Basically / Catfish and the Bottlemen
[4872/7454] ✓  Mission / Catfish and the Bottlemen
[4873/7454] ✓  Coincide / Catfish and the Bottlemen
[4874/7454] ✓  Overlap / Catfish and the Bottlemen
[4875/7454] ✓  Shadow / Chasms
[4876/7454] ✓  Every Heaven in Between / Chasms
[4877/7454] ✓  Gratuitously Cruel / Chasms
[4878/7454] ✓  Tears in the Morning Sun / Chasms
[4879/7454] ✓  The Mirage / Chasms
[4880/7454] ✓  Divine Illusion - Rework / Chasms
[4881/7454] ✓  Hazel / Cold Weather Company
[4882/7454] ✓  Clover / Cold Weather Company
[4883/7454] ✓  Birds on a String / Cold Weather Company
[4884/7454] ✓  Circles / Cold Weather Company
[4886/7454] ✓  Dawn / Cold Weather Company
[4885/7454] ✓  Do No Harm / Cold Weather Company
[4887/7454] ✓  Pocket / Cold Weather Company
[4888/7454] ✓  Reclamation / Cold Weather Company
[4889/7454] ✓  Mount Desert Island / Cold Weather Company
[4890/7454] ✓  Old but True / Cold Weather Company
[4893/7454] ⏭  SKIP (duplicate key): Do No Harm (Reprise) / Cold Weather Company
[4891/7454] ✓  Dusk / Cold Weather Company
[4892/7454] ✓  Atlas / Cold Weather Company
[4894/7454] ✓  English Rose / Connie Constance
[4895/7454] ✓  I Want Out / Connie Constance
[4896/7454] ✓  Bloody British Me / Connie Constance
[4897/7454] ✓  Yesterday / Connie Constance
[4898/7454] ✓  Bad Vibes / Connie Constance
[4899/7454] ✓  Blooming In Solitude / Connie Constance
[4900/7454] ✓  Grey Area / Connie Constance
[4901/7454] ✓  Let Go / Connie Constance
[4902/7454] ✓  Pope / Copeland
[4903/7454] ✓  Lay Here / Copeland
[4904/7454] ✓  As Above, So Alone / Copeland
[4905/7454] ✓  Night Figures / Copeland
[4906/7454] ✓  Skywriter (feat. Young Summer) / Copeland
[4907/7454] ✓  On Your Worst Day / Copeland
[4908/7454] ✓  It Felt so Real / Copeland
[4909/7454] ✓  Waltz on Water / Copeland
[4910/7454] ✓  Cracking / Crumb
[4911/7454] ✓  Fall Down / Crumb
[4912/7454] ✓  M.R. / Crumb
[4913/7454] ✓  The Letter / Crumb
[4914/7454] ✓  And It Never Ends / Crumb
[4915/7454] ✓  Faces / Crumb
[4916/7454] ✓  Jinx / Crumb
[4917/7454] ✓  A Flaw In the Iris / Death and Vanilla
[4918/7454] ✓  Let's Never Leave Here / Death and Vanilla
[4919/7454] ✓  Eye Bath / Death and Vanilla
[4920/7454] ✓  The Hum / Death and Vanilla
[4921/7454] ✓  Wallpaper Pattern / Death and Vanilla
[4922/7454] ✓  Freedom / Delicate Steve
[4923/7454] ✓  Selfie of a Man / Delicate Steve
[4925/7454] ✓  Purple Boy / Delicate Steve
[4924/7454] ✓  Till I Burn Up / Delicate Steve
[4926/7454] ✓  Ghost / Delicate Steve
[4928/7454] ✓  We Ride on Black Wings / Delicate Steve
[4927/7454] ✓  Rat in the House / Delicate Steve
[4929/7454] ✓  Vacant Disco / Delicate Steve
[4931/7454] ✓  Follow / Drinker
[4930/7454] ✓  Madness / Delicate Steve
[4932/7454] ✓  Wave / Drinker
[4933/7454] ✓  Something I Want / Drinker
[4934/7454] ✓  Fragment I / Drinker
[4935/7454] ✓  Fragment II / Drinker
[4936/7454] ✓  Procession / Drinker
[4937/7454] ✓  Coffee Machine / Du Blonde
[4938/7454] ✓  Peach Meat / Du Blonde
[4939/7454] ✓  Holiday Resort / Du Blonde
[4940/7454] ✓  Baby Talk / Du Blonde
[4942/7454] ✓  Heaven Knows / Du Blonde
[4943/7454] ✓  RBY / Du Blonde
[4941/7454] ✓  Angel / Du Blonde
[4944/7454] ✓  Acetone / Du Blonde
[4945/7454] ✓  Days Like These / Du Blonde
[4946/7454] ✓  Renegade / Dylan LeBlanc
[4947/7454] ✓  Born Again / Dylan LeBlanc
[4949/7454] ✓  Domino / Dylan LeBlanc
[4948/7454] ✓  Bang Bang Bang / Dylan LeBlanc
[4950/7454] ✓  I See It In Your Eyes / Dylan LeBlanc
[4951/7454] ✓  Damned / Dylan LeBlanc
[4952/7454] ✓  Magenta / Dylan LeBlanc
[4953/7454] ✓  Another Country / FACS
[4954/7454] ✓  In Time / FACS
[4955/7454] ✓  Loom State / FACS
[4956/7454] ✓  Room Temperature / Faye Webster
[4957/7454] ✓  Right Side of My Neck / Faye Webster
[4958/7454] ✓  Pigeon / Faye Webster
[4959/7454] ✓  Jonny / Faye Webster
[4962/7454] ⏭  SKIP (duplicate key): Jonny (Reprise) / Faye Webster
[4960/7454] 🔄 RETRY 1/3: Kingston — vocab errors: texture_tag "pedal_steel" not in closed vocab
[4961/7454] ✓  What Used To Be Mine / Faye Webster
[4963/7454] ✓  Moonlight / Foals
[4960/7454] 🔄 RETRY 2/3: Kingston — vocab errors: texture_tag "pedal_steel" not in closed vocab
[4964/7454] ✓  Exits / Foals
[4965/7454] ✓  White Onions / Foals
[4966/7454] ✓  Syrups / Foals
[4960/7454] 🔄 RETRY 3/3: Kingston — vocab errors: texture_tag "pedal_steel" not in closed vocab
[4960/7454] ✗  DROPPED after 3 retries: Kingston — vocab errors: texture_tag "pedal_steel" not in closed vocab
[4967/7454] ✓  On the Luna / Foals
[4968/7454] ✓  Cafe D'Athens / Foals
[4969/7454] ✓  Surf, Pt. 1 / Foals
[4970/7454] ✓  Sunday / Foals
[4972/7454] ✓  Unless You Love Me / Friska Viljor
[4971/7454] ✓  I'm Done with the World (& It's Done with Me) / Foals
[4973/7454] ✓  Is It Over? / Friska Viljor
[4975/7454] ✓  Lights Out / Friska Viljor
[4974/7454] ✓  Trap / Friska Viljor
[4976/7454] ❌ API FAIL (attempt 1): Failure — JSON parse failed: {"mood_tags":["melancholic","restrained","bittersweet"],"texture_tags":["acoustic","vocal_breath","string"],"energy":0.35,"brightness":0.4,"density":0.4,"warmth":0.45,"rhythmic_motion":0.3,"vocal_pres
[4977/7454] ✓  Regrets / Friska Viljor
[4978/7454] ✓  All Is Good / Friska Viljor
[4976/7454] ✓  Failure / Friska Viljor
[4979/7454] ✓  Mistakes / Friska Viljor
[4980/7454] ✓  The Fall / Friska Viljor
[4981/7454] ✓  Guess It's Over / Friska Viljor
[4982/7454] ✓  Blossom Crawls / Gemma Ray
[4983/7454] ✓  In Colour / Gemma Ray
[4984/7454] ✓  Dreaming Is Easy / Gemma Ray
[4985/7454] ✓  Psychogeology / Gemma Ray
[4987/7454] ✓  Land of Make Believe / Gemma Ray
[4986/7454] ✓  Flood Plains / Gemma Ray
[4989/7454] ✓  The Blade / GO DARK
[4988/7454] ✓  Roll On River / Gemma Ray
[4990/7454] ✓  Day Moon / GO DARK
[4991/7454] ✓  Violetest Red / GO DARK
[4992/7454] ✓  Big Rot / GO DARK
[4993/7454] ✓  Numb / GO DARK
[4994/7454] ✓  Murderous / GO DARK
[4995/7454] ✓  Beautiful Bitch / GO DARK
[4996/7454] ✓  El Barrio / GO DARK
[4997/7454] ✓  We Keep It Light / Good Fuck
[4998/7454] ✓  En Garde / Good Fuck
[4999/7454] ✓  Jenny Dreams of Pies / Good Fuck
[5000/7454] ✓  Celibate / Good Fuck
[5001/7454] ✓  Spring Song / Good Fuck
[5002/7454] ✓  Gold / Good Fuck
[5005/7454] ✓  Physics / Good Fuck
[5004/7454] ✓  Shadows / Good Fuck
[5003/7454] ✓  Saint Francis / Good Fuck
[5006/7454] ✓  Stacking Oranges / Good Fuck
[5007/7454] ❌ API FAIL (attempt 1): Witchcraft — JSON parse failed: {"mood_tags":["dreamy","nostalgic","melancholic"],"texture_tags":["soft_synth","reverb_heavy","vocal_breath","electric_distant"],"negative_tags":[],"energy":0.35,"brightness":0.4,"density":0.45,"warmt
[5008/7454] ✓  William / Graveyard Club
[5009/7454] ✓  Cassandra / Graveyard Club
[5007/7454] ✓  Witchcraft / Graveyard Club
[5010/7454] ✓  Finally Found / Graveyard Club
[5012/7454] ✓  Maureen / Graveyard Club
[5011/7454] ✓  It Hurts / Graveyard Club
[5013/7454] ✓  July / Graveyard Club
[5014/7454] ✓  Birdie / Graveyard Club
[5015/7454] ✓  Deathproof / Graveyard Club
[5016/7454] ✓  Dreamland / Graveyard Club
[5018/7454] ✓  Destroyer / Guards
[5017/7454] ✓  Take My Mind / Guards
[5019/7454] ✓  No New / Guards
[5020/7454] ✓  Anyone / Guards
[5021/7454] ✓  Last Stand / Guards
[5022/7454] ✓  Fan / Guards
[5023/7454] ✓  Momentary Lapse / Guards
[5024/7454] ✓  Away / Guards
[5025/7454] ✓  The Arrow / Gum Takes Tooth
[5026/7454] ✓  Apogee / Gum Takes Tooth
[5027/7454] ✓  Borrowed Lies / Gum Takes Tooth
[5028/7454] ✓  Dream Circle / Cloud Cycle / Gum Takes Tooth
[5030/7454] ✓  Seizure / Gum Takes Tooth
[5029/7454] ✓  Fights Physiology / Gum Takes Tooth
[5032/7454] ✓  House Built of Fire / Gum Takes Tooth
[5031/7454] ✓  A Still Earth / Gum Takes Tooth
[5033/7454] ✓  Diviner / Hayden Thorpe
[5035/7454] ✓  Love Crimes / Hayden Thorpe
[5034/7454] ✓  Straight Lines / Hayden Thorpe
[5036/7454] ✓  Stop Motion / Hayden Thorpe
[5038/7454] ✓  Spherical Time / Hayden Thorpe
[5037/7454] ✓  Human Knot / Hayden Thorpe
[5039/7454] ✓  Impossible Object / Hayden Thorpe
[5041/7454] ✓  Dormi / Housewives
[5040/7454] ✓  Beneath The Glass / Housewives
[5042/7454] ✓  Texu / Housewives
[5043/7454] ✓  Sublimate, Pt. I / Housewives
[5044/7454] ✓  Sublimate, Pt. II / Housewives
[5045/7454] ✓  Nina Cried Power (feat. Mavis Staples) / Hozier
[5046/7454] ✓  Almost (Sweet Music) / Hozier
[5047/7454] ✓  Nobody / Hozier
[5048/7454] ✓  To Noise Making (Sing) / Hozier
[5049/7454] ✓  As It Was / Hozier
[5050/7454] ✓  Shrike / Hozier
[5051/7454] ✓  Talk / Hozier
[5053/7454] ✓  Would That I / Hozier
[5052/7454] ✓  Dinner & Diatribes / Hozier
[5054/7454] ✓  Sunlight / Hozier
[5056/7454] ✓  Roseate / Ioanna Gika
[5055/7454] ✓  Wasteland, Baby! / Hozier
[5057/7454] ✓  Out of Focus / Ioanna Gika
[5059/7454] ✓  Swan / Ioanna Gika
[5058/7454] ✓  Messenger / Ioanna Gika
[5060/7454] ✓  Weathervane / Ioanna Gika
[5061/7454] ✓  New Geometry / Ioanna Gika
[5063/7454] ✓  Ammonite / Ioanna Gika
[5062/7454] ✓  No Matter What / Ioanna Gika
[5065/7454] ✓  Woman / Karen O
[5064/7454] ✓  Drifting / Ioanna Gika
[5066/7454] ✓  Redeemer / Karen O
[5067/7454] ✓  Drown / Karen O
[5069/7454] ✓  Reveries / Karen O
[5068/7454] ✓  Leopard's Tongue / Karen O
[5070/7454] ✓  Nox Lumina / Karen O
[5071/7454] ✓  Prologo / La Batteria
[5072/7454] ✓  Largo / La Batteria
[5073/7454] ✓  Fuga / La Batteria
[5074/7454] ✓  Monica Vitti / La Batteria
[5075/7454] ✓  Dogma / La Batteria
[5076/7454] ✓  Antenna / La Batteria
[5077/7454] ✓  Stiletto / La Batteria
[5078/7454] ✓  Intermezzo / La Batteria
[5079/7454] ✓  Diva / La Batteria
[5080/7454] ✓  Affresco / La Batteria
[5081/7454] ✓  Spirale / La Batteria
[5082/7454] ✓  Furfante Amedeo / La Batteria
[5083/7454] ✓  Megalopoli / La Batteria
[5084/7454] ✓  Eldorado / La Batteria
[5085/7454] ✓  2170 Ultima Speranza / La Batteria
[5086/7454] ✓  FULTON STREET I / La Dispute
[5087/7454] ✓  FULTON STREET II / La Dispute
[5088/7454] ✓  RHODONITE AND GRIEF / La Dispute
[5090/7454] ✓  FOOTSTEPS AT THE POND / La Dispute
[5089/7454] ✓  VIEW FROM OUR BEDROOM WINDOW / La Dispute
[5091/7454] ✓  THERE YOU ARE (HIDING PLACE) / La Dispute
[5092/7454] ✓  YOU ASCENDANT / La Dispute
[5093/7454] ✓  Phosphorous / Lamb
[5095/7454] ✓  Armageddon Waits / Lamb
[5096/7454] ✓  The Secret of Letting Go / Lamb
[5094/7454] ✓  Moonshine / Lamb
[5097/7454] ✓  Imperial Measures / Lamb
[5098/7454] ✓  Deep Delirium / Lamb
[5099/7454] ✓  Illumina / Lamb
[5100/7454] ✓  The Silence in Between / Lamb
[5101/7454] ✓  Vogue / Local Natives
[5102/7454] ✓  When Am I Gonna Lose You / Local Natives
[5103/7454] ✓  Munich II / Local Natives
[5104/7454] ✓  Megaton Mile / Local Natives
[5105/7454] ✓  Shy / Local Natives
[5106/7454] ✓  Gulf Shores / Local Natives
[5107/7454] ✓  Tap Dancer / Local Natives
[5108/7454] ✓  go for a walk / Lowly
[5109/7454] ✓  baglaens / Lowly
[5110/7454] ✓  staples / Lowly
[5111/7454] ✓  i / Lowly
[5112/7454] ✓  in the hearts / Lowly
[5113/7454] ✓  out beyond / Lowly
[5114/7454] ✓  children / Lowly
[5115/7454] ✓  selver / Lowly
[5116/7454] ✓  12:36 / Lowly
[5117/7454] ✓  iii / Lowly
[5118/7454] ✓  wonder / Lowly
[5119/7454] ✓  Thrash Me / Malaria!
[5120/7454] ✓  Corridor / M83
[5121/7454] ✓  Karl / M83
[5122/7454] ✓  Mercedes / La Maison
[5124/7454] ✓  La flicaille / M83
[5123/7454] ✓  Vision 1 / M83
[5125/7454] ✓  Filature / M83
[5127/7454] ✓  Vision 2 / M83
[5126/7454] ✓  Malaguena / Pico
[5128/7454] ✓  Tu m'as tué / M83
[5130/7454] ✓  Un couteau dans le coeur / M83
[5129/7454] ✓  Voyance / M83
[5131/7454] ✓  Sombre Vision / M83
[5133/7454] ✓  Detective Rachid / M83
[5132/7454] ✓  Pyramides / M83
[5134/7454] ✓  La caverne / M83
[5136/7454] ✓  Sauna - Cheap Version / M83
[5135/7454] ✓  Le tueur homo / M83
[5137/7454] ✓  De sperme et d'eau fraiche / M83
[5138/7454] ✓  Hicham / M83
[5139/7454] ✓  Cinéma Kill / M83
[5140/7454] ✓  Vision Finale / M83
[5141/7454] ✓  End Credits / M83
[5142/7454] ✓  A House on a Boat / Malihini
[5143/7454] ✓  Hopefully, Again / Malihini
[5144/7454] ✓  Delusional Boy / Malihini
[5145/7454] ✓  Can't Stand That / Malihini
[5146/7454] ✓  If U Call / Malihini
[5147/7454] ✓  The Snow / Malihini
[5148/7454] ✓  The Afterdays / Malihini
[5149/7454] ✓  Song #1 / Malihini
[5150/7454] ✓  Surveil / Maps
[5151/7454] ✓  Both Sides / Maps
[5152/7454] ✓  Howl Around / Maps
[5153/7454] ✓  Just Reflecting / Maps
[5154/7454] ✓  She Sang To Me / Maps
[5155/7454] ✓  Sophia / Maps
[5156/7454] ✓  New Star / Maps
[5157/7454] ✓  You Exist In Everything / Maps
[5158/7454] ✓  Waging a War / Matthew And The Atlas
[5159/7454] ✓  Plaything / Matthew And The Atlas
[5161/7454] ✓  Tower Above the Sun / Matthew And The Atlas
[5162/7454] ✓  Begin Again / Matthew And The Atlas
[5160/7454] ✓  Low / Matthew And The Atlas
[5163/7454] ✓  High Fire / Matthew And The Atlas
[5165/7454] ✓  Okolona River Bottom Band (feat. Norah Jones) / Mercury Rev
[5164/7454] ✓  White Bird / Matthew And The Atlas
[5166/7454] ✓  Big Boss Man (feat. Hope Sandoval) / Mercury Rev
[5168/7454] ✓  Parchman Farm (feat. Carice van Houten) / Mercury Rev
[5167/7454] ✓  Reunion (feat. Rachel Goswell) / Mercury Rev
[5169/7454] ✓  Mornin' Glory (feat. Laetitia Sadier) / Mercury Rev
[5170/7454] ✓  Penduli Pendulum (feat. Vashti Bunyan) / Mercury Rev
[5172/7454] ✓  Courtyard (feat. Beth Orton) / Mercury Rev
[5171/7454] ✓  Jesseye 'Lizabeth (feat. Phoebe Bridgers) / Mercury Rev
[5173/7454] ✓  Ode to Billie Joe (feat. Lucinda Williams) / Mercury Rev
[5174/7454] ✓  Ruiner / Methyl Ethel
[5175/7454] ❌ API FAIL (attempt 1): All The Elements — JSON parse failed: {"mood_tags":["dreamy","restless","unresolved"],"texture_tags":["soft_synth","reverb_heavy","electric_distant","vocal_breath"],"negative_tags":[],"energy":0.45,"brightness":0.5,"density":0.55,"warmth"
[5176/7454] ✓  Trip The Mains / Methyl Ethel
[5175/7454] ✓  All The Elements / Methyl Ethel
[5177/7454] ✓  Post-Blue / Methyl Ethel
[5178/7454] ✓  Hip Horror / Methyl Ethel
[5179/7454] ✓  No Fighting / Methyl Ethel
[5180/7454] ✓  Fun House / Montevideo
[5181/7454] ✓  Temperplane / Montevideo
[5182/7454] ✓  Sutton Street / Montevideo
[5183/7454] ✓  Kill Me Now / Montevideo
[5184/7454] ❌ API FAIL (attempt 1): Calypso — JSON parse failed: {"mood_tags":["warm","nostalgic","hopeful"],"texture_tags":["acoustic","jazz_brush","string"],"energy":0.35,"brightness":0.6,"density":0.4,"warmth":0.7,"rhythmic_motion":0.3,"vocal_presence":0.0,"emot
[5185/7454] ✓  Empty Space / Montevideo
[5186/7454] ✓  WWAY HEALTH ™ / Nilüfer Yanya
[5184/7454] ✓  Calypso / Montevideo
[5187/7454] ✓  In Your Head / Nilüfer Yanya
[5188/7454] ✓  Angels / Nilüfer Yanya
[5189/7454] ✓  Paradise / Nilüfer Yanya
[5190/7454] ✓  Warning / Nilüfer Yanya
[5191/7454] ✓  Heat Rises / Nilüfer Yanya
[5192/7454] ✓  Melt / Nilüfer Yanya
[5193/7454] ✓  ""Sparkle"" GOD HELP ME / Nilüfer Yanya
[5194/7454] ✓  Safety Net / Nilüfer Yanya
[5195/7454] ✓  Tears / Nilüfer Yanya
[5196/7454] ✓  Monsters Under The Bed / Nilüfer Yanya
[5197/7454] ✓  The Unordained / Nilüfer Yanya
[5198/7454] ✓  Give Up Function / Nilüfer Yanya
[5199/7454] ✓  Heavyweight Champion Of The Year / Nilüfer Yanya
[5200/7454] ✓  Black Star Dancing / Noel Gallagher's High Flying Birds
[5201/7454] ✓  Rattling Rose / Noel Gallagher's High Flying Birds
[5202/7454] ✓  Black Star Dancing - 12"" Mix / Noel Gallagher's High Flying Birds
[5203/7454] ✓  Black Star Dancing - The Reflex Revision / Noel Gallagher's High Flying Birds
[5204/7454] ✓  Reel Me / Perfect Son
[5205/7454] ✓  It's For Life / Perfect Son
[5206/7454] ✓  So Divine / Perfect Son
[5207/7454] ✓  High Hopes / Perfect Son
[5208/7454] ✓  My Body Wants / Perfect Son
[5209/7454] ✓  Wax / Perfect Son
[5210/7454] ✓  Almost Mine / Perfect Son
[5212/7454] ✓  The Seduction of Kansas / Priests
[5211/7454] ✓  Jesus’ Son / Priests
[5213/7454] ✓  Youtube Sartre / Priests
[5215/7454] ✓  Ice Cream / Priests
[5214/7454] ✓  I'm Clean / Priests
[5216/7454] ✓  Not Perceived / Priests
[5218/7454] ✓  Carol / Priests
[5217/7454] ✓  Control Freak / Priests
[5219/7454] ✓  Interlude: I Dream This Dream in Which My Body Is My Own / Priests
[5221/7454] ✓  Veil / Pure Bathing Culture
[5220/7454] ✓  Devotion / Pure Bathing Culture
[5222/7454] ✓  Black Starling / Pure Bathing Culture
[5223/7454] ✓  All Night / Pure Bathing Culture
[5224/7454] ✓  Remember / Pure Bathing Culture
[5225/7454] ❌ API FAIL (attempt 1): Joyous Lake — JSON parse failed: {"mood_tags":["dreamy","warm","nostalgic"],"texture_tags":["soft_synth","reverb_heavy","ambient_pad","vocal_breath"],"negative_tags":[],"energy":0.4,"brightness":0.55,"density":0.45,"warmth":0.65,"rhy
[5226/7454] ✓  Violet a Voyager / Pure Bathing Culture
[5227/7454] ✓  I Want Everything / Ratso
[5225/7454] ❌ API FAIL (attempt 2): Joyous Lake — JSON parse failed: {"mood_tags":["dreamy","warm","nostalgic"],"texture_tags":["soft_synth","reverb_heavy","ambient_pad","vocal_breath"],"negative_tags":[],"energy":0.4,"brightness":0.5,"density":0.4,"warmth":0.6,"rhythm
[5228/7454] ✓  Our Lady of Light / Ratso
[5229/7454] ✓  Caribbean Sunset / Ratso
[5225/7454] ❌ API FAIL (attempt 3): Joyous Lake — JSON parse failed: {"mood_tags":["dreamy","warm","nostalgic"],"texture_tags":["soft_synth","reverb_heavy","ambient_pad","vocal_breath"],"negative_tags":[],"energy":0.45,"brightness":0.55,"density":0.5,"warmth":0.65,"rhy
[5225/7454] ✗  DROPPED after 3 retries: Joyous Lake — JSON parse failed: {"mood_tags":["dreamy","warm","nostalgic"],"texture_tags":["soft_synth","reverb_heavy","ambient_pad","vocal_breath"],"negative_tags":[],"energy":0.45,"brightness":0.55,"density":0.5,"warmth":0.65,"rhy
[5231/7454] ✓  Living in Moonlight / Ratso
[5230/7454] ✓  Dying on the Vine / Ratso
[5232/7454] ✓  Listen Little Man / Ratso
[5233/7454] ✓  The Base / Rich Aucoin
[5235/7454] ✓  The Other / Rich Aucoin
[5234/7454] ✓  The Middle / Rich Aucoin
[5236/7454] ✓  The Change / Rich Aucoin
[5238/7454] ✓  The Fear / Rich Aucoin
[5237/7454] ✓  The Past / Rich Aucoin
[5239/7454] ✓  The Time / Rich Aucoin
[5240/7454] ✓  Release / Rich Aucoin
[5241/7454] ✓  The Golden Fascination / Richard Andrews
[5242/7454] ✓  Everything I Know / Richard Andrews
[5243/7454] ✓  Across the Sunlit Isle / Richard Andrews
[5244/7454] ✓  False Memories / Richard Andrews
[5245/7454] ✓  Decipher / Richard Andrews
[5246/7454] ✓  Sign of the Times / Richard Andrews
[5247/7454] ✓  Echoes Float / Richard Andrews
[5248/7454] ✓  Roots & Wings / Sabrina Piggott
[5249/7454] ✓  Enlighten Me / Sabrina Piggott
[5250/7454] ✓  No Seeds of Doubt / Sabrina Piggott
[5251/7454] ✓  My Fix / Sabrina Piggott
[5252/7454] ✓  Lir / Sabrina Piggott
[5253/7454] ✓  Fire in Your Belly / Sabrina Piggott
[5254/7454] ✓  Bedbugs / Sabrina Piggott
[5255/7454] ✓  I Can't Lose / Sam Cohen
[5256/7454] ✓  Man on Fire / Sam Cohen
[5257/7454] ✓  No Good and Trying / Sam Cohen
[5258/7454] ✓  Invisible Song / Sam Cohen
[5259/7454] ✓  Deafening Silence / Sam Cohen
[5260/7454] ✓  Dead Rider / Sam Cohen
[5261/7454] ✓  Let the Sun Come Through / Sam Cohen
[5262/7454] ✓  Spinning Love / Sam Cohen
[5263/7454] ✓  There Can Only Be One / Simon Bonney
[5265/7454] ✓  A Sweeter Kind of Pain / Simon Bonney
[5264/7454] ✓  Where Trouble Is Easier To Find / Simon Bonney
[5266/7454] ✓  Everyman / Simon Bonney
[5267/7454] ✓  Duchess / Simon Bonney
[5268/7454] ✓  The Great Survivor / Simon Bonney
[5269/7454] ✓  Forever / Simon Bonney
[5270/7454] ✓  Annabelle Lee / Simon Bonney
[5271/7454] ✓  Eyes Of Blue / Simon Bonney
[5272/7454] ✓  Rose / Slowness
[5273/7454] ✓  Berlin / Slowness
[5274/7454] ✓  Sand & Stone / Slowness
[5275/7454] ✓  Asunder / Slowness
[5277/7454] ❌ API FAIL (attempt 1): Young in My Head — JSON parse failed: {"mood_tags":["nostalgic","dreamy","restrained"],"texture_tags":["electric_distant","reverb_heavy","soft_synth","vocal_breath"],"negative_tags":[],"energy":0.35,"brightness":0.4,"density":0.45,"warmth
[5276/7454] ✓  Hey, Are You Listening? / Starflyer 59
[5278/7454] ✓  Not That I Want To / Starflyer 59
[5279/7454] ✓  Cry / Starflyer 59
[5277/7454] ✓  Young in My Head / Starflyer 59
[5280/7454] ✓  Remind Me / Starflyer 59
[5281/7454] ✓  Smoke / Starflyer 59
[5282/7454] ✓  Wicked Trick / Starflyer 59
[5283/7454] ✓  A Song For My Future Self / Sundara Karma
[5285/7454] ✓  Symbols Of Joy & Eternity / Sundara Karma
[5284/7454] ✓  One Last Night On This Earth / Sundara Karma
[5286/7454] ✓  Higher States / Sundara Karma
[5288/7454] ✓  Little Smart Houses / Sundara Karma
[5287/7454] ✓  The Changeover / Sundara Karma
[5289/7454] ✓  Sweet Intentions / Sundara Karma
[5290/7454] ✓  Rainbow Body / Sundara Karma
[5291/7454] ✓  Ulfilas' Alphabet / Sundara Karma
[5292/7454] ✓  Home (There Was Never Any Reason To Feel So Alone) / Sundara Karma
[5294/7454] ✓  NATIVE TONGUE / Switchfoot
[5293/7454] ✓  LET IT HAPPEN / Switchfoot
[5295/7454] ✓  ALL I NEED / Switchfoot
[5296/7454] ✓  DIG NEW STREAMS / Switchfoot
[5297/7454] ✓  JOY INVINCIBLE / Switchfoot
[5298/7454] ✓  PRODIGAL SOUL / Switchfoot
[5299/7454] ✓  TAKE MY FIRE / Switchfoot
[5300/7454] ✓  THE STRENGTH TO LET GO / Switchfoot
[5301/7454] ✓  OXYGEN / Switchfoot
[5302/7454] ✓  WE'RE GONNA BE ALRIGHT / Switchfoot
[5303/7454] ✓  YOU'RE THE ONE I WANT / Switchfoot
[5304/7454] ✓  Shine A Little Light / The Black Keys
[5305/7454] ✓  Lo/Hi / The Black Keys
[5306/7454] ✓  Tell Me Lies / The Black Keys
[5307/7454] ✓  Every Little Thing / The Black Keys
[5308/7454] ✓  Get Yourself Together / The Black Keys
[5309/7454] ✓  Sit Around And Miss You / The Black Keys
[5310/7454] ✓  Go / The Black Keys
[5311/7454] ✓  Breaking Down / The Black Keys
[5312/7454] ✓  Under The Gun / The Black Keys
[5313/7454] ✓  Fire Walk With Me / The Black Keys
[5314/7454] ✓  Little Fishes / The Claypool Lennon Delirium
[5315/7454] ✓  Blood And Rockets: Movement I, Saga Of Jack Parsons - Movement II, Too The Moon / The Claypool Lennon Delirium
[5317/7454] ✓  Boriska / The Claypool Lennon Delirium
[5318/7454] ✓  Amethyst Realm / The Claypool Lennon Delirium
[5316/7454] ✓  South Of Reality / The Claypool Lennon Delirium
[5320/7454] ✓  Fred n Ginger / The Dandy Warhols
[5319/7454] ✓  Like Fleas / The Claypool Lennon Delirium
[5321/7454] ✓  Terraform / The Dandy Warhols
[5323/7454] ✓  Be Alright / The Dandy Warhols
[5322/7454] ✓  Highlife / The Dandy Warhols
[5324/7454] ✓  Sins Are Forgiven / The Dandy Warhols
[5325/7454] ✓  Next Thing I Know / The Dandy Warhols
[5326/7454] ✓  Small Town Girls / The Dandy Warhols
[5327/7454] ✓  To the Church / The Dandy Warhols
[5328/7454] ✓  Forever / The Dandy Warhols
[5329/7454] ✓  Island / The Day
[5330/7454] ✓  Grow / The Day
[5332/7454] ✓  Exit Sign / The Day
[5333/7454] ✓  Gravity Has Played Its Part / The Day
[5331/7454] ✓  Yet to Come / The Day
[5334/7454] ✓  Berlin / The Day
[5335/7454] ✓  I Drew a Map / The Day
[5336/7454] ✓  The Years / The Day
[5337/7454] ✓  Illuminate / The Day
[5338/7454] ✓  Folded Paper Planes / The Day
[5339/7454] ✓  Queuejumper / The Divine Comedy
[5340/7454] ✓  Office Politics / The Divine Comedy
[5341/7454] ✓  Norman And Norma / The Divine Comedy
[5342/7454] ✓  Absolutely Obsolete / The Divine Comedy
[5343/7454] ✓  Infernal Machines / The Divine Comedy
[5344/7454] ✓  You'll Never Work In This Town Again / The Divine Comedy
[5345/7454] ✓  Psychological Evaluation / The Divine Comedy
[5346/7454] ✓  The Life And Soul Of The Party / The Divine Comedy
[5347/7454] ✓  A Feather In Your Cap / The Divine Comedy
[5348/7454] ✓  Dark Days Are Here Again / The Divine Comedy
[5349/7454] ✓  Opportunity' Knox / The Divine Comedy
[5351/7454] ✓  When The Working Day Is Done / The Divine Comedy
[5350/7454] ✓  After The Lord Mayor's Show / The Divine Comedy
[5352/7454] ✓  The Way In / The Dream Syndicate
[5353/7454] ✓  Black Light / The Dream Syndicate
[5354/7454] ✓  Bullet Holes / The Dream Syndicate
[5355/7454] ✓  Speedway / The Dream Syndicate
[5356/7454] ✓  The Whole World's Watching / The Dream Syndicate
[5357/7454] ✓  Space Age / The Dream Syndicate
[5358/7454] ✓  Treading Water Underneath The Stars / The Dream Syndicate
[5359/7454] ✓  We Don't Know How and We Don't Know Why (feat. Mick Jones) / The Flaming Lips
[5360/7454] ✓  The Sparrow / The Flaming Lips
[5361/7454] ✓  How Many Times / The Flaming Lips
[5363/7454] ✓  Feedaloodum Beedle Dot (feat. Mick Jones) / The Flaming Lips
[5364/7454] ✓  Funeral Parade (feat. Mick Jones) / The Flaming Lips
[5362/7454] ✓  All for the Life of the City (feat. Mick Jones) / The Flaming Lips
[5365/7454] ✓  Dipped in Steel (feat. Mick Jones) / The Flaming Lips
[5366/7454] ✓  Mouth of the King (feat. Mick Jones) / The Flaming Lips
[5367/7454] ✓  How Can a Head (feat. Mick Jones) / The Flaming Lips
[5368/7454] ✓  O Blue Day / The High Dials
[5369/7454] ✓  The Future Prospects of Your Ego / The High Dials
[5370/7454] ✓  Jaws of Life / The High Dials
[5371/7454] ✓  Employment and Enjoyment / The High Dials
[5373/7454] ✓  Human / The Little Unsaid
[5372/7454] ✓  City of Gold / The High Dials
[5374/7454] ✓  Story / The Little Unsaid
[5375/7454] ✓  Music / The Little Unsaid
[5376/7454] ✓  Atomise / The Little Unsaid
[5377/7454] ✓  Road / The Little Unsaid
[5378/7454] ✓  Ignited / The Little Unsaid
[5379/7454] ✓  Chain / The Little Unsaid
[5380/7454] ✓  Moonrise / The Little Unsaid
[5381/7454] ✓  Willow / The Little Unsaid
[5382/7454] ✓  You Had Your Soul With You / The National
[5383/7454] ✓  Oblivions / The National
[5384/7454] ✓  The Pull Of You / The National
[5385/7454] ✓  Hey Rosey / The National
[5386/7454] ✓  I Am Easy To Find / The National
[5387/7454] ✓  Her Father In The Pool / The National
[5388/7454] ✓  Where Is Her Head / The National
[5389/7454] ❌ API FAIL (attempt 1): Not In Kansas — JSON parse failed: {"mood_tags":["melancholic","restrained","unresolved"],"texture_tags":["piano","string","vocal_breath","reverb_heavy"],"negative_tags":[],"energy":0.35,"brightness":0.3,"density":0.45,"warmth":0.4,"rh
[5390/7454] ✓  So Far So Fast / The National
[5391/7454] ✓  Dust Swirls In Strange Light / The National
[5389/7454] ✓  Not In Kansas / The National
[5392/7454] ✓  Hairpin Turns / The National
[5393/7454] ✓  Rylan / The National
[5394/7454] ✓  Underwater / The National
[5395/7454] ❌ API FAIL (attempt 1): This Broken Design — JSON parse failed: {"mood_tags":["melancholic","restless","unresolved"],"texture_tags":["cold_synth","reverb_heavy","electric_distant","vocal_breath"],"negative_tags":[],"energy":0.45,"brightness":0.35,"density":0.55,"w
[5396/7454] ✓  Half Pure / The Ninth Wave
[5397/7454] ✓  A Wave Goodbye to the People Who Said I'd Win / The Ninth Wave
[5395/7454] ✓  This Broken Design / The Ninth Wave
[5398/7454] ✓  First / The Pirate Ship Quintet
[5399/7454] ✓  Third / The Pirate Ship Quintet
[5400/7454] ✓  Wreath / The Pirate Ship Quintet
[5401/7454] ✓  Seventh / The Pirate Ship Quintet
[5402/7454] ✓  Symmetry Is Dead / The Pirate Ship Quintet
[5403/7454] ❌ API FAIL (attempt 1): Ninth — JSON parse failed: {"mood_tags":["introspective","melancholic","restrained"],"texture_tags":["piano","string","cinematic","minimal"],"energy":0.2,"brightness":0.3,"density":0.25,"warmth":0.35,"rhythmic_motion":0.15,"voc
[5404/7454] ✓  Apologies / The Proper Ornaments
[5405/7454] ✓  Song for John Lennon / The Proper Ornaments
[5403/7454] ✓  Ninth / The Pirate Ship Quintet
[5406/7454] ✓  Please Release Me / The Proper Ornaments
[5407/7454] ✓  Bullet from a Gun / The Proper Ornaments
[5408/7454] ✓  Six Lenins / The Proper Ornaments
[5409/7454] ✓  Old Street Station / The Proper Ornaments
[5410/7454] ✓  In the Garden / The Proper Ornaments
[5411/7454] ✓  Ode2Joey / The Rhythm Method
[5412/7454] ✓  Tomato / The Rhythm Method
[5413/7454] ✓  Something For The Weekend / The Rhythm Method
[5414/7454] ✓  Magic Hour / The Rhythm Method
[5415/7454] ✓  Local, Girl / The Rhythm Method
[5416/7454] ✓  Continental Breakfast / The Rhythm Method
[5417/7454] ✓  Anonymous / The Rhythm Method
[5418/7454] ✓  Cruel / The Rhythm Method
[5419/7454] ✓  Sex And The Suburbs / The Rhythm Method
[5420/7454] ✓  Stag Dance / The Shining Levels
[5421/7454] ✓  Moonless Nights / The Shining Levels
[5422/7454] ❌ API FAIL (attempt 1): Tipping of the Scale — JSON parse failed: {"mood_tags":["introspective","melancholic","restrained"],"texture_tags":["piano","ambient_pad","minimal","reverb_heavy"],"energy":0.2,"brightness":0.3,"density":0.25,"warmth":0.35,"rhythmic_motion":0
[5423/7454] ✓  Valley Boys / The Shining Levels
[5424/7454] ✓  Progress! / The Shining Levels
[5422/7454] ✓  Tipping of the Scale / The Shining Levels
[5425/7454] ✓  Veil of the Vale / The Shining Levels
[5426/7454] ✓  Death of the King / The Shining Levels
[5427/7454] ✓  Apparition / The William Blakes
[5428/7454] ✓  Something Missing / The William Blakes
[5429/7454] ✓  Darkest Dream / The William Blakes
[5430/7454] ✓  Turn Us into Them / The William Blakes
[5431/7454] ✓  Came Back / The William Blakes
[5432/7454] ✓  When I Was a Kid / Tiger Lou
[5433/7454] ✓  Trouble and Desire / Tiger Lou
[5434/7454] ✓  You Can't Say No to Me / Tiger Lou
[5435/7454] ✓  Love That Sound / Tiger Lou
[5436/7454] ✓  Pilots / Tiger Lou
[5437/7454] ✓  A Lucky Escape / Tiger Lou
[5438/7454] ✓  Not Dead Anymore / Tiger Lou
[5440/7454] ✓  Getting Nowhere / Twin Oaks
[5439/7454] ✓  Montauk / Twin Oaks
[5441/7454] ✓  Disappearing / Twin Oaks
[5442/7454] ✓  The Worst of It / Twin Oaks
[5443/7454] ✓  Rumors / Twin Oaks
[5444/7454] ✓  So Close / Twin Oaks
[5445/7454] ✓  Lost / Twin Oaks
[5446/7454] ✓  Visitor / Twin Oaks
[5447/7454] ✓  Departure... / Twin Oaks
[5448/7454] ✓  Once / Two Door Cinema Club
[5449/7454] ✓  So Many People / Two Door Cinema Club
[5450/7454] ✓  Think / Two Door Cinema Club
[5451/7454] ✓  Break / Two Door Cinema Club
[5452/7454] ✓  Dirty Air / Two Door Cinema Club
[5453/7454] ✓  Satellite / Two Door Cinema Club
[5454/7454] ✓  Already Gone / Two Door Cinema Club
[5455/7454] ✓  Talk - Single Edit / Two Door Cinema Club
[5456/7454] ✓  Satellite - Single Edit / Two Door Cinema Club
[5457/7454] ✓  Heartbreak / Unloved
[5458/7454] ✓  Bill / Unloved
[5459/7454] ✓  Devils Angels / Unloved
[5460/7454] ✓  Lee / Unloved
[5461/7454] ✓  Danger / Unloved
[5462/7454] ✓  Love Lost / Unloved
[5463/7454] ✓  Crash Boom Bang / Unloved
[5464/7454] ✓  Boy and Girl / Unloved
[5465/7454] ✓  If / Unloved
[5466/7454] ✓  KRK (At Home In Strange Places) / Vanishing Twin
[5467/7454] ❌ API FAIL (attempt 1): Cryonic Suspension May Save Your Life — JSON parse failed: {"mood_tags":["dreamy","detached","unresolved"],"texture_tags":["ambient_pad","soft_synth","reverb_heavy","field_recording"],"energy":0.25,"brightness":0.3,"density":0.35,"warmth":0.4,"rhythmic_motion
[5468/7454] ✓  You Are Not An Island / Vanishing Twin
[5469/7454] ✓  Magician's Success / Vanishing Twin
[5467/7454] ✓  Cryonic Suspension May Save Your Life / Vanishing Twin
[5470/7454] ✓  Planète Sauvage / Vanishing Twin
[5471/7454] ✓  Invisible World / Vanishing Twin
[5472/7454] ✓  Language Is A City (Let Me Out!) / Vanishing Twin
[5473/7454] ✓  Simpatico People / W. H. Lung
[5474/7454] ✓  Bring It Up / W. H. Lung
[5476/7454] ✓  Empty Room / W. H. Lung
[5475/7454] ✓  Inspiration! / W. H. Lung
[5479/7454] ✓  Everybody One of a Kind / Wild Belle
[5478/7454] ✓  Mockingbird / Wild Belle
[5477/7454] ✓  Nothing Is / W. H. Lung
[5480/7454] ✓  Tumbleweed / Wild Belle
[5481/7454] ✓  Have You Both / Wild Belle
[5482/7454] ✓  Ferrari / Wild Belle
[5483/7454] ✓  It's Not Time for Your Funeral / Wild Belle
[5484/7454] ✓  If I Should Lose My Mind / Wild Belle
[5485/7454] ✓  Beneficiary / Wintersleep
[5487/7454] ✓  The Lighthouse / Wintersleep
[5488/7454] ✓  Soft Focus / Wintersleep
[5486/7454] ✓  Into the Shape of Your Heart / Wintersleep
[5489/7454] ✓  Waves / Wintersleep
[5490/7454] ✓  Terror / Wintersleep
[5491/7454] ✓  Free Pour / Wintersleep
[5493/7454] ✓  Luke / Woman's Hour
[5492/7454] ✓  From Eden to Exile Then into Dust / Woman's Hour
[5494/7454] ✓  Mirrorball / Woman's Hour
[5495/7454] ✓  Heathen / Woman's Hour
[5496/7454] ✓  It's a Blast / Woman's Hour
[5497/7454] ✓  Removal of Hope / Woman's Hour
[5499/7454] ✓  Real Talk / Y La Bamba
[5498/7454] ✓  My Death / Y La Bamba
[5500/7454] ✓  Cuatro Crazy / Y La Bamba
[5501/7454] ✓  Lightning Storms / Y La Bamba
[5502/7454] ✓  Dieciséis / Y La Bamba
[5503/7454] ✓  Boca Llena / Y La Bamba
[5504/7454] ✓  Perder / Y La Bamba
[5506/7454] ✓  Una Letra / Y La Bamba
[5505/7454] ✓  Mujeres / Y La Bamba
[5507/7454] ✓  Santa Sal / Y La Bamba
[5508/7454] ✓  Bruja de Brujas / Y La Bamba
[5509/7454] ✓  De Lejos / Y La Bamba
[5510/7454] ✓  Tired I / Wy
[5511/7454] ✓  Softie / Wy
[5512/7454] ✓  Swedish Summer / Wy
[5513/7454] ✓  Tired II / Wy
[5514/7454] ✓  New Dog / Wy
[5515/7454] ✓  Adore You / Wy
[5516/7454] ✓  Twenty-Two Dreaming / Wy
[5517/7454] ✓  Tabs / Wy
[5518/7454] ✓  O Virga Ac Diadema / Adam Baldych
[5519/7454] ✓  Concerto for Viola and Orchestra / Adam Baldych
[5520/7454] ✓  Bogurodzica / Adam Baldych
[5521/7454] ✓  Miserere / Adam Baldych
[5522/7454] ✓  Longing / Adam Baldych
[5523/7454] ✓  Miracle of '87 / Adam Baldych
[5524/7454] ✓  Jardin / Adam Baldych
[5525/7454] ✓  Shapeshifter / Alexi Tuomarila
[5526/7454] ✓  Sirius / Alexi Tuomarila
[5527/7454] ✓  Boekloev / Alexi Tuomarila
[5528/7454] ✓  Unfold / Alexi Tuomarila
[5529/7454] ✓  Celeste / Alexi Tuomarila
[5530/7454] ✓  Africa / Alfredo Rodriguez
[5531/7454] ✓  Estamos Llegando / Alfredo Rodriguez
[5532/7454] ✓  Thriller / Alfredo Rodriguez
[5533/7454] ✓  Duologue / Alfredo Rodriguez
[5534/7454] ✓  El Punto Cubano / Alfredo Rodriguez
[5535/7454] ✓  Super Mario Bros 3 / Alfredo Rodriguez
[5537/7454] ✓  Yo Volveré / Alfredo Rodriguez
[5536/7454] ✓  Mariposa / Alfredo Rodriguez
[5538/7454] ✓  Congratulations and Condolences / Allison Miller
[5539/7454] ✓  The Ride / Allison Miller
[5540/7454] ✓  Malaga / Allison Miller
[5541/7454] ✓  Daughter and Sun / Allison Miller
[5542/7454] ✓  White Wolf / Allison Miller
[5543/7454] ✓  Vine and Vein / Allison Miller
[5544/7454] ✓  Glitter Wolf / Allison Miller
[5545/7454] ✓  BBB / Anat Fort Trio
[5546/7454] ✓  Sort Of / Anat Fort Trio
[5547/7454] ✓  Tirata Tiratata / Anat Fort Trio
[5548/7454] ✓  Free / Anat Fort Trio
[5549/7454] ✓  Part Solo / Anat Fort Trio
[5551/7454] ✓  Prelude / Andrew Lawrence
[5550/7454] ✓  Heal And… / Anat Fort Trio
[5552/7454] ✓  Commencement / Andrew Lawrence
[5554/7454] ✓  Peace / Andrew Lawrence
[5553/7454] ✓  Mind the Bubbles / Andrew Lawrence
[5555/7454] ✓  Golden Castle / Andrew Lawrence
[5556/7454] ✓  Mercy / Andrew Lawrence
[5557/7454] ✓  Maybe That Was It / Andrew Lawrence
[5558/7454] ✓  Figure and Ground / Andrew Lawrence
[5559/7454] ✓  Excursion / Andrew Lawrence
[5560/7454] ✓  Pure Imagination / Andrew Lawrence
[5561/7454] ✓  Still, No / Andrew Lawrence
[5562/7454] ✓  A Memory / Andrew Lawrence
[5563/7454] ✓  Kinkajou / Andrew Lawrence
[5564/7454] ✓  Tomorrow / Anne Paceo
[5565/7454] ✓  Bright Shadows / Anne Paceo
[5566/7454] ❌ API FAIL (attempt 1): Nehanda — JSON parse failed: {"mood_tags":["introspective","restrained","melancholic"],"texture_tags":["piano","ambient_pad","minimal","field_recording"],"energy":0.25,"brightness":0.3,"density":0.25,"warmth":0.35,"rhythmic_motio
[5567/7454] ✓  The Shell / Anne Paceo
[5568/7454] ✓  Jasmine Flower / Anne Paceo
[5566/7454] ✓  Nehanda / Anne Paceo
[5569/7454] ✓  Contemplation / Anne Paceo
[5570/7454] ✓  L'ici et maintenant / Antoine Karacostas
[5571/7454] ✓  To Steki / Antoine Karacostas
[5572/7454] ✓  Aharisti / Antoine Karacostas
[5573/7454] ✓  Newborn Suite, Pt. 1 / Antoine Karacostas
[5574/7454] ✓  I Theatrina / Antoine Karacostas
[5575/7454] ✓  Armeriki's Song / Antoine Karacostas
[5576/7454] ✓  O Milos / Antoine Karacostas
[5577/7454] ✓  Mark of the Spirit / Ben Vince
[5578/7454] 🔄 RETRY 1/3: Arnaldo — vocab errors: texture_tag "saxophone" not in closed vocab
[5579/7454] ✓  Soft Skills / Ben Vince
[5580/7454] ✓  Luxx / Ben Vince
[5578/7454] 🔄 RETRY 2/3: Arnaldo — vocab errors: texture_tag "saxophone" not in closed vocab
[5581/7454] ✓  Our Love / Ben Vince
[5578/7454] ✓  Arnaldo / Ben Vince
[5582/7454] ✓  The Veil / Ben Vince
[5583/7454] ✓  What We Need / Ben Vince
[5584/7454] 🔄 RETRY 1/3: Resolve — vocab errors: texture_tag "saxophone" not in closed vocab
[5585/7454] 🔄 RETRY 1/3: Fallout — vocab errors: texture_tag "saxophone" not in closed vocab
[5586/7454] ✓  April / Ben Winkelman Trio
[5584/7454] 🔄 RETRY 2/3: Resolve — vocab errors: texture_tag "saxophone" not in closed vocab
[5585/7454] ✓  Fallout / Ben Vince
[5587/7454] ✓  Wheels / Ben Winkelman Trio
[5584/7454] 🔄 RETRY 3/3: Resolve — vocab errors: texture_tag "saxophone" not in closed vocab
[5584/7454] ✗  DROPPED after 3 retries: Resolve — vocab errors: texture_tag "saxophone" not in closed vocab
[5588/7454] ✓  Merri Creek / Ben Winkelman Trio
[5589/7454] ✓  Window Shopping / Ben Winkelman Trio
[5590/7454] ✓  The Trip / Ben Winkelman Trio
[5591/7454] ✓  Fala Baixino / Ben Winkelman Trio
[5592/7454] ✓  Bx12 Two / Ben Winkelman Trio
[5593/7454] ❌ API FAIL (attempt 1): HAL — JSON parse failed: {"mood_tags":["introspective","restrained","melancholic"],"texture_tags":["piano","cinematic","minimal","string"],"energy":0.2,"brightness":0.35,"density":0.3,"warmth":0.4,"rhythmic_motion":0.15,"voca
[5594/7454] ✓  Ebb Tide / Bill Laurance
[5595/7454] ✓  Cables / Bill Laurance
[5593/7454] ✓  HAL / Bill Laurance
[5596/7454] ✓  End of Scarcity / Bill Laurance
[5597/7454] ✓  Constance / Bill Laurance
[5598/7454] ✓  I Told You So / Benny Lackner Trio
[5599/7454] ✓  Tears / Benny Lackner Trio
[5600/7454] ✓  Good Stuff / Benny Lackner Trio
[5601/7454] ✓  It's Gonna Happen / Benny Lackner Trio
[5602/7454] ✓  Entwurzelt / Benny Lackner Trio
[5603/7454] ✓  Drake / Benny Lackner Trio
[5605/7454] ✓  Choral / Benny Lackner Trio
[5604/7454] ✓  Yorke / Benny Lackner Trio
[5606/7454] ✓  The Garden / Brad Mehldau
[5607/7454] ✓  Born to Trouble / Brad Mehldau
[5608/7454] ✓  Striving After Wind / Brad Mehldau
[5609/7454] ✓  The Prophet is a Fool / Brad Mehldau
[5610/7454] ✓  Make It All Go Away / Brad Mehldau
[5611/7454] ✓  Deep Water / Brad Mehldau
[5612/7454] ✓  Proverb of Ashes / Brad Mehldau
[5613/7454] ✓  Finding Gabriel / Brad Mehldau
[5614/7454] ✓  Soulris (feat. Ravi Coltrane) / Brandee Younger
[5615/7454] ✓  Linda Lee / Brandee Younger
[5616/7454] ✓  Love's Prayer (feat. Ravi Coltrane) / Brandee Younger
[5617/7454] ✓  Respected Destroyer (feat. Sean Jones) / Brandee Younger
[5618/7454] ✓  Games / Brandee Younger
[5620/7454] 🔄 RETRY 1/3: Soul Awakening — vocab errors: texture_tag "harp" not in closed vocab
[5619/7454] 🔄 RETRY 1/3: Save the Children (feat. Niia) — vocab errors: texture_tag "harp" not in closed vocab
[5621/7454] 🔄 RETRY 1/3: Blue Nile — vocab errors: texture_tag "harp" not in closed vocab
[5620/7454] 🔄 RETRY 2/3: Soul Awakening — vocab errors: texture_tag "harp" not in closed vocab
[5619/7454] 🔄 RETRY 2/3: Save the Children (feat. Niia) — vocab errors: texture_tag "harp" not in closed vocab
[5621/7454] 🔄 RETRY 2/3: Blue Nile — vocab errors: texture_tag "harp" not in closed vocab
[5619/7454] 🔄 RETRY 3/3: Save the Children (feat. Niia) — vocab errors: texture_tag "harp" not in closed vocab
[5619/7454] ✗  DROPPED after 3 retries: Save the Children (feat. Niia) — vocab errors: texture_tag "harp" not in closed vocab
[5620/7454] 🔄 RETRY 3/3: Soul Awakening — vocab errors: texture_tag "harp" not in closed vocab
[5620/7454] ✗  DROPPED after 3 retries: Soul Awakening — vocab errors: texture_tag "harp" not in closed vocab
[5621/7454] 🔄 RETRY 3/3: Blue Nile — vocab errors: texture_tag "harp" not in closed vocab
[5621/7454] ✗  DROPPED after 3 retries: Blue Nile — vocab errors: texture_tag "harp" not in closed vocab
[5622/7454] ✓  Rest / Brandt Brauer Frick
[5623/7454] ✓  Chamber 1 / Brandt Brauer Frick
[5624/7454] ✓  Decades / Brandt Brauer Frick
[5625/7454] ✓  Extend / Brandt Brauer Frick
[5626/7454] ✓  Echoes / Brandt Brauer Frick
[5627/7454] ✓  Fuel / Brandt Brauer Frick
[5628/7454] ✓  Chamber 3 / Brandt Brauer Frick
[5629/7454] ✓  Mont Blanc / Brandt Brauer Frick
[5630/7454] ✓  Mothership (feat. Kamasi Washington, Mark de Clive-Lowe, Carlos Niño & Derf Reklaw) / Dwight Trible
[5631/7454] ✓  It's All About Love (feat. Mark de Clive-Lowe, Carlos Niño & Derf Reklaw) / Dwight Trible
[5632/7454] ✓  Brother Where Are You? (feat. Mark de Clive-Lowe) / Dwight Trible
[5633/7454] ✓  Tomorrow Never Knows (feat. Mark de Clive-Lowe, Miguel Atwood-Ferguson & Carlos Niño) / Dwight Trible
[5634/7454] 🔄 RETRY 1/3: Thank You Master (feat. Mark de Clive-Lowe) — vocab errors: mood_tag "spiritual" not in closed vocab
[5635/7454] ✓  Desert Fairy Princess (feat. Mark de Clive-Lowe & Miguel Atwood-Ferguson) / Dwight Trible
[5636/7454] ✓  Walkin' to Paradise (feat. Ramses Rodriguez) / Dwight Trible
[5634/7454] 🔄 RETRY 2/3: Thank You Master (feat. Mark de Clive-Lowe) — vocab errors: mood_tag "spiritual" not in closed vocab
[5637/7454] ✓  These Things You Are to Me (feat. Mark de Clive-Lowe) / Dwight Trible
[5638/7454] ✓  Some Other Time (feat. Mark de Clive-Lowe & Miguel Atwood-Ferguson) / Dwight Trible
[5634/7454] ✓  Thank You Master (feat. Mark de Clive-Lowe) / Dwight Trible
[5639/7454] ✓  Farmer's Secret / Elephant9
[5640/7454] ✓  Skink/Fugl Fønix / Elephant9
[5641/7454] ✓  Actionpack1 / Elephant9
[5642/7454] ✓  You Are The Sunshine Of My Life / Elephant9
[5643/7454] ✓  Freedom's Children/John Tinnick / Elephant9
[5644/7454] ✓  First Clue / Eyolf Dale
[5645/7454] ✓  Just Woke Up / Eyolf Dale
[5646/7454] ✓  Take Me Home / Eyolf Dale
[5647/7454] ✓  Reflection / Eyolf Dale
[5648/7454] ✓  Accelerate Wormhole / Eyolf Dale
[5649/7454] ✓  Benjamin / Fabian Almazan Trio
[5650/7454] ✓  The Everglades / Fabian Almazan Trio
[5651/7454] ✓  Ella / Fabian Almazan Trio
[5652/7454] ✓  The Nomads / Fabian Almazan Trio
[5653/7454] ✓  Jaula / Fabian Almazan Trio
[5654/7454] ✓  Folklorism / Fabian Almazan Trio
[5655/7454] ✓  Uncle Tío / Fabian Almazan Trio
[5656/7454] ✓  Pet Steps Sitters Theme Song / Fabian Almazan Trio
[5657/7454] ✓  Music on My Mind / Fabian Almazan Trio
[5658/7454] ✓  Weekends (The Soil is Calling) / Fire! Orchestra
[5659/7454] ✓  Blue Crystal Fire / Fire! Orchestra
[5660/7454] ✓  Dressed in Smoke. Blown Away / Fire! Orchestra
[5661/7454] ✓  (Beneath) The Edge of Life / Fire! Orchestra
[5662/7454] ✓  Erased Self / Gentiane MG Trio
[5663/7454] ✓  Blue - Noir - Sol / Gentiane MG Trio
[5664/7454] ✓  Empty Canvas / Gentiane MG Trio
[5665/7454] ✓  Heavy Weight / Gentiane MG Trio
[5666/7454] ✓  Wonderland, Pt. 2 (Shadows) / Gentiane MG Trio
[5667/7454] ❌ API FAIL (attempt 1): Wonderland, Pt. 3 (Unbearable) — JSON parse failed: {"mood_tags":["restrained","melancholic","unresolved"],"texture_tags":["piano","acoustic","jazz_brush","minimal"],"energy":0.3,"brightness":0.35,"density":0.4,"warmth":0.45,"rhythmic_motion":0.25,"voc
[5668/7454] ✓  Interlude (Sanctuary) / Gentiane MG Trio
[5669/7454] ✓  L'heure du thé / Gentiane MG Trio
[5667/7454] ✓  Wonderland, Pt. 3 (Unbearable) / Gentiane MG Trio
[5670/7454] ✓  Fool's Gold / Gentiane MG Trio
[5671/7454] ✓  Repentance / Gentiane MG Trio
[5672/7454] ✓  Autumn Wind (Pixie #11) / George Winston
[5673/7454] ✓  Judge, Judge / George Winston
[5674/7454] ✓  A Change Is Gonna Come / George Winston
[5675/7454] ✓  Cancion Mixteca (Immigrant's Lament) / George Winston
[5676/7454] ✓  The Good Earth / George Winston
[5677/7454] ✓  The Times Of Harvey Milk / George Winston
[5678/7454] ✓  The Unknown Soldier / George Winston
[5679/7454] ✓  The Wayward Wind / George Winston
[5680/7454] ✓  Avec le temps / Giovanni Guidi
[5682/7454] ❌ API FAIL (attempt 1): Postludium And A Kiss — JSON parse failed: {"mood_tags":["introspective","melancholic","restrained"],"texture_tags":["piano","cinematic","minimal","reverb_heavy"],"energy":0.15,"brightness":0.25,"density":0.2,"warmth":0.35,"rhythmic_motion":0.
[5683/7454] ✓  Caino / Giovanni Guidi
[5681/7454] ✓  15th Of August / Giovanni Guidi
[5682/7454] ✓  Postludium And A Kiss / Giovanni Guidi
[5684/7454] ✓  Johnny The Liar / Giovanni Guidi
[5685/7454] ✓  96 / Graham Costello
[5687/7454] ✓  Sole / Graham Costello
[5686/7454] ✓  Jade / Graham Costello
[5688/7454] ✓  Sapphire / Graham Costello
[5689/7454] ✓  Fly / Graham Costello
[5690/7454] ✓  Be Patient / Helge Lien Trio
[5691/7454] ✓  Popkoral / Helge Lien Trio
[5692/7454] ✓  Loose Gore / Helge Lien Trio
[5693/7454] ✓  Krystall / Helge Lien Trio
[5694/7454] ❌ API FAIL (attempt 1): Before Now — JSON parse failed: {"mood_tags":["introspective","restrained","melancholic"],"texture_tags":["piano","acoustic","minimal","jazz_brush"],"negative_tags":[],"energy":0.25,"brightness":0.35,"density":0.3,"warmth":0.5,"rhyt
[5695/7454] ✓  Now / Helge Lien Trio
[5696/7454] ✓  And Then / Helge Lien Trio
[5694/7454] ✓  Before Now / Helge Lien Trio
[5698/7454] ✓  Jazzkoral / Helge Lien Trio
[5697/7454] ✓  Please Stay / Helge Lien Trio
[5699/7454] ✓  Nipa / Helge Lien Trio
[5700/7454] ✓  Get Ready / Helge Lien Trio
[5701/7454] ❌ API FAIL (attempt 1): Run — JSON parse failed: {"mood_tags":["restrained","introspective","melancholic"],"texture_tags":["piano","minimal","jazz_brush"],"energy":0.25,"brightness":0.35,"density":0.3,"warmth":0.45,"rhythmic_motion":0.2,"vocal_prese
[5703/7454] ✓  Kristall / Helge Lien Trio
[5702/7454] ✓  Crossing the Lake on a Kicksled / Helge Lien Trio
[5701/7454] ✓  Run / Helge Lien Trio
[5706/7454] ⏭  SKIP (duplicate key): Popkoral (Outro) / Helge Lien Trio
[5704/7454] ✓  Berlin Basement / Helge Lien Trio
[5705/7454] ✓  Berlin Blues / Helge Lien Trio
[5707/7454] ✓  Meridian / Ikarus
[5709/7454] ✓  Saiko / Ikarus
[5708/7454] ✓  Oumuamua / Ikarus
[5710/7454] ✓  Aligulin / Ikarus
[5712/7454] ✓  Iridium / Ikarus
[5711/7454] ✓  Ikenophobia / Ikarus
[5713/7454] ❌ API FAIL (attempt 1): The Wunderers — JSON parse failed: {"mood_tags":["introspective","restrained","melancholic"],"texture_tags":["piano","ambient_pad","minimal","cinematic"],"energy":0.2,"brightness":0.3,"density":0.25,"warmth":0.35,"rhythmic_motion":0.15
[5714/7454] ✓  Polarized Flow / Jarmo Saari Republic
[5713/7454] ✓  The Wunderers / Jarmo Saari Republic
[5715/7454] ✓  My Kinda Woman / Jarmo Saari Republic
[5716/7454] ✓  Saffron Tears / Jarmo Saari Republic
[5718/7454] ✓  Aura / Jarmo Saari Republic
[5717/7454] ✓  Polarized Flow II / Jarmo Saari Republic
[5719/7454] ✓  Close Your Eyes and Listen / Javier Girotto
[5720/7454] ✓  Deus Xango / Javier Girotto
[5721/7454] ✓  Twenty Years Ago / Javier Girotto
[5722/7454] ✓  Summit / Javier Girotto
[5723/7454] ✓  Reminiscence / Javier Girotto
[5724/7454] ✓  Aire de Buenos Aires / Javier Girotto
[5725/7454] ✓  Etude for Franca / Javier Girotto
[5726/7454] ✓  Almagro Nights / John Turville
[5727/7454] ✓  Seahorses / John Turville
[5728/7454] ✓  Interval Music / John Turville
[5729/7454] ✓  A Perfect Foil / John Turville
[5730/7454] ✓  Head First / John Turville
[5731/7454] ✓  Cancion 4 / John Turville
[5732/7454] ✓  A Month in Tunisia / John Turville
[5733/7454] ✓  Cyclic Chorale / John Turville
[5734/7454] ✓  Beautiful but Why / John Turville
[5735/7454] ✓  Nature of My Blues / Katarina Pejak
[5736/7454] ✓  Sex Kills / Katarina Pejak
[5737/7454] ✓  Cool Drifter / Katarina Pejak
[5738/7454] ✓  Old Pain / Katarina Pejak
[5739/7454] ✓  Chasing Summer / Katarina Pejak
[5740/7454] ✓  Down with Me / Katarina Pejak
[5741/7454] ✓  Roads That Cross / Katarina Pejak
[5742/7454] ✓  The Harder You Kick / Katarina Pejak
[5743/7454] ✓  Solution / Marcelina Gawron
[5744/7454] ✓  Freaky You / Marcelina Gawron
[5745/7454] ✓  Life Lesson / Marcelina Gawron
[5746/7454] ✓  On And On / Marcelina Gawron
[5747/7454] ✓  Your Butterfly / Marcelina Gawron
[5748/7454] ✓  Blefer / Marcelina Gawron
[5749/7454] ✓  22 / Mats Eilertsen
[5750/7454] ✓  Perpetum / Mats Eilertsen
[5751/7454] ✓  Albatross / Mats Eilertsen
[5752/7454] ✓  After The Rain / Mats Eilertsen
[5754/7454] ✓  Sirens / Mats Eilertsen
[5753/7454] ✓  Solace / Mats Eilertsen
[5755/7454] ✓  22 - Var. / Mats Eilertsen
[5756/7454] ✓  Phoenix Borealis / Maureen Choi Quartet
[5757/7454] ✓  Dance of the Fallen / Maureen Choi Quartet
[5758/7454] ✓  Canto Salamanchino / Maureen Choi Quartet
[5759/7454] ✓  Dear Paco (Cepa Andaluza) / Maureen Choi Quartet
[5760/7454] ✓  Bok Choi (Pajarillo) / Maureen Choi Quartet
[5761/7454] ✓  September, The First / Maureen Choi Quartet
[5763/7454] ❌ API FAIL (attempt 1): It's All We Have to Offer — JSON parse failed: {"mood_tags":["introspective","restrained","melancholic"],"texture_tags":["piano","cinematic","minimal","string"],"energy":0.2,"brightness":0.3,"density":0.25,"warmth":0.35,"rhythmic_motion":0.15,"voc
[5762/7454] ✓  Danza Ritual Del Fuego / Maureen Choi Quartet
[5764/7454] ✓  Swirl / Paul Tynan
[5763/7454] ❌ API FAIL (attempt 2): It's All We Have to Offer — JSON parse failed: {"mood_tags":["introspective","melancholic","restrained"],"texture_tags":["piano","cinematic","minimal","string"],"energy":0.2,"brightness":0.3,"density":0.25,"warmth":0.4,"rhythmic_motion":0.15,"voca
[5765/7454] ✓  Low Brow / Paul Tynan
[5766/7454] ✓  Reflections / Rymden
[5763/7454] ✓  It's All We Have to Offer / Paul Tynan
[5767/7454] ✓  The Odyssey / Rymden
[5768/7454] ✓  The Peacemaker / Rymden
[5769/7454] ✓  Pitter-Patter / Rymden
[5771/7454] ✓  Råk-The Abyss / Rymden
[5770/7454] ✓  The Celestial Dog And The Funeral Ship / Rymden
[5772/7454] ✓  Orbiting / Rymden
[5773/7454] ✓  Homegrown / Rymden
[5774/7454] ✓  The Darkies / seed.
[5775/7454] ✓  Afronaut (feat. XANA) / seed.
[5776/7454] ✓  The Dream Keeper (feat. Cherise Adams-Burnett) / seed.
[5777/7454] ✓  Stargaze #2: LAU / seed.
[5778/7454] ✓  Mirrors / seed.
[5779/7454] ✓  Meanwhile in Heaven / Sendecki & Spiegel
[5780/7454] ✓  A New Day / Sendecki & Spiegel
[5781/7454] ✓  Two in the Mirror / Sendecki & Spiegel
[5782/7454] ✓  Come Home / Sendecki & Spiegel
[5783/7454] ✓  Lucky but Unhappy / Sendecki & Spiegel
[5785/7454] ✓  Elegy / Sendecki & Spiegel
[5784/7454] ✓  The Wanderer / Sendecki & Spiegel
[5786/7454] ✓  Phantasia in a Flat / Sendecki & Spiegel
[5787/7454] ✓  After the War / Shalosh
[5788/7454] ❌ API FAIL (attempt 1): Children of the 90's — JSON parse failed: {"mood_tags":["nostalgic","urban","restless"],"texture_tags":["piano","electric_distant","reverb_heavy"],"energy":0.4,"brightness":0.45,"density":0.5,"warmth":0.4,"rhythmic_motion":0.4,"vocal_presence
[5789/7454] ✓  You'll Never Walk Alone / Shalosh
[5790/7454] ✓  The Impossible Love Story of Jackie and Hanan / Shalosh
[5788/7454] ✓  Children of the 90's / Shalosh
[5791/7454] ✓  Take on Me / Shalosh
[5793/7454] ✓  Lullabye / Shalosh
[5792/7454] ✓  Tune for Mr. Ahmad Jamal / Shalosh
[5794/7454] ✓  The Bridge / Stephan Micus
[5795/7454] ✓  The River / Stephan Micus
[5796/7454] ✓  Fireflies / Stephan Micus
[5797/7454] ✓  The Poet / Stephan Micus
[5799/7454] ✓  The Forest / Stephan Micus
[5800/7454] ✓  The Western Gate / Stephan Micus
[5798/7454] ✓  All The Way / Stephan Micus
[5802/7454] ✓  Birth Of Creation / The Comet Is Coming
[5803/7454] ✓  Summon The Fire / The Comet Is Coming
[5801/7454] ✓  Because The End Is Really The Beginning / The Comet Is Coming
[5804/7454] ✓  Blood Of The Past / The Comet Is Coming
[5805/7454] ✓  Unity / The Comet Is Coming
[5806/7454] ✓  The Universe Wakes Up / The Comet Is Coming
[5807/7454] ✓  The Windmills of Your Mind / The Tierney Sutton Band
[5809/7454] ✓  On a Clear Day (You Can See Forever) / The Tierney Sutton Band
[5808/7454] ✓  Moon River / Calling You / The Tierney Sutton Band
[5810/7454] ✓  What Are You Doing the Rest of Your Life? / The Tierney Sutton Band
[5811/7454] ✓  The Sound of Silence / The Tierney Sutton Band
[5812/7454] ✓  Goodbye for Now / The Tierney Sutton Band
[5813/7454] ✓  Diamonds Are a Girl's Best Friend / The Tierney Sutton Band
[5814/7454] ✓  You're the One That I Want / The Tierney Sutton Band
[5815/7454] ✓  How Do You Keep the Music Playing? / The Tierney Sutton Band
[5816/7454] ✓  Ev'ry Now and Then / The Tierney Sutton Band
[5817/7454] ✓  It Might Be You / The Tierney Sutton Band
[5818/7454] ✓  Arrow / The Tierney Sutton Band
[5819/7454] ✓  The Big Blow / The Tronosonic Experience
[5820/7454] ❌ API FAIL (attempt 1): Voyager, Pt. 1 — JSON parse failed: {"mood_tags":["dreamy","restrained","nostalgic"],"texture_tags":["ambient_pad","soft_synth","reverb_heavy"],"energy":0.25,"brightness":0.4,"density":0.3,"warmth":0.5,"rhythmic_motion":0.2,"vocal_prese
[5821/7454] ✓  Voyager, Pt. 2 / The Tronosonic Experience
[5822/7454] ✓  Iron Camel / The Tronosonic Experience
[5820/7454] ✓  Voyager, Pt. 1 / The Tronosonic Experience
[5823/7454] ✓  50 Let Pobedy / The Tronosonic Experience
[5824/7454] ✓  Lost Highway / The Tronosonic Experience
[5825/7454] ✓  Jungle Bourjois / Time Grove
[5826/7454] ✓  Indopia / Time Grove
[5827/7454] ✓  Piano Bubbles / Time Grove
[5828/7454] ✓  Sir Blunt / Time Grove
[5829/7454] ✓  Nezach / Time Grove
[5830/7454] ✓  A.L.P. / Time Grove
[5831/7454] ✓  Roy the King / Time Grove
[5832/7454] ✓  Latrun / Time Grove
[5833/7454] ✓  White / Yelena Eckemoff
[5834/7454] ✓  Orange / Yelena Eckemoff
[5835/7454] ✓  Green / Yelena Eckemoff
[5837/7454] ✓  Indigo / Yelena Eckemoff
[5838/7454] ✓  Blue / Yelena Eckemoff
[5836/7454] ✓  Violet / Yelena Eckemoff
[5839/7454] ✓  Red / Yelena Eckemoff
[5840/7454] ✓  Brown / Yelena Eckemoff
[5841/7454] ✓  Bordeaux / Yelena Eckemoff
[5842/7454] ✓  Grey / Yelena Eckemoff
[5843/7454] ✓  Black / Yelena Eckemoff
[5844/7454] ✓  Tango / Yonathan Avishai
[5845/7454] ✓  Joy / Yonathan Avishai
[5846/7454] ✓  Shir Boker / Yonathan Avishai
[5847/7454] ✓  Lya / Yonathan Avishai
[5848/7454] ✓  When Things Fall Apart / Yonathan Avishai
[5849/7454] ✓  Les pianos de Brazzaville / Yonathan Avishai
[5850/7454] ✓  Slush in Thaw / Yves Theiler
[5851/7454] ✓  WE / Yves Theiler
[5852/7454] ✓  Beauty in Space / Yves Theiler
[5853/7454] ✓  The Visit of Mr. Lev / Yves Theiler
[5854/7454] ✓  Every Year / Yves Theiler
[5855/7454] ✓  Woman / Andreya Triana
[5856/7454] ✓  I Give You My Heart / Andreya Triana
[5858/7454] ✓  Freedom / Andreya Triana
[5857/7454] ✓  Broke / Andreya Triana
[5859/7454] ✓  How Deep My Love Goes / Andreya Triana
[5860/7454] ✓  Do That for You / Andreya Triana
[5861/7454] ✓  Something Real / Andreya Triana
[5862/7454] ✓  I'm Already Home / Andreya Triana
[5863/7454] ✓  It's Gonna Be Alright / Andreya Triana
[5864/7454] ✓  Colors / Black Pumas
[5865/7454] ✓  Know You Better / Black Pumas
[5866/7454] ✓  Fire / Black Pumas
[5867/7454] ✓  OCT 33 / Black Pumas
[5868/7454] ✓  Confines / Black Pumas
[5869/7454] ✓  Touch The Sky / Black Pumas
[5870/7454] ✓  Sweet Conversations / Black Pumas
[5871/7454] ✓  Circles / Durand Jones & The Indications
[5872/7454] ✓  Court of Love / Durand Jones & The Indications
[5873/7454] ✓  Long Way Home / Durand Jones & The Indications
[5874/7454] ✓  Too Many Tears / Durand Jones & The Indications
[5875/7454] ✓  Walk Away / Durand Jones & The Indications
[5876/7454] ✓  What I Know About You / Durand Jones & The Indications
[5877/7454] ✓  Listen to Your Heart / Durand Jones & The Indications
[5878/7454] ✓  How Can I Be Sure / Durand Jones & The Indications
[5879/7454] ✓  True Love / Durand Jones & The Indications
[5880/7454] ✓  I Wasted You / flora cash
[5881/7454] ✓  Breakthrough / flora cash
[5882/7454] ✓  Mile High (feat. Travis Scott & Metro Boomin) / James Blake
[5883/7454] ✓  Tell Them (feat. Moses Sumney & Metro Boomin) / James Blake
[5884/7454] ✓  Into The Red / James Blake
[5885/7454] ✓  Barefoot In The Park (feat. ROSALÍA) / James Blake
[5886/7454] ✓  Are You In Love? / James Blake
[5887/7454] ❌ API FAIL (attempt 1): Where's The Catch? (feat. André 3000) — JSON parse failed: {"mood_tags":["restless","urban","unresolved"],"texture_tags":["soft_synth","electric_distant","reverb_heavy","vocal_breath"],"negative_tags":[],"energy":0.6,"brightness":0.45,"density":0.65,"warmth":
[5889/7454] ✓  Power On / James Blake
[5888/7454] ✓  I'll Come Too / James Blake
[5887/7454] ✓  Where's The Catch? (feat. André 3000) / James Blake
[5890/7454] ✓  Don't Miss It / James Blake
[5891/7454] ❌ API FAIL (attempt 1): Mulholland — JSON parse failed: {"mood_tags":["introspective","melancholic","restrained"],"texture_tags":["piano","reverb_heavy","vocal_breath","minimal"],"energy":0.25,"brightness":0.3,"density":0.35,"warmth":0.4,"rhythmic_motion":
[5892/7454] ✓  Rebel / Kelsey Lu
[5893/7454] ✓  Pushin Against the Wind / Kelsey Lu
[5891/7454] ✓  Mulholland / James Blake
[5894/7454] ✓  Due West / Kelsey Lu
[5895/7454] ✓  Why Knock For You / Kelsey Lu
[5896/7454] ✓  Foreign Car / Kelsey Lu
[5897/7454] ✓  Too Much / Kelsey Lu
[5898/7454] ✓  I'm Not In Love / Kelsey Lu
[5899/7454] ✓  Atlantic / Kelsey Lu
[5900/7454] ✓  Down2ridE / Kelsey Lu
[5902/7454] ✓  High Highs to Low Lows / Lolo Zouaï
[5901/7454] ✓  Blood / Kelsey Lu
[5903/7454] ✓  Chevy Impala / Lolo Zouaï
[5905/7454] ✓  Ride / Lolo Zouaï
[5904/7454] ✓  Caffeine / Lolo Zouaï
[5906/7454] ✓  Look at Us / Lolo Zouaï
[5907/7454] ✓  Desert Rose / Lolo Zouaï
[5908/7454] ✓  Summers in Vegas / Lolo Zouaï
[5911/7454] ✓  Introduction / Mike Posner
[5910/7454] ✓  Beaucoup / Lolo Zouaï
[5909/7454] ✓  Blue / Lolo Zouaï
[5914/7454] ✓  Song About You / Mike Posner
[5913/7454] ✓  Wide Open / Mike Posner
[5912/7454] ✓  January 11th, 2017 / Mike Posner
[5916/7454] ✓  Staring At The Fire / Mike Posner
[5915/7454] ✓  Drip / Mike Posner
[5917/7454] ✓  Amen / Mike Posner
[5919/7454] ✓  One More Song / Mike Posner
[5918/7454] ✓  Stuck In The Middle / Mike Posner
[5920/7454] ✓  By Heart / Nick Waterhouse
[5922/7454] ✓  I Feel an Urge Coming On / Nick Waterhouse
[5921/7454] ✓  Song for Winners / Nick Waterhouse
[5923/7454] ✓  Undedicated / Nick Waterhouse
[5924/7454] ✓  Black Glass / Nick Waterhouse
[5925/7454] ✓  Which Was Writ / Nick Waterhouse
[5926/7454] ✓  El Viv / Nick Waterhouse
[5928/7454] ✓  Dark / Rhye
[5927/7454] ✓  Wherever She Goes (She Is Wanted) / Nick Waterhouse
[5929/7454] ✓  Malibu Nights / Rhye
[5930/7454] ✓  Patience / Rhye
[5932/7454] ✓  Wicked Dreams / Rhye
[5931/7454] ✓  Green Eyes / Rhye
[5933/7454] ✓  Awake / Rhye
[5934/7454] ✓  Save Me / Rhye
[5935/7454] ✓  Body - Ambient / RY X
[5936/7454] ✓  Untold / RY X
[5937/7454] ✓  Bound / RY X
[5938/7454] ✓  YaYaYa / RY X
[5940/7454] ✓  Hounds / RY X
[5939/7454] ✓  Coven / RY X
[5941/7454] ✓  The Water / RY X
[5943/7454] ✓  To Know / RY X
[5942/7454] ✓  Mallorca / RY X
[5944/7454] ✓  Fumbling Prayer / RY X
[5946/7454] ✓  The Best / Self Esteem
[5945/7454] ✓  (Feelings) / Self Esteem
[5947/7454] ✓  Steady I Stand / Self Esteem
[5950/7454] ⏭  SKIP (duplicate key): (Hobbies) / Self Esteem
[5949/7454] ✓  Favourite Problem / Self Esteem
[5948/7454] ✓  Girl Crush / Self Esteem
[5951/7454] ✓  I'm Shy / Self Esteem
[5954/7454] ⏭  SKIP (duplicate key): (Truly Free) / Self Esteem
[5952/7454] ✓  Peach You Had To Pick / Self Esteem
[5953/7454] ✓  Monster / Self Esteem
[5955/7454] ✓  She Reigns / Self Esteem
[5956/7454] ✓  Rollout / Self Esteem
[5957/7454] ✓  On The Edge Of Another One / Self Esteem
[5958/7454] ✓  Things I Imagined / Solange
[5959/7454] ✓  S McGregor (interlude) / Solange
[5960/7454] ✓  Way to the Show / Solange
[5961/7454] ❌ API FAIL (attempt 1): Can I Hold the Mic (interlude) — JSON parse failed: {"mood_tags":["introspective","restrained","bittersweet"],"texture_tags":["minimal","vocal_breath","reverb_heavy"],"energy":0.25,"brightness":0.3,"density":0.2,"warmth":0.4,"rhythmic_motion":0.15,"voc
[5962/7454] ✓  Stay Flo / Solange
[5963/7454] ✓  Dreams / Solange
[5961/7454] ✓  Can I Hold the Mic (interlude) / Solange
[5964/7454] ✓  Nothing Without Intention (interlude) / Solange
[5965/7454] ✓  Almeda / Solange
[5966/7454] ✓  Time (is) / Solange
[5967/7454] ✓  My Skin My Logo / Solange
[5968/7454] ✓  We Deal With the Freak'n (intermission) / Solange
[5969/7454] ✓  Jerrod / Solange
[5970/7454] ✓  Binz / Solange
[5971/7454] ✓  Sound of Rain / Solange
[5973/7454] ✓  I'm a Witness / Solange
[5972/7454] ✓  Not Screwed! (interlude) / Solange
[5974/7454] ✓  Boy Was I Wrong / Talos
[5975/7454] ✓  To Each His Own / Talos
[5976/7454] ✓  See Me / Talos
[5977/7454] ✓  The Flood / Talos
[5978/7454] ✓  2AM / Talos
[5979/7454] ✓  On and On / Talos
[5980/7454] ✓  Let Go / Talos
[5981/7454] ✓  In the Fold / Talos
[5982/7454] ✓  Far Out Dust / Talos
[5983/7454] ✓  Colors - Introduction / Tank and The Bangas
[5986/7454] ✓  Hot Air Balloons / Tank and The Bangas
[5984/7454] ✓  Spaceships / Tank and The Bangas
[5985/7454] ✓  Dope Girl Magic / Tank and The Bangas
[5987/7454] ✓  Forgetfulness / Tank and The Bangas
[5988/7454] ✓  Get Up - Interlude / Tank and The Bangas
[5989/7454] ✓  Too High - Prelude / Tank and The Bangas
[5990/7454] ✓  I Don't Get High / Tank and The Bangas
[5991/7454] ✓  Happy Town / Tank and The Bangas
[5992/7454] ✓  Nice Things / Tank and The Bangas
[5993/7454] ✓  Mr. Lion / Tank and The Bangas
[5994/7454] ✓  In London - Interlude / Tank and The Bangas
[5995/7454] ✓  Lazy Daze / Tank and The Bangas
[5996/7454] ✓  Colors Change / Tank and The Bangas
[5997/7454] ✓  Old Engine Oil / The Budos Band
[5998/7454] ✓  The Enchanter / The Budos Band
[5999/7454] ✓  Peak of Eternal Night / The Budos Band
[6001/7454] ✓  Maelstrom / The Budos Band
[6000/7454] ✓  Ghost Talk / The Budos Band
[6002/7454] ✓  Veil of Shadows / The Budos Band
[6003/7454] ✓  Rumble from the Void / The Budos Band
[6004/7454] ✓  Miss Strawberry Jones / The Earth
[6006/7454] ✓  Naughty Naughty / The Earth
[6005/7454] ✓  Cyanide Sighs / The Earth
[6007/7454] ✓  Unundoable / The Earth
[6008/7454] ✓  You Must Be Mistaken / The Earth
[6009/7454] ✓  Never Gonna Come Back / The Earth
[6010/7454] ✓  Complicated / The Earth
[6012/7454] ✓  Sleepy Tired / The Earth
[6011/7454] ✓  Hollywood Balls / The Earth
[6013/7454] ✓  went to meet her (intro) / The Japanese House
[6015/7454] ✓  Wild / The Japanese House
[6014/7454] ✓  We Talk all the Time / The Japanese House
[6016/7454] ✓  You Seemed so Happy / The Japanese House
[6018/7454] ✓  somethingfartoogoodtofeel / The Japanese House
[6019/7454] ✓  Everybody Hates Me / The Japanese House
[6017/7454] ✓  Follow My Girl / The Japanese House
[6022/7454] ✓  i saw you in a dream / The Japanese House
[6020/7454] ✓  Marika Is Sleeping / The Japanese House
[6021/7454] ✓  Worms / The Japanese House
[6024/7454] ❌ API FAIL (attempt 1): Koad — JSON parse failed: {"mood_tags":["introspective","melancholic","restrained"],"texture_tags":["piano","minimal","cinematic"],"energy":0.2,"brightness":0.3,"density":0.2,"warmth":0.35,"rhythmic_motion":0.1,"vocal_presence
[6025/7454] ✓  Erc'h / Yann Tiersen
[6023/7454] ✓  Tempelhof / Yann Tiersen
[6024/7454] ✓  Koad / Yann Tiersen
[6026/7454] ✓  Usal Road / Yann Tiersen
[6027/7454] ✓  Bloavezhioù / Yann Tiersen
[6029/7454] ✓  Aon / Yann Tiersen
[6028/7454] ✓  Gwennilied / Yann Tiersen
[6030/7454] ✓  Prad / Yann Tiersen
[6031/7454] ✓  A Dream, Pt. 1 / Von Spar
[6032/7454] ✓  A Dream, Pt. 2 / Von Spar
[6033/7454] ✓  Happiness / Von Spar
[6035/7454] ✓  Not to Forget / Von Spar
[6034/7454] ✓  Extend the Song / Von Spar
[6036/7454] ✓  Falsetto Giuseppe / Von Spar
[6037/7454] ✓  Fronting / Vieo Abiungo
[6038/7454] ✓  Cobble Together / Vieo Abiungo
[6039/7454] ✓  Picked Down to Its Bones / Vieo Abiungo
[6040/7454] ✓  The Dregs / Vieo Abiungo
[6041/7454] ✓  No Diamonds in These Mines / Vieo Abiungo
[6042/7454] ✓  A Branch Gave Way / Vieo Abiungo
[6043/7454] ✓  What the Rain Restores / Vieo Abiungo
[6044/7454] ✓  Takamba II / Vieo Abiungo
[6045/7454] ✓  Heaving Chest, Shallow Breaths / Vieo Abiungo
[6046/7454] ✓  Swagger / Vieo Abiungo
[6047/7454] ✓  Trembled at its Feet / Vieo Abiungo
[6048/7454] ✓  Dancing on My Knees / The Yawpers
[6049/7454] ✓  Human Question / The Yawpers
[6050/7454] ✓  Reason to Believe / The Yawpers
[6051/7454] ✓  Carry Me / The Yawpers
[6052/7454] ✓  Forgiveness Through Pain / The Yawpers
[6053/7454] ✓  Can't Wait / The Yawpers
[6054/7454] ✓  Where the Winters End / The Yawpers
[6055/7454] ✓  Whispering / Son Lux
[6056/7454] ✓  Come Away / Son Lux
[6057/7454] ❌ API FAIL (attempt 1): Speak — JSON parse failed: {"mood_tags":["restless","unresolved","melancholic"],"texture_tags":["piano","reverb_heavy","electric_distant","cinematic"],"energy":0.4,"brightness":0.35,"density":0.5,"warmth":0.3,"rhythmic_motion":
[6058/7454] ✓  Black Waters / Son Lux
[6059/7454] ✓  Quivering Prints / Son Lux
[6057/7454] ✓  Speak / Son Lux
[6060/7454] ✓  Enough of Our Disease / Son Lux
[6061/7454] ✓  Wait (AWWWM Outtake) / Son Lux
[6062/7454] ✓  Throw (AWWWM Outtake) / Son Lux
[6063/7454] ✓  Do (AWWWM Outtake) / Son Lux
[6064/7454] ✓  No Fate Awaits Me / Son Lux
[6065/7454] ✓  Disappearance / Son Lux
[6066/7454] ✓  Silence I / Son Lux
[6068/7454] ✓  Lonely / Son Lux
[6067/7454] ✓  Let Me Follow / Son Lux
[6069/7454] ✓  Race To Erase / Son Lux
[6070/7454] ✓  Trailing Memory / Son Lux
[6071/7454] ✓  Silence II / Son Lux
[6072/7454] ✓  Almost Crossing / Son Lux
[6073/7454] ✓  After It All / Son Lux
[6074/7454] ✓  Silence III / Son Lux
[6075/7454] ✓  Perfumes I / Sarah Davachi
[6076/7454] ✓  Perfumes III / Sarah Davachi
[6077/7454] ✓  Becoming / PJ Harvey
[6078/7454] ✓  Shimmer / PJ Harvey
[6079/7454] ✓  The Sandman / PJ Harvey
[6080/7454] ✓  Waltz / PJ Harvey
[6081/7454] ✓  Descending / PJ Harvey
[6082/7454] ✓  Ascending / PJ Harvey
[6083/7454] ✓  Cadenza / PJ Harvey
[6084/7454] ✓  The Moth / PJ Harvey
[6085/7454] ✓  Träume / PJ Harvey
[6086/7454] ✓  Arpeggio Waltz / PJ Harvey
[6087/7454] ✓  Unus mundus / Joep Beving
[6088/7454] ✓  Into the Dark Blue / Joep Beving
[6089/7454] ✓  Sirius / Joep Beving
[6090/7454] ✓  Shepherd / Joep Beving
[6091/7454] ✓  Orvonton / Joep Beving
[6092/7454] ✓  Sol and Luna / Joep Beving
[6093/7454] ✓  Klangfall / Joep Beving
[6094/7454] ✓  Philemon / Joep Beving
[6095/7454] ✓  Saudade da Gaia / Joep Beving
[6096/7454] ✓  Apophis / Joep Beving
[6097/7454] ✓  Aeon / Joep Beving
[6098/7454] ✓  Implikigo / Joep Beving
[6099/7454] ✓  Venus / Joep Beving
[6100/7454] ✓  Anima / Joep Beving
[6101/7454] ❌ API FAIL (attempt 1): Adrift in Aether - Breathing — JSON parse failed: {"mood_tags":["introspective","melancholic","restrained"],"texture_tags":["piano","minimal","ambient_pad"],"energy":0.15,"brightness":0.25,"density":0.2,"warmth":0.35,"rhythmic_motion":0.1,"vocal_pres
[6102/7454] ✓  Adrift in Aether / Joep Beving
[6103/7454] ✓  The One as Two / Joep Beving
[6101/7454] ✓  Adrift in Aether - Breathing / Joep Beving
[6104/7454] ✓  Henosis / Joep Beving
[6105/7454] ✓  Anamnesis / Joep Beving
[6106/7454] ✓  Nebula / Joep Beving
[6107/7454] ✓  Earth Blues / Dommengang
[6108/7454] ✓  Wild Wash / Dommengang
[6109/7454] ✓  Stir The Sea / Dommengang
[6110/7454] ✓  Blues Rot / Dommengang
[6111/7454] ✓  Jerusalem Cricket / Dommengang
[6112/7454] ✓  Happy Death (Her Blues II) / Dommengang
[6113/7454] ✓  Cry for Another / Claude Fontaine
[6115/7454] ✓  Little Sister / Claude Fontaine
[6114/7454] ✓  Hot Tears / Claude Fontaine
[6116/7454] ✓  Play by Play / Claude Fontaine
[6118/7454] ✓  I'll Play the Fool / Claude Fontaine
[6119/7454] ✓  Strings of Your Guitar / Claude Fontaine
[6117/7454] ✓  Pretending He Was You / Claude Fontaine
[6120/7454] ✓  Pianette / Bruno Sanfilippo
[6121/7454] ✓  Doll / Bruno Sanfilippo
[6122/7454] ✓  Paloma / Bruno Sanfilippo
[6123/7454] ✓  Empty Circus / Bruno Sanfilippo
[6124/7454] ✓  Tin Soldiers / Bruno Sanfilippo
[6125/7454] ✓  Wooden Toys / Bruno Sanfilippo
[6126/7454] ✓  Dreams of an Elephant / Bruno Sanfilippo
[6128/7454] ✓  Goodness / Bruno Sanfilippo
[6127/7454] ✓  Claroscuro (Solo Piano Version) / Bruno Sanfilippo
[6129/7454] ✓  Elefant / Matthias Bartolomey
[6130/7454] ✓  Glockenturm / Matthias Bartolomey
[6131/7454] ✓  Föhn / Matthias Bartolomey
[6132/7454] ✓  Haim / Matthias Bartolomey
[6133/7454] ✓  Viadukt / Matthias Bartolomey
[6134/7454] ✓  Westen / Matthias Bartolomey
[6135/7454] ✓  Aurora / Matthias Bartolomey
[6136/7454] ✓  Menuett / Matthias Bartolomey
[6137/7454] ✓  4 Impromptus, D. 899 (Op. 90): No. 1 in C Minor. Allegro molto moderato / Franz Schubert
[6138/7454] ✓  4 Impromptus, D. 899 (Op. 90): No. 2 in E-Flat Major. Allegro / Franz Schubert
[6139/7454] ✓  4 Impromptus, D. 899 (Op. 90): No. 3 in G-Flat Major. Andante / Franz Schubert
[6140/7454] ✓  Piano Sonata No. 19 in C Minor, D. 958: I. Allegro / Franz Schubert
[6141/7454] ✓  Piano Sonata No. 19 in C Minor, D. 958: III. Menuetto. Allegro / Franz Schubert
[6142/7454] ✓  Piano Sonata No. 19 in C Minor, D. 958: IV. Finale. Allegro / Franz Schubert
[6143/7454] ❌ API FAIL (attempt 1): 3 Klavierstücke, D. 946: No. 1 in E-Flat Minor. Allegro assai — JSON parse failed: {"mood_tags":["restrained","melancholic","unresolved"],"texture_tags":["piano","cinematic","minimal"],"energy":0.25,"brightness":0.3,"density":0.35,"warmth":0.4,"rhythmic_motion":0.2,"vocal_presence":
[6144/7454] ✓  3 Klavierstücke, D. 946: No. 3 in C Major. Allegro / Franz Schubert
[6143/7454] ✓  3 Klavierstücke, D. 946: No. 1 in E-Flat Minor. Allegro assai / Franz Schubert
[6145/7454] ✓  Piano Sonata No. 20 in A Major, D. 959: I. Allegro / Franz Schubert
[6146/7454] ✓  Piano Sonata No. 20 in A Major, D. 959: II. Andantino / Franz Schubert
[6147/7454] ✓  Piano Sonata No. 20 in A Major, D. 959: III. Scherzo. Allegro vivace / Franz Schubert
[6149/7454] ✓  Prayer / Jack Peñate
[6150/7454] ✓  Loaded Gun / Jack Peñate
[6148/7454] ✓  Piano Sonata No. 20 in A Major, D. 959: IV. Rondo. Allegretto / Franz Schubert
[6151/7454] ❌ API FAIL (attempt 1): Round and Round — JSON parse failed: {"mood_tags":["restless","urban","nostalgic"],"texture_tags":["electric_distant","soft_synth","reverb_heavy"],"energy":0.55,"brightness":0.5,"density":0.55,"warmth":0.45,"rhythmic_motion":0.6,"vocal_p
[6152/7454] ✓  Cipralex / Jack Peñate
[6153/7454] ✓  Let Me Believe / Jack Peñate
[6151/7454] ✓  Round and Round / Jack Peñate
[6154/7454] ✓  Ancient Skin / Jack Peñate
[6155/7454] ✓  Swept to the Sky / Jack Peñate
[6156/7454] ✓  MVL / When Saints Go Machine
[6157/7454] ✓  Last One to Know / When Saints Go Machine
[6158/7454] ✓  Puffy Coat / When Saints Go Machine
[6159/7454] ✓  Still's Most Desired / When Saints Go Machine
[6160/7454] ✓  Sky's Blue Inside / When Saints Go Machine
[6161/7454] ✓  Reflection of You (Bloodshot) / When Saints Go Machine
[6162/7454] ✓  So Deep / When Saints Go Machine
[6163/7454] ✓  Falling Is Only Bird's View a Second / When Saints Go Machine
[6164/7454] ✓  Blue Verb / Vegyn
[6165/7454] ✓  Nauseous / Devilish / Vegyn
[6166/7454] ✓  That Ain't No Dang Cat! / Vegyn
[6167/7454] ✓  Aspenz / Vegyn
[6168/7454] ✓  Cowboy ALLSTAR / Vegyn
[6169/7454] ✓  Debold / Vegyn
[6170/7454] ✓  Fake Life / Vegyn
[6171/7454] ✓  Fire Like Tyndall / Vegyn
[6172/7454] ✓  Unknown, Forever Unknown / Vegyn
[6173/7454] ✓  Retro OTW / Vegyn
[6174/7454] ✓  You Owe Me / Vegyn
[6175/7454] ✓  It's Nice to Be Alive / Vegyn
[6176/7454] ✓  Blue Verb Reprise / Vegyn
[6177/7454] ✓  Labyrinth / TSVI
[6178/7454] ✓  Force Field / TSVI
[6179/7454] ✓  Neo Noir / Object Blue
[6180/7454] ✓  24hr / Tzusing
[6181/7454] ✓  Hacienda / Wallwork
[6182/7454] ✓  Peak / DJ JM
[6183/7454] ✓  Detonate / Wallwork
[6184/7454] ✓  Are You Even Real / Weval
[6185/7454] ✓  Aus Der Lameng / Sascha Funke
[6186/7454] ✓  Total Anders / Thomas/Mayer
[6187/7454] ✓  In Den Arm Bitte! - Julian Stetter Mix / Albert Luxus
[6188/7454] ✓  Serenade / Tom Demac
[6189/7454] ✓  Abstrusia / Jürgen Paape
[6190/7454] ✓  Der Mann, der nie nach Deutz kam / Reinhard Voigt
[6191/7454] ✓  Mindless Sex Track / Justus Köhncke
[6192/7454] ✓  Ride The Tiger / ANII
[6193/7454] ✓  Super Recognizer / The Modernist
[6194/7454] ✓  Yesterday - Night Version / Fahrland
[6195/7454] ✓  Grace / Patrice Bäumel
[6196/7454] ✓  Tears / La Fleur
[6197/7454] ✓  Pesto Punk / John Monkman
[6198/7454] ✓  Rotary / Blackrachas
[6199/7454] ✓  Track for Agoria / Yotam Avni
[6200/7454] ✓  Renard / Jonathan Kaspar
[6201/7454] ✓  After the Quake / Idlefon
[6202/7454] ✓  Sound of Guardians / Num
[6203/7454] ✓  Xtraterrestrial / XERXES THE DARK
[6204/7454] ✓  Engines On / S.S.M.P.
[6205/7454] ✓  Varkâna / Varkâna
[6206/7454] ✓  Church Of Trees / trentemøller
[6207/7454] ✓  In The Garden / trentemøller
[6208/7454] ✓  Foggy Figures / trentemøller
[6209/7454] ✓  Trnt / trentemøller
[6211/7454] ✓  Try A Little / trentemøller
[6210/7454] ✓  One Last Kiss To Remember / trentemøller
[6212/7454] ✓  Giants / trentemøller
[6213/7454] ✓  Sequent 'C' 2019 / Tangerine Dream
[6214/7454] ✓  Monolight (Yellow Part) 2019 / Tangerine Dream
[6215/7454] ✓  Horizon 2019 - Pt. 1 / Tangerine Dream
[6216/7454] ✓  Phaedra 2014 / Tangerine Dream
[6217/7454] ✓  Los Santos City Map / Tangerine Dream
[6218/7454] ✓  Claymore Mine / Stalking 2019 / Tangerine Dream
[6220/7454] ✓  Der Mond ist aufgegangen - Pt. 1 & 2 / Tangerine Dream
[6219/7454] ✓  Yellowstone Park 2019 / Tangerine Dream
[6221/7454] ✓  Salt Flats / SUSS
[6222/7454] ✓  Mojave / SUSS
[6223/7454] ✓  Road Trip Part 4 (Fork in the Road) / SUSS
[6224/7454] ✓  Blue Dune I / SUSS
[6225/7454] ✓  The Walk Home / SUSS
[6226/7454] ✓  Blue Dune II / SUSS
[6227/7454] ✓  Too Young to Die / SUSS
[6228/7454] ✓  Blue Dune III / SUSS
[6229/7454] ✓  Sundowner / SUSS
[6231/7454] ✓  Blind Corners / Stenny
[6230/7454] ✓  Water Maze / Stenny
[6232/7454] ✓  BFRB / Stenny
[6233/7454] ✓  Swordfish / Stenny
[6234/7454] ✓  Whyrl / Stenny
[6235/7454] ✓  Psygraph / Stenny
[6236/7454] ✓  Fast Fade / Stenny
[6237/7454] ✓  Cursed / Stenny
[6238/7454] ✓  In A Distant Light / Stenny
[6239/7454] ✓  237,0000 Miles / Special Request
[6240/7454] ✓  Shepperton Moon Landing / Special Request
[6241/7454] ✓  Front Screen Projection / Special Request
[6242/7454] ✓  Floatation - SR Offworld Mix / The Grid
[6243/7454] ✓  PVLN / Space Dimension Controller
[6244/7454] ✓  Voices Lost to Empty Space / Space Dimension Controller
[6245/7454] ✓  Alone in an Unknown Sector / Space Dimension Controller
[6246/7454] ✓  Intersect Encounter / Space Dimension Controller
[6247/7454] ✓  Early Steps / Space Dimension Controller
[6248/7454] ✓  Gifted Sentience / Space Dimension Controller
[6249/7454] ✓  The Cost of Clarity / Space Dimension Controller
[6250/7454] ✓  Love Beyond the Intersect / Space Dimension Controller
[6251/7454] ✓  Saigon / Sir Hiss
[6252/7454] ✓  Temujin / Sir Hiss
[6253/7454] ✓  Shore Breeze / Segue
[6254/7454] ✓  Desolation Sound / Segue
[6255/7454] ✓  Midnight Dip / Segue
[6256/7454] ✓  Galaxies / Segue
[6257/7454] ✓  Deep Current / Segue
[6258/7454] ✓  Doorman / SebastiAn
[6259/7454] ✓  Movement / SebastiAn
[6260/7454] ✓  Better Now / SebastiAn
[6262/7454] ✓  Yebo / SebastiAn
[6261/7454] ✓  Pleasant / SebastiAn
[6263/7454] ✓  Sev / SebastiAn
[6265/7454] ✓  Sober / SebastiAn
[6264/7454] ✓  スィート Sweet / SebastiAn
[6266/7454] ✓  Time to Talk / SebastiAn
[6269/7454] ⏭  SKIP (duplicate key): Better Now - Edit / SebastiAn
[6267/7454] ✓  Beograd / SebastiAn
[6268/7454] ✓  Handcuffed to a Parking Meter / SebastiAn
[6270/7454] ✓  Beograd - Edit / SebastiAn
[6271/7454] ✓  Yaman / Run Child Run
[6272/7454] ✓  Reflection / Run Child Run
[6273/7454] ✓  Must I / Run Child Run
[6274/7454] ✓  Prayer Ft El Tsid / Run Child Run
[6275/7454] ✓  Of All Things / Run Child Run
[6276/7454] ✓  We / Run Child Run
[6277/7454] ✓  Flourecence / Relaxer
[6278/7454] ✓  Cold Green / Relaxer
[6279/7454] ✓  Steeplechase / Relaxer
[6280/7454] ✓  Breaking The Waves / Relaxer
[6281/7454] ✓  Agony / Relaxer
[6282/7454] ✓  Finally Forgetting / Relaxer
[6283/7454] ✓  Hollow Earth / Pye Corner Audio
[6284/7454] ✓  Descent / Pye Corner Audio
[6285/7454] ✓  Prismatic Gateway / Pye Corner Audio
[6286/7454] ✓  Claustrophobe / Pye Corner Audio
[6287/7454] ✓  Core Sample / Pye Corner Audio
[6288/7454] ✓  Imprisoned Splendour / Pye Corner Audio
[6289/7454] ✓  The Seventh Labyrinth / Pye Corner Audio
[6290/7454] ✓  Dancing Shadows / Pye Corner Audio
[6291/7454] ✓  Quad Tape Substrate / Pye Corner Audio
[6292/7454] ✓  Deeper Dreaming / Pye Corner Audio
[6293/7454] ✓  The Hidden City / Pye Corner Audio
[6294/7454] ✓  Surfacing / Pye Corner Audio
[6295/7454] ✓  Roter Teppich / OTTO
[6296/7454] ✓  Auto-Disco / OTTO
[6297/7454] ✓  Kanapee Pop / OTTO
[6298/7454] ✓  Hoch zu Ross / OTTO
[6299/7454] ✓  Feuer spucken / OTTO
[6300/7454] ✓  LKS 98 / OTTO
[6301/7454] ✓  Imminent Spirit Arrival / Octo Octa
[6302/7454] ✓  Deep Connections / Octo Octa
[6303/7454] ✓  Spin Girl, Let’s Activate! / Octo Octa
[6304/7454] ✓  Can You See Me? / Octo Octa
[6305/7454] ✓  Power To The People / Octo Octa
[6306/7454] ✓  Ararat Valley / Moderator
[6307/7454] ✓  Spice Lahore / Moderator
[6308/7454] ✓  Montego Bay / Moderator
[6309/7454] ✓  Mr. Sotos / Moderator
[6310/7454] ✓  Kumamoto / Moderator
[6311/7454] ✓  Girl from Alishan / Moderator
[6312/7454] ✓  The Don / Moderator
[6313/7454] ✓  Victor's Bossa / Moderator
[6314/7454] ✓  Balkan Eros / Moderator
[6315/7454] ✓  Untroduction / Meat Beat Manifesto
[6316/7454] ✓  [Ear-Lips] / Meat Beat Manifesto
[6317/7454] ✓  Agelast / Meat Beat Manifesto
[6318/7454] ✓  Hailing Frequencies Open / Meat Beat Manifesto
[6319/7454] ✓  Call Sign / Meat Beat Manifesto
[6320/7454] ✓  No Design / Meat Beat Manifesto
[6321/7454] ❌ API FAIL (attempt 1): C/2015 V2 — JSON parse failed: {"mood_tags":["restless","urban","detached"],"texture_tags":["cold_synth","electric_distant","reverb_heavy","field_recording"],"energy":0.6,"brightness":0.4,"density":0.7,"warmth":0.3,"rhythmic_motion
[6322/7454] ✓  CarrierFreq / Meat Beat Manifesto
[6323/7454] ✓  Forced To Lie / Meat Beat Manifesto
[6321/7454] ✓  C/2015 V2 / Meat Beat Manifesto
[6324/7454] ✓  Break Test / Meat Beat Manifesto
[6325/7454] ✓  Present for Sally / Meat Beat Manifesto
[6326/7454] ✓  Critical Soul Vibrations / Meat Beat Manifesto
[6327/7454] ✓  Wandering Soul # 11 / Meat Beat Manifesto
[6328/7454] ✓  Intro - Time Capsule / Massimo Amato
[6329/7454] ✓  To Love the Love / Massimo Amato
[6330/7454] ✓  Dreaming of You / Massimo Amato
[6331/7454] ✓  Lightwaves / Massimo Amato
[6333/7454] ✓  Folksong / Massimo Amato
[6332/7454] ✓  Lost Sunsets / Massimo Amato
[6334/7454] ✓  Outro - The Red Carpet / Massimo Amato
[6336/7454] ✓  Shine On Through / Makoto
[6335/7454] ✓  Illuminate / Makoto
[6337/7454] ✓  Kosa / Makoto
[6339/7454] ✓  Miles Ahead / Makoto
[6338/7454] ✓  The Encounter / Makoto
[6340/7454] ✓  Morning Sunrise / Makoto
[6341/7454] ✓  Dive / Makoto
[6342/7454] ✓  Liberta / Makoto
[6343/7454] ✓  Living For / Makoto
[6345/7454] ✓  Mystic Crystals / Makoto
[6344/7454] ✓  Transparent / Makoto
[6346/7454] ✓  Merchant Blessing / Makoto
[6347/7454] ✓  Melt / Lee Burridge
[6348/7454] ✓  Rain / Lee Burridge
[6349/7454] ✓  One / Lee Burridge
[6351/7454] ✓  Seven Magic Mountains / Lee Burridge
[6350/7454] ✓  Mibale / Lee Burridge
[6352/7454] ✓  Float On / Lee Burridge
[6353/7454] ✓  Christina, daydreaming / Lee Burridge
[6354/7454] ✓  0o0o0o0 / Laura Misch
[6355/7454] ✓  Blue Dot / Laura Misch
[6356/7454] ✓  Elevator / Laura Misch
[6357/7454] ✓  Walk Alone to Hear Thoughts of Your Own / Laura Misch
[6358/7454] ✓  Voltaic Acid / Lapalux
[6360/7454] ✓  Earth / Lapalux
[6359/7454] ✓  Momentine / Lapalux
[6361/7454] ✓  Hellix / Lapalux
[6362/7454] ✓  Limb To Limb / Lapalux
[6364/7454] ✓  Amnioverse / Lapalux
[6363/7454] ✓  The Lux Quadrant / Lapalux
[6365/7454] ✓  Dishwasher / Lake Haze
[6366/7454] ✓  Molecule Processing / Lake Haze
[6367/7454] ✓  Circuits Dream / Lake Haze
[6368/7454] ✓  Plant Dust / Lake Haze
[6369/7454] ✓  Dog Walking in the Park / Lake Haze
[6370/7454] ✓  radius X34 / Lake Haze
[6371/7454] ✓  Oxigen Capsule / Lake Haze
[6372/7454] ✓  ex06b-D / Lake Haze
[6373/7454] ✓  US1873 - Mixed / Kölsch
[6374/7454] ✓  LH479 - Mixed / Kölsch
[6375/7454] ✓  SK1550 - Mixed / Kölsch
[6376/7454] ✓  EZY865 - Mixed / Kölsch
[6377/7454] ✓  AC1609 - Mixed / Kölsch
[6378/7454] ✓  VY3517 - Mixed / Kölsch
[6379/7454] ✓  UA444 - Mixed / Kölsch
[6380/7454] ✓  Movement Of Light / Kinbrae
[6381/7454] ✓  Meander / Kinbrae
[6382/7454] ✓  The Bridge At Night / Kinbrae
[6384/7454] ✓  Confluence / Kinbrae
[6383/7454] ✓  The River Awakens / Kinbrae
[6386/7454] ✓  Eyeline Match / John Roberts
[6385/7454] ✓  Wave Propagation / Kinbrae
[6387/7454] ✓  Mental Model No. 1 / John Roberts
[6389/7454] ✓  FAUNA SAUNA / J-E-T-S
[6388/7454] ✓  Separate Machines / John Roberts
[6390/7454] ✓  POTIONS (feat. Dawn Richard) / J-E-T-S
[6391/7454] ✓  FIRE FLY / J-E-T-S
[6392/7454] ✓  LOTUS HD / J-E-T-S
[6393/7454] ✓  REAL TRUTH (feat. Tkay Maidza) / J-E-T-S
[6394/7454] ✓  OCEAN PPL (feat. Rochelle Jordan) / J-E-T-S
[6395/7454] ✓  HYPER HIBERNATE / J-E-T-S
[6396/7454] ✓  Q NATURAL / J-E-T-S
[6398/7454] ✓  Serenity / Jacques Greene
[6397/7454] ✓  WATER AND STONE / J-E-T-S
[6399/7454] ✓  Drop Location / Jacques Greene
[6400/7454] ✓  Night Service / Jacques Greene
[6401/7454] ✓  Let Go / Jacques Greene
[6402/7454] ✓  For Love / Jacques Greene
[6404/7454] ✓  Whenever / Jacques Greene
[6403/7454] ✓  Sibling / Jacques Greene
[6405/7454] ✓  Distance / Jacques Greene
[6406/7454] ✓  Stars / Jacques Greene
[6407/7454] ✓  Hold You / J Majik
[6408/7454] ✓  Meridian / J Majik
[6410/7454] ✓  Point of Return / J Majik
[6409/7454] ✓  Red Moon / J Majik
[6411/7454] ✓  The Crow Knows / J Majik
[6413/7454] ✓  Eclipse / J Majik
[6412/7454] ✓  Codebreaker / J Majik
[6414/7454] ✓  Mentions / HTRK
[6415/7454] ✓  You Know How to Make Me Happy / HTRK
[6416/7454] ✓  Dream Symbol / HTRK
[6417/7454] ✓  Dying of Jealousy / HTRK
[6418/7454] ✓  New Year's Day / HTRK
[6419/7454] ✓  New Year's Eve / HTRK
[6420/7454] ✓  Vapours / Hot Since 82
[6421/7454] ✓  Tilted / Hot Since 82
[6422/7454] ✓  Buggin' / Hot Since 82
[6423/7454] ✓  Therapy / Hot Since 82
[6424/7454] ✓  Street Lights / Hot Since 82
[6427/7454] ⏭  SKIP (duplicate key): Buggin' - Edit / Hot Since 82
[6428/7454] ⏭  SKIP (duplicate key): Therapy - Edit / Hot Since 82
[6425/7454] ✓  Remains of the Day / Hot Since 82
[6426/7454] ✓  8-Track - Continuous Mix / Hot Since 82
[6429/7454] ✓  Fabrication Of Silence / Hiro Kone
[6430/7454] ✓  A Fossil Begins To Bray / Hiro Kone
[6431/7454] ✓  Submerged Dragon / Hiro Kone
[6432/7454] ✓  Iahklu / Hiro Kone
[6433/7454] ✓  Feed My Ancestors / Hiro Kone
[6434/7454] ✓  Next to Nothing / Hector Plimmer
[6435/7454] ✓  Sonnet 17 / Hector Plimmer
[6436/7454] ❌ API FAIL (attempt 1): Still Here — JSON parse failed: {"mood_tags":["introspective","restrained","bittersweet"],"texture_tags":["piano","ambient_pad","minimal","field_recording"],"energy":0.2,"brightness":0.3,"density":0.25,"warmth":0.4,"rhythmic_motion"
[6437/7454] ✓  Tapeloop / Hector Plimmer
[6438/7454] ✓  Before the Sun / Hector Plimmer
[6436/7454] ✓  Still Here / Hector Plimmer
[6439/7454] ✓  Step / Hector Plimmer
[6440/7454] ✓  Joyfulness / Hector Plimmer
[6441/7454] ✓  2 Minute Switch / Hector Plimmer
[6442/7454] ✓  Wall Street / Hector Plimmer
[6443/7454] ❌ API FAIL (attempt 1): Communication Control — JSON parse failed: {"mood_tags":["restless","urban","detached"],"texture_tags":["electric_distant","cold_synth","reverb_heavy","minimal"],"energy":0.4,"brightness":0.35,"density":0.5,"warmth":0.3,"rhythmic_motion":0.5,"
[6444/7454] ✓  Start / Haiku Salut
[6445/7454] ✓  Loves / Haiku Salut
[6443/7454] ✓  Communication Control / Hector Plimmer
[6446/7454] ✓  Enlist / Haiku Salut
[6447/7454] ✓  Engine / Haiku Salut
[6448/7454] ✓  Chattanooga / Haiku Salut
[6449/7454] ✓  Train Steal / Haiku Salut
[6450/7454] ✓  Velocipede / Haiku Salut
[6452/7454] ✓  Traction / Haiku Salut
[6451/7454] ✓  Cannon / Haiku Salut
[6453/7454] ✓  Chopping Wood/Arrive / Haiku Salut
[6454/7454] ✓  Hide / Haiku Salut
[6455/7454] ✓  The Escape / Haiku Salut
[6456/7454] ✓  Firewood / Haiku Salut
[6457/7454] ✓  Obstructions / Haiku Salut
[6458/7454] ✓  Going Back / Haiku Salut
[6459/7454] ✓  Rock River / Haiku Salut
[6461/7454] ✓  The Flood / Haiku Salut
[6460/7454] ✓  The Crash / Haiku Salut
[6462/7454] ✓  Engine Again / Haiku Salut
[6463/7454] ✓  Finish / Haiku Salut
[6464/7454] ✓  Kolokol / GLOK
[6465/7454] ✓  Pulsing / GLOK
[6466/7454] ✓  Projected Sounds / GLOK
[6467/7454] ✓  Exit Through the Skylight / GLOK
[6469/7454] ✓  Big Mama Africa Jam / Georgia Anne Muldrow
[6470/7454] ✓  Brokenfolks / Georgia Anne Muldrow
[6468/7454] ✓  Bass Attack Bap / Georgia Anne Muldrow
[6471/7454] ✓  Bronx Skates / Georgia Anne Muldrow
[6472/7454] ✓  CV Jam Number 2 / Georgia Anne Muldrow
[6473/7454] ✓  Das Funk / Georgia Anne Muldrow
[6474/7454] ✓  Gettin It / Georgia Anne Muldrow
[6475/7454] ✓  Mary Lou's Motherboard / Georgia Anne Muldrow
[6476/7454] ✓  Nate Dogg's Eulogy / Georgia Anne Muldrow
[6477/7454] ✓  Something Fun / Georgia Anne Muldrow
[6478/7454] ✓  When the Fonk Radiates / Georgia Anne Muldrow
[6479/7454] ✓  Wu Punk / Georgia Anne Muldrow
[6480/7454] ✓  Yoyo Ma Fonk / Georgia Anne Muldrow
[6481/7454] ✓  Slow Swoop / Fenella
[6482/7454] ✓  Three Heads Rising / Fenella
[6483/7454] ✓  Bright Curse / Fenella
[6484/7454] ✓  Occurring In Waves / Fenella
[6485/7454] ✓  Triangular Journey / Fenella
[6486/7454] ✓  The Seed / Fenella
[6487/7454] ✓  Pendulum / Fenella
[6488/7454] ✓  Shard of Glass / Fenella
[6489/7454] ✓  Truly Seduced / Fenella
[6491/7454] ✓  The Spectacle / Fenella
[6490/7454] ✓  Rock Creature / Fenella
[6492/7454] ✓  Strength In Air / Fenella
[6493/7454] ✓  Rotation Wells / Fenella
[6494/7454] ✓  Transfiguration Into One / Fenella
[6495/7454] ✓  Polycephaly / Doon Kanda
[6496/7454] ✓  Dio / Doon Kanda
[6497/7454] ✓  Gut / Doon Kanda
[6498/7454] ✓  Enigma / Doon Kanda
[6499/7454] ✓  Pieridae / Doon Kanda
[6500/7454] ✓  Mino / Doon Kanda
[6501/7454] ❌ API FAIL (attempt 1): Search — JSON parse failed: {"mood_tags":["introspective","misty","restrained"],"texture_tags":["ambient_pad","cold_synth","minimal","reverb_heavy"],"energy":0.2,"brightness":0.3,"density":0.25,"warmth":0.3,"rhythmic_motion":0.1
[6502/7454] ✓  Bunny / Doon Kanda
[6503/7454] ✓  Garnet / Doon Kanda
[6501/7454] ✓  Search / Doon Kanda
[6504/7454] ✓  Forgive / Doon Kanda
[6505/7454] ✓  Eintagsfliege / Dominik Eulberg
[6506/7454] ✓  Vierfleck / Dominik Eulberg
[6507/7454] ✓  Fünffleck-Widderchen / Dominik Eulberg
[6508/7454] ✓  Sechslinien-Bodeneule / Dominik Eulberg
[6509/7454] ✓  Siebenschläfer / Dominik Eulberg
[6510/7454] ❌ API FAIL (attempt 1): Goldene Acht — JSON parse failed: {"mood_tags":["clear","restless","urban"],"texture_tags":["soft_synth","electric_distant","minimal"],"energy":0.45,"brightness":0.55,"density":0.5,"warmth":0.4,"rhythmic_motion":0.5,"vocal_presence":0
[6511/7454] ✓  Zehnpunkt-Marienkäfer / Dominik Eulberg
[6512/7454] ✓  Elfenbein-Flechtenbärchen / Dominik Eulberg
[6510/7454] ✓  Goldene Acht / Dominik Eulberg
[6513/7454] ✓  Zwölfpunkt-Spargelkäfer / Dominik Eulberg
[6514/7454] ✓  JPEG / Digitalism
[6515/7454] ✓  Panavision / Digitalism
[6516/7454] ✓  DISC_404 / Digitalism
[6517/7454] ✓  Olympia / Digitalism
[6518/7454] ✓  Knight Life / Digitalism
[6519/7454] ✓  No Data / Digitalism
[6520/7454] ✓  Infinity / Digitalism
[6521/7454] ✓  Data Gardens / Digitalism
[6522/7454] ✓  Speed of Light / Digitalism
[6523/7454] ✓  Akemies / Datach'i
[6524/7454] ✓  Motion in the Living Room / Datach'i
[6525/7454] ✓  Rockledge 3A / Datach'i
[6526/7454] ✓  Saiph / Datach'i
[6527/7454] ✓  Undimension / Datach'i
[6528/7454] ✓  Drone Maze / Datach'i
[6529/7454] ✓  Wand / Datach'i
[6530/7454] ✓  4X1 / Datach'i
[6531/7454] ✓  Arrivals / Datach'i
[6532/7454] ✓  Re-Utopia / CFCF
[6533/7454] ✓  Green District / CFCF
[6534/7454] ✓  Retail Commune / CFCF
[6535/7454] ✓  An Impossible Condo / CFCF
[6536/7454] ✓  Translucently Happy / CFCF
[6537/7454] ✓  Healing Kurage / CFCF
[6538/7454] ✓  Oxygen Lounge / CFCF
[6539/7454] ✓  Blobject of Desire / CFCF
[6540/7454] ✓  Last Century Modern / CFCF
[6541/7454] ✓  Closed Space / CFCF
[6542/7454] ✓  Subdivisions / CFCF
[6543/7454] ✓  Re-Identity / CFCF
[6544/7454] ✓  T 3.2 / Carter Tutti Void
[6546/7454] ✓  T 3.1 / Carter Tutti Void
[6545/7454] ✓  T 3.4 / Carter Tutti Void
[6547/7454] ✓  Hills / Calibre
[6548/7454] ✓  Colby Park / Calibre
[6549/7454] ✓  Five Minute Flame / Calibre
[6550/7454] ✓  Walking In Circles / Calibre
[6551/7454] ✓  Sheven / Calibre
[6552/7454] ✓  Thought Fields / Calibre
[6553/7454] ✓  Error / Calibre
[6554/7454] ✓  Waiting For Reasons / Calibre
[6555/7454] ✓  Chasm / Calibre
[6556/7454] ✓  Down That Road / Calibre
[6557/7454] ✓  Supreme Self - Dub / Burnt Friedman
[6558/7454] ✓  Moslemschleier / Burnt Friedman
[6559/7454] ✓  Unbehagen in der Natur / Burnt Friedman
[6560/7454] ✓  Semio-Blitz / Burnt Friedman
[6561/7454] ✓  Berlin, a Cidade Que Não Morreu / Burnt Friedman
[6562/7454] ✓  Gottesdienst / Burnt Friedman
[6563/7454] ❌ API FAIL (attempt 1): Sky Speech — JSON parse failed: {"mood_tags":["introspective","restrained","melancholic"],"texture_tags":["minimal","cold_synth","ambient_pad","field_recording"],"energy":0.2,"brightness":0.3,"density":0.25,"warmth":0.3,"rhythmic_mo
[6564/7454] ✓  She's Back! / Bella Boo
[6565/7454] ✓  Hotel Europa / Bella Boo
[6563/7454] ✓  Sky Speech / Burnt Friedman
[6566/7454] ✓  Your Girlfriend / Bella Boo
[6567/7454] ✓  Way Chill / Bella Boo
[6568/7454] ✓  Do The Right Thing / Bella Boo
[6569/7454] ✓  Flightmode / Bella Boo
[6570/7454] ✓  Paradise Engineering / Barker
[6571/7454] ✓  Posmean / Barker
[6572/7454] ✓  Experience Machines / Barker
[6573/7454] ✓  Models Of Wellbeing / Barker
[6574/7454] ✓  Wireheading / Barker
[6575/7454] ❌ API FAIL (attempt 1): Die-Hards Of The Darwinian Order — JSON parse failed: {"mood_tags":["restless","urban","detached"],"texture_tags":["cold_synth","minimal","reverb_heavy"],"energy":0.6,"brightness":0.35,"density":0.55,"warmth":0.2,"rhythmic_motion":0.65,"vocal_presence":0
[6576/7454] ✓  HS / André Bratten
[6577/7454] ✓  426 / André Bratten
[6575/7454] ✓  Die-Hards Of The Darwinian Order / Barker
[6578/7454] ✓  Commonwealth / André Bratten
[6579/7454] ✓  Ranx / André Bratten
[6580/7454] ✓  Recreation 26B / André Bratten
[6581/7454] ✓  The Hidden One - Early Version / All India Radio
[6582/7454] ✓  Untitled 4 / All India Radio
[6583/7454] ✓  Immortality, Pt. 1 - Early Version / All India Radio
[6584/7454] ✓  Martin's Psychotic Apple / All India Radio
[6585/7454] ✓  Villa of the Mysteries - Early Version / All India Radio
[6586/7454] ✓  Untitled 8 / All India Radio
[6587/7454] ✓  Untitled 9 / All India Radio
[6588/7454] ✓  End Game - Early Version / All India Radio
[6589/7454] ✓  Oh Sky Oh Sky Tell Me This - Don't Leave Version / All India Radio
[6590/7454] ✓  Moviestar - Nikita Andvari Remix / All India Radio
[6591/7454] ✓  Moviestar (Remix by Dutchy) / All India Radio
[6592/7454] ✓  The Edge of Infinity - Early Alternative Demo / All India Radio
[6593/7454] ✓  Eye / All India Radio
[6596/7454] ⏭  SKIP (duplicate key): Moviestar / All India Radio
[6594/7454] ✓  Waves (Infinity Sources) [feat. Josh Roydhouse] / All India Radio
[6595/7454] ✓  The Hidden One / All India Radio
[6597/7454] ✓  The Edge of Infinity / All India Radio
[6598/7454] ✓  The Shining Darkness / All India Radio
[6599/7454] ✓  Villa of the Mysteries / All India Radio
[6600/7454] ✓  The Language of Triangles / All India Radio
[6601/7454] ✓  Prismatism / All India Radio
[6602/7454] ✓  Balance / All India Radio
[6603/7454] ✓  End Game / All India Radio
[6604/7454] ✓  Immortality, Pt. 1 / All India Radio
[6605/7454] ✓  Gabriel / Y La Bamba
[6606/7454] ✓  Entre Los Dos / Y La Bamba
[6607/7454] ✓  Rios Sueltos / Y La Bamba
[6608/7454] ✓  Soñadora / Y La Bamba
[6609/7454] ✓  Las Platicas / Y La Bamba
[6610/7454] ✓  Los Gritos / Y La Bamba
[6611/7454] ✓  Beyond the Dust / Will Samson
[6612/7454] ✓  Flowerbed / Will Samson
[6613/7454] ✓  Triplet / Will Samson
[6614/7454] ✓  Lacuna / Will Samson
[6615/7454] ✓  Ochre Alps / Will Samson
[6617/7454] ✓  Broken Magic / Wildlife
[6616/7454] ✓  Wasted / Wildlife
[6618/7454] ✓  Cut Off / Wildlife
[6619/7454] ✓  No Control / Wildlife
[6620/7454] ✓  Follower (Lala) / Wildlife
[6621/7454] ✓  Whatever, Memory / Wildlife
[6622/7454] ✓  Dance Now / Wildlife
[6623/7454] ✓  The Introduction / White Shape
[6624/7454] ✓  Autumn Reds / White Shape
[6625/7454] ✓  A Cave, A Candle, And Your Pupils / White Shape
[6626/7454] ✓  Relativity / White Shape
[6627/7454] ❌ API FAIL (attempt 1): Worm — JSON parse failed: {"mood_tags":["introspective","melancholic","restrained"],"texture_tags":["ambient_pad","cold_synth","minimal","field_recording"],"energy":0.15,"brightness":0.2,"density":0.3,"warmth":0.25,"rhythmic_m
[6629/7454] ✓  No Better Now / Water From Your Eyes
[6628/7454] ✓  Break / Water From Your Eyes
[6627/7454] ✓  Worm / White Shape
[6630/7454] ✓  Look / Water From Your Eyes
[6631/7454] ✓  Adeleine / Water From Your Eyes
[6632/7454] ✓  Bad in the Sun / Water From Your Eyes
[6633/7454] ✓  Tainted Lunch / Warmduscher
[6634/7454] ✓  Disco Peanuts / Warmduscher
[6635/7454] ✓  Fill It, Don't Spill It / Warmduscher
[6636/7454] ✓  Burner / Warmduscher
[6637/7454] ✓  The Chimp / Warmduscher
[6638/7454] ✓  Precious Things / Warmduscher
[6640/7454] ✓  Dream Lotion / Warmduscher
[6639/7454] ✓  Grape Face / Warmduscher
[6641/7454] ✓  Blood Load / Warmduscher
[6643/7454] ✓  Low / The Slow Show
[6644/7454] ✓  St Louis / The Slow Show
[6642/7454] ✓  Eye to Eye / The Slow Show
[6646/7454] ✓  Breath: Air / The Slow Show
[6645/7454] ✓  Loser's Game / The Slow Show
[6647/7454] ✓  The Fall / The Slow Show
[6649/7454] ✓  Exit Wounds / The Slow Show
[6648/7454] ✓  Sharp Scratch / The Slow Show
[6650/7454] ✓  Places You Go / The Slow Show
[6651/7454] ✓  Meanwhile... In Genova / THE S.L.P.
[6652/7454] ✓  Lockdown / THE S.L.P.
[6653/7454] ✓  ((trance)) / THE S.L.P.
[6655/7454] ✓  Meanwhile... at the Welcome Break / THE S.L.P.
[6656/7454] ✓  Favourites / THE S.L.P.
[6654/7454] ✓  Soldiers 00018 / THE S.L.P.
[6658/7454] ✓  Meanwhile… in the Silent Nowhere / THE S.L.P.
[6659/7454] ✓  Steady Boy / The Racer
[6657/7454] ✓  The Youngest Gary / THE S.L.P.
[6660/7454] ✓  Paris / The Racer
[6661/7454] ✓  I'll Find You in Dreams / The Racer
[6662/7454] ✓  Atlas (Apogee, Pt. 2) / The Racer
[6663/7454] ✓  Spiral Staircase / The Racer
[6664/7454] ✓  Don't Open That Suspicious Package / The Philistines Jr.
[6665/7454] ✓  A Very Useful Idiot / The Philistines Jr.
[6666/7454] ✓  Henry the Explorer / The Philistines Jr.
[6667/7454] ✓  Tarquin's Keeping Me Waiting / The Philistines Jr.
[6668/7454] ✓  What? Help! (feat. Mates of State) / The Philistines Jr.
[6669/7454] ✓  Preset Roulette / The Philistines Jr.
[6670/7454] ✓  Tarquin's Revenge / The Philistines Jr.
[6671/7454] ✓  Child Asleep / The Faint
[6672/7454] ✓  Chameleon Nights / The Faint
[6673/7454] ✓  Life’s a Joke / The Faint
[6674/7454] ✓  Alien Angel / The Faint
[6675/7454] ✓  Egowerk / The Faint
[6676/7454] ✓  Own My Eyes / The Faint
[6677/7454] ✓  Source of the Sun / The Faint
[6678/7454] ✓  Young & Realistic / The Faint
[6679/7454] ✓  Hot Motion / Temples
[6680/7454] ✓  You're Either On Something / Temples
[6681/7454] ✓  Holy Horses / Temples
[6682/7454] ✓  The Beam / Temples
[6683/7454] ✓  Not Quite The Same / Temples
[6684/7454] ✓  Atomise / Temples
[6685/7454] ✓  Step Down / Temples
[6686/7454] ✓  Monuments / Temples
[6687/7454] ✓  Panda / Suna
[6688/7454] ✓  Echo echo / Suna
[6689/7454] ✓  Perdre la raison / Suna
[6690/7454] ✓  Un ptit bisou / Suna
[6691/7454] ✓  Noir / Suna
[6692/7454] ✓  Gaffeur / Suna
[6693/7454] ✓  BIO / Suna
[6694/7454] ✓  So Many Days / Suna
[6695/7454] ✓  Sometime / Suna
[6696/7454] ✓  Pourquoi / Suna
[6697/7454] ✓  Honey / Sorcha Richardson
[6698/7454] ✓  Don't Talk About It / Sorcha Richardson
[6699/7454] ✓  Oh Oscillator / Sorcha Richardson
[6700/7454] ✓  Red Lion / Sorcha Richardson
[6701/7454] ✓  High In The Garden / Sorcha Richardson
[6703/7454] ✓  Honey Heavy / Sorcha Richardson
[6702/7454] ✓  False Alarm / Sorcha Richardson
[6704/7454] ✓  No Giving Up / sir Was
[6706/7454] ✓  No More Separation / sir Was
[6705/7454] ✓  Deployed (feat. Little Dragon) / sir Was
[6707/7454] ✓  The Sun Will Shine / sir Was
[6708/7454] ✓  Somewhere / sir Was
[6709/7454] ✓  Speak Up / sir Was
[6710/7454] ✓  Trust / sir Was
[6712/7454] ✓  Planet Arfth / Sin Fang
[6711/7454] ✓  Pin Me Down / sir Was
[6714/7454] ✓  No Summer / Sin Fang
[6715/7454] ✓  Smother / Sin Fang
[6713/7454] ✓  Hollow / Sin Fang
[6716/7454] ✓  Happiness / Sin Fang
[6717/7454] ✓  Never Who I Wanna Be / Sin Fang
[6718/7454] ✓  Superstar / Seeker Lover Keeper
[6719/7454] ✓  Wild Seeds / Seeker Lover Keeper
[6720/7454] ✓  Not Only I / Seeker Lover Keeper
[6721/7454] ✓  One Way Or Another / Seeker Lover Keeper
[6722/7454] ✓  Beautiful Mind / Seeker Lover Keeper
[6723/7454] ✓  Let It Out / Seeker Lover Keeper
[6725/7454] ✓  Two Dreamers / Seeker Lover Keeper
[6724/7454] ✓  More Women / Seeker Lover Keeper
[6726/7454] ✓  You've Got A Story / Seeker Lover Keeper
[6727/7454] ✓  Alone / Richard Hawley
[6729/7454] ✓  Further / Richard Hawley
[6728/7454] ✓  My Little Treasures / Richard Hawley
[6731/7454] ✓  Is There a Pill? / Richard Hawley
[6730/7454] ✓  Emilina Says / Richard Hawley
[6732/7454] ✓  Galley Girl / Richard Hawley
[6734/7454] ✓  Doors / Richard Hawley
[6735/7454] ✓  rising / Reuben And The Dark
[6733/7454] ✓  Midnight Train / Richard Hawley
[6736/7454] ✓  faultline / Reuben And The Dark
[6737/7454] ✓  welcome home / Reuben And The Dark
[6738/7454] ✓  weightlessness / Reuben And The Dark
[6739/7454] ✓  breathe / Reuben And The Dark
[6740/7454] ✓  unlove / Reuben And The Dark
[6741/7454] ✓  outrun the rain / Reuben And The Dark
[6742/7454] ✓  dancer / Reuben And The Dark
[6743/7454] ✓  13 Enemas for Good Luck / red kite
[6744/7454] ✓  Focus on Insanity / red kite
[6745/7454] ✓  You Don't Know, You Don't Know / red kite
[6746/7454] ✓  Lady Moon / Portland
[6747/7454] ✓  Killer's Mind / Portland
[6748/7454] ✓  Pearls / Portland
[6749/7454] ✓  Ally Ally / Portland
[6750/7454] ✓  Lucky Clover / Portland
[6751/7454] ✓  Secrets / Portland
[6753/7454] ✓  Moonlit / Portland
[6752/7454] ✓  Deadlines / Portland
[6755/7454] ✓  Petite fleur / Ponteix
[6754/7454] ✓  Ouverture / Ponteix
[6756/7454] ✓  Bastion / Ponteix
[6758/7454] ✓  Amnésie / Ponteix
[6757/7454] ✓  La fourche / Ponteix
[6759/7454] ✓  Prud'homme / Ponteix
[6761/7454] ✓  3 / 4 / Ponteix
[6760/7454] ✓  Alamo / Ponteix
[6762/7454] ✓  Glow / Plastic Mermaids
[6763/7454] ✓  1996 / Plastic Mermaids
[6764/7454] ✓  Floating in a Vacuum / Plastic Mermaids
[6765/7454] ✓  10,000 Violins Playing Inside an Otherwise Empty Head / Plastic Mermaids
[6767/7454] ✓  Yoyo / Plastic Mermaids
[6766/7454] ✓  Milk / Plastic Mermaids
[6768/7454] ✓  I Still Like Kelis / Plastic Mermaids
[6770/7454] ✓  Ooh / Plastic Mermaids
[6769/7454] ✓  Unhappy Tamagotchi / Plastic Mermaids
[6771/7454] ✓  Luliuli / Plastic Mermaids
[6772/7454] ✓  Where the Money Flows / Peter Cat Recording Co.
[6773/7454] ✓  Soulless Friends / Peter Cat Recording Co.
[6774/7454] ✓  Memory Box / Peter Cat Recording Co.
[6775/7454] ✓  Freezing / Peter Cat Recording Co.
[6776/7454] ✓  Heera / Peter Cat Recording Co.
[6777/7454] ✓  I'm This / Peter Cat Recording Co.
[6778/7454] ✓  Shit I'm Dreaming / Peter Cat Recording Co.
[6779/7454] ✓  DIAMONDS IN THE SUN / Perry Blake
[6780/7454] ✓  MIRACLE / Perry Blake
[6781/7454] ✓  EVENSONG / Perry Blake
[6782/7454] ✓  SOME KIND OF MAGICAL / Perry Blake
[6783/7454] ✓  BROKEN LITTLE ORPHAN / Perry Blake
[6785/7454] ✓  WROTE YOU A LETTER / Perry Blake
[6784/7454] ✓  SO MANY THINGS / Perry Blake
[6786/7454] ✓  SUMMER OF 2012 / Perry Blake
[6787/7454] ✓  HYPATIA'S LAMENT / Perry Blake
[6789/7454] ✓  Catch a Fish / Pat Dam Smyth
[6788/7454] ✓  CHARLIE CHAPLIN / Perry Blake
[6790/7454] ✓  Last King / Pat Dam Smyth
[6791/7454] ✓  Doesn't Matter Now / Pat Dam Smyth
[6792/7454] ✓  Another World / Pat Dam Smyth
[6794/7454] ✓  Teenage Love / Pat Dam Smyth
[6793/7454] ✓  Dancing / Pat Dam Smyth
[6795/7454] ✓  Where the Light Goes / Pat Dam Smyth
[6796/7454] ✓  Sleepwalk Guitars / Pan-American
[6797/7454] ✓  Brewthru / Pan-American
[6798/7454] ✓  Dark Birds Empty Fields / Pan-American
[6799/7454] ✓  Drunk Father / Pan-American
[6800/7454] ✓  Muriel Spark / Pan-American
[6801/7454] ✓  Kept Quiet / Pan-American
[6802/7454] ✓  Father’s Son / Only Child Tyrant
[6803/7454] ✓  King of Kong / Only Child Tyrant
[6806/7454] ⏭  SKIP (duplicate key): Father’s Son - Instrumental / Only Child Tyrant
[6804/7454] ✓  Time to Run / Only Child Tyrant
[6805/7454] ✓  Eight Bit Psyche / Only Child Tyrant
[6807/7454] ✓  Weight of the Water / Oliver Cherer
[6808/7454] ✓  A Small Town / Oliver Cherer
[6809/7454] ✓  Untitled 1983 / Oliver Cherer
[6810/7454] ✓  Earth Rise / Oliver Cherer
[6811/7454] ✓  An Unfamiliar Kitchen / Oliver Cherer
[6812/7454] ✓  Seberg / Oliver Cherer
[6813/7454] ✓  The Girl on Top of the Tree / Oliver Cherer
[6814/7454] ✓  Alligator / Of Monsters and Men
[6815/7454] ✓  Ahay / Of Monsters and Men
[6816/7454] ✓  Róróró / Of Monsters and Men
[6817/7454] ✓  Waiting For The Snow / Of Monsters and Men
[6818/7454] ❌ API FAIL (attempt 1): Vulture, Vulture — JSON parse failed: {"mood_tags":["restless","melancholic","unresolved"],"texture_tags":["electric_distant","reverb_heavy","cinematic","vocal_breath"],"negative_tags":[],"energy":0.55,"brightness":0.4,"density":0.6,"warm
[6819/7454] ✓  Stuck In Gravity / Of Monsters and Men
[6820/7454] ✓  Wars / Of Monsters and Men
[6818/7454] ✓  Vulture, Vulture / Of Monsters and Men
[6821/7454] ✓  Under A Dome / Of Monsters and Men
[6822/7454] ✓  Soothsayer / Of Monsters and Men
[6823/7454] ✓  Spinning Song / Nick Cave & The Bad Seeds
[6824/7454] ✓  Waiting for You / Nick Cave & The Bad Seeds
[6825/7454] ✓  Sun Forest / Nick Cave & The Bad Seeds
[6826/7454] ✓  Galleon Ship / Nick Cave & The Bad Seeds
[6827/7454] ✓  Ghosteen Speaks / Nick Cave & The Bad Seeds
[6828/7454] ✓  Leviathan / Nick Cave & The Bad Seeds
[6829/7454] ✓  Ghosteen / Nick Cave & The Bad Seeds
[6831/7454] ✓  Flying / Moon Duo
[6830/7454] ✓  Hollywood / Nick Cave & The Bad Seeds
[6832/7454] ✓  Stars Are the Light / Moon Duo
[6834/7454] ✓  Eternal Shore / Moon Duo
[6833/7454] ✓  Lost Heads / Moon Duo
[6835/7454] ✓  Fever Night / Moon Duo
[6836/7454] ✓  Coming of Age / MOLLY
[6837/7454] ✓  The Fountain of Youth / MOLLY
[6838/7454] ✓  Vogelnest / MOLLY
[6840/7454] ❌ API FAIL (attempt 1): Coming of Age, Pt. 2 — JSON parse failed: {"mood_tags":["introspective","melancholic","restrained"],"texture_tags":["piano","string","minimal"],"energy":0.25,"brightness":0.3,"density":0.35,"warmth":0.4,"rhythmic_motion":0.2,"vocal_presence":
[6839/7454] ✓  As Years Go By / MOLLY
[6841/7454] ❌ API FAIL (attempt 1): Ballade C.3.3 — JSON parse failed: {"mood_tags":["introspective","melancholic","restrained"],"texture_tags":["piano","minimal","cinematic"],"energy":0.15,"brightness":0.25,"density":0.2,"warmth":0.3,"rhythmic_motion":0.1,"vocal_presenc
[6840/7454] ✓  Coming of Age, Pt. 2 / MOLLY
[6841/7454] ✓  Ballade C.3.3 / Mike Patton
[6842/7454] ✓  Chansons d'amour / Mike Patton
[6843/7454] ✓  Cold Sun, Warm Beer / Mike Patton
[6844/7454] ✓  Hungry Ghost / Mike Patton
[6845/7454] ✓  Corpse Flower / Mike Patton
[6847/7454] ✓  On Top of the World / Mike Patton
[6846/7454] ✓  Insolubles / Mike Patton
[6848/7454] ✓  Yard Bull / Mike Patton
[6849/7454] ✓  Pink and Bleue / Mike Patton
[6850/7454] ✓  Shake The Shiver / Michael Malarkey
[6851/7454] ✓  Sea Of Red / Michael Malarkey
[6852/7454] ✓  Damage Me Deeply / Michael Malarkey
[6853/7454] ✓  Tripped Out Of Heaven / Michael Malarkey
[6854/7454] ✓  Love Is Not A Thing To Burn / Michael Malarkey
[6855/7454] ✓  No Good To No-one Now / Michael Malarkey
[6857/7454] ✓  On Reflection / Message To Bears
[6856/7454] ✓  In Love And Death / Michael Malarkey
[6859/7454] ✓  All We Said / Message To Bears
[6858/7454] ✓  Pull Apart / Message To Bears
[6860/7454] ✓  Rescue / Message To Bears
[6861/7454] ✓  New Air / Message To Bears
[6862/7454] ✓  Away from You / Message To Bears
[6863/7454] ✓  Small Light / Message To Bears
[6865/7454] ✓  the one / Marika Hackman
[6864/7454] ✓  Nowhere / Message To Bears
[6866/7454] ✓  all night / Marika Hackman
[6867/7454] ✓  i'm not where you are / Marika Hackman
[6868/7454] ✓  send my love / Marika Hackman
[6869/7454] ✓  hand solo / Marika Hackman
[6871/7454] ✓  hold on / Marika Hackman
[6872/7454] ✓  any human friend / Marika Hackman
[6870/7454] ❌ API FAIL (attempt 1): come undone — JSON parse failed: {"mood_tags":["melancholic","introspective","restrained"],"texture_tags":["acoustic","vocal_breath","string","reverb_heavy"],"energy":0.35,"brightness":0.3,"density":0.4,"warmth":0.35,"rhythmic_motion
[6873/7454] ✓  Adios A Mi Memoria / Maria Usbeck
[6874/7454] ✓  Un Cabello Gris / Maria Usbeck
[6870/7454] ✓  come undone / Marika Hackman
[6875/7454] ✓  Obscuro Obituario / Maria Usbeck
[6877/7454] ✓  Nostalgia / Maria Usbeck
[6876/7454] ✓  Secret in Japan / Maria Usbeck
[6878/7454] ✓  Unbound / Lunaires
[6879/7454] ✓  Spring Waiting Still / Lunaires
[6880/7454] ✓  Naked Indivisible / Lunaires
[6881/7454] ✓  French Sequence / Lunaires
[6882/7454] ✓  Into the Deep End / Lunaires
[6883/7454] ✓  (O) / Luke Temple
[6886/7454] ⏭  SKIP (duplicate key): (D) / Luke Temple
[6884/7454] ✓  Don't Call Me Windy / Luke Temple
[6885/7454] ✓  Wounded Brightness / Luke Temple
[6887/7454] ✓  Given Our Good Life / Luke Temple
[6888/7454] ✓  Taking Chances / Luke Temple
[6891/7454] ⏭  SKIP (duplicate key): (A) / Luke Temple
[6889/7454] ✓  Empty Promises / Luke Temple
[6890/7454] ✓  200,000,000 Years of Fucking / Luke Temple
[6892/7454] ✓  Dear Leader / Little Scream
[6893/7454] ✓  One Lost Time / Little Scream
[6894/7454] ✓  Switchblade / Little Scream
[6895/7454] ✓  Disco Ball / Little Scream
[6897/7454] ✓  Don’t Wait for It / Little Scream
[6896/7454] ✓  Still Life / Little Scream
[6899/7454] ✓  Run Away / Lightning Dust
[6898/7454] ✓  Privileged Child / Little Scream
[6900/7454] ✓  Led Astray / Lightning Dust
[6901/7454] ✓  Inglorious Flu / Lightning Dust
[6902/7454] ✓  Joanna / Lightning Dust
[6903/7454] ✓  More / Lightning Dust
[6904/7454] ✓  A Pretty Picture / Lightning Dust
[6906/7454] ✓  People Know How To Love One Another / Kaiser Chiefs
[6905/7454] ✓  3AM / 100 Degrees / Lightning Dust
[6908/7454] ✓  Don't Just Stand There, Do Something / Kaiser Chiefs
[6907/7454] ✓  Golden Oldies / Kaiser Chiefs
[6909/7454] ✓  Record Collection / Kaiser Chiefs
[6911/7454] ✓  Lucky Shirt / Kaiser Chiefs
[6912/7454] ✓  Electric Heart / Kaiser Chiefs
[6910/7454] ✓  The Only Ones / Kaiser Chiefs
[6914/7454] ✓  37 Words / Josephine Wiggs
[6913/7454] ✓  Kurt vs Frasier (The Battle For Seattle) / Kaiser Chiefs
[6915/7454] ✓  In a Yellow Wood / Josephine Wiggs
[6916/7454] ✓  Loveliest of Trees / Josephine Wiggs
[6917/7454] ✓  Turn to Moss / Josephine Wiggs
[6918/7454] ✓  Time Does Not Bring Relief / Josephine Wiggs
[6920/7454] ✓  Afterwards / Josephine Wiggs
[6919/7454] ✓  The Soft Stars That Shine / Josephine Wiggs
[6921/7454] ✓  Lions (feat. Vivian Wang) / Jenny Hval
[6923/7454] ✓  Accident (feat. Laura Jean) / Jenny Hval
[6924/7454] ✓  The Practice of Love (feat. Laura Jean and Vivian Wang) / Jenny Hval
[6922/7454] ✓  High Alice / Jenny Hval
[6925/7454] ✓  Thumbsucker (feat. Félicia Atkinson) / Jenny Hval
[6926/7454] ✓  Six Red Cannas (feat. Vivian Wang, Félicia Atkinson, and Laura Jean) / Jenny Hval
[6927/7454] ✓  Ordinary (feat. Vivian Wang and Félicia Atkinson) / Jenny Hval
[6928/7454] ✓  Not Time Yet / Jay-Jay Johanson
[6929/7454] ✓  Lost Forever / Jay-Jay Johanson
[6930/7454] ✓  Hallucination / Jay-Jay Johanson
[6931/7454] ✓  Old Dog / Jay-Jay Johanson
[6932/7454] ✓  Niagara Falls / Jay-Jay Johanson
[6933/7454] ✓  Fever / Jay-Jay Johanson
[6934/7454] ✓  Swift Kick in the Butt / Jay-Jay Johanson
[6935/7454] ✓  Everything I Own / Jay-Jay Johanson
[6936/7454] ✓  Dead End Playing / Jay-Jay Johanson
[6937/7454] ✓  Superbike / Jay Som
[6938/7454] ✓  Peace Out / Jay Som
[6939/7454] ✓  Devotion / Jay Som
[6940/7454] ✓  Nighttime Drive / Jay Som
[6941/7454] ✓  Tenderness / Jay Som
[6943/7454] ✓  Element - Loops Variation / Jane Weaver
[6942/7454] ❌ API FAIL (attempt 1): Get Well — JSON parse failed: {"mood_tags":["dreamy","warm","bittersweet"],"texture_tags":["soft_synth","lofi_dust","vocal_breath","acoustic"],"negative_tags":[],"energy":0.4,"brightness":0.5,"density":0.45,"warmth":0.6,"rhythmic_
[6944/7454] ✓  Milk Loop / Jane Weaver
[6945/7454] ✓  Arrows - Loops Variation / Jane Weaver
[6942/7454] ✓  Get Well / Jay Som
[6946/7454] ✓  Found Birds / Jane Weaver
[6947/7454] ✓  H>A>K - Loops Variation / Jane Weaver
[6948/7454] ✓  Did You See Butterflies - Loops Variation / Jane Weaver
[6949/7454] ✓  Sun House / Jane Weaver
[6950/7454] ✓  I Wish - Loops Variation / Jane Weaver
[6951/7454] ✓  Mission Desire - Loops Variation / Jane Weaver
[6952/7454] ✓  Found Birds - Loops Variation / Jane Weaver
[6953/7454] ✓  Slow Motion - Loops Variation / Jane Weaver
[6954/7454] ✓  Cells - Loops Variation / Jane Weaver
[6955/7454] ✓  Code - Loops Variation / Jane Weaver
[6956/7454] ✓  Signs Are Rising / Jane Weaver
[6957/7454] ✓  Ravenspoint - Loops Variation / Jane Weaver
[6958/7454] ✓  Majic Milk - Loops Variation / Jane Weaver
[6959/7454] ✓  Conduit / Jane Weaver
[6960/7454] ✓  Ivana Vessel / Jane Weaver
[6961/7454] ✓  Battle Ropes - Loops Variation / Jane Weaver
[6962/7454] ✓  OPEN SEA / ionnalee
[6963/7454] ✓  WIPE IT OFF / ionnalee
[6964/7454] ✓  SOME BODY / ionnalee
[6965/7454] ✓  REMEMBER THE FUTURE / ionnalee
[6966/7454] ✓  CRYSTAL / ionnalee
[6967/7454] ✓  SILENCE MY DRUM / ionnalee
[6969/7454] ✓  i KEEP / ionnalee
[6968/7454] ✓  MYSTERIES OF LOVE / ionnalee
[6970/7454] ✓  Warm Blood Cold Heart / Immanu El
[6972/7454] ✓  Rain / Immanu El
[6971/7454] ✓  Ropsten / Immanu El
[6973/7454] ✓  Ikaros / Immanu El
[6974/7454] ✓  Breathe out Black Out / Immanu El
[6976/7454] ✓  Between Worlds / I Am Oak
[6975/7454] ✓  The Shore / I Am Oak
[6977/7454] ✓  Hidden Cove / I Am Oak
[6978/7454] ✓  Cold Heath / I Am Oak
[6979/7454] ✓  Stranger / I Am Oak
[6980/7454] ✓  Wild Ferns / I Am Oak
[6981/7454] ✓  Will I Wake / I Am Oak
[6982/7454] ✓  Wondrous Way / I Am Oak
[6983/7454] ✓  You Are Here / Hydrogen Sea
[6984/7454] ✓  Flogsta / Hydrogen Sea
[6985/7454] ✓  Sinister / Hydrogen Sea
[6986/7454] ✓  The Bloop / Hydrogen Sea
[6987/7454] ✓  Vertebrate / Hydrogen Sea
[6988/7454] ✓  The Center Will Hold / Hydrogen Sea
[6989/7454] ✓  Decoherence / Hydrogen Sea
[6990/7454] ✓  When You Don't / Hydrogen Sea
[6991/7454] ✓  Phenomenon / Hugo Race Fatalists
[6992/7454] ✓  This Is Desire / Hugo Race Fatalists
[6993/7454] ✓  Heaven & Hell / Hugo Race Fatalists
[6994/7454] ✓  Fools Gold / Hugo Race Fatalists
[6996/7454] ✓  Smoking Gun / Hugo Race Fatalists
[6995/7454] ✓  Altered States / Hugo Race Fatalists
[6997/7454] ✓  Taken By The Dream / Hugo Race Fatalists
[6999/7454] ✓  Faces / Holy Holy
[6998/7454] ✓  Maybe You Know / Holy Holy
[7000/7454] ❌ API FAIL (attempt 1): Flight — JSON parse failed: {"mood_tags":["dreamy","hopeful","restless"],"texture_tags":["soft_synth","reverb_heavy","electric_distant","ambient_pad"],"energy":0.45,"brightness":0.55,"density":0.5,"warmth":0.5,"rhythmic_motion":
[7002/7454] ✓  Starting Line / Holy Holy
[7001/7454] ✓  Sandra / Holy Holy
[7000/7454] ✓  Flight / Holy Holy
[7004/7454] ✓  Teach Me About Dying / Holy Holy
[7003/7454] ✓  Paces#1 / Holy Holy
[7005/7454] ✓  Hatswing / Holy Holy
[7007/7454] ✓  Speechless / Hollerado
[7006/7454] ✓  Frida / Holy Holy
[7008/7454] ✓  Days Without Sugar / Hollerado
[7010/7454] ✓  Sos / Hollerado
[7009/7454] ✓  Time on Earth / Hollerado
[7011/7454] ✓  King Kong / Hollerado
[7012/7454] ✓  Get over It / Hollerado
[7013/7454] ✓  One Last Time / Hollerado
[7014/7454] ✓  Back to the Start / Hollerado
[7015/7454] ✓  Joyful Mind / Hejira
[7016/7454] ✓  Ribs / Hejira
[7017/7454] ✓  A Taxi Man / Hejira
[7018/7454] ✓  Seven / Hejira
[7019/7454] ✓  You / Hejira
[7020/7454] ✓  Thread of Gold / Hejira
[7021/7454] ✓  Then Again / Half Moon Run
[7022/7454] ✓  Natural Disaster / Half Moon Run
[7023/7454] ✓  Black Diamond / Half Moon Run
[7024/7454] ✓  Yani's Song / Half Moon Run
[7025/7454] ✓  Razorblade / Half Moon Run
[7026/7454] ✓  Undercurrents / Half Moon Run
[7027/7454] ✓  New Truth / Half Moon Run
[7028/7454] ✓  Prologue / Hail the Ghost
[7029/7454] ✓  Swarms / Hail the Ghost
[7030/7454] ✓  Sweetest Dream / Hail the Ghost
[7031/7454] ✓  Mountain / Hail the Ghost
[7032/7454] ✓  Sweet Samurai / Hail the Ghost
[7033/7454] ✓  Loveless / Hail the Ghost
[7034/7454] ✓  Elegy / Hail the Ghost
[7035/7454] ✓  Home / Hail the Ghost
[7037/7454] ✓  Finery / Golden Fable
[7036/7454] ✓  Tripwires / Golden Fable
[7038/7454] ✓  New Dawn / Golden Fable
[7040/7454] ✓  Clarity of Thought / Golden Fable
[7039/7454] ✓  My Sanctuary / Golden Fable
[7041/7454] ✓  Enemy Lines / Golden Fable
[7042/7454] ✓  Hibernate / Golden Fable
[7044/7454] ✓  Atlas / Golden Fable
[7043/7454] ✓  The Wolves / Golden Fable
[7045/7454] ✓  The Storm / Golden Fable
[7047/7454] ✓  Garden of Love / Gliss
[7046/7454] ✓  Broke Me / Gliss
[7048/7454] ✓  Jesus' Son / Gliss
[7050/7454] ✓  Set You on Fire / Gliss
[7049/7454] ✓  Amory / Gliss
[7053/7454] ✓  In Utopia / Gliss
[7052/7454] ✓  It's OK / Gliss
[7051/7454] ✓  Sister Moon / Gliss
[7055/7454] ✓  Come Thou Long Expected Jesus / Future Of Forestry
[7054/7454] ✓  Los Angeles / Gliss
[7056/7454] ✓  I Wonder as I Wander / Future Of Forestry
[7057/7454] ✓  Wexford Carol / Future Of Forestry
[7058/7454] ✓  We Are Home / Future Of Forestry
[7059/7454] ✓  What Beauty / Future Of Forestry
[7060/7454] ✓  Wide Open / FRENSHIP
[7061/7454] ✓  Keep You Close / FRENSHIP
[7062/7454] ✓  39.5795° N, 105.1237° W / FRENSHIP
[7063/7454] ✓  Get Out My Way / FRENSHIP
[7064/7454] ✓  Run II U / FRENSHIP
[7065/7454] ✓  Won't Let You Go / FRENSHIP
[7067/7454] ✓  Swim / FRENSHIP
[7066/7454] ✓  Wanted A Name / FRENSHIP
[7068/7454] ✓  47.6588° N, 117.4260° W / FRENSHIP
[7070/7454] ✓  Funny Feelings / FRANKIIE
[7069/7454] ✓  Anywhere But Here / FRENSHIP
[7071/7454] ✓  Dream Reader / FRANKIIE
[7073/7454] ✓  Corner / FRANKIIE
[7072/7454] ✓  Compare / FRANKIIE
[7074/7454] ✓  Nowhere Days / FRANKIIE
[7075/7454] ✓  Alone Again / FRANKIIE
[7076/7454] ✓  Sun Queen / FRANKIIE
[7077/7454] ✓  Stone Song / FRANKIIE
[7078/7454] ✓  Red Desert / Foals
[7079/7454] ✓  The Runner / Foals
[7080/7454] ✓  Wash Off / Foals
[7081/7454] ✓  Black Bull / Foals
[7082/7454] ✓  Like Lightning / Foals
[7083/7454] ✓  Ikaria / Foals
[7084/7454] ❌ API FAIL (attempt 1): 10,000 Feet — JSON parse failed: {"mood_tags":["restless","urban","unresolved"],"texture_tags":["electric_distant","reverb_heavy","cold_synth"],"energy":0.65,"brightness":0.4,"density":0.6,"warmth":0.3,"rhythmic_motion":0.7,"vocal_pr
[7085/7454] ✓  Into the Surf / Foals
[7086/7454] ✓  No Justice / Federale
[7084/7454] ✓  10,000 Feet / Foals
[7087/7454] ✓  Trouble / Federale
[7088/7454] ✓  Fire on the Hill / Federale
[7089/7454] ✓  Talk Is Cheap / Federale
[7090/7454] ✓  Aim for the Heart / Federale
[7091/7454] ✓  Unchained Malady / Federale
[7092/7454] ✓  Drums of Death / Federale
[7093/7454] ✓  Massachusetts / Exxasens
[7094/7454] ✓  Why Not? / Exxasens
[7095/7454] ✓  Bye Bye Moscow / Exxasens
[7096/7454] ✓  Vega / Exxasens
[7097/7454] ✓  Eden / Exxasens
[7098/7454] ✓  Dream Is Over / Exxasens
[7099/7454] ✓  Autumn Storms / Exxasens
[7100/7454] ✓  Air / Exxasens
[7101/7454] ✓  A Space Odyssey / Exxasens
[7102/7454] ❌ API FAIL (attempt 1): Inside My Brain — JSON parse failed: {"mood_tags":["introspective","restless","melancholic"],"texture_tags":["cold_synth","reverb_heavy","electric_distant","minimal"],"energy":0.35,"brightness":0.3,"density":0.4,"warmth":0.25,"rhythmic_m
[7103/7454] ✓  Since I Met You / Exxasens
[7104/7454] ✓  Eden's Place / Exxasens
[7102/7454] ✓  Inside My Brain / Exxasens
[7105/7454] ✓  Dreams Are Over / Exxasens
[7107/7454] ✓  Come on Doom, Let’s Party / Emily Wells
[7106/7454] ✓  Stay Up / Emily Wells
[7108/7454] ✓  Eulogy for the Lucky / Emily Wells
[7109/7454] ✓  Ruthie / Emily Wells
[7111/7454] ✓  Your Apocalypse Was Fab / Emily Wells
[7110/7454] ✓  Rock n Roll Man / Emily Wells
[7112/7454] ✓  Hymn for the New World / Emily Wells
[7113/7454] ✓  Under a Common Sky / Electric Litany
[7116/7454] ⏭  SKIP (duplicate key): Under a Common Sky (Refugee) / Electric Litany
[7114/7454] ✓  Sealight / Electric Litany
[7115/7454] ✓  Bedroom / Electric Litany
[7117/7454] ✓  The 7Th Goodbye / Electric Litany
[7118/7454] ✓  The World Is Changing While You Sleep / Electric Litany
[7120/7454] ✓  Seven Veils / Elbow
[7121/7454] ✓  Empires / Elbow
[7119/7454] ✓  Dexter & Sinister / Elbow
[7122/7454] ✓  Doldrums / Elbow
[7124/7454] ✓  Weightless / Elbow
[7123/7454] ✓  My Trouble / Elbow
[7125/7454] ✓  Cold - The Blanck Mass recording / Editors
[7127/7454] ✓  Violence - The Blanck Mass recording / Editors
[7126/7454] ✓  Hallelujah (So Low) - The Blanck Mass recording / Editors
[7128/7454] ✓  Darkness At The Door - The Blanck Mass recording / Editors
[7130/7454] ✓  Magazine - The Blanck Mass recording / Editors
[7129/7454] ✓  Nothingness - The Blanck Mass recording / Editors
[7131/7454] ✓  Half River Half Man / Dez Mona
[7132/7454] ✓  How Beautiful / Dez Mona
[7133/7454] ✓  Poppies / Dez Mona
[7134/7454] ✓  Piano / Dez Mona
[7135/7454] ✓  Journey Reunite / Dez Mona
[7136/7454] ✓  Another Kind Of Life / Dez Mona
[7137/7454] ✓  Blame / Dez Mona
[7138/7454] ✓  Accordion / Dez Mona
[7139/7454] ✓  High Up The Sky / Dez Mona
[7140/7454] ✓  Skai Blue / Dez Mona
[7141/7454] ✓  Snurrebassen / COMA
[7142/7454] ✓  Spiracles / COMA
[7143/7454] ✓  Dream Sequence / COMA
[7144/7454] ✓  Inside Out / COMA
[7145/7454] ✓  Bits and Pieces / COMA
[7147/7454] ✓  Myopic / COMA
[7148/7454] ✓  Void / Close Talker
[7146/7454] ✓  Sparkle / COMA
[7149/7454] ✓  Wait / Close Talker
[7150/7454] ✓  The Change It Brings / Close Talker
[7151/7454] ✓  Arm's Length / Close Talker
[7152/7454] ✓  Pace / Close Talker
[7153/7454] ✓  Carefully in the Dark / Close Talker
[7154/7454] ✓  The Lake by the Hotel / Close Talker
[7155/7454] ✓  Refuge / Close Talker
[7156/7454] ✓  Don't Let Me Go / Cigarettes After Sex
[7157/7454] ❌ API FAIL (attempt 1): Kiss It Off Me — JSON parse failed: {"mood_tags":["dreamy","sensual","melancholic"],"texture_tags":["reverb_heavy","soft_synth","vocal_breath","electric_distant"],"negative_tags":[],"energy":0.3,"brightness":0.35,"density":0.4,"warmth":
[7158/7454] ✓  Heavenly / Cigarettes After Sex
[7159/7454] ✓  You're the Only Good Thing in My Life / Cigarettes After Sex
[7157/7454] ✓  Kiss It Off Me / Cigarettes After Sex
[7160/7454] ✓  Touch / Cigarettes After Sex
[7161/7454] ✓  Hentai / Cigarettes After Sex
[7162/7454] ✓  The Mother Road / Chelsea Wolfe
[7163/7454] ✓  American Darkness / Chelsea Wolfe
[7164/7454] ✓  Birth of Violence / Chelsea Wolfe
[7165/7454] ✓  Deranged for Rock & Roll / Chelsea Wolfe
[7166/7454] ✓  Be All Things / Chelsea Wolfe
[7167/7454] ✓  Little Grave / Chelsea Wolfe
[7168/7454] ✓  Preface to a Dream Play / Chelsea Wolfe
[7170/7454] ✓  The Storm / Chelsea Wolfe
[7169/7454] ✓  Highway / Chelsea Wolfe
[7171/7454] ✓  Taranga / Chantal Acda
[7172/7454] ✓  Waiata Tamariki / Chantal Acda
[7173/7454] ✓  Puoro / Chantal Acda
[7174/7454] ✓  Hype Sleep / Carla dal Forno
[7175/7454] ✓  So Much Better / Carla dal Forno
[7176/7454] ✓  I'm Conscious / Carla dal Forno
[7177/7454] ✓  Don't Follow Me / Carla dal Forno
[7178/7454] ✓  Heart of Hearts / Carla dal Forno
[7179/7454] ✓  Took a Long Time / Carla dal Forno
[7180/7454] ✓  Creep Out of Bed / Carla dal Forno
[7182/7454] ✓  Leach / BONES UK
[7181/7454] ✓  Pretty Waste / BONES UK
[7183/7454] ✓  I'm Afraid Of Americans / BONES UK
[7185/7454] ✓  Skeletone / BONES UK
[7184/7454] ✓  Souls / BONES UK
[7186/7454] ✓  Choke / BONES UK
[7187/7454] ✓  Creature / BONES UK
[7188/7454] ✓  Black Blood / BONES UK
[7189/7454] ✓  Girls Can't Play Guitar / BONES UK
[7190/7454] ✓  iMi / Bon Iver
[7191/7454] ✓  We / Bon Iver
[7192/7454] ✓  Holyfields, / Bon Iver
[7193/7454] ✓  Hey, Ma / Bon Iver
[7194/7454] ✓  U (Man Like) / Bon Iver
[7195/7454] ✓  Naeem / Bon Iver
[7196/7454] ✓  Jelmore / Bon Iver
[7197/7454] ✓  Faith / Bon Iver
[7198/7454] ✓  Marion / Bon Iver
[7199/7454] ✓  Salem / Bon Iver
[7200/7454] ✓  RABi / Bon Iver
[7201/7454] ✓  You Are Always on the Edge of a Precipice / Boduf Songs
[7202/7454] ✓  Behold, I Have Graven Thee Upon the Palms of My Hands; Thy Walls Are Continually Before Me / Boduf Songs
[7203/7454] ✓  Black Nails / Boduf Songs
[7204/7454] ✓  Sword Weather / Boduf Songs
[7206/7454] ✓  Pure / Black Swan Lane
[7205/7454] ✓  In the Glittering Vault, in the Flowery Hiatus / Boduf Songs
[7207/7454] ✓  The Prisoner / Black Swan Lane
[7208/7454] ✓  Shadow of the Stars / Black Swan Lane
[7209/7454] ✓  Happy / Black Swan Lane
[7210/7454] ✓  Tears / Black Swan Lane
[7211/7454] ✓  Condannare / Black Swan Lane
[7212/7454] ✓  The End Is the Same / Black Swan Lane
[7214/7454] ✓  Tremble / Black Swan Lane
[7213/7454] ✓  These Old Wounds / Black Swan Lane
[7215/7454] ✓  Silence of the Heart / Black Swan Lane
[7216/7454] ✓  Lovin' Feeling / Beach Baby
[7217/7454] ✓  Way Too Meta / Beach Baby
[7218/7454] ✓  Big Wow / Beach Baby
[7219/7454] ✓  Big School / Beach Baby
[7220/7454] ✓  Babe Rainbow / Beach Baby
[7221/7454] ✓  Human Remains / Beach Baby
[7222/7454] ✓  Cherries for My Sundae / Beach Baby
[7223/7454] ✓  Limbo Lounge / Beach Baby
[7224/7454] ✓  Kids In The Dark / Bat For Lashes
[7225/7454] ✓  The Hunger / Bat For Lashes
[7226/7454] ✓  Feel For You / Bat For Lashes
[7227/7454] ✓  Vampires / Bat For Lashes
[7228/7454] ✓  Safe Tonight / Bat For Lashes
[7229/7454] ✓  Peach Sky / Bat For Lashes
[7230/7454] ✓  Mountains / Bat For Lashes
[7231/7454] ✓  Too Much Money / Automatic
[7232/7454] ✓  Calling It / Automatic
[7233/7454] ✓  Suicide In Texas / Automatic
[7234/7454] ✓  I Love You, Fine / Automatic
[7235/7454] ✓  Highway / Automatic
[7236/7454] ✓  Signal / Automatic
[7237/7454] ✓  Humanoid / Automatic
[7238/7454] ✓  Strange Conversations / Automatic
[7239/7454] ✓  You Belong With Me / Anna Ternheim
[7241/7454] ✓  When You Were Mine / Anna Ternheim
[7240/7454] ✓  Everytime We Fall / Anna Ternheim
[7242/7454] ✓  Remember This / Anna Ternheim
[7243/7454] ✓  Lost Times / Anna Ternheim
[7244/7454] ✓  Walk Your Own Way / Anna Ternheim
[7245/7454] ✓  All Because Of You / Anna Ternheim
[7247/7454] ✓  Neon Circus / Amber Run
[7246/7454] ✓  Leader Countdown / Amber Run
[7248/7454] ✓  Carousel / Amber Run
[7249/7454] ✓  Medicine / Amber Run
[7250/7454] ✓  I Dare You / Amber Run
[7251/7454] ✓  The Darkness Has a Voice / Amber Run
[7252/7454] ✓  Entertainment / Amber Run
[7253/7454] ✓  Worship / Amber Run
[7254/7454] ✓  Strange / A Projection
[7255/7454] ✓  Time / A Projection
[7256/7454] ✓  Fall / A Projection
[7257/7454] ✓  Substitute / A Projection
[7258/7454] ✓  Lucy Shrine / A Projection
[7259/7454] ✓  Down / A Projection
[7260/7454] ✓  Diffusion / A Projection
[7261/7454] ✓  Live Again / A Projection
[7262/7454] ✓  NIGHT TRAVEL / MaLuBa Orchestra
[7263/7454] ✓  Space / Bear Garden
[7264/7454] ✓  Flash (with Scott Colley & Satoshi Takeishi) / Joshua Redman
[7265/7454] ✓  Keep Walking / Shake Stew
[7266/7454] ✓  Aziza / Kevin Hays
[7267/7454] ✓  Where We Grew Up / John Raymond
[7268/7454] ✓  Oniria / Daniel García Trio
[7269/7454] ✓  Because I Love You / Ahmad Jamal
[7270/7454] ✓  I Should Care / Ahmad Jamal
[7271/7454] ✓  What's New / Ahmad Jamal
[7272/7454] ✓  So Rare / Ahmad Jamal
[7273/7454] ✓  Whisperings / Ahmad Jamal
[7274/7454] ✓  Spring is Here / Your Story / Ahmad Jamal
[7275/7454] ✓  Emily / Ahmad Jamal
[7277/7454] ✓  Tassia / Alexander Claffy
[7276/7454] ❌ API FAIL (attempt 1): Lucy in the Sky with Diamonds — JSON parse failed: {"mood_tags":["dreamy","misty","restrained"],"texture_tags":["piano","acoustic","vocal_breath"],"energy":0.25,"brightness":0.4,"density":0.3,"warmth":0.5,"rhythmic_motion":0.2,"vocal_presence":0.4,"em
[7278/7454] ✓  Triple Helix: i first / Anat Cohen
[7279/7454] ✓  Triple Helix: ii for Anat / Anat Cohen
[7276/7454] ✓  Lucy in the Sky with Diamonds / Alexander Claffy
[7280/7454] ✓  Triple Helix: iii last / Anat Cohen
[7281/7454] ✓  Miri / Anat Cohen
[7282/7454] ✓  La Llorona / Anat Cohen
[7283/7454] ✓  Lonesome Train / Anat Cohen
[7284/7454] ✓  Nzuku - Live / Arp
[7285/7454] ✓  Reading A Wave - Live / Arp
[7286/7454] ✓  Voices - Live / Arp
[7287/7454] ✓  Ozu - Live / Arp
[7288/7454] ✓  The Good Things - Live / Bill Laurance
[7290/7454] ✓  Ready Wednesday - Live / Bill Laurance
[7289/7454] ✓  Denmark Hill - Live / Bill Laurance
[7291/7454] ✓  Swagtimes - Live / Bill Laurance
[7293/7454] ✓  Golden Hour - Live / Bill Laurance
[7292/7454] ✓  Money in the Desert - Live / Bill Laurance
[7294/7454] ✓  The Rush - Live / Bill Laurance
[7295/7454] ✓  Swift - Live / Bill Laurance
[7296/7454] ✓  Red Sand - Live / Bill Laurance
[7297/7454] ✓  Højder / Bremer/McCoy
[7298/7454] ✓  Bjerget / Bremer/McCoy
[7300/7454] ✓  Vega / Bremer/McCoy
[7299/7454] ✓  Tusmørke / Bremer/McCoy
[7302/7454] ✓  Op / Bremer/McCoy
[7301/7454] ✓  Solopgang / Bremer/McCoy
[7303/7454] ✓  Salig / Bremer/McCoy
[7305/7454] ✓  Determination / Bremer/McCoy
[7304/7454] ✓  Dråber / Bremer/McCoy
[7306/7454] ✓  So Is the Day / Bria Skonberg
[7307/7454] ✓  Square One / Bria Skonberg
[7308/7454] ✓  Villain Vanguard / Bria Skonberg
[7309/7454] ✓  Bang Bang / Bria Skonberg
[7310/7454] ✓  I Want to Break Free / Bria Skonberg
[7311/7454] ✓  Contradictions Within / Charlie Porter
[7312/7454] ✓  Divergent Paths / Charlie Porter
[7313/7454] ✓  Flight / Charlie Porter
[7314/7454] ✓  Second Chance / Charlie Porter
[7315/7454] ✓  The Unexpected / Charlie Porter
[7317/7454] ✓  A New Vernacular / Charlie Porter
[7316/7454] ✓  The Privileged Few / Charlie Porter
[7318/7454] ✓  Survival of the Fittest / Charlie Porter
[7319/7454] ✓  Belonging / Charlie Porter
[7320/7454] ✓  500 Miles High - Live / Chick Corea
[7321/7454] ✓  Crepuscule With Nellie - Live / Chick Corea
[7322/7454] ✓  Work - Live / Chick Corea
[7323/7454] ✓  La Fiesta - Live / Chick Corea
[7324/7454] ✓  Eiderdown - Live / Chick Corea
[7325/7454] ✓  All Blues - Live / Chick Corea
[7326/7454] ✓  Pastime Paradise - Live / Chick Corea
[7327/7454] ✓  Serenity - Live / Chick Corea
[7328/7454] ✓  Lotus Blossom - Live / Chick Corea
[7330/7454] ✓  Street Cred / Corey Christiansen
[7329/7454] ✓  Meraki / Corey Christiansen
[7331/7454] ✓  Ambedo / Corey Christiansen
[7332/7454] ✓  I'll Just Wait / Corey Christiansen
[7333/7454] ✓  Awakening / Corey Christiansen
[7334/7454] ✓  Work / Dave Meder
[7336/7454] ✓  Break Points / Dave Meder
[7335/7454] ✓  This Road / Dave Meder
[7337/7454] ✓  Golden Hour / Dave Meder
[7338/7454] ✓  Passage / Dave Meder
[7339/7454] ✓  Healing Heart / Dave Meder
[7341/7454] ✓  Hedwig's Theme 1 / David Helbock
[7340/7454] ✓  For You, For Me, For Evermore / Dave Meder
[7342/7454] ✓  Theme from E.T. / David Helbock
[7343/7454] ✓  Theme from Schindler's List / David Helbock
[7344/7454] ✓  Superman March / David Helbock
[7345/7454] ✓  Hedwig's Theme 2 / David Helbock
[7346/7454] ✓  Escapades, 1. Closing In / David Helbock
[7347/7454] ✓  Moonlight / David Helbock
[7348/7454] ✓  Duel of the Fates / David Helbock
[7349/7454] ✓  Raiders March / David Helbock
[7350/7454] ✓  Hymn to the Fallen / David Helbock
[7351/7454] ✓  Theme from Jurassic Park / David Helbock
[7352/7454] ✓  Theme from Jaws / David Helbock
[7353/7454] ✓  Star Wars / David Helbock
[7354/7454] ✓  Back To Sardinia / Djabe
[7355/7454] ✓  Lake By The Sea / Djabe
[7357/7454] ✓  Girl In The Palau Woods / Djabe
[7356/7454] ✓  Stones And Mirto / Djabe
[7358/7454] ✓  Walking Around / Djabe
[7359/7454] ✓  Purple Dream / Djabe
[7360/7454] ✓  Dancing in A Jar / Djabe
[7361/7454] ✓  Cinquecento Fragole / Djabe
[7363/7454] ✓  Floating Boat / Djabe
[7362/7454] ✓  Bottles In The Water / Djabe
[7364/7454] ✓  Leszy / EABS
[7365/7454] ✓  Południca / EABS
[7366/7454] ✓  Reflections (feat. José James) / Erik Truffaz
[7367/7454] ✓  Five On The Floor / Erik Truffaz
[7368/7454] ✓  ET Two / Erik Truffaz
[7369/7454] ✓  Tiger in The Train / Erik Truffaz
[7370/7454] ✓  Lune rouge / Erik Truffaz
[7371/7454] 🔄 RETRY 1/3: Algol — vocab errors: texture_tag "trumpet" not in closed vocab
[7372/7454] ✓  Alhena / Erik Truffaz
[7373/7454] 🔄 RETRY 1/3: Nostalgia — vocab errors: texture_tag "trumpet" not in closed vocab
[7371/7454] ✓  Algol / Erik Truffaz
[7374/7454] 🔄 RETRY 1/3: Houlgate — vocab errors: texture_tag "trumpet" not in closed vocab
[7373/7454] 🔄 RETRY 2/3: Nostalgia — vocab errors: texture_tag "trumpet" not in closed vocab
[7375/7454] ✓  Part 1 / Eri Yamamoto Trio
[7374/7454] ❌ API FAIL (attempt 2): Houlgate — JSON parse failed: {"mood_tags":["dreamy","misty","restrained"],"texture_tags":["ambient_pad","electric_distant","reverb_heavy","minimal"],"energy":0.25,"brightness":0.35,"density":0.3,"warmth":0.4,"rhythmic_motion":0.2
[7373/7454] 🔄 RETRY 3/3: Nostalgia — vocab errors: texture_tag "trumpet" not in closed vocab
[7373/7454] ✗  DROPPED after 3 retries: Nostalgia — vocab errors: texture_tag "trumpet" not in closed vocab
[7376/7454] ✓  Part 2 / Eri Yamamoto Trio
[7374/7454] 🔄 RETRY 3/3: Houlgate — vocab errors: texture_tag "trumpet" not in closed vocab
[7374/7454] ✗  DROPPED after 3 retries: Houlgate — vocab errors: texture_tag "trumpet" not in closed vocab
[7377/7454] ✓  Part 4 / Eri Yamamoto Trio
[7378/7454] ✓  Part 5 / Eri Yamamoto Trio
[7380/7454] ✓  Monolitt / Espen Berg Trio
[7379/7454] ✓  Part 6 / Eri Yamamoto Trio
[7381/7454] ✓  Skrivarneset / Espen Berg Trio
[7382/7454] ✓  Gossipel / Espen Berg Trio
[7384/7454] ✓  Meanwhile in Armenia / Espen Berg Trio
[7383/7454] ✓  Episk Aggressiv Syndrom / Espen Berg Trio
[7385/7454] ✓  Furuberget / Espen Berg Trio
[7386/7454] ✓  New Directions Suite, Pt. 1: Night Walk / Alon Farber
[7387/7454] ✓  New Directions Suite, Pt. 2: Short Dream / Alon Farber
[7388/7454] ✓  New Directions Suite, Pt. 3: Dawn Dance / Alon Farber
[7389/7454] ✓  New Directions Suite, Pt. 4: Seven Four Seven / Alon Farber
[7390/7454] ✓  Like Farb / Alon Farber
[7391/7454] ✓  Minuet for Maya / Alon Farber
[7393/7454] ✓  Yellow Wurlitzer Blues / Hiromi
[7392/7454] ✓  Whiteout / Hiromi
[7395/7454] ✓  Blackbird / Hiromi
[7394/7454] ✓  Spectrum / Hiromi
[7396/7454] ✓  Once In A Blue Moon / Hiromi
[7398/7454] ✓  East In North / Husmo HAV
[7397/7454] ✓  Rhapsody In Various Shades Of Blue - Medley / Hiromi
[7399/7454] ✓  Galleries / Underworlds / Husmo HAV
[7400/7454] ✓  Wakeful / Husmo HAV
[7401/7454] ✓  Seed of Doubt / Husmo HAV
[7402/7454] ✓  Places / Names / Husmo HAV
[7403/7454] ✓  Himmelbjerget / Hvalfugl
[7405/7454] ✓  Fragment #1 / Hvalfugl
[7404/7454] ✓  Jeg Venter Herhjemme / Hvalfugl
[7406/7454] ✓  Opvågning / Hvalfugl
[7407/7454] ✓  Utopi / Hvalfugl
[7408/7454] ✓  Mens Vi Sover / Hvalfugl
[7409/7454] ✓  Lystrup / Hvalfugl
[7411/7454] ✓  Mellem Bække og Bakker / Hvalfugl
[7410/7454] ✓  Fragment #2 / Hvalfugl
[7412/7454] ✓  Una Rosa Blanca / Ibrahim Maalouf
[7413/7454] ✓  Happy Face / Ibrahim Maalouf
[7414/7454] ✓  S3NS / Ibrahim Maalouf
[7415/7454] ✓  Harlem / Ibrahim Maalouf
[7416/7454] ✓  Na Na Na / Ibrahim Maalouf
[7417/7454] ✓  All I Can't Say / Ibrahim Maalouf
[7419/7454] ✓  Coleoptera / Idan Morim
[7418/7454] ✓  But I / Idan Morim
[7420/7454] ✓  Wildfire / Idan Morim
[7422/7454] ✓  Siren! / Ishmael Ensemble
[7421/7454] ✓  The Chapel / Ishmael Ensemble
[7423/7454] ✓  Lapwing / Ishmael Ensemble
[7424/7454] ✓  The River (feat. Yazz Ahmed) / Ishmael Ensemble
[7425/7454] ✓  First Light / Ishmael Ensemble
[7426/7454] ✓  Surge / Ishmael Ensemble
[7427/7454] ✓  Requinto / Itamar Erez
[7429/7454] ✓  Endless Cycle / Itamar Erez
[7428/7454] ✓  Samai / Itamar Erez
[7431/7454] ✓  Yahli's Lullaby / Itamar Erez
[7430/7454] ✓  Mi Alegria / Itamar Erez
[7432/7454] ❌ API FAIL (attempt 1): Shesh — JSON parse failed: {"mood_tags":["introspective","restrained","melancholic"],"texture_tags":["piano","acoustic","minimal"],"energy":0.2,"brightness":0.35,"density":0.25,"warmth":0.45,"rhythmic_motion":0.15,"vocal_presen
[7433/7454] ✓  Slow Motion / A Northern Code
[7432/7454] ❌ API FAIL (attempt 2): Shesh — JSON parse failed: {"mood_tags":["introspective","melancholic","restrained"],"texture_tags":["piano","minimal","acoustic"],"energy":0.2,"brightness":0.35,"density":0.25,"warmth":0.4,"rhythmic_motion":0.15,"vocal_presenc
[7434/7454] ✓  Bifilomania / A Northern Code
[7435/7454] ✓  Every Cell Of Your Body / A Northern Code
[7432/7454] ✓  Shesh / Itamar Erez
[7436/7454] ✓  Existential Future / A Northern Code
[7437/7454] ✓  Meditative / A Northern Code
[7438/7454] ✓  Soundscape / A Northern Code
[7439/7454] ✓  LOVER'S NIGHT / 杏里
[7441/7454] ✓  DOWN TOWN / EPO
[7440/7454] ✓  SAY IT AGAIN / 伊東たけし
[7442/7454] ✓  Street Dancer / 岩崎宏美
[7443/7454] ✓  頬に夜の灯 / 吉田美奈子
[7444/7454] ✓  YOU MUST BE LOVE / Gota Nishidera
[7445/7454] ✓  悲しみがとまらない　I CAN'T STOP THE LONELINESS / 杏里
[7447/7454] ✓  Veronica / Timid Soul
[7446/7454] ✓  Rain / 大江千里
[7448/7454] ✓  Take My Love / Yung Bae
[7449/7454] ✓  Never Fall in Love Again / Desired
[7450/7454] ✓  Itazura KISS / Mikazuki BIGWAVE
[7451/7454] ✓  Partly 曇った / Dan Mason ダン·メイソン
[7454/7454] ✓  Tainted Love / Gloria Jones
[7452/7454] ✓  Anyone Who Had a Heart / Cilla Black
[7453/7454] ✓  Big New Prinz / The Fall

========== SUMMARY ==========
候选池:       7454 首
Processed:    7173 / 7454 total candidates
写入:         7173 行（track_profile）
总 API 调用:  7620 次
词表越界重试: 38 次
新规则重试:   0 次（negative_tags 非空但 scene_fit 高分）
API 失败/超时:140 次
复核文件:     /Users/rw-mac/Projects/RodiO/output/track_label_review_batch4.csv
=============================
